"iNaturalist.taxon.name","iNaturalist.taxon.ID","Taxon.name","ambiguousNameMatch","nameStatus","Common.name","Author","Kingdom","Phylum","Subphylum","Superclass","Class","Subclass","Superorder","Order","Suborder","Infraorder","Superfamily","Family","Subfamily","Tribe","Genus","Species","observationId","Date.observed","Description","Recorded.by","Captive.Cultivated","Quality.grade","coordinateUncertaintyInMeters","timestamp","long","lat"
"Claopodium",67870,"Claopodium",0,"accepted","claopodium mosses",,"Plantae","Bryophyta","","","Bryopsida","","","Hypnales","","","","Brachytheciaceae","","","Claopodium","","iNat:43252906","2020-04-24T13:17:00-07:00",,"Andrew Simon","false","needs_id",62,2020-04-24 20:17:00,-123.346581,48.869855
"Luzula subsessilis",77901,"Luzula subsessilis",0,"accepted","short-stalked woodrush",,"Plantae","Tracheophyta","Angiospermae","","Liliopsida","","","Poales","","","","Juncaceae","","","Luzula","subsessilis","iNat:43252907","2020-04-24T13:24:00-07:00",,"Andrew Simon","false","needs_id",10,2020-04-24 20:24:00,-123.343862,48.871055
"Cerastium arvense strictum",50847,"Cerastium arvense strictum",0,"accepted","field mouse-ear chickweed",,"Plantae","Tracheophyta","Angiospermae","","Magnoliopsida","","","Caryophyllales","","","","Caryophyllaceae","","Alsineae","Cerastium","arvense","iNat:43252908","2020-04-24T13:32:00-07:00",,"Andrew Simon","false","research",10,2020-04-24 20:32:00,-123.341108,48.86833
"Lupinus bicolor",50614,"Lupinus bicolor",0,"accepted","Miniature Lupine",,"Plantae","Tracheophyta","Angiospermae","","Magnoliopsida","","","Fabales","","","","Fabaceae","Faboideae","Genisteae","Lupinus","bicolor","iNat:43252922","2020-04-24T13:33:00-07:00",,"Andrew Simon","false","needs_id",10,2020-04-24 20:33:00,-123.34099,48.868307
"Collinsia parviflora",59013,"Collinsia parviflora",0,"accepted","small-flowered blue-eyed mary",,"Plantae","Tracheophyta","Angiospermae","","Magnoliopsida","","","Lamiales","","","","Plantaginaceae","","Cheloneae","Collinsia","parviflora","iNat:43252923","2020-04-24T13:34:00-07:00",,"Andrew Simon","false","research",10,2020-04-24 20:34:00,-123.34102,48.868313
"Anthalia",717054,"Anthalia",0,"accepted","",,"Animalia","Arthropoda","Hexapoda","","Insecta","Pterygota","","Diptera","Brachycera","Orthorrhapha","Empidoidea","Hybotidae","Oedaleinae","","Anthalia","","iNat:43252926","2020-04-24T13:35:00-07:00",,"Andrew Simon","false","needs_id",10,2020-04-24 20:35:00,-123.341006,48.868406
"Trifolium microcephalum",58911,"Trifolium microcephalum",0,"accepted","small-headed clover",,"Plantae","Tracheophyta","Angiospermae","","Magnoliopsida","","","Fabales","","","","Fabaceae","Faboideae","Trifolieae","Trifolium","microcephalum","iNat:43252935","2020-04-24T13:36:00-07:00",,"Andrew Simon","false","research",10,2020-04-24 20:36:00,-123.341048,48.868448
"Trifolium oliganthum",71122,"Trifolium oliganthum",0,"accepted","few-flowered clover",,"Plantae","Tracheophyta","Angiospermae","","Magnoliopsida","","","Fabales","","","","Fabaceae","Faboideae","Trifolieae","Trifolium","oliganthum","iNat:43252936","2020-04-24T13:36:00-07:00",,"Andrew Simon","false","research",10,2020-04-24 20:36:00,-123.341053,48.868453
"Lomatium utriculatum",56827,"Lomatium utriculatum",0,"accepted","Foothill desert-parsley",,"Plantae","Tracheophyta","Angiospermae","","Magnoliopsida","","","Apiales","","","","Apiaceae","Apioideae","Selineae","Lomatium","utriculatum","iNat:43252941","2020-04-24T13:36:00-07:00",,"Andrew Simon","false","research",10,2020-04-24 20:36:00,-123.341052,48.868452
"Lithophragma parviflorum",77791,"Lithophragma parviflorum",0,"accepted","smallflower woodland star",,"Plantae","Tracheophyta","Angiospermae","","Magnoliopsida","","","Saxifragales","","","","Saxifragaceae","","Heuchereae","Lithophragma","parviflorum","iNat:43252948","2020-04-24T13:39:00-07:00",,"Andrew Simon","false","research",40,2020-04-24 20:39:00,-123.341292,48.868444
"Lomatium utriculatum",56827,"Lomatium utriculatum",0,"accepted","Foothill desert-parsley",,"Plantae","Tracheophyta","Angiospermae","","Magnoliopsida","","","Apiales","","","","Apiaceae","Apioideae","Selineae","Lomatium","utriculatum","iNat:43252950","2020-04-24T13:39:00-07:00",,"Andrew Simon","false","research",10,2020-04-24 20:39:00,-123.341058,48.86845
"Turritis glabra",79460,"Turritis glabra",0,"accepted","Tower Mustard",,"Plantae","Tracheophyta","Angiospermae","","Magnoliopsida","","","Brassicales","","","","Brassicaceae","Brassicoideae","Turritideae","Turritis","glabra","iNat:43252952","2020-04-24T13:42:00-07:00",,"Andrew Simon","false","research",52,2020-04-24 20:42:00,-123.341072,48.868204
"Geranium molle",53076,"Geranium molle",0,"accepted","Dove's-foot crane's-bill",,"Plantae","Tracheophyta","Angiospermae","","Magnoliopsida","","","Geraniales","","","","Geraniaceae","","","Geranium","molle","iNat:43252955","2020-04-24T13:42:00-07:00",,"Andrew Simon","false","needs_id",31,2020-04-24 20:42:00,-123.341018,48.868161
"Aquilegia formosa",48244,"Aquilegia formosa",0,"accepted","western columbine",,"Plantae","Tracheophyta","Angiospermae","","Magnoliopsida","","","Ranunculales","","","","Ranunculaceae","Thalictroideae","","Aquilegia","formosa","iNat:43252959","2020-04-24T13:54:00-07:00",,"Andrew Simon","false","needs_id",39,2020-04-24 20:54:00,-123.337091,48.867498
"Usnea dasopoga",532452,"Usnea dasopoga",0,"accepted","Fishbone Beard Lichen",,"Fungi","Ascomycota","Pezizomycotina","","Lecanoromycetes","Lecanoromycetidae","","Lecanorales","","","","Parmeliaceae","Parmelioideae","","Usnea","dasopoga","iNat:43252960","2020-04-24T14:04:00-07:00",,"Andrew Simon","false","needs_id",101,2020-04-24 21:04:00,-123.341801,48.868599
"Sphaerophorus venerabilis",155226,"Sphaerophorus venerabilis",0,"accepted","Ancient Coral Lichen",,"Fungi","Ascomycota","Pezizomycotina","","Lecanoromycetes","Lecanoromycetidae","","Lecanorales","","","","Sphaerophoraceae","","","Sphaerophorus","venerabilis","iNat:43252962","2020-04-24T14:04:00-07:00",,"Andrew Simon","false","needs_id",10,2020-04-24 21:04:00,-123.342825,48.869078
"Achlys triphylla",75263,"Achlys triphylla",0,"accepted","vanilla leaf",,"Plantae","Tracheophyta","Angiospermae","","Magnoliopsida","","","Ranunculales","","","","Berberidaceae","Berberidoideae","Berberideae","Achlys","triphylla","iNat:43252967","2020-04-24T14:08:00-07:00",,"Andrew Simon","false","research",10,2020-04-24 21:08:00,-123.342517,48.869472
"Mnium spinulosum",124391,"Mnium spinulosum",0,"accepted","Red-mouthed Leafy Moss",,"Plantae","Bryophyta","","","Bryopsida","","","Bryales","","","","Mniaceae","","","Mnium","spinulosum","iNat:43252975","2020-04-24T14:12:00-07:00",,"Andrew Simon","false","research",10,2020-04-24 21:12:00,-123.342872,48.86829
"Sisymbrium officinale",53266,"Sisymbrium officinale",0,"accepted","Hedge mustard",,"Plantae","Tracheophyta","Angiospermae","","Magnoliopsida","","","Brassicales","","","","Brassicaceae","Brassicoideae","Sisymbrieae","Sisymbrium","officinale","iNat:43252976","2020-04-24T14:20:00-07:00",,"Andrew Simon","false","needs_id",10,2020-04-24 21:20:00,-123.340619,48.866728
"Opuntia fragilis",62474,"Opuntia fragilis",0,"accepted","Brittle Pricklypear",,"Plantae","Tracheophyta","Angiospermae","","Magnoliopsida","","","Caryophyllales","","","","Cactaceae","Opuntioideae","Opuntieae","Opuntia","fragilis","iNat:43252977","2020-04-24T14:21:00-07:00",,"Andrew Simon","false","research",10,2020-04-24 21:21:00,-123.340458,48.866855
"Sonchus oleraceus",53294,"Sonchus oleraceus",0,"accepted","Common Sow-thistle",,"Plantae","Tracheophyta","Angiospermae","","Magnoliopsida","","","Asterales","","","","Asteraceae","Cichorioideae","Cichorieae","Sonchus","oleraceus","iNat:43252988","2020-04-24T14:23:00-07:00",,"Andrew Simon","false","needs_id",10,2020-04-24 21:23:00,-123.34045,48.866783
"Hypochaeris glabra",53103,"Hypochaeris glabra",0,"accepted","Smooth Cat's Ear",,"Plantae","Tracheophyta","Angiospermae","","Magnoliopsida","","","Asterales","","","","Asteraceae","Cichorioideae","Cichorieae","Hypochaeris","glabra","iNat:43252990","2020-04-24T14:24:00-07:00",,"Andrew Simon","false","needs_id",10,2020-04-24 21:24:00,-123.341045,48.866822
"Sisymbrium officinale",53266,"Sisymbrium officinale",0,"accepted","Hedge mustard",,"Plantae","Tracheophyta","Angiospermae","","Magnoliopsida","","","Brassicales","","","","Brassicaceae","Brassicoideae","Sisymbrieae","Sisymbrium","officinale","iNat:43252997","2020-04-24T14:25:00-07:00",,"Andrew Simon","false","needs_id",10,2020-04-24 21:25:00,-123.341395,48.86699
"Acmispon parviflorus",57048,"Acmispon parviflorus",0,"accepted","Short-flower Deervetch",,"Plantae","Tracheophyta","Angiospermae","","Magnoliopsida","","","Fabales","","","","Fabaceae","Faboideae","Loteae","Acmispon","parviflorus","iNat:43252998","2020-04-24T14:29:00-07:00",,"Andrew Simon","false","research",26,2020-04-24 21:29:00,-123.340338,48.866766
"Arbutus menziesii",51046,"Arbutus menziesii",0,"accepted","Pacific madrone",,"Plantae","Tracheophyta","Angiospermae","","Magnoliopsida","","","Ericales","","","","Ericaceae","Arbutoideae","","Arbutus","menziesii","iNat:43252999","2020-04-24T14:40:00-07:00",,"Andrew Simon","false","research",26,2020-04-24 21:40:00,-123.340338,48.866766
"Cryptochiton stelleri",49053,"Cryptochiton stelleri",0,"accepted","Gumboot Chiton",,"Animalia","Mollusca","","","Polyplacophora","Neoloricata","","Chitonida","Acanthochitonina","","Cryptoplacoidea","Acanthochitonidae","Cryptochitoninae","","Cryptochiton","stelleri","iNat:43253007","2020-04-24T15:01:00-07:00",,"Andrew Simon","false","research",34,2020-04-24 22:01:00,-123.341146,48.866305
"Cryptochiton stelleri",49053,"Cryptochiton stelleri",0,"accepted","Gumboot Chiton",,"Animalia","Mollusca","","","Polyplacophora","Neoloricata","","Chitonida","Acanthochitonina","","Cryptoplacoidea","Acanthochitonidae","Cryptochitoninae","","Cryptochiton","stelleri","iNat:43253008","2020-04-24T15:01:00-07:00",,"Andrew Simon","false","research",28,2020-04-24 22:01:00,-123.340138,48.866214
"Opuntia fragilis",62474,"Opuntia fragilis",0,"accepted","Brittle Pricklypear",,"Plantae","Tracheophyta","Angiospermae","","Magnoliopsida","","","Caryophyllales","","","","Cactaceae","Opuntioideae","Opuntieae","Opuntia","fragilis","iNat:43253010","2020-04-24T15:04:00-07:00",,"Andrew Simon","false","research",30,2020-04-24 22:04:00,-123.341833,48.866669
"Linaria purpurea",77778,"Linaria purpurea",0,"accepted","Purple Toadflax",,"Plantae","Tracheophyta","Angiospermae","","Magnoliopsida","","","Lamiales","","","","Plantaginaceae","","Antirrhineae","Linaria","purpurea","iNat:43253018","2020-04-24T15:16:00-07:00",,"Andrew Simon","false","needs_id",29,2020-04-24 22:16:00,-123.341876,48.866694
"Pisaster ochraceus",49699,"Pisaster ochraceus",0,"accepted","Ochre Sea Star",,"Animalia","Echinodermata","Asterozoa","","Asteroidea","","Forcipulatacea","Forcipulatida","","","","Asteriidae","","","Pisaster","ochraceus","iNat:43253020","2020-04-24T15:17:00-07:00",,"Andrew Simon","false","research",27,2020-04-24 22:17:00,-123.340685,48.86615
"Claytonia perfoliata",52994,"Claytonia perfoliata",0,"accepted","miner's lettuce",,"Plantae","Tracheophyta","Angiospermae","","Magnoliopsida","","","Caryophyllales","","","","Montiaceae","","","Claytonia","perfoliata","iNat:43253023","2020-04-24T15:18:00-07:00",,"Andrew Simon","false","research",21,2020-04-24 22:18:00,-123.341194,48.866512
"Hypochaeris radicata",53104,"Hypochaeris radicata",0,"accepted","Common Cat's-ear",,"Plantae","Tracheophyta","Angiospermae","","Magnoliopsida","","","Asterales","","","","Asteraceae","Cichorioideae","Cichorieae","Hypochaeris","radicata","iNat:43253030","2020-04-24T15:21:00-07:00",,"Andrew Simon","false","research",24,2020-04-24 22:21:00,-123.340588,48.866369
"Lamium purpureum",55851,"Lamium purpureum",0,"accepted","red deadnettle",,"Plantae","Tracheophyta","Angiospermae","","Magnoliopsida","","","Lamiales","","","","Lamiaceae","Lamioideae","Lamieae","Lamium","purpureum","iNat:43253033","2020-04-24T15:23:00-07:00",,"Andrew Simon","false","research",22,2020-04-24 22:23:00,-123.340315,48.866305
"Rubus bifrons",168025,"Rubus bifrons",0,"accepted","Himalayan Blackberry",,"Plantae","Tracheophyta","Angiospermae","","Magnoliopsida","","","Rosales","","","","Rosaceae","Rosoideae","Rubeae","Rubus","bifrons","iNat:43253036","2020-04-24T15:23:00-07:00",,"Andrew Simon","false","needs_id",22,2020-04-24 22:23:00,-123.340315,48.866305
"Funaria hygrometrica",120000,"Funaria hygrometrica",0,"accepted","Bonfire moss",,"Plantae","Bryophyta","","","Bryopsida","","","Funariales","","","","Funariaceae","","","Funaria","hygrometrica","iNat:43253038","2020-04-24T15:24:00-07:00",,"Andrew Simon","false","needs_id",44,2020-04-24 22:24:00,-123.339526,48.86615
"Buddleja davidii",75916,"Buddleja davidii",0,"accepted","Butterfly bush",,"Plantae","Tracheophyta","Angiospermae","","Magnoliopsida","","","Lamiales","","","","Scrophulariaceae","","Buddlejeae","Buddleja","davidii","iNat:43253039","2020-04-24T15:24:00-07:00",,"Andrew Simon","false","research",44,2020-04-24 22:24:00,-123.339526,48.86615
"Trifolium microcephalum",58911,"Trifolium microcephalum",0,"accepted","small-headed clover",,"Plantae","Tracheophyta","Angiospermae","","Magnoliopsida","","","Fabales","","","","Fabaceae","Faboideae","Trifolieae","Trifolium","microcephalum","iNat:43253042","2020-04-24T15:26:00-07:00",,"Andrew Simon","false","research",44,2020-04-24 22:26:00,-123.339526,48.86615
"Pseudognaphalium",53078,"Pseudognaphalium",0,"accepted","rabbit-tobaccos",,"Plantae","Tracheophyta","Angiospermae","","Magnoliopsida","","","Asterales","","","","Asteraceae","Asteroideae","Gnaphalieae","Pseudognaphalium","","iNat:43253047","2020-04-24T15:27:00-07:00",,"Andrew Simon","false","needs_id",44,2020-04-24 22:27:00,-123.339526,48.86615
"Cytisus scoparius",48538,"Cytisus scoparius",0,"accepted","Scotch Broom",,"Plantae","Tracheophyta","Angiospermae","","Magnoliopsida","","","Fabales","","","","Fabaceae","Faboideae","Genisteae","Cytisus","scoparius","iNat:43253051","2020-04-24T15:27:00-07:00",,"Andrew Simon","false","research",44,2020-04-24 22:27:00,-123.339526,48.86615
"Vicia tetrasperma",57310,"Vicia tetrasperma",0,"accepted","Smooth tare",,"Plantae","Tracheophyta","Angiospermae","","Magnoliopsida","","","Fabales","","","","Fabaceae","Faboideae","Fabeae","Vicia","tetrasperma","iNat:43253054","2020-04-24T15:31:00-07:00",,"Andrew Simon","false","needs_id",44,2020-04-24 22:31:00,-123.339526,48.86615
"Sedum lanceolatum nesioticum",238479,"Sedum lanceolatum nesioticum",0,"accepted","Island Stonecrop",,"Plantae","Tracheophyta","Angiospermae","","Magnoliopsida","","","Saxifragales","","","","Crassulaceae","Sempervivoideae","Sedeae","Sedum","lanceolatum","iNat:43253056","2020-04-24T15:35:00-07:00",,"Andrew Simon","false","research",31,2020-04-24 22:35:00,-123.337756,48.86584
"Sedum spathulifolium",58886,"Sedum spathulifolium",0,"accepted","Broad-leaved Stonecrop",,"Plantae","Tracheophyta","Angiospermae","","Magnoliopsida","","","Saxifragales","","","","Crassulaceae","Sempervivoideae","Sedeae","Sedum","spathulifolium","iNat:43253065","2020-04-24T15:36:00-07:00",,"Andrew Simon","false","research",31,2020-04-24 22:36:00,-123.337756,48.86584
"Quercus garryana",68632,"Quercus garryana",0,"accepted","Oregon oak",,"Plantae","Tracheophyta","Angiospermae","","Magnoliopsida","","","Fagales","","","","Fagaceae","","","Quercus","garryana","iNat:43253069","2020-04-24T15:39:00-07:00",,"Andrew Simon","false","needs_id",27,2020-04-24 22:39:00,-123.337191,48.865762
"Berberis aquifolium",126887,"Berberis aquifolium",0,"accepted","Oregon grape",,"Plantae","Tracheophyta","Angiospermae","","Magnoliopsida","","","Ranunculales","","","","Berberidaceae","Berberidoideae","Berberideae","Berberis","aquifolium","iNat:43253070","2020-04-24T15:39:00-07:00",,"Andrew Simon","false","research",27,2020-04-24 22:39:00,-123.337191,48.865762
"Urospora",339056,"Urospora",0,"accepted","",,"Plantae","Chlorophyta","","","Ulvophyceae","","","Codiolales","","","","Acrosiphoniaceae","","","Urospora","","iNat:43253077","2020-04-24T15:41:00-07:00",,"Andrew Simon","false","needs_id",28,2020-04-24 22:41:00,-123.338811,48.865796
"Henricia",47665,"Henricia",0,"accepted","Blood Stars",,"Animalia","Echinodermata","Asterozoa","","Asteroidea","","Spinulosacea","Spinulosida","","","","Echinasteridae","","","Henricia","","iNat:43253087","2020-04-24T15:44:00-07:00",,"Andrew Simon","false","needs_id",28,2020-04-24 22:44:00,-123.338811,48.865796
"Ulva",54644,"Ulva",0,"accepted","Sea Lettuces",,"Plantae","Chlorophyta","","","Ulvophyceae","","","Ulvales","","","","Ulvaceae","","","Ulva","","iNat:43253088","2020-04-24T15:46:00-07:00",,"Andrew Simon","false","needs_id",10,2020-04-24 22:46:00,-123.342327,48.866745
"Branta canadensis",7089,"Branta canadensis",0,"accepted","Canada Goose",,"Animalia","Chordata","Vertebrata","","Aves","","","Anseriformes","","","","Anatidae","","","Branta","canadensis","iNat:43253100","2020-04-24T15:59:00-07:00",,"Andrew Simon","false","research",10,2020-04-24 22:59:00,-123.34299,48.866685
"Erodium cicutarium",47687,"Erodium cicutarium",0,"accepted","Redstem Stork's-bill",,"Plantae","Tracheophyta","Angiospermae","","Magnoliopsida","","","Geraniales","","","","Geraniaceae","","","Erodium","cicutarium","iNat:43253104","2020-04-24T16:03:00-07:00",,"Andrew Simon","false","research",26,2020-04-24 23:03:00,-123.342734,48.866805
"Imbribryum miniatum",538114,"Imbribryum miniatum",0,"accepted","Glossy Red Bryum Moss",,"Plantae","Bryophyta","","","Bryopsida","","","Bryales","","","","Bryaceae","","","Imbribryum","miniatum","iNat:43253108","2020-04-24T16:04:00-07:00",,"Andrew Simon","false","needs_id",26,2020-04-24 23:04:00,-123.342734,48.866805
"Heuchera micrantha",51274,"Heuchera micrantha",0,"accepted","crevice alumroot",,"Plantae","Tracheophyta","Angiospermae","","Magnoliopsida","","","Saxifragales","","","","Saxifragaceae","","Heuchereae","Heuchera","micrantha","iNat:43253125","2020-04-24T16:05:00-07:00",,"Andrew Simon","false","needs_id",26,2020-04-24 23:05:00,-123.342734,48.866805
"Rubus ursinus",53445,"Rubus ursinus",0,"accepted","trailing blackberry",,"Plantae","Tracheophyta","Angiospermae","","Magnoliopsida","","","Rosales","","","","Rosaceae","Rosoideae","Rubeae","Rubus","ursinus","iNat:43253130","2020-04-24T16:07:00-07:00",,"Andrew Simon","false","needs_id",22,2020-04-24 23:07:00,-123.343465,48.866749
"Hamata",967520,"Hamata",0,"accepted","hook-lobed dandelions",,"Plantae","Tracheophyta","Angiospermae","","Magnoliopsida","","","Asterales","","","","Asteraceae","Cichorioideae","Cichorieae","Taraxacum","","iNat:43253131","2020-04-24T16:08:00-07:00",,"Andrew Simon","false","needs_id",22,2020-04-24 23:08:00,-123.343465,48.866749
"Cerastium arvense strictum",50847,"Cerastium arvense strictum",0,"accepted","field mouse-ear chickweed",,"Plantae","Tracheophyta","Angiospermae","","Magnoliopsida","","","Caryophyllales","","","","Caryophyllaceae","","Alsineae","Cerastium","arvense","iNat:43253145","2020-04-24T16:13:00-07:00",,"Andrew Simon","false","research",17,2020-04-24 23:13:00,-123.343624,48.86684
"Corallorhiza",49445,"Corallorhiza",0,"accepted","Coralroots",,"Plantae","Tracheophyta","Angiospermae","","Liliopsida","","","Asparagales","","","","Orchidaceae","Epidendroideae","Epidendreae","Corallorhiza","","iNat:232514431","2020-07-25T14:43:36-07:00",,"Caitlin Robinson","false","needs_id",10,2020-07-25 21:43:36,-123.57135,49.008583
"Cryptoporus volvatus",118051,"Cryptoporus volvatus",0,"accepted","Veiled Polypore",,"Fungi","Basidiomycota","Agaricomycotina","","Agaricomycetes","","","Polyporales","","","","Polyporaceae","","","Cryptoporus","volvatus","iNat:87479989","2021-06-04T16:55:25-07:00",,"Caitlin Robinson","false","research",20,2021-06-04 23:55:25,-123.450705,48.929612
"Tiarella trifoliata",51643,"Tiarella trifoliata",0,"accepted","Threeleaf Foamflower",,"Plantae","Tracheophyta","Angiospermae","","Magnoliopsida","","","Saxifragales","","","","Saxifragaceae","","Heuchereae","Tiarella","trifoliata","iNat:81656802","2021-06-04T17:08:08-07:00",,"Caitlin Robinson","false","needs_id",20,2021-06-05 00:08:08,-123.45073,48.929355
"Osmorhiza berteroi",53166,"Osmorhiza berteroi",0,"accepted","mountain sweet cicely",,"Plantae","Tracheophyta","Angiospermae","","Magnoliopsida","","","Apiales","","","","Apiaceae","Apioideae","Scandiceae","Osmorhiza","berteroi","iNat:81765544","2021-06-04T17:12:07-07:00",,"Caitlin Robinson","false","research",20,2021-06-05 00:12:07,-123.450592,48.929537
"Sanicula crassicaulis",53201,"Sanicula crassicaulis",0,"accepted","Pacific Sanicle",,"Plantae","Tracheophyta","Angiospermae","","Magnoliopsida","","","Apiales","","","","Apiaceae","Saniculoideae","Saniculeae","Sanicula","crassicaulis","iNat:81641905","2021-06-04T17:15:29-07:00",,"Caitlin Robinson","false","research",20,2021-06-05 00:15:29,-123.450592,48.929522
"Achlys triphylla",75263,"Achlys triphylla",0,"accepted","vanilla leaf",,"Plantae","Tracheophyta","Angiospermae","","Magnoliopsida","","","Ranunculales","","","","Berberidaceae","Berberidoideae","Berberideae","Achlys","triphylla","iNat:87486379","2021-06-04T17:16:47-07:00",,"Caitlin Robinson","false","research",20,2021-06-05 00:16:47,-123.45053,48.929388
"Oenanthe sarmentosa",60127,"Oenanthe sarmentosa",0,"accepted","water parsley",,"Plantae","Tracheophyta","Angiospermae","","Magnoliopsida","","","Apiales","","","","Apiaceae","Apioideae","Oenantheae","Oenanthe","sarmentosa","iNat:81656810","2021-06-04T17:58:49-07:00",,"Caitlin Robinson","false","research",20,2021-06-05 00:58:49,-123.450097,48.929262
"Oenanthe sarmentosa",60127,"Oenanthe sarmentosa",0,"accepted","water parsley",,"Plantae","Tracheophyta","Angiospermae","","Magnoliopsida","","","Apiales","","","","Apiaceae","Apioideae","Oenantheae","Oenanthe","sarmentosa","iNat:93816974","2021-06-04T18:08:34-07:00",,"Caitlin Robinson","false","research",20,2021-06-05 01:08:34,-123.450103,48.929287
"Lathyrus nevadensis",77640,"Lathyrus nevadensis",0,"accepted","Sierra Nevada Peavine",,"Plantae","Tracheophyta","Angiospermae","","Magnoliopsida","","","Fabales","","","","Fabaceae","Faboideae","Fabeae","Lathyrus","nevadensis","iNat:81821372","2021-06-05T18:36:30-07:00",,"Caitlin Robinson","false","research",30,2021-06-06 01:36:30,-123.55468,48.977633
"Polyporaceae",47379,"Polyporaceae",0,"accepted","bracket fungi",,"Fungi","Basidiomycota","Agaricomycotina","","Agaricomycetes","","","Polyporales","","","","Polyporaceae","","","","","iNat:81821451","2021-06-05T18:54:05-07:00",,"Caitlin Robinson","false","needs_id",30,2021-06-06 01:54:05,-123.55255,48.977705
"Trifolium pratense",51875,"Trifolium pratense",0,"accepted","Red Clover",,"Plantae","Tracheophyta","Angiospermae","","Magnoliopsida","","","Fabales","","","","Fabaceae","Faboideae","Trifolieae","Trifolium","pratense","iNat:83099623","2021-06-14T21:03:19-07:00",,"Caitlin Robinson","false","research",16,2021-06-15 04:03:19,-123.497345,48.946653
"Osmorhiza",53167,"Osmorhiza",0,"accepted","sweet cicely",,"Plantae","Tracheophyta","Angiospermae","","Magnoliopsida","","","Apiales","","","","Apiaceae","Apioideae","Scandiceae","Osmorhiza","","iNat:83099010","2021-06-14T22:20:31-07:00",,"Caitlin Robinson","false","needs_id",30,2021-06-15 05:20:31,-123.498571,48.946592
"Prunella vulgaris",52764,"Prunella vulgaris",0,"accepted","common selfheal",,"Plantae","Tracheophyta","Angiospermae","","Magnoliopsida","","","Lamiales","","","","Lamiaceae","Nepetoideae","Mentheae","Prunella","vulgaris","iNat:90751192","2021-06-15T14:17:26-07:00",,"Caitlin Robinson","false","research",20,2021-06-15 21:17:26,-123.45182,48.928713
"Plagiomnium insigne",122705,"Plagiomnium insigne",0,"accepted","Badge Moss",,"Plantae","Bryophyta","","","Bryopsida","","","Bryales","","","","Mniaceae","","","Plagiomnium","insigne","iNat:90751611","2021-06-15T14:18:24-07:00",,"Caitlin Robinson","false","research",20,2021-06-15 21:18:24,-123.451242,48.9288
"Myosotis discolor",70265,"Myosotis discolor",0,"accepted","Changing Forget-me-not",,"Plantae","Tracheophyta","Angiospermae","","Magnoliopsida","","","Boraginales","","","","Boraginaceae","Cynoglossoideae","Myosotideae","Myosotis","discolor","iNat:90752065","2021-06-15T14:22:20-07:00",,"Caitlin Robinson","false","research",20,2021-06-15 21:22:20,-123.451287,48.929012
"Abies grandis",63690,"Abies grandis",0,"accepted","grand fir",,"Plantae","Tracheophyta","","","Pinopsida","","","Pinales","","","","Pinaceae","Abietoideae","","Abies","grandis","iNat:83420234","2021-06-15T14:23:44-07:00",,"Caitlin Robinson","false","research",20,2021-06-15 21:23:44,-123.450958,48.928997
"Rubus leucodermis",63960,"Rubus leucodermis",0,"accepted","whitebark raspberry",,"Plantae","Tracheophyta","Angiospermae","","Magnoliopsida","","","Rosales","","","","Rosaceae","Rosoideae","Rubeae","Rubus","leucodermis","iNat:90750354","2021-06-15T14:45:27-07:00",,"Caitlin Robinson","false","research",20,2021-06-15 21:45:27,-123.450905,48.929192
"Tuckermanopsis orbata",813868,"Tuckermanopsis orbata",0,"accepted","variable wrinkle-lichen",,"Fungi","Ascomycota","Pezizomycotina","","Lecanoromycetes","Lecanoromycetidae","","Lecanorales","","","","Parmeliaceae","Parmelioideae","","Tuckermanopsis","orbata","iNat:83203278","2021-06-15T15:00:51-07:00",,"Caitlin Robinson","false","research",20,2021-06-15 22:00:51,-123.450828,48.929255
"Chroogomphus ochraceus",118358,"Chroogomphus ochraceus",0,"accepted","Olive Pine Spike",,"Fungi","Basidiomycota","Agaricomycotina","","Agaricomycetes","Agaricomycetidae","","Boletales","","","","Gomphidiaceae","","","Chroogomphus","ochraceus","iNat:94284122","2021-06-18T20:13:16-07:00",,"Caitlin Robinson","false","needs_id",16,2021-06-19 03:13:16,-123.343475,48.868947
"Aquilegia formosa",48244,"Aquilegia formosa",0,"accepted","western columbine",,"Plantae","Tracheophyta","Angiospermae","","Magnoliopsida","","","Ranunculales","","","","Ranunculaceae","Thalictroideae","","Aquilegia","formosa","iNat:83594319","2021-06-18T20:22:02-07:00",,"Caitlin Robinson","false","research",16,2021-06-19 03:22:02,-123.344047,48.868347
"Achlys triphylla",75263,"Achlys triphylla",0,"accepted","vanilla leaf",,"Plantae","Tracheophyta","Angiospermae","","Magnoliopsida","","","Ranunculales","","","","Berberidaceae","Berberidoideae","Berberideae","Achlys","triphylla","iNat:122258255","2022-06-17T08:44:00-07:00",,"Andrew Simon","false","research",10,2022-06-17 15:44:00,-123.350601,48.862983
"Berberis nervosa",75756,"Berberis nervosa",0,"accepted","Cascade Oregon-grape",,"Plantae","Tracheophyta","Angiospermae","","Magnoliopsida","","","Ranunculales","","","","Berberidaceae","Berberidoideae","Berberideae","Berberis","nervosa","iNat:122258258","2022-06-17T08:44:00-07:00",,"Andrew Simon","false","research",10,2022-06-17 15:44:00,-123.350601,48.862983
"Circaea alpina",76342,"Circaea alpina",0,"accepted","Alpine Enchanter's-nightshade",,"Plantae","Tracheophyta","Angiospermae","","Magnoliopsida","","","Myrtales","","","","Onagraceae","","","Circaea","alpina","iNat:122258259","2022-06-17T08:48:00-07:00",,"Andrew Simon","false","research",10,2022-06-17 15:48:00,-123.351225,48.862844
"Nemophila parviflora",57353,"Nemophila parviflora",0,"accepted","small-flowered nemophila",,"Plantae","Tracheophyta","Angiospermae","","Magnoliopsida","","","Boraginales","","","","Boraginaceae","Hydrophylloideae","","Nemophila","parviflora","iNat:122258261","2022-06-17T08:48:00-07:00",,"Andrew Simon","false","research",10,2022-06-17 15:48:00,-123.351225,48.862844
"Rubus ursinus",53445,"Rubus ursinus",0,"accepted","trailing blackberry",,"Plantae","Tracheophyta","Angiospermae","","Magnoliopsida","","","Rosales","","","","Rosaceae","Rosoideae","Rubeae","Rubus","ursinus","iNat:122258263","2022-06-17T08:49:00-07:00",,"Andrew Simon","false","research",10,2022-06-17 15:49:00,-123.351225,48.862844
"Plagiomnium insigne",122705,"Plagiomnium insigne",0,"accepted","Badge Moss",,"Plantae","Bryophyta","","","Bryopsida","","","Bryales","","","","Mniaceae","","","Plagiomnium","insigne","iNat:122258264","2022-06-17T08:50:00-07:00",,"Andrew Simon","false","research",10,2022-06-17 15:50:00,-123.351225,48.862844
"Polystichum munitum",47751,"Polystichum munitum",0,"accepted","western sword fern",,"Plantae","Tracheophyta","","","Polypodiopsida","Polypodiidae","","Polypodiales","Polypodiineae","","","Dryopteridaceae","Dryopteridoideae","","Polystichum","munitum","iNat:122258265","2022-06-17T08:51:00-07:00",,"Andrew Simon","false","research",10,2022-06-17 15:51:00,-123.351225,48.862844
"Daphne laureola",127391,"Daphne laureola",0,"accepted","Spurge-laurel",,"Plantae","Tracheophyta","Angiospermae","","Magnoliopsida","","","Malvales","","","","Thymelaeaceae","","","Daphne","laureola","iNat:122258266","2022-06-17T08:51:00-07:00",,"Andrew Simon","false","research",10,2022-06-17 15:51:00,-123.351225,48.862844
"Adenocaulon bicolor",56854,"Adenocaulon bicolor",0,"accepted","American trailplant",,"Plantae","Tracheophyta","Angiospermae","","Magnoliopsida","","","Asterales","","","","Asteraceae","Mutisioideae","Mutisieae","Adenocaulon","bicolor","iNat:122258267","2022-06-17T08:51:00-07:00",,"Andrew Simon","false","research",10,2022-06-17 15:51:00,-123.351225,48.862844
"Achlys triphylla",75263,"Achlys triphylla",0,"accepted","vanilla leaf",,"Plantae","Tracheophyta","Angiospermae","","Magnoliopsida","","","Ranunculales","","","","Berberidaceae","Berberidoideae","Berberideae","Achlys","triphylla","iNat:122258268","2022-06-17T08:52:00-07:00",,"Andrew Simon","false","research",10,2022-06-17 15:52:00,-123.351225,48.862844
"Galium aparine",53059,"Galium aparine",0,"accepted","catchweed bedstraw",,"Plantae","Tracheophyta","Angiospermae","","Magnoliopsida","","","Gentianales","","","","Rubiaceae","Rubioideae","Rubieae","Galium","aparine","iNat:122258269","2022-06-17T08:52:00-07:00",,"Andrew Simon","false","research",10,2022-06-17 15:52:00,-123.351225,48.862753
"Ilex aquifolium",53856,"Ilex aquifolium",0,"accepted","European holly",,"Plantae","Tracheophyta","Angiospermae","","Magnoliopsida","","","Aquifoliales","","","","Aquifoliaceae","","","Ilex","aquifolium","iNat:122258270","2022-06-17T08:52:00-07:00",,"Andrew Simon","false","research",10,2022-06-17 15:52:00,-123.351382,48.862737
"Holodiscus discolor",53414,"Holodiscus discolor",0,"accepted","Ocean spray",,"Plantae","Tracheophyta","Angiospermae","","Magnoliopsida","","","Rosales","","","","Rosaceae","Amygdaloideae","Spiraeeae","Holodiscus","discolor","iNat:122258271","2022-06-17T08:53:00-07:00",,"Andrew Simon","false","research",10,2022-06-17 15:53:00,-123.351417,48.862745
"Daphne laureola",127391,"Daphne laureola",0,"accepted","Spurge-laurel",,"Plantae","Tracheophyta","Angiospermae","","Magnoliopsida","","","Malvales","","","","Thymelaeaceae","","","Daphne","laureola","iNat:122258273","2022-06-17T08:53:00-07:00",,"Andrew Simon","false","research",10,2022-06-17 15:53:00,-123.351312,48.86263
"Abies grandis",63690,"Abies grandis",0,"accepted","grand fir",,"Plantae","Tracheophyta","","","Pinopsida","","","Pinales","","","","Pinaceae","Abietoideae","","Abies","grandis","iNat:122258274","2022-06-17T08:54:00-07:00",,"Andrew Simon","false","research",10,2022-06-17 15:54:00,-123.351298,48.862627
"Urtica",51886,"Urtica",0,"accepted","nettles",,"Plantae","Tracheophyta","Angiospermae","","Magnoliopsida","","","Rosales","","","","Urticaceae","","","Urtica","","iNat:122258275","2022-06-17T08:54:00-07:00",,"Andrew Simon","false","needs_id",10,2022-06-17 15:54:00,-123.351303,48.862625
"Bromus vulgaris",75915,"Bromus vulgaris",0,"accepted","columbia brome",,"Plantae","Tracheophyta","Angiospermae","","Liliopsida","","","Poales","","","","Poaceae","Pooideae","Bromeae","Bromus","vulgaris","iNat:122258277","2022-06-17T08:54:00-07:00",,"Andrew Simon","false","research",10,2022-06-17 15:54:00,-123.351307,48.862625
"Rubus leucodermis",63960,"Rubus leucodermis",0,"accepted","whitebark raspberry",,"Plantae","Tracheophyta","Angiospermae","","Magnoliopsida","","","Rosales","","","","Rosaceae","Rosoideae","Rubeae","Rubus","leucodermis","iNat:122258278","2022-06-17T08:55:00-07:00",,"Andrew Simon","false","research",10,2022-06-17 15:55:00,-123.35134,48.86262
"Rosa gymnocarpa",53441,"Rosa gymnocarpa",0,"accepted","Baldhip Rose",,"Plantae","Tracheophyta","Angiospermae","","Magnoliopsida","","","Rosales","","","","Rosaceae","Rosoideae","Roseae","Rosa","gymnocarpa","iNat:122258279","2022-06-17T08:56:00-07:00",,"Andrew Simon","false","research",10,2022-06-17 15:56:00,-123.35147,48.862582
"Berberis nervosa",75756,"Berberis nervosa",0,"accepted","Cascade Oregon-grape",,"Plantae","Tracheophyta","Angiospermae","","Magnoliopsida","","","Ranunculales","","","","Berberidaceae","Berberidoideae","Berberideae","Berberis","nervosa","iNat:122258280","2022-06-17T08:56:00-07:00",,"Andrew Simon","false","research",10,2022-06-17 15:56:00,-123.35128,48.86267
"Arion",549548,"Arion",0,"accepted","ater-group Arion Slugs",,"Animalia","Mollusca","","","Gastropoda","Heterobranchia","Eupulmonata","Stylommatophora","Helicina","Arionoidei","Arionoidea","Arionidae","","","Arion","","iNat:122258281","2022-06-17T08:56:00-07:00",,"Andrew Simon","false","research",10,2022-06-17 15:56:00,-123.351468,48.862582
"Fragaria vesca",50298,"Fragaria vesca",0,"accepted","woodland strawberry",,"Plantae","Tracheophyta","Angiospermae","","Magnoliopsida","","","Rosales","","","","Rosaceae","Rosoideae","Potentilleae","Fragaria","vesca","iNat:122258282","2022-06-17T08:58:00-07:00",,"Andrew Simon","false","research",10,2022-06-17 15:58:00,-123.35108,48.86292
"Aquilegia formosa",48244,"Aquilegia formosa",0,"accepted","western columbine",,"Plantae","Tracheophyta","Angiospermae","","Magnoliopsida","","","Ranunculales","","","","Ranunculaceae","Thalictroideae","","Aquilegia","formosa","iNat:122258284","2022-06-17T08:58:00-07:00",,"Andrew Simon","false","research",10,2022-06-17 15:58:00,-123.351013,48.863032
"Tellima grandiflora",51655,"Tellima grandiflora",0,"accepted","fringe cups",,"Plantae","Tracheophyta","Angiospermae","","Magnoliopsida","","","Saxifragales","","","","Saxifragaceae","","Heuchereae","Tellima","grandiflora","iNat:122258283","2022-06-17T08:59:00-07:00",,"Andrew Simon","false","research",10,2022-06-17 15:59:00,-123.350997,48.86302
"Acer macrophyllum",48227,"Acer macrophyllum",0,"accepted","bigleaf maple",,"Plantae","Tracheophyta","Angiospermae","","Magnoliopsida","","","Sapindales","","","","Sapindaceae","","","Acer","macrophyllum","iNat:122258285","2022-06-17T08:59:00-07:00",,"Andrew Simon","false","research",10,2022-06-17 15:59:00,-123.350992,48.863023
"Maianthemum racemosum amplexicaule",53012,"Maianthemum racemosum amplexicaule",0,"accepted","western Solomon's plume",,"Plantae","Tracheophyta","Angiospermae","","Liliopsida","","","Asparagales","","","","Asparagaceae","Nolinoideae","Polygonateae","Maianthemum","racemosum","iNat:122258286","2022-06-17T09:00:00-07:00",,"Andrew Simon","false","research",10,2022-06-17 16:00:00,-123.35058,48.86296
"Cirsium vulgare",52989,"Cirsium vulgare",0,"accepted","Bull Thistle",,"Plantae","Tracheophyta","Angiospermae","","Magnoliopsida","","","Asterales","","","","Asteraceae","Carduoideae","Cardueae","Cirsium","vulgare","iNat:129712374","2022-08-04T19:15:00-07:00",,"Caitlin Robinson","false","research",20,2022-08-05 02:15:00,-123.367958,48.878055
"Aquilegia formosa",48244,"Aquilegia formosa",0,"accepted","western columbine",,"Plantae","Tracheophyta","Angiospermae","","Magnoliopsida","","","Ranunculales","","","","Ranunculaceae","Thalictroideae","","Aquilegia","formosa","iNat:129712041","2022-08-04T19:18:51-07:00",,"Caitlin Robinson","false","research",20,2022-08-05 02:18:51,-123.367562,48.877517
"Nuphar polysepala",78234,"Nuphar polysepala",0,"accepted","western yellow pond-lily",,"Plantae","Tracheophyta","Angiospermae","","Magnoliopsida","","","Nymphaeales","","","","Nymphaeaceae","","","Nuphar","polysepala","iNat:129710745","2022-08-04T19:24:03-07:00",,"Caitlin Robinson","false","research",20,2022-08-05 02:24:03,-123.367613,48.877462
"Fomitopsis mounceae",877361,"Fomitopsis mounceae",0,"accepted","Northern Red Belt",,"Fungi","Basidiomycota","Agaricomycotina","","Agaricomycetes","","","Polyporales","","","","Fomitopsidaceae","","","Fomitopsis","mounceae","iNat:129710587","2022-08-04T19:28:58-07:00",,"Caitlin Robinson","false","research",20,2022-08-05 02:28:58,-123.368028,48.876797
"Myosotis scorpioides",49130,"Myosotis scorpioides",0,"accepted","water forget-me-not",,"Plantae","Tracheophyta","Angiospermae","","Magnoliopsida","","","Boraginales","","","","Boraginaceae","Cynoglossoideae","Myosotideae","Myosotis","scorpioides","iNat:129710523","2022-08-04T19:34:36-07:00",,"Caitlin Robinson","false","needs_id",20,2022-08-05 02:34:36,-123.36767,48.877103
"Achlys triphylla",75263,"Achlys triphylla",0,"accepted","vanilla leaf",,"Plantae","Tracheophyta","Angiospermae","","Magnoliopsida","","","Ranunculales","","","","Berberidaceae","Berberidoideae","Berberideae","Achlys","triphylla","iNat:129586011","2022-08-04T19:40:08-07:00",,"Caitlin Robinson","false","research",20,2022-08-05 02:40:08,-123.367767,48.8768
"Trametes versicolor",54134,"Trametes versicolor",0,"accepted","turkey-tail",,"Fungi","Basidiomycota","Agaricomycotina","","Agaricomycetes","","","Polyporales","","","","Polyporaceae","","","Trametes","versicolor","iNat:129585553","2022-08-04T19:43:06-07:00",,"Caitlin Robinson","false","needs_id",20,2022-08-05 02:43:06,-123.36743,48.876105
"Cirsium vulgare",52989,"Cirsium vulgare",0,"accepted","Bull Thistle",,"Plantae","Tracheophyta","Angiospermae","","Magnoliopsida","","","Asterales","","","","Asteraceae","Carduoideae","Cardueae","Cirsium","vulgare","iNat:129778429","2022-08-04T19:18:00-07:00",,"Andrew Simon","false","research",10,2022-08-05 02:18:00,-123.36703,48.87803
"Dulichium arundinaceum",76745,"Dulichium arundinaceum",0,"accepted","Three-way Sedge",,"Plantae","Tracheophyta","Angiospermae","","Liliopsida","","","Poales","","","","Cyperaceae","Cyperoideae","Dulichieae","Dulichium","arundinaceum","iNat:129778430","2022-08-04T19:25:00-07:00",,"Andrew Simon","false","research",10,2022-08-05 02:25:00,-123.36721,48.877058
"Nuphar polysepala",78234,"Nuphar polysepala",0,"accepted","western yellow pond-lily",,"Plantae","Tracheophyta","Angiospermae","","Magnoliopsida","","","Nymphaeales","","","","Nymphaeaceae","","","Nuphar","polysepala","iNat:129778431","2022-08-04T19:26:00-07:00",,"Andrew Simon","false","research",10,2022-08-05 02:26:00,-123.367228,48.877019
"Gaultheria shallon",48441,"Gaultheria shallon",0,"accepted","salal",,"Plantae","Tracheophyta","Angiospermae","","Magnoliopsida","","","Ericales","","","","Ericaceae","Vaccinioideae","Gaultherieae","Gaultheria","shallon","iNat:129778432","2022-08-04T19:27:00-07:00",,"Andrew Simon","false","research",10,2022-08-05 02:27:00,-123.36735,48.877147
"Potamogeton natans",78712,"Potamogeton natans",0,"accepted","floating-leaved pondweed",,"Plantae","Tracheophyta","Angiospermae","","Liliopsida","","","Alismatales","","","","Potamogetonaceae","","","Potamogeton","natans","iNat:129778434","2022-08-04T19:28:00-07:00",,"Andrew Simon","false","research",10,2022-08-05 02:28:00,-123.367093,48.877193
"Rana aurora",25545,"Rana aurora",0,"accepted","Northern Red-legged Frog",,"Animalia","Chordata","Vertebrata","","Amphibia","","","Anura","","","","Ranidae","","","Rana","aurora","iNat:129778435","2022-08-04T19:28:00-07:00",,"Andrew Simon","false","research",10,2022-08-05 02:28:00,-123.367088,48.877177
"Ranunculus flammula",67826,"Ranunculus flammula",0,"accepted","Lesser Spearwort",,"Plantae","Tracheophyta","Angiospermae","","Magnoliopsida","","","Ranunculales","","","","Ranunculaceae","Ranunculoideae","Ranunculeae","Ranunculus","flammula","iNat:129778436","2022-08-04T19:28:00-07:00",,"Andrew Simon","false","needs_id",10,2022-08-05 02:28:00,-123.367112,48.877187
"Dulichium arundinaceum",76745,"Dulichium arundinaceum",0,"accepted","Three-way Sedge",,"Plantae","Tracheophyta","Angiospermae","","Liliopsida","","","Poales","","","","Cyperaceae","Cyperoideae","Dulichieae","Dulichium","arundinaceum","iNat:129778437","2022-08-04T19:30:00-07:00",,"Andrew Simon","false","research",10,2022-08-05 02:30:00,-123.36706,48.877277
"Nuphar polysepala",78234,"Nuphar polysepala",0,"accepted","western yellow pond-lily",,"Plantae","Tracheophyta","Angiospermae","","Magnoliopsida","","","Nymphaeales","","","","Nymphaeaceae","","","Nuphar","polysepala","iNat:129778438","2022-08-04T19:30:00-07:00",,"Andrew Simon","false","research",10,2022-08-05 02:30:00,-123.36689,48.877118
"Myosotis laxa",78150,"Myosotis laxa",0,"accepted","bay forget-me-not",,"Plantae","Tracheophyta","Angiospermae","","Magnoliopsida","","","Boraginales","","","","Boraginaceae","Cynoglossoideae","Myosotideae","Myosotis","laxa","iNat:129778439","2022-08-04T19:31:00-07:00",,"Andrew Simon","false","needs_id",10,2022-08-05 02:31:00,-123.366968,48.877277
"Dulichium arundinaceum",76745,"Dulichium arundinaceum",0,"accepted","Three-way Sedge",,"Plantae","Tracheophyta","Angiospermae","","Liliopsida","","","Poales","","","","Cyperaceae","Cyperoideae","Dulichieae","Dulichium","arundinaceum","iNat:129778440","2022-08-04T19:32:00-07:00",,"Andrew Simon","false","research",10,2022-08-05 02:32:00,-123.366637,48.87735
"Aeshnidae",51469,"Aeshnidae",0,"accepted","Darners",,"Animalia","Arthropoda","Hexapoda","","Insecta","Pterygota","","Odonata","Anisoptera","","Aeshnoidea","Aeshnidae","","","","","iNat:129778442","2022-08-04T19:32:00-07:00",,"Andrew Simon","false","needs_id",10,2022-08-05 02:32:00,-123.366683,48.877423
"Phalaris arundinacea",63337,"Phalaris arundinacea",0,"accepted","reed canary grass",,"Plantae","Tracheophyta","Angiospermae","","Liliopsida","","","Poales","","","","Poaceae","Pooideae","Poeae","Phalaris","arundinacea","iNat:129778445","2022-08-04T19:34:00-07:00",,"Andrew Simon","false","research",10,2022-08-05 02:34:00,-123.366425,48.877482
"Gaultheria shallon",48441,"Gaultheria shallon",0,"accepted","salal",,"Plantae","Tracheophyta","Angiospermae","","Magnoliopsida","","","Ericales","","","","Ericaceae","Vaccinioideae","Gaultherieae","Gaultheria","shallon","iNat:129778446","2022-08-04T19:35:00-07:00",,"Andrew Simon","false","research",10,2022-08-05 02:35:00,-123.366425,48.877482
"Veronica scutellata",61112,"Veronica scutellata",0,"accepted","Marsh Speedwell",,"Plantae","Tracheophyta","Angiospermae","","Magnoliopsida","","","Lamiales","","","","Plantaginaceae","","Veroniceae","Veronica","scutellata","iNat:129778447","2022-08-04T19:35:00-07:00",,"Andrew Simon","false","research",10,2022-08-05 02:35:00,-123.366433,48.877512
"Stachys chamissonis",52625,"Stachys chamissonis",0,"accepted","Coastal Hedge-nettle",,"Plantae","Tracheophyta","Angiospermae","","Magnoliopsida","","","Lamiales","","","","Lamiaceae","Lamioideae","Stachydeae","Stachys","chamissonis","iNat:129778449","2022-08-04T19:37:00-07:00",,"Andrew Simon","false","research",10,2022-08-05 02:37:00,-123.366438,48.877548
"Polystichum munitum",47751,"Polystichum munitum",0,"accepted","western sword fern",,"Plantae","Tracheophyta","","","Polypodiopsida","Polypodiidae","","Polypodiales","Polypodiineae","","","Dryopteridaceae","Dryopteridoideae","","Polystichum","munitum","iNat:129778450","2022-08-04T19:45:00-07:00",,"Andrew Simon","false","research",10,2022-08-05 02:45:00,-123.3657,48.87689
"Thuja plicata",48252,"Thuja plicata",0,"accepted","western redcedar",,"Plantae","Tracheophyta","","","Pinopsida","","","Pinales","","","","Cupressaceae","Cupressoideae","","Thuja","plicata","iNat:129778451","2022-08-04T19:45:00-07:00",,"Andrew Simon","false","research",10,2022-08-05 02:45:00,-123.365757,48.876642
"Oenanthe sarmentosa",60127,"Oenanthe sarmentosa",0,"accepted","water parsley",,"Plantae","Tracheophyta","Angiospermae","","Magnoliopsida","","","Apiales","","","","Apiaceae","Apioideae","Oenantheae","Oenanthe","sarmentosa","iNat:129778452","2022-08-04T19:46:00-07:00",,"Andrew Simon","false","research",10,2022-08-05 02:46:00,-123.365818,48.87665
"Carex obnupta",61000,"Carex obnupta",0,"accepted","slough sedge",,"Plantae","Tracheophyta","Angiospermae","","Liliopsida","","","Poales","","","","Cyperaceae","Cyperoideae","Cariceae","Carex","obnupta","iNat:129778453","2022-08-04T19:55:00-07:00",,"Andrew Simon","false","research",10,2022-08-05 02:55:00,-123.367342,48.876277
"Myosotis laxa",78150,"Myosotis laxa",0,"accepted","bay forget-me-not",,"Plantae","Tracheophyta","Angiospermae","","Magnoliopsida","","","Boraginales","","","","Boraginaceae","Cynoglossoideae","Myosotideae","Myosotis","laxa","iNat:129778454","2022-08-04T19:56:00-07:00",,"Andrew Simon","false","needs_id",10,2022-08-05 02:56:00,-123.367473,48.876483
"Achlys triphylla",75263,"Achlys triphylla",0,"accepted","vanilla leaf",,"Plantae","Tracheophyta","Angiospermae","","Magnoliopsida","","","Ranunculales","","","","Berberidaceae","Berberidoideae","Berberideae","Achlys","triphylla","iNat:129778455","2022-08-04T19:56:00-07:00",,"Andrew Simon","false","research",10,2022-08-05 02:56:00,-123.367603,48.876465
"Equisetum telmateia braunii",57032,"Equisetum telmateia braunii",0,"accepted","Braun's Giant Horsetail",,"Plantae","Tracheophyta","","","Polypodiopsida","Equisetidae","","Equisetales","","","","Equisetaceae","","","Equisetum","telmateia","iNat:129778456","2022-08-04T19:57:00-07:00",,"Andrew Simon","false","research",10,2022-08-05 02:57:00,-123.367603,48.876465
"Rubus leucodermis",63960,"Rubus leucodermis",0,"accepted","whitebark raspberry",,"Plantae","Tracheophyta","Angiospermae","","Magnoliopsida","","","Rosales","","","","Rosaceae","Rosoideae","Rubeae","Rubus","leucodermis","iNat:129778457","2022-08-04T19:58:00-07:00",,"Andrew Simon","false","research",10,2022-08-05 02:58:00,-123.367502,48.876383
"Athyrium filix-femina",52669,"Athyrium filix-femina",0,"accepted","lady fern",,"Plantae","Tracheophyta","","","Polypodiopsida","Polypodiidae","","Polypodiales","Aspleniinae","","","Athyriaceae","","","Athyrium","filix-femina","iNat:129778458","2022-08-04T19:58:00-07:00",,"Andrew Simon","false","research",10,2022-08-05 02:58:00,-123.367597,48.876433
"Alnus rubra",56034,"Alnus rubra",0,"accepted","Red Alder",,"Plantae","Tracheophyta","Angiospermae","","Magnoliopsida","","","Fagales","","","","Betulaceae","","","Alnus","rubra","iNat:129778460","2022-08-04T20:12:00-07:00",,"Andrew Simon","false","needs_id",10,2022-08-05 03:12:00,-123.366735,48.877435
"Potamogeton berchtoldii",78706,"Potamogeton berchtoldii",0,"accepted","Berchtold's pondweed",,"Plantae","Tracheophyta","Angiospermae","","Liliopsida","","","Alismatales","","","","Potamogetonaceae","","","Potamogeton","berchtoldii","iNat:129778462","2022-08-04T20:18:00-07:00",,"Andrew Simon","false","research",10,2022-08-05 03:18:00,-123.366601,48.876704
"Scirpus microcarpus",59068,"Scirpus microcarpus",0,"accepted","Panicled Bulrush",,"Plantae","Tracheophyta","Angiospermae","","Liliopsida","","","Poales","","","","Cyperaceae","Cyperoideae","Scirpeae","Scirpus","microcarpus","iNat:164092657","2023-05-27T14:56:50-07:00",,"andytaggartsmith","false","needs_id",19,2023-05-27 21:56:50,-123.411065,48.909141
"Carex obnupta",61000,"Carex obnupta",0,"accepted","slough sedge",,"Plantae","Tracheophyta","Angiospermae","","Liliopsida","","","Poales","","","","Cyperaceae","Cyperoideae","Cariceae","Carex","obnupta","iNat:164094202","2023-05-27T14:58:45-07:00",,"andytaggartsmith","false","research",19,2023-05-27 21:58:45,-123.410765,48.909106
"Cerastium arvense",50851,"Cerastium arvense",0,"accepted","field chickweed",,"Plantae","Tracheophyta","Angiospermae","","Magnoliopsida","","","Caryophyllales","","","","Caryophyllaceae","","Alsineae","Cerastium","arvense","iNat:164094421","2023-05-27T15:15:52-07:00",,"andytaggartsmith","false","research",21,2023-05-27 22:15:52,-123.409068,48.909043
"Montia parvifolia",78123,"Montia parvifolia",0,"accepted","Small-leaved Blinks",,"Plantae","Tracheophyta","Angiospermae","","Magnoliopsida","","","Caryophyllales","","","","Montiaceae","","","Montia","parvifolia","iNat:164094469","2023-05-27T15:19:40-07:00",,"andytaggartsmith","false","research",222,2023-05-27 22:19:40,-123.409197,48.908968
"Cladonia",49490,"Cladonia",0,"accepted","pixie cup and reindeer lichens",,"Fungi","Ascomycota","Pezizomycotina","","Lecanoromycetes","Lecanoromycetidae","","Lecanorales","","","","Cladoniaceae","","","Cladonia","","iNat:164094632","2023-05-27T15:21:57-07:00",,"andytaggartsmith","false","needs_id",270,2023-05-27 22:21:57,-123.409144,48.908919
"Polypodium glycyrrhiza",55104,"Polypodium glycyrrhiza",0,"accepted","licorice fern",,"Plantae","Tracheophyta","","","Polypodiopsida","Polypodiidae","","Polypodiales","Polypodiineae","","","Polypodiaceae","Polypodioideae","","Polypodium","glycyrrhiza","iNat:164094663","2023-05-27T15:22:59-07:00",,"andytaggartsmith","false","research",40,2023-05-27 22:22:59,-123.409126,48.909022
"Plectritis congesta",57786,"Plectritis congesta",0,"accepted","shortspur seablush",,"Plantae","Tracheophyta","Angiospermae","","Magnoliopsida","","","Dipsacales","","","","Caprifoliaceae","Valerianoideae","","Plectritis","congesta","iNat:164094694","2023-05-27T15:23:38-07:00",,"andytaggartsmith","false","research",157,2023-05-27 22:23:38,-123.409233,48.908726
"Fritillaria affinis",50618,"Fritillaria affinis",0,"accepted","checker lily",,"Plantae","Tracheophyta","Angiospermae","","Liliopsida","","","Liliales","","","","Liliaceae","Lilioideae","Lilieae","Fritillaria","affinis","iNat:164094743","2023-05-27T15:27:41-07:00",,"andytaggartsmith","false","needs_id",15,2023-05-27 22:27:41,-123.408758,48.908779
"Camassia quamash",62220,"Camassia quamash",0,"accepted","small camas",,"Plantae","Tracheophyta","Angiospermae","","Liliopsida","","","Asparagales","","","","Asparagaceae","Agavoideae","","Camassia","quamash","iNat:164094775","2023-05-27T15:27:41-07:00",,"andytaggartsmith","false","research",18,2023-05-27 22:27:41,-123.408848,48.908529
"Senecio sylvaticus",53210,"Senecio sylvaticus",0,"accepted","Heath Groundsel",,"Plantae","Tracheophyta","Angiospermae","","Magnoliopsida","","","Asterales","","","","Asteraceae","Asteroideae","Senecioneae","Senecio","sylvaticus","iNat:164095744","2023-05-27T15:36:41-07:00",,"andytaggartsmith","false","research",16,2023-05-27 22:36:41,-123.408519,48.908891
"Agoseris grandiflora",52828,"Agoseris grandiflora",0,"accepted","bigflower agoseris",,"Plantae","Tracheophyta","Angiospermae","","Magnoliopsida","","","Asterales","","","","Asteraceae","Cichorioideae","Cichorieae","Agoseris","grandiflora","iNat:164095290","2023-05-27T15:39:11-07:00",,"andytaggartsmith","false","research",1396,2023-05-27 22:39:11,-123.408839,48.908903
"Castilleja hispida",128204,"Castilleja hispida",0,"accepted","harsh indian paintbrush",,"Plantae","Tracheophyta","Angiospermae","","Magnoliopsida","","","Lamiales","","","","Orobanchaceae","","Pedicularideae","Castilleja","hispida","iNat:164095312","2023-05-27T15:42:38-07:00",,"andytaggartsmith","false","research",31,2023-05-27 22:42:38,-123.408413,48.908646
"Paxistima myrsinites",63893,"Paxistima myrsinites",0,"accepted","Oregon Boxwood",,"Plantae","Tracheophyta","Angiospermae","","Magnoliopsida","","","Celastrales","","","","Celastraceae","","","Paxistima","myrsinites","iNat:164095353","2023-05-27T15:44:48-07:00",,"andytaggartsmith","false","research",16,2023-05-27 22:44:48,-123.408335,48.908687
"Cotoneaster horizontalis",53771,"Cotoneaster horizontalis",0,"accepted","Wall cotoneaster",,"Plantae","Tracheophyta","Angiospermae","","Magnoliopsida","","","Rosales","","","","Rosaceae","Amygdaloideae","Maleae","Cotoneaster","horizontalis","iNat:164095916","2023-05-27T15:51:12-07:00",,"andytaggartsmith","false","research",42,2023-05-27 22:51:12,-123.408203,48.908757
"Leucanthemum vulgare",56057,"Leucanthemum vulgare",0,"accepted","oxeye daisy",,"Plantae","Tracheophyta","Angiospermae","","Magnoliopsida","","","Asterales","","","","Asteraceae","Asteroideae","Anthemideae","Leucanthemum","vulgare","iNat:164095979","2023-05-27T15:54:02-07:00",,"andytaggartsmith","false","needs_id",10,2023-05-27 22:54:02,-123.408445,48.90873
"Allium acuminatum",59782,"Allium acuminatum",0,"accepted","Hooker's onion",,"Plantae","Tracheophyta","Angiospermae","","Liliopsida","","","Asparagales","","","","Amaryllidaceae","Allioideae","Allieae","Allium","acuminatum","iNat:164096138","2023-05-27T15:58:55-07:00",,"andytaggartsmith","false","research",24,2023-05-27 22:58:55,-123.408639,48.908912
"Collomia heterophylla",52996,"Collomia heterophylla",0,"accepted","variableleaf collomia",,"Plantae","Tracheophyta","Angiospermae","","Magnoliopsida","","","Ericales","","","","Polemoniaceae","","","Collomia","heterophylla","iNat:164096958","2023-05-27T16:02:22-07:00",,"andytaggartsmith","false","needs_id",10,2023-05-27 23:02:22,-123.408527,48.908685
"Luzula multiflora",164948,"Luzula multiflora",0,"accepted","heath wood-rush",,"Plantae","Tracheophyta","Angiospermae","","Liliopsida","","","Poales","","","","Juncaceae","","","Luzula","multiflora","iNat:164097691","2023-05-27T16:10:16-07:00",,"andytaggartsmith","false","needs_id",22,2023-05-27 23:10:16,-123.408698,48.908963
"Koeleria macrantha",57183,"Koeleria macrantha",0,"accepted","Prairie Junegrass",,"Plantae","Tracheophyta","Angiospermae","","Liliopsida","","","Poales","","","","Poaceae","Pooideae","Poeae","Koeleria","macrantha","iNat:164234552","2023-05-27T16:12:17-07:00",,"andytaggartsmith","false","research",420,2023-05-27 23:12:17,-123.408502,48.908677
"Eriophyllum lanatum",77049,"Eriophyllum lanatum",0,"accepted","common woolly sunflower",,"Plantae","Tracheophyta","Angiospermae","","Magnoliopsida","","","Asterales","","","","Asteraceae","Asteroideae","Madieae","Eriophyllum","lanatum","iNat:175259930","2023-05-27T15:37:01-07:00",,"phmstone","false","needs_id",10,2023-05-27 22:37:01,-123.408494,48.908514
"Allium acuminatum",59782,"Allium acuminatum",0,"accepted","Hooker's onion",,"Plantae","Tracheophyta","Angiospermae","","Liliopsida","","","Asparagales","","","","Amaryllidaceae","Allioideae","Allieae","Allium","acuminatum","iNat:175260210","2023-05-27T15:37:01-07:00",,"phmstone","false","research",10,2023-05-27 22:37:01,-123.408494,48.908514
"Achillea",1574425,"Achillea",0,"accepted","Section Achillea",,"Plantae","Tracheophyta","Angiospermae","","Magnoliopsida","","","Asterales","","","","Asteraceae","Asteroideae","Anthemideae","Achillea","","iNat:175259363","2023-05-27T15:39:50-07:00",,"phmstone","false","needs_id",10,2023-05-27 22:39:50,-123.408456,48.908678
"Cerastium arvense",50851,"Cerastium arvense",0,"accepted","field chickweed",,"Plantae","Tracheophyta","Angiospermae","","Magnoliopsida","","","Caryophyllales","","","","Caryophyllaceae","","Alsineae","Cerastium","arvense","iNat:164093703","2023-05-27T15:43:53-07:00",,"Tyler Innes","false","research",39,2023-05-27 22:43:53,-123.408528,48.908787
"Aira caryophyllea",52694,"Aira caryophyllea",0,"accepted","Silver Hairgrass",,"Plantae","Tracheophyta","Angiospermae","","Liliopsida","","","Poales","","","","Poaceae","Pooideae","Poeae","Aira","caryophyllea","iNat:164094530","2023-05-27T15:48:48-07:00",,"Tyler Innes","false","research",30,2023-05-27 22:48:48,-123.408443,48.908693
"Acmispon parviflorus",57048,"Acmispon parviflorus",0,"accepted","Short-flower Deervetch",,"Plantae","Tracheophyta","Angiospermae","","Magnoliopsida","","","Fabales","","","","Fabaceae","Faboideae","Loteae","Acmispon","parviflorus","iNat:164095359","2023-05-27T15:57:38-07:00",,"Tyler Innes","false","research",18,2023-05-27 22:57:38,-123.40857,48.908715
"Festuca microstachys pauciflora",1377236,"Festuca microstachys pauciflora",0,"accepted","Pacific Fescue",,"Plantae","Tracheophyta","Angiospermae","","Liliopsida","","","Poales","","","","Poaceae","Pooideae","Poeae","Festuca","microstachys","iNat:164096717","2023-05-27T16:00:05-07:00",,"Tyler Innes","false","research",112,2023-05-27 23:00:05,-123.408509,48.908816
"Alectoria vancouverensis",205455,"Alectoria vancouverensis",0,"accepted","Vancouver Witch's Hair Lichen",,"Fungi","Ascomycota","Pezizomycotina","","Lecanoromycetes","Lecanoromycetidae","","Lecanorales","","","","Parmeliaceae","Parmelioideae","","Alectoria","vancouverensis","iNat:164096803","2023-05-27T16:05:41-07:00",,"Tyler Innes","false","research",10,2023-05-27 23:05:41,-123.408506,48.90876
"Collomia heterophylla",52996,"Collomia heterophylla",0,"accepted","variableleaf collomia",,"Plantae","Tracheophyta","Angiospermae","","Magnoliopsida","","","Ericales","","","","Polemoniaceae","","","Collomia","heterophylla","iNat:164097965","2023-05-27T16:06:46-07:00",,"Tyler Innes","false","research",123,2023-05-27 23:06:46,-123.408796,48.908714
"Racomitrium lanuginosum",167684,"Racomitrium lanuginosum",0,"accepted","Woolly Fringe-moss",,"Plantae","Bryophyta","","","Bryopsida","","","Grimmiales","","","","Grimmiaceae","","","Racomitrium","lanuginosum","iNat:164097973","2023-05-27T16:12:57-07:00",,"Tyler Innes","false","needs_id",443,2023-05-27 23:12:57,-123.408533,48.908809
"Cladonia rangiferina",119778,"Cladonia rangiferina",0,"accepted","gray reindeer lichen",,"Fungi","Ascomycota","Pezizomycotina","","Lecanoromycetes","Lecanoromycetidae","","Lecanorales","","","","Cladoniaceae","","","Cladonia","rangiferina","iNat:164131186","2023-05-27T16:21:10-07:00",,"Tyler Innes","false","research",35,2023-05-27 23:21:10,-123.409116,48.909121
"Hydropunctaria maura",197141,"Hydropunctaria maura",0,"accepted","Wart Lichen",,"Fungi","Ascomycota","Pezizomycotina","","Eurotiomycetes","Chaetothyriomycetidae","","Verrucariales","","","","Verrucariaceae","","","Hydropunctaria","maura","iNat:164888317","2023-05-27T09:44:00-07:00",,"Andrew Simon","false","needs_id",27,2023-05-27 16:44:00,-123.509891,48.943339
"Hieracium albiflorum",63937,"Hieracium albiflorum",0,"accepted","white hawkweed",,"Plantae","Tracheophyta","Angiospermae","","Magnoliopsida","","","Asterales","","","","Asteraceae","Cichorioideae","Cichorieae","Hieracium","albiflorum","iNat:164026509","2023-05-27T10:12:08-07:00",,"Andrew Simon","false","research",10,2023-05-27 17:12:08,-123.509823,48.943781
"Vicia americana",53320,"Vicia americana",0,"accepted","American vetch",,"Plantae","Tracheophyta","Angiospermae","","Magnoliopsida","","","Fabales","","","","Fabaceae","Faboideae","Fabeae","Vicia","americana","iNat:164027074","2023-05-27T10:14:54-07:00",,"Andrew Simon","false","research",10,2023-05-27 17:14:54,-123.509898,48.943728
"Lathyrus nevadensis",77640,"Lathyrus nevadensis",0,"accepted","Sierra Nevada Peavine",,"Plantae","Tracheophyta","Angiospermae","","Magnoliopsida","","","Fabales","","","","Fabaceae","Faboideae","Fabeae","Lathyrus","nevadensis","iNat:164027165","2023-05-27T10:15:55-07:00",,"Andrew Simon","false","research",10,2023-05-27 17:15:55,-123.509875,48.943758
"Lonicera hispidula",53416,"Lonicera hispidula",0,"accepted","Pink Honeysuckle",,"Plantae","Tracheophyta","Angiospermae","","Magnoliopsida","","","Dipsacales","","","","Caprifoliaceae","Caprifolioideae","","Lonicera","hispidula","iNat:164028267","2023-05-27T10:19:59-07:00",,"Andrew Simon","false","research",10,2023-05-27 17:19:59,-123.509762,48.943783
"Osmorhiza berteroi",53166,"Osmorhiza berteroi",0,"accepted","mountain sweet cicely",,"Plantae","Tracheophyta","Angiospermae","","Magnoliopsida","","","Apiales","","","","Apiaceae","Apioideae","Scandiceae","Osmorhiza","berteroi","iNat:164032940","2023-05-27T10:24:46-07:00",,"Andrew Simon","false","research",10,2023-05-27 17:24:46,-123.50985,48.943728
"Bromus vulgaris",75915,"Bromus vulgaris",0,"accepted","columbia brome",,"Plantae","Tracheophyta","Angiospermae","","Liliopsida","","","Poales","","","","Poaceae","Pooideae","Bromeae","Bromus","vulgaris","iNat:164055448","2023-05-27T10:25:36-07:00",,"Andrew Simon","false","research",10,2023-05-27 17:25:36,-123.509907,48.943782
"Pseudisothecium stoloniferum",1262643,"Pseudisothecium stoloniferum",0,"accepted","Cat's Tail Moss",,"Plantae","Bryophyta","","","Bryopsida","","","Hypnales","","","","Lembophyllaceae","","","Pseudisothecium","stoloniferum","iNat:164055623","2023-05-27T10:45:00-07:00",,"Andrew Simon","false","needs_id",10,2023-05-27 17:45:00,-123.510292,48.944118
"Gaultheria shallon",48441,"Gaultheria shallon",0,"accepted","salal",,"Plantae","Tracheophyta","Angiospermae","","Magnoliopsida","","","Ericales","","","","Ericaceae","Vaccinioideae","Gaultherieae","Gaultheria","shallon","iNat:164055663","2023-05-27T10:47:10-07:00",,"Andrew Simon","false","research",10,2023-05-27 17:47:10,-123.510217,48.94426
"Berberis nervosa",75756,"Berberis nervosa",0,"accepted","Cascade Oregon-grape",,"Plantae","Tracheophyta","Angiospermae","","Magnoliopsida","","","Ranunculales","","","","Berberidaceae","Berberidoideae","Berberideae","Berberis","nervosa","iNat:164055694","2023-05-27T10:47:52-07:00",,"Andrew Simon","false","research",10,2023-05-27 17:47:52,-123.510196,48.944198
"Geranium robertianum",55925,"Geranium robertianum",0,"accepted","Herb Robert",,"Plantae","Tracheophyta","Angiospermae","","Magnoliopsida","","","Geraniales","","","","Geraniaceae","","","Geranium","robertianum","iNat:164091491","2023-05-27T12:14:10-07:00",,"Andrew Simon","false","research",10,2023-05-27 19:14:10,-123.51273,48.943794
"Polystichum munitum",47751,"Polystichum munitum",0,"accepted","western sword fern",,"Plantae","Tracheophyta","","","Polypodiopsida","Polypodiidae","","Polypodiales","Polypodiineae","","","Dryopteridaceae","Dryopteridoideae","","Polystichum","munitum","iNat:164091505","2023-05-27T12:15:35-07:00",,"Andrew Simon","false","research",10,2023-05-27 19:15:35,-123.512741,48.94394
"Adenocaulon bicolor",56854,"Adenocaulon bicolor",0,"accepted","American trailplant",,"Plantae","Tracheophyta","Angiospermae","","Magnoliopsida","","","Asterales","","","","Asteraceae","Mutisioideae","Mutisieae","Adenocaulon","bicolor","iNat:164091621","2023-05-27T12:22:54-07:00",,"Andrew Simon","false","research",50,2023-05-27 19:22:54,-123.512565,48.943845
"Ramalina dilacerata",182732,"Ramalina dilacerata",0,"accepted","Punctured Bushy Lichen",,"Fungi","Ascomycota","Pezizomycotina","","Lecanoromycetes","Lecanoromycetidae","","Lecanorales","","","","Ramalinaceae","","","Ramalina","dilacerata","iNat:164091669","2023-05-27T12:23:59-07:00",,"Andrew Simon","false","needs_id",10,2023-05-27 19:23:59,-123.512369,48.943799
"Erodium cicutarium",47687,"Erodium cicutarium",0,"accepted","Redstem Stork's-bill",,"Plantae","Tracheophyta","Angiospermae","","Magnoliopsida","","","Geraniales","","","","Geraniaceae","","","Erodium","cicutarium","iNat:164019579","2023-05-27T09:29:37-07:00",,"andytaggartsmith","false","research",15,2023-05-27 16:29:37,-123.511417,48.944065
"Lolium arundinaceum",164708,"Lolium arundinaceum",0,"accepted","tall fescue",,"Plantae","Tracheophyta","Angiospermae","","Liliopsida","","","Poales","","","","Poaceae","Pooideae","Poeae","Lolium","arundinaceum","iNat:164020060","2023-05-27T09:35:59-07:00",,"andytaggartsmith","false","research",14,2023-05-27 16:35:59,-123.510047,48.943544
"Phragmidium",205077,"Phragmidium",0,"accepted","",,"Fungi","Basidiomycota","Pucciniomycotina","","Pucciniomycetes","","","Pucciniales","Uredinineae","","","Phragmidiaceae","","","Phragmidium","","iNat:164020265","2023-05-27T09:39:32-07:00",,"andytaggartsmith","false","needs_id",29,2023-05-27 16:39:32,-123.509975,48.943419
"Rosa nutkana",78883,"Rosa nutkana",0,"accepted","Nootka rose",,"Plantae","Tracheophyta","Angiospermae","","Magnoliopsida","","","Rosales","","","","Rosaceae","Rosoideae","Roseae","Rosa","nutkana","iNat:164020680","2023-05-27T09:41:31-07:00",,"andytaggartsmith","false","research",10,2023-05-27 16:41:31,-123.510081,48.943466
"Lathyrus latifolius",61009,"Lathyrus latifolius",0,"accepted","broad-leaved sweet pea",,"Plantae","Tracheophyta","Angiospermae","","Magnoliopsida","","","Fabales","","","","Fabaceae","Faboideae","Fabeae","Lathyrus","latifolius","iNat:164020752","2023-05-27T09:42:46-07:00",,"andytaggartsmith","false","needs_id",312,2023-05-27 16:42:46,-123.510358,48.94344
"Dactylis glomerata",52720,"Dactylis glomerata",0,"accepted","orchard grass",,"Plantae","Tracheophyta","Angiospermae","","Liliopsida","","","Poales","","","","Poaceae","Pooideae","Poeae","Dactylis","glomerata","iNat:164020806","2023-05-27T09:45:01-07:00",,"andytaggartsmith","false","research",10,2023-05-27 16:45:01,-123.509978,48.943518
"Bromus sterilis",57163,"Bromus sterilis",0,"accepted","Barren Brome",,"Plantae","Tracheophyta","Angiospermae","","Liliopsida","","","Poales","","","","Poaceae","Pooideae","Bromeae","Bromus","sterilis","iNat:164021079","2023-05-27T09:46:29-07:00",,"andytaggartsmith","false","needs_id",25,2023-05-27 16:46:29,-123.510061,48.943413
"Osmorhiza berteroi",53166,"Osmorhiza berteroi",0,"accepted","mountain sweet cicely",,"Plantae","Tracheophyta","Angiospermae","","Magnoliopsida","","","Apiales","","","","Apiaceae","Apioideae","Scandiceae","Osmorhiza","berteroi","iNat:164021752","2023-05-27T09:49:22-07:00",,"andytaggartsmith","false","needs_id",10,2023-05-27 16:49:22,-123.509981,48.943589
"Rosa gymnocarpa",53441,"Rosa gymnocarpa",0,"accepted","Baldhip Rose",,"Plantae","Tracheophyta","Angiospermae","","Magnoliopsida","","","Rosales","","","","Rosaceae","Rosoideae","Roseae","Rosa","gymnocarpa","iNat:164022157","2023-05-27T09:51:03-07:00",,"andytaggartsmith","false","research",64,2023-05-27 16:51:03,-123.509826,48.943567
"Lysimachia latifolia",496537,"Lysimachia latifolia",0,"accepted","Western Starflower",,"Plantae","Tracheophyta","Angiospermae","","Magnoliopsida","","","Ericales","","","","Primulaceae","Myrsinoideae","","Lysimachia","latifolia","iNat:164022245","2023-05-27T09:51:38-07:00",,"andytaggartsmith","false","research",814,2023-05-27 16:51:38,-123.50983,48.943605
"Melica subulata",77986,"Melica subulata",0,"accepted","Alaska Oniongrass",,"Plantae","Tracheophyta","Angiospermae","","Liliopsida","","","Poales","","","","Poaceae","Pooideae","Meliceae","Melica","subulata","iNat:164022837","2023-05-27T09:53:36-07:00",,"andytaggartsmith","false","needs_id",673,2023-05-27 16:53:36,-123.510389,48.943451
"Hieracium albiflorum",63937,"Hieracium albiflorum",0,"accepted","white hawkweed",,"Plantae","Tracheophyta","Angiospermae","","Magnoliopsida","","","Asterales","","","","Asteraceae","Cichorioideae","Cichorieae","Hieracium","albiflorum","iNat:164023599","2023-05-27T09:55:56-07:00",,"andytaggartsmith","false","research",40,2023-05-27 16:55:56,-123.509806,48.943764
"Nemophila parviflora",57353,"Nemophila parviflora",0,"accepted","small-flowered nemophila",,"Plantae","Tracheophyta","Angiospermae","","Magnoliopsida","","","Boraginales","","","","Boraginaceae","Hydrophylloideae","","Nemophila","parviflora","iNat:164023921","2023-05-27T09:58:41-07:00",,"andytaggartsmith","false","research",159,2023-05-27 16:58:41,-123.509813,48.943813
"Luzula multiflora",164948,"Luzula multiflora",0,"accepted","heath wood-rush",,"Plantae","Tracheophyta","Angiospermae","","Liliopsida","","","Poales","","","","Juncaceae","","","Luzula","multiflora","iNat:164024017","2023-05-27T09:59:43-07:00",,"andytaggartsmith","false","needs_id",16,2023-05-27 16:59:43,-123.509638,48.94366
"Vicia americana",53320,"Vicia americana",0,"accepted","American vetch",,"Plantae","Tracheophyta","Angiospermae","","Magnoliopsida","","","Fabales","","","","Fabaceae","Faboideae","Fabeae","Vicia","americana","iNat:164025249","2023-05-27T10:04:29-07:00",,"andytaggartsmith","false","research",14,2023-05-27 17:04:29,-123.509624,48.943719
"Lathyrus nevadensis",77640,"Lathyrus nevadensis",0,"accepted","Sierra Nevada Peavine",,"Plantae","Tracheophyta","Angiospermae","","Magnoliopsida","","","Fabales","","","","Fabaceae","Faboideae","Fabeae","Lathyrus","nevadensis","iNat:164025596","2023-05-27T10:07:12-07:00",,"andytaggartsmith","false","needs_id",1508,2023-05-27 17:07:12,-123.509676,48.943641
"Vicia sativa",53324,"Vicia sativa",0,"accepted","Common Vetch",,"Plantae","Tracheophyta","Angiospermae","","Magnoliopsida","","","Fabales","","","","Fabaceae","Faboideae","Fabeae","Vicia","sativa","iNat:164025897","2023-05-27T10:09:39-07:00",,"andytaggartsmith","false","research",140,2023-05-27 17:09:39,-123.509687,48.943648
"Festuca occidentalis",59091,"Festuca occidentalis",0,"accepted","western fescue",,"Plantae","Tracheophyta","Angiospermae","","Liliopsida","","","Poales","","","","Poaceae","Pooideae","Poeae","Festuca","occidentalis","iNat:164026110","2023-05-27T10:10:36-07:00",,"andytaggartsmith","false","needs_id",112,2023-05-27 17:10:36,-123.50982,48.943752
"Lonicera hispidula",53416,"Lonicera hispidula",0,"accepted","Pink Honeysuckle",,"Plantae","Tracheophyta","Angiospermae","","Magnoliopsida","","","Dipsacales","","","","Caprifoliaceae","Caprifolioideae","","Lonicera","hispidula","iNat:164027748","2023-05-27T10:11:23-07:00",,"andytaggartsmith","false","research",66,2023-05-27 17:11:23,-123.509521,48.94381
"Bromus vulgaris",75915,"Bromus vulgaris",0,"accepted","columbia brome",,"Plantae","Tracheophyta","Angiospermae","","Liliopsida","","","Poales","","","","Poaceae","Pooideae","Bromeae","Bromus","vulgaris","iNat:164029105","2023-05-27T10:13:25-07:00",,"andytaggartsmith","false","needs_id",29,2023-05-27 17:13:25,-123.509582,48.943759
"Clinopodium douglasii",53203,"Clinopodium douglasii",0,"accepted","yerba buena",,"Plantae","Tracheophyta","Angiospermae","","Magnoliopsida","","","Lamiales","","","","Lamiaceae","Nepetoideae","Mentheae","Clinopodium","douglasii","iNat:164031121","2023-05-27T10:14:08-07:00",,"andytaggartsmith","false","needs_id",10,2023-05-27 17:14:08,-123.509795,48.943829
"Goodyera oblongifolia",50719,"Goodyera oblongifolia",0,"accepted","Western Rattlesnake Plantain",,"Plantae","Tracheophyta","Angiospermae","","Liliopsida","","","Asparagales","","","","Orchidaceae","Orchidoideae","Cranichideae","Goodyera","oblongifolia","iNat:164029587","2023-05-27T10:16:30-07:00",,"andytaggartsmith","false","research",10,2023-05-27 17:16:30,-123.509828,48.943817
"Corallorhiza maculata",49475,"Corallorhiza maculata",0,"accepted","spotted coralroot",,"Plantae","Tracheophyta","Angiospermae","","Liliopsida","","","Asparagales","","","","Orchidaceae","Epidendroideae","Epidendreae","Corallorhiza","maculata","iNat:164029777","2023-05-27T10:18:07-07:00",,"andytaggartsmith","false","research",154,2023-05-27 17:18:07,-123.510048,48.943968
"Anthriscus caucalis",52846,"Anthriscus caucalis",0,"accepted","Bur Parsley",,"Plantae","Tracheophyta","Angiospermae","","Magnoliopsida","","","Apiales","","","","Apiaceae","Apioideae","Scandiceae","Anthriscus","caucalis","iNat:164030658","2023-05-27T10:20:39-07:00",,"andytaggartsmith","false","needs_id",23,2023-05-27 17:20:39,-123.510138,48.943925
"Anisocarpus madioides",53137,"Anisocarpus madioides",0,"accepted","woodland madia",,"Plantae","Tracheophyta","Angiospermae","","Magnoliopsida","","","Asterales","","","","Asteraceae","Asteroideae","Madieae","Anisocarpus","madioides","iNat:164031278","2023-05-27T10:24:30-07:00",,"andytaggartsmith","false","research",11,2023-05-27 17:24:30,-123.510212,48.94404
"Cardamine",49652,"Cardamine",0,"accepted","Bittercresses and Toothworts",,"Plantae","Tracheophyta","Angiospermae","","Magnoliopsida","","","Brassicales","","","","Brassicaceae","Brassicoideae","Cardamineae","Cardamine","","iNat:164031672","2023-05-27T10:25:46-07:00",,"andytaggartsmith","false","needs_id",312,2023-05-27 17:25:46,-123.510384,48.943469
"Geranium robertianum",55925,"Geranium robertianum",0,"accepted","Herb Robert",,"Plantae","Tracheophyta","Angiospermae","","Magnoliopsida","","","Geraniales","","","","Geraniaceae","","","Geranium","robertianum","iNat:164031822","2023-05-27T10:29:26-07:00",,"andytaggartsmith","false","needs_id",46,2023-05-27 17:29:26,-123.510354,48.943932
"Claytonia perfoliata",52994,"Claytonia perfoliata",0,"accepted","miner's lettuce",,"Plantae","Tracheophyta","Angiospermae","","Magnoliopsida","","","Caryophyllales","","","","Montiaceae","","","Claytonia","perfoliata","iNat:164031960","2023-05-27T10:33:31-07:00",,"andytaggartsmith","false","research",39,2023-05-27 17:33:31,-123.510083,48.944092
"Caprifolium",1072514,"Caprifolium",0,"accepted","",,"Plantae","Tracheophyta","Angiospermae","","Magnoliopsida","","","Dipsacales","","","","Caprifoliaceae","Caprifolioideae","","Lonicera","","iNat:164032150","2023-05-27T10:35:05-07:00",,"andytaggartsmith","false","needs_id",96,2023-05-27 17:35:05,-123.51038,48.94403
"Pentagramma triangularis",52676,"Pentagramma triangularis",0,"accepted","goldback fern",,"Plantae","Tracheophyta","","","Polypodiopsida","Polypodiidae","","Polypodiales","Pteridineae","","","Pteridaceae","Cheilanthoideae","","Pentagramma","triangularis","iNat:164032347","2023-05-27T10:37:17-07:00",,"andytaggartsmith","false","research",152,2023-05-27 17:37:17,-123.510183,48.944381
"Polystichum munitum",47751,"Polystichum munitum",0,"accepted","western sword fern",,"Plantae","Tracheophyta","","","Polypodiopsida","Polypodiidae","","Polypodiales","Polypodiineae","","","Dryopteridaceae","Dryopteridoideae","","Polystichum","munitum","iNat:164032700","2023-05-27T10:38:28-07:00",,"andytaggartsmith","false","research",1555,2023-05-27 17:38:28,-123.509918,48.943973
"Dicranum scoparium",123134,"Dicranum scoparium",0,"accepted","Broom Forkmoss",,"Plantae","Bryophyta","","","Bryopsida","","","Dicranales","","","","Dicranaceae","","","Dicranum","scoparium","iNat:164033155","2023-05-27T10:43:05-07:00",,"andytaggartsmith","false","needs_id",73,2023-05-27 17:43:05,-123.509983,48.94431
"Geum macrophyllum",77266,"Geum macrophyllum",0,"accepted","Large-leaved Avens",,"Plantae","Tracheophyta","Angiospermae","","Magnoliopsida","","","Rosales","","","","Rosaceae","Rosoideae","Colurieae","Geum","macrophyllum","iNat:164033393","2023-05-27T10:45:39-07:00",,"andytaggartsmith","false","needs_id",184,2023-05-27 17:45:39,-123.510004,48.944958
"Moehringia macrophylla",61884,"Moehringia macrophylla",0,"accepted","Largeleaf Sandwort",,"Plantae","Tracheophyta","Angiospermae","","Magnoliopsida","","","Caryophyllales","","","","Caryophyllaceae","","Arenarieae","Moehringia","macrophylla","iNat:164034244","2023-05-27T10:46:29-07:00",,"andytaggartsmith","false","research",10,2023-05-27 17:46:29,-123.510754,48.944528
"Hylocomiadelphus triquetrus",1138381,"Hylocomiadelphus triquetrus",0,"accepted","rough goose neck moss",,"Plantae","Bryophyta","","","Bryopsida","","","Hypnales","","","","Hylocomiaceae","","","Hylocomiadelphus","triquetrus","iNat:164034392","2023-05-27T10:47:23-07:00",,"andytaggartsmith","false","research",10,2023-05-27 17:47:23,-123.510645,48.944446
"Melica subulata",77986,"Melica subulata",0,"accepted","Alaska Oniongrass",,"Plantae","Tracheophyta","Angiospermae","","Liliopsida","","","Poales","","","","Poaceae","Pooideae","Meliceae","Melica","subulata","iNat:164034650","2023-05-27T10:49:47-07:00",,"andytaggartsmith","false","needs_id",10,2023-05-27 17:49:47,-123.51074,48.944603
"Pseudotsuga menziesii",48256,"Pseudotsuga menziesii",0,"accepted","common Douglas-fir",,"Plantae","Tracheophyta","","","Pinopsida","","","Pinales","","","","Pinaceae","Pinoideae","","Pseudotsuga","menziesii","iNat:164035346","2023-05-27T10:51:32-07:00",,"andytaggartsmith","false","research",462,2023-05-27 17:51:32,-123.510706,48.944589
"Adenocaulon bicolor",56854,"Adenocaulon bicolor",0,"accepted","American trailplant",,"Plantae","Tracheophyta","Angiospermae","","Magnoliopsida","","","Asterales","","","","Asteraceae","Mutisioideae","Mutisieae","Adenocaulon","bicolor","iNat:164036180","2023-05-27T10:53:54-07:00",,"andytaggartsmith","false","research",60,2023-05-27 17:53:54,-123.510914,48.944601
"Platanthera unalascensis",840638,"Platanthera unalascensis",0,"accepted","Alaska Rein Orchid",,"Plantae","Tracheophyta","Angiospermae","","Liliopsida","","","Asparagales","","","","Orchidaceae","Orchidoideae","Orchideae","Platanthera","unalascensis","iNat:164044655","2023-05-27T10:55:30-07:00",,"andytaggartsmith","false","research",180,2023-05-27 17:55:30,-123.510919,48.944523
"Sedum spathulifolium",58886,"Sedum spathulifolium",0,"accepted","Broad-leaved Stonecrop",,"Plantae","Tracheophyta","Angiospermae","","Magnoliopsida","","","Saxifragales","","","","Crassulaceae","Sempervivoideae","Sedeae","Sedum","spathulifolium","iNat:164039497","2023-05-27T11:01:02-07:00",,"andytaggartsmith","false","research",36,2023-05-27 18:01:02,-123.510938,48.944501
"Montia parvifolia",78123,"Montia parvifolia",0,"accepted","Small-leaved Blinks",,"Plantae","Tracheophyta","Angiospermae","","Magnoliopsida","","","Caryophyllales","","","","Montiaceae","","","Montia","parvifolia","iNat:164039716","2023-05-27T11:04:10-07:00",,"andytaggartsmith","false","research",18,2023-05-27 18:04:10,-123.511016,48.944619
"Holodiscus discolor",53414,"Holodiscus discolor",0,"accepted","Ocean spray",,"Plantae","Tracheophyta","Angiospermae","","Magnoliopsida","","","Rosales","","","","Rosaceae","Amygdaloideae","Spiraeeae","Holodiscus","discolor","iNat:164040186","2023-05-27T11:05:55-07:00",,"andytaggartsmith","false","research",118,2023-05-27 18:05:55,-123.510793,48.944572
"Stellaria media",53298,"Stellaria media",0,"accepted","common chickweed",,"Plantae","Tracheophyta","Angiospermae","","Magnoliopsida","","","Caryophyllales","","","","Caryophyllaceae","","Alsineae","Stellaria","media","iNat:164040948","2023-05-27T11:10:59-07:00",,"andytaggartsmith","false","research",24,2023-05-27 18:10:59,-123.510954,48.944685
"Myosotis laxa",78150,"Myosotis laxa",0,"accepted","bay forget-me-not",,"Plantae","Tracheophyta","Angiospermae","","Magnoliopsida","","","Boraginales","","","","Boraginaceae","Cynoglossoideae","Myosotideae","Myosotis","laxa","iNat:164046369","2023-05-27T11:12:49-07:00",,"andytaggartsmith","false","needs_id",80,2023-05-27 18:12:49,-123.511008,48.944742
"Brachytheciaceae",67859,"Brachytheciaceae",0,"accepted","",,"Plantae","Bryophyta","","","Bryopsida","","","Hypnales","","","","Brachytheciaceae","","","","","iNat:164046450","2023-05-27T11:16:14-07:00",,"andytaggartsmith","false","needs_id",1631,2023-05-27 18:16:14,-123.511029,48.944615
"Veronica arvensis",55748,"Veronica arvensis",0,"accepted","corn speedwell",,"Plantae","Tracheophyta","Angiospermae","","Magnoliopsida","","","Lamiales","","","","Plantaginaceae","","Veroniceae","Veronica","arvensis","iNat:164046644","2023-05-27T11:20:22-07:00",,"andytaggartsmith","false","research",10,2023-05-27 18:20:22,-123.510953,48.944602
"Usnea hirta",182679,"Usnea hirta",0,"accepted","Bristly Beard Lichen",,"Fungi","Ascomycota","Pezizomycotina","","Lecanoromycetes","Lecanoromycetidae","","Lecanorales","","","","Parmeliaceae","Parmelioideae","","Usnea","hirta","iNat:164044013","2023-05-27T11:23:06-07:00",,"andytaggartsmith","false","needs_id",774,2023-05-27 18:23:06,-123.510585,48.94423
"Evernia prunastri",123175,"Evernia prunastri",0,"accepted","Oakmoss",,"Fungi","Ascomycota","Pezizomycotina","","Lecanoromycetes","Lecanoromycetidae","","Lecanorales","","","","Parmeliaceae","Parmelioideae","","Evernia","prunastri","iNat:164046968","2023-05-27T11:24:38-07:00",,"andytaggartsmith","false","needs_id",23,2023-05-27 18:24:38,-123.510929,48.944692
"Araneidae",47535,"Araneidae",0,"accepted","Orbweavers",,"Animalia","Arthropoda","Chelicerata","","Arachnida","","","Araneae","Araneomorphae","Entelegynae","Araneoidea","Araneidae","","","","","iNat:164047053","2023-05-27T11:25:57-07:00",,"andytaggartsmith","false","needs_id",936,2023-05-27 18:25:57,-123.510723,48.944707
"Lecanoromycetes",54743,"Lecanoromycetes",0,"accepted","common lichens",,"Fungi","Ascomycota","Pezizomycotina","","Lecanoromycetes","","","","","","","","","","","","iNat:164047162","2023-05-27T11:28:54-07:00",,"andytaggartsmith","false","needs_id",146,2023-05-27 18:28:54,-123.510805,48.945041
"Myxomycetes",47684,"Myxomycetes",0,"accepted","true slime molds",,"Protozoa","Mycetozoa","","","Myxomycetes","","","","","","","","","","","","iNat:164047452","2023-05-27T11:32:14-07:00",,"andytaggartsmith","false","needs_id",20,2023-05-27 18:32:14,-123.510852,48.944944
"Erythranthe alsinoides",771843,"Erythranthe alsinoides",0,"accepted","wingstem monkeyflower",,"Plantae","Tracheophyta","Angiospermae","","Magnoliopsida","","","Lamiales","","","","Phrymaceae","","","Erythranthe","alsinoides","iNat:164049097","2023-05-27T11:40:13-07:00",,"andytaggartsmith","false","research",503,2023-05-27 18:40:13,-123.511487,48.944836
"Leucolepis acanthoneura",120870,"Leucolepis acanthoneura",0,"accepted","Menzies' Tree Moss",,"Plantae","Bryophyta","","","Bryopsida","","","Bryales","","","","Mniaceae","","","Leucolepis","acanthoneura","iNat:164049177","2023-05-27T11:41:45-07:00",,"andytaggartsmith","false","research",52,2023-05-27 18:41:45,-123.511641,48.944819
"Pseudisothecium stoloniferum",1262643,"Pseudisothecium stoloniferum",0,"accepted","Cat's Tail Moss",,"Plantae","Bryophyta","","","Bryopsida","","","Hypnales","","","","Lembophyllaceae","","","Pseudisothecium","stoloniferum","iNat:164049192","2023-05-27T11:46:06-07:00",,"andytaggartsmith","false","research",2239,2023-05-27 18:46:06,-123.511507,48.944942
"Plagiomnium insigne",122705,"Plagiomnium insigne",0,"accepted","Badge Moss",,"Plantae","Bryophyta","","","Bryopsida","","","Bryales","","","","Mniaceae","","","Plagiomnium","insigne","iNat:164049428","2023-05-27T11:49:47-07:00",,"andytaggartsmith","false","research",10,2023-05-27 18:49:47,-123.511847,48.945246
"Urtica gracilis gracilis",1074432,"Urtica gracilis gracilis",0,"accepted","American stinging nettle",,"Plantae","Tracheophyta","Angiospermae","","Magnoliopsida","","","Rosales","","","","Urticaceae","","","Urtica","gracilis","iNat:164049704","2023-05-27T11:52:01-07:00",,"andytaggartsmith","false","research",10,2023-05-27 18:52:01,-123.511948,48.945313
"Athyrium filix-femina",52669,"Athyrium filix-femina",0,"accepted","lady fern",,"Plantae","Tracheophyta","","","Polypodiopsida","Polypodiidae","","Polypodiales","Aspleniinae","","","Athyriaceae","","","Athyrium","filix-femina","iNat:164049889","2023-05-27T11:54:02-07:00",,"andytaggartsmith","false","research",10,2023-05-27 18:54:02,-123.512034,48.945309
"Rubus leucodermis",63960,"Rubus leucodermis",0,"accepted","whitebark raspberry",,"Plantae","Tracheophyta","Angiospermae","","Magnoliopsida","","","Rosales","","","","Rosaceae","Rosoideae","Rubeae","Rubus","leucodermis","iNat:164050102","2023-05-27T11:54:57-07:00",,"andytaggartsmith","false","research",10,2023-05-27 18:54:57,-123.512026,48.945366
"Rubus laciniatus",78891,"Rubus laciniatus",0,"accepted","Cutleaf Blackberry",,"Plantae","Tracheophyta","Angiospermae","","Magnoliopsida","","","Rosales","","","","Rosaceae","Rosoideae","Rubeae","Rubus","laciniatus","iNat:164050388","2023-05-27T11:55:21-07:00",,"andytaggartsmith","false","research",10,2023-05-27 18:55:21,-123.511961,48.945328
"Rubus ursinus",53445,"Rubus ursinus",0,"accepted","trailing blackberry",,"Plantae","Tracheophyta","Angiospermae","","Magnoliopsida","","","Rosales","","","","Rosaceae","Rosoideae","Rubeae","Rubus","ursinus","iNat:164050770","2023-05-27T11:56:43-07:00",,"andytaggartsmith","false","research",10,2023-05-27 18:56:43,-123.512059,48.945331
"Ranunculus uncinatus",63898,"Ranunculus uncinatus",0,"accepted","woodland buttercup",,"Plantae","Tracheophyta","Angiospermae","","Magnoliopsida","","","Ranunculales","","","","Ranunculaceae","Ranunculoideae","Ranunculeae","Ranunculus","uncinatus","iNat:164053702","2023-05-27T11:58:24-07:00",,"andytaggartsmith","false","research",10,2023-05-27 18:58:24,-123.512146,48.945435
"Claytonia sibirica",55767,"Claytonia sibirica",0,"accepted","Candy Flower",,"Plantae","Tracheophyta","Angiospermae","","Magnoliopsida","","","Caryophyllales","","","","Montiaceae","","","Claytonia","sibirica","iNat:164051069","2023-05-27T11:59:21-07:00",,"andytaggartsmith","false","research",10,2023-05-27 18:59:21,-123.512103,48.945378
"Erythranthe ptilota",771908,"Erythranthe ptilota",0,"accepted","wing-leaf monkeyflower",,"Plantae","Tracheophyta","Angiospermae","","Magnoliopsida","","","Lamiales","","","","Phrymaceae","","","Erythranthe","ptilota","iNat:164066414","2023-05-27T12:00:18-07:00",,"andytaggartsmith","false","research",10,2023-05-27 19:00:18,-123.512167,48.945351
"Carex leptopoda",76070,"Carex leptopoda",0,"accepted","slender-footed sedge",,"Plantae","Tracheophyta","Angiospermae","","Liliopsida","","","Poales","","","","Cyperaceae","Cyperoideae","Cariceae","Carex","leptopoda","iNat:164056062","2023-05-27T12:02:23-07:00",,"andytaggartsmith","false","research",10,2023-05-27 19:02:23,-123.512136,48.945325
"Juncus effusus",56153,"Juncus effusus",0,"accepted","Soft Rush",,"Plantae","Tracheophyta","Angiospermae","","Liliopsida","","","Poales","","","","Juncaceae","","","Juncus","effusus","iNat:164056394","2023-05-27T12:05:26-07:00",,"andytaggartsmith","false","needs_id",10,2023-05-27 19:05:26,-123.512614,48.945381
"Bellis perennis",55563,"Bellis perennis",0,"accepted","Lawn daisy",,"Plantae","Tracheophyta","Angiospermae","","Magnoliopsida","","","Asterales","","","","Asteraceae","Asteroideae","Astereae","Bellis","perennis","iNat:164056774","2023-05-27T12:07:24-07:00",,"andytaggartsmith","false","research",10,2023-05-27 19:07:24,-123.513169,48.945055
"Holcus lanatus",52793,"Holcus lanatus",0,"accepted","Yorkshire fog",,"Plantae","Tracheophyta","Angiospermae","","Liliopsida","","","Poales","","","","Poaceae","Pooideae","Poeae","Holcus","lanatus","iNat:164061775","2023-05-27T12:17:24-07:00",,"andytaggartsmith","false","research",64,2023-05-27 19:17:24,-123.512993,48.944696
"Lolium perenne",52801,"Lolium perenne",0,"accepted","Perennial Ryegrass",,"Plantae","Tracheophyta","Angiospermae","","Liliopsida","","","Poales","","","","Poaceae","Pooideae","Poeae","Lolium","perenne","iNat:164062056","2023-05-27T12:19:45-07:00",,"andytaggartsmith","false","research",10,2023-05-27 19:19:45,-123.512164,48.944011
"Poa pratensis",60307,"Poa pratensis",0,"accepted","Smooth Meadow-grass",,"Plantae","Tracheophyta","Angiospermae","","Liliopsida","","","Poales","","","","Poaceae","Pooideae","Poeae","Poa","pratensis","iNat:164067589","2023-05-27T12:22:57-07:00",,"andytaggartsmith","false","needs_id",159,2023-05-27 19:22:57,-123.51214,48.944015
"Festuca rubra",61061,"Festuca rubra",0,"accepted","red fescue",,"Plantae","Tracheophyta","Angiospermae","","Liliopsida","","","Poales","","","","Poaceae","Pooideae","Poeae","Festuca","rubra","iNat:164062719","2023-05-27T12:24:42-07:00",,"andytaggartsmith","false","needs_id",25,2023-05-27 19:24:42,-123.51223,48.944032
"Myosotis",49131,"Myosotis",0,"accepted","Forget-me-nots",,"Plantae","Tracheophyta","Angiospermae","","Magnoliopsida","","","Boraginales","","","","Boraginaceae","Cynoglossoideae","Myosotideae","Myosotis","","iNat:164062748","2023-05-27T12:40:43-07:00",,"andytaggartsmith","false","needs_id",31,2023-05-27 19:40:43,-123.511971,48.944092
"Veronica americana",57277,"Veronica americana",0,"accepted","American brooklime",,"Plantae","Tracheophyta","Angiospermae","","Magnoliopsida","","","Lamiales","","","","Plantaginaceae","","Veroniceae","Veronica","americana","iNat:164062966","2023-05-27T12:43:06-07:00",,"andytaggartsmith","false","research",39,2023-05-27 19:43:06,-123.511923,48.943927
"Mentha canadensis",77991,"Mentha canadensis",0,"accepted","Canada mint",,"Plantae","Tracheophyta","Angiospermae","","Magnoliopsida","","","Lamiales","","","","Lamiaceae","Nepetoideae","Mentheae","Mentha","canadensis","iNat:164063639","2023-05-27T12:48:31-07:00",,"andytaggartsmith","false","needs_id",80,2023-05-27 19:48:31,-123.512141,48.944111
"Dryopteris expansa",64055,"Dryopteris expansa",0,"accepted","spreading wood fern",,"Plantae","Tracheophyta","","","Polypodiopsida","Polypodiidae","","Polypodiales","Polypodiineae","","","Dryopteridaceae","Dryopteridoideae","","Dryopteris","expansa","iNat:164089155","2023-05-27T12:49:17-07:00",,"andytaggartsmith","false","research",10,2023-05-27 19:49:17,-123.512077,48.943733
"Achlys triphylla",75263,"Achlys triphylla",0,"accepted","vanilla leaf",,"Plantae","Tracheophyta","Angiospermae","","Magnoliopsida","","","Ranunculales","","","","Berberidaceae","Berberidoideae","Berberideae","Achlys","triphylla","iNat:164063900","2023-05-27T12:51:48-07:00",,"andytaggartsmith","false","research",640,2023-05-27 19:51:48,-123.512084,48.943736
"Heuchereae",1424203,"Heuchereae",0,"accepted","alumroot tribe",,"Plantae","Tracheophyta","Angiospermae","","Magnoliopsida","","","Saxifragales","","","","Saxifragaceae","","Heuchereae","","","iNat:164063930","2023-05-27T12:52:22-07:00",,"andytaggartsmith","false","needs_id",455,2023-05-27 19:52:22,-123.512234,48.943946
"Pteridium aquilinum",52681,"Pteridium aquilinum",0,"accepted","common bracken",,"Plantae","Tracheophyta","","","Polypodiopsida","Polypodiidae","","Polypodiales","Dennstaedtiineae","","","Dennstaedtiaceae","","","Pteridium","aquilinum","iNat:164089785","2023-05-27T12:54:00-07:00",,"andytaggartsmith","false","research",21,2023-05-27 19:54:00,-123.512213,48.943798
"Rhizomnium glabrescens",85421,"Rhizomnium glabrescens",0,"accepted","rhizomnium moss",,"Plantae","Bryophyta","","","Bryopsida","","","Bryales","","","","Mniaceae","","","Rhizomnium","glabrescens","iNat:164094018","2023-05-27T12:57:47-07:00",,"andytaggartsmith","false","needs_id",44,2023-05-27 19:57:47,-123.512171,48.943682
"Stellaria",49389,"Stellaria",0,"accepted","chickweeds",,"Plantae","Tracheophyta","Angiospermae","","Magnoliopsida","","","Caryophyllales","","","","Caryophyllaceae","","Alsineae","Stellaria","","iNat:164091298","2023-05-27T12:59:00-07:00",,"andytaggartsmith","false","needs_id",139,2023-05-27 19:59:00,-123.511999,48.94375
"Tetraphis pellucida",124385,"Tetraphis pellucida",0,"accepted","Tetraphis Moss",,"Plantae","Bryophyta","","","Tetraphidopsida","","","Tetraphidales","","","","Tetraphidaceae","","","Tetraphis","pellucida","iNat:164091374","2023-05-27T13:02:12-07:00",,"andytaggartsmith","false","needs_id",698,2023-05-27 20:02:12,-123.512193,48.943902
"Brachythecium",67860,"Brachythecium",0,"accepted","",,"Plantae","Bryophyta","","","Bryopsida","","","Hypnales","","","","Brachytheciaceae","","","Brachythecium","","iNat:164091405","2023-05-27T13:04:23-07:00",,"andytaggartsmith","false","needs_id",77,2023-05-27 20:04:23,-123.512102,48.943735
"Epilobium ciliatum",53050,"Epilobium ciliatum",0,"accepted","fringed willowherb",,"Plantae","Tracheophyta","Angiospermae","","Magnoliopsida","","","Myrtales","","","","Onagraceae","","","Epilobium","ciliatum","iNat:164091458","2023-05-27T13:06:12-07:00",,"andytaggartsmith","false","research",10,2023-05-27 20:06:12,-123.511995,48.943845
"Equisetum telmateia",57030,"Equisetum telmateia",0,"accepted","great horsetail",,"Plantae","Tracheophyta","","","Polypodiopsida","Equisetidae","","Equisetales","","","","Equisetaceae","","","Equisetum","telmateia","iNat:164076673","2023-05-27T13:07:53-07:00",,"andytaggartsmith","false","research",798,2023-05-27 20:07:53,-123.511953,48.943878
"Hypnum circinale",125464,"Hypnum circinale",0,"accepted","Coiled-leaf claw-moss",,"Plantae","Bryophyta","","","Bryopsida","","","Hypnales","","","","Hypnaceae","","","Hypnum","circinale","iNat:164075493","2023-05-27T13:07:57-07:00",,"andytaggartsmith","false","needs_id",10,2023-05-27 20:07:57,-123.511962,48.943958
"Fragaria vesca",50298,"Fragaria vesca",0,"accepted","woodland strawberry",,"Plantae","Tracheophyta","Angiospermae","","Magnoliopsida","","","Rosales","","","","Rosaceae","Rosoideae","Potentilleae","Fragaria","vesca","iNat:164091555","2023-05-27T13:12:48-07:00",,"andytaggartsmith","false","needs_id",488,2023-05-27 20:12:48,-123.512126,48.944094
"Tetraphis pellucida",124385,"Tetraphis pellucida",0,"accepted","Tetraphis Moss",,"Plantae","Bryophyta","","","Tetraphidopsida","","","Tetraphidales","","","","Tetraphidaceae","","","Tetraphis","pellucida","iNat:164091644","2023-05-27T13:14:51-07:00",,"andytaggartsmith","false","research",137,2023-05-27 20:14:51,-123.512212,48.943629
"Peltigera canina",180500,"Peltigera canina",0,"accepted","dog pelt lichen",,"Fungi","Ascomycota","Pezizomycotina","","Lecanoromycetes","Lecanoromycetidae","","Peltigerales","","","","Peltigeraceae","","","Peltigera","canina","iNat:164091674","2023-05-27T13:15:58-07:00",,"andytaggartsmith","false","needs_id",798,2023-05-27 20:15:58,-123.512046,48.943594
"Riccardia latifrons",56464,"Riccardia latifrons",0,"accepted","Bog Germanderwort",,"Plantae","Marchantiophyta","","","Jungermanniopsida","Metzgeriidae","","Metzgeriales","","","","Aneuraceae","","","Riccardia","latifrons","iNat:164091718","2023-05-27T13:16:52-07:00",,"andytaggartsmith","false","needs_id",751,2023-05-27 20:16:52,-123.512158,48.94394
"Rumex obtusifolius",63371,"Rumex obtusifolius",0,"accepted","broad-leaved dock",,"Plantae","Tracheophyta","Angiospermae","","Magnoliopsida","","","Caryophyllales","","","","Polygonaceae","Polygonoideae","Rumiceae","Rumex","obtusifolius","iNat:164091737","2023-05-27T13:18:14-07:00",,"andytaggartsmith","false","research",30,2023-05-27 20:18:14,-123.512041,48.943854
"Hylocomiaceae",71051,"Hylocomiaceae",0,"accepted","",,"Plantae","Bryophyta","","","Bryopsida","","","Hypnales","","","","Hylocomiaceae","","","","","iNat:164091757","2023-05-27T13:20:33-07:00",,"andytaggartsmith","false","needs_id",171,2023-05-27 20:20:33,-123.511975,48.944095
"Kindbergia praelonga",1122172,"Kindbergia praelonga",0,"accepted","Common Feather-moss",,"Plantae","Bryophyta","","","Bryopsida","","","Hypnales","","","","Brachytheciaceae","","","Kindbergia","praelonga","iNat:164091924","2023-05-27T13:21:21-07:00",,"andytaggartsmith","false","needs_id",77,2023-05-27 20:21:21,-123.511827,48.944103
"Rubus parviflorus",51646,"Rubus parviflorus",0,"accepted","thimbleberry",,"Plantae","Tracheophyta","Angiospermae","","Magnoliopsida","","","Rosales","","","","Rosaceae","Rosoideae","Rubeae","Rubus","parviflorus","iNat:164092005","2023-05-27T13:25:46-07:00",,"andytaggartsmith","false","research",10,2023-05-27 20:25:46,-123.511769,48.943589
"Nasturtium officinale",78174,"Nasturtium officinale",0,"accepted","watercress",,"Plantae","Tracheophyta","Angiospermae","","Magnoliopsida","","","Brassicales","","","","Brassicaceae","Brassicoideae","Cardamineae","Nasturtium","officinale","iNat:164092174","2023-05-27T13:30:41-07:00",,"andytaggartsmith","false","research",22,2023-05-27 20:30:41,-123.511883,48.943903
"Carex macloviana",160005,"Carex macloviana",0,"accepted","Thickhead sedge",,"Plantae","Tracheophyta","Angiospermae","","Liliopsida","","","Poales","","","","Cyperaceae","Cyperoideae","Cariceae","Carex","macloviana","iNat:164092361","2023-05-27T13:32:33-07:00",,"andytaggartsmith","false","needs_id",2031,2023-05-27 20:32:33,-123.51192,48.944054
"Rubus spectabilis",47543,"Rubus spectabilis",0,"accepted","Salmonberry",,"Plantae","Tracheophyta","Angiospermae","","Magnoliopsida","","","Rosales","","","","Rosaceae","Rosoideae","Rubeae","Rubus","spectabilis","iNat:164092413","2023-05-27T13:35:09-07:00",,"andytaggartsmith","false","research",81,2023-05-27 20:35:09,-123.511878,48.94403
"Malacosoma californica",359294,"Malacosoma californica",0,"accepted","Western Tent Caterpillar Moth",,"Animalia","Arthropoda","Hexapoda","","Insecta","Pterygota","","Lepidoptera","","","Lasiocampoidea","Lasiocampidae","Malacosominae","","Malacosoma","californica","iNat:164092539","2023-05-27T13:35:50-07:00",,"andytaggartsmith","false","research",305,2023-05-27 20:35:50,-123.511725,48.944091
"Sympetrum",51556,"Sympetrum",0,"accepted","Meadowhawks",,"Animalia","Arthropoda","Hexapoda","","Insecta","Pterygota","","Odonata","Anisoptera","","Libelluloidea","Libellulidae","","","Sympetrum","","iNat:164092564","2023-05-27T13:39:26-07:00",,"andytaggartsmith","false","needs_id",27,2023-05-27 20:39:26,-123.511532,48.94379
"Scirpus microcarpus",59068,"Scirpus microcarpus",0,"accepted","Panicled Bulrush",,"Plantae","Tracheophyta","Angiospermae","","Liliopsida","","","Poales","","","","Cyperaceae","Cyperoideae","Scirpeae","Scirpus","microcarpus","iNat:164092609","2023-05-27T13:40:59-07:00",,"andytaggartsmith","false","research",85,2023-05-27 20:40:59,-123.511701,48.943351
"Lysimachia latifolia",496537,"Lysimachia latifolia",0,"accepted","Western Starflower",,"Plantae","Tracheophyta","Angiospermae","","Magnoliopsida","","","Ericales","","","","Primulaceae","Myrsinoideae","","Lysimachia","latifolia","iNat:175259440","2023-05-27T09:50:43-07:00",,"phmstone","false","research",10,2023-05-27 16:50:43,-123.510783,48.943542
"Corallorhiza maculata",49475,"Corallorhiza maculata",0,"accepted","spotted coralroot",,"Plantae","Tracheophyta","Angiospermae","","Liliopsida","","","Asparagales","","","","Orchidaceae","Epidendroideae","Epidendreae","Corallorhiza","maculata","iNat:175259571","2023-05-27T10:13:46-07:00",,"phmstone","false","research",10,2023-05-27 17:13:46,-123.510789,48.943542
"Goodyera oblongifolia",50719,"Goodyera oblongifolia",0,"accepted","Western Rattlesnake Plantain",,"Plantae","Tracheophyta","Angiospermae","","Liliopsida","","","Asparagales","","","","Orchidaceae","Orchidoideae","Cranichideae","Goodyera","oblongifolia","iNat:175259757","2023-05-27T10:14:40-07:00",,"phmstone","false","research",10,2023-05-27 17:14:40,-123.510789,48.943542
"Pentagramma triangularis",52676,"Pentagramma triangularis",0,"accepted","goldback fern",,"Plantae","Tracheophyta","","","Polypodiopsida","Polypodiidae","","Polypodiales","Pteridineae","","","Pteridaceae","Cheilanthoideae","","Pentagramma","triangularis","iNat:171622940","2023-05-27T10:16:52-07:00",,"phmstone","false","research",123,2023-05-27 17:16:52,-123.512955,48.944987
"Thamnophis sirtalis pickeringii",28363,"Thamnophis sirtalis pickeringii",0,"accepted","Puget Sound Garter Snake",,"Animalia","Chordata","Vertebrata","","Reptilia","","","Squamata","Serpentes","","","Colubridae","Natricinae","","Thamnophis","sirtalis","iNat:179640939","2023-05-27T11:05:57-07:00",,"phmstone","false","research",316,2023-05-27 18:05:57,-123.50977,48.944767
"Nemophila parviflora",57353,"Nemophila parviflora",0,"accepted","small-flowered nemophila",,"Plantae","Tracheophyta","Angiospermae","","Magnoliopsida","","","Boraginales","","","","Boraginaceae","Hydrophylloideae","","Nemophila","parviflora","iNat:175259887","2023-05-27T11:41:15-07:00",,"phmstone","false","research",10,2023-05-27 18:41:15,-123.511886,48.944975
"Claytonia sibirica",55767,"Claytonia sibirica",0,"accepted","Candy Flower",,"Plantae","Tracheophyta","Angiospermae","","Magnoliopsida","","","Caryophyllales","","","","Montiaceae","","","Claytonia","sibirica","iNat:175259698","2023-05-27T11:46:36-07:00",,"phmstone","false","research",10,2023-05-27 18:46:36,-123.513408,48.943033
"Fragaria vesca",50298,"Fragaria vesca",0,"accepted","woodland strawberry",,"Plantae","Tracheophyta","Angiospermae","","Magnoliopsida","","","Rosales","","","","Rosaceae","Rosoideae","Potentilleae","Fragaria","vesca","iNat:179640742","2023-05-27T13:26:37-07:00",,"phmstone","false","research",336,2023-05-27 20:26:37,-123.51262,48.944604
"Pentagramma triangularis",52676,"Pentagramma triangularis",0,"accepted","goldback fern",,"Plantae","Tracheophyta","","","Polypodiopsida","Polypodiidae","","Polypodiales","Pteridineae","","","Pteridaceae","Cheilanthoideae","","Pentagramma","triangularis","iNat:164028110","2023-05-27T10:18:52-07:00",,"Tyler Innes","false","research",59,2023-05-27 17:18:52,-123.510162,48.943734
"Cardamine hirsuta",55829,"Cardamine hirsuta",0,"accepted","hairy bittercress",,"Plantae","Tracheophyta","Angiospermae","","Magnoliopsida","","","Brassicales","","","","Brassicaceae","Brassicoideae","Cardamineae","Cardamine","hirsuta","iNat:164033093","2023-05-27T10:33:30-07:00",,"Tyler Innes","false","research",58,2023-05-27 17:33:30,-123.510144,48.944049
"Kindbergia oregana",120909,"Kindbergia oregana",0,"accepted","Oregon Beaked Moss",,"Plantae","Bryophyta","","","Bryopsida","","","Hypnales","","","","Brachytheciaceae","","","Kindbergia","oregana","iNat:164036693","2023-05-27T10:52:09-07:00",,"Tyler Innes","false","research",1769,2023-05-27 17:52:09,-123.510907,48.944668
"Stellaria media",53298,"Stellaria media",0,"accepted","common chickweed",,"Plantae","Tracheophyta","Angiospermae","","Magnoliopsida","","","Caryophyllales","","","","Caryophyllaceae","","Alsineae","Stellaria","media","iNat:164036982","2023-05-27T11:02:38-07:00",,"Tyler Innes","false","research",20,2023-05-27 18:02:38,-123.510893,48.944598
"Pseudisothecium stoloniferum",1262643,"Pseudisothecium stoloniferum",0,"accepted","Cat's Tail Moss",,"Plantae","Bryophyta","","","Bryopsida","","","Hypnales","","","","Lembophyllaceae","","","Pseudisothecium","stoloniferum","iNat:164045726","2023-05-27T11:44:37-07:00",,"Tyler Innes","false","research",35,2023-05-27 18:44:37,-123.511558,48.944787
"Erythranthe ptilota",771908,"Erythranthe ptilota",0,"accepted","wing-leaf monkeyflower",,"Plantae","Tracheophyta","Angiospermae","","Magnoliopsida","","","Lamiales","","","","Phrymaceae","","","Erythranthe","ptilota","iNat:164049807","2023-05-27T11:59:44-07:00",,"Tyler Innes","false","research",339,2023-05-27 18:59:44,-123.511882,48.945489
"Carex leptopoda",76070,"Carex leptopoda",0,"accepted","slender-footed sedge",,"Plantae","Tracheophyta","Angiospermae","","Liliopsida","","","Poales","","","","Cyperaceae","Cyperoideae","Cariceae","Carex","leptopoda","iNat:164049938","2023-05-27T12:00:42-07:00",,"Tyler Innes","false","research",767,2023-05-27 19:00:42,-123.512165,48.945584
"Hypogymnia tubulosa",179720,"Hypogymnia tubulosa",0,"accepted","Powder-headed Tube Lichen",,"Fungi","Ascomycota","Pezizomycotina","","Lecanoromycetes","Lecanoromycetidae","","Lecanorales","","","","Parmeliaceae","Parmelioideae","","Hypogymnia","tubulosa","iNat:164050320","2023-05-27T12:02:51-07:00",,"Tyler Innes","false","needs_id",10,2023-05-27 19:02:51,-123.512394,48.945392
"Tuckermanopsis orbata",813868,"Tuckermanopsis orbata",0,"accepted","variable wrinkle-lichen",,"Fungi","Ascomycota","Pezizomycotina","","Lecanoromycetes","Lecanoromycetidae","","Lecanorales","","","","Parmeliaceae","Parmelioideae","","Tuckermanopsis","orbata","iNat:164051363","2023-05-27T12:05:24-07:00",,"Tyler Innes","false","research",472,2023-05-27 19:05:24,-123.512893,48.945296
"Carex",633229,"Carex",0,"accepted","Carex sect. Carex",,"Plantae","Tracheophyta","Angiospermae","","Liliopsida","","","Poales","","","","Cyperaceae","Cyperoideae","Cariceae","Carex","","iNat:164051763","2023-05-27T12:10:02-07:00",,"Tyler Innes","false","needs_id",164,2023-05-27 19:10:02,-123.513281,48.944846
"Veronica serpyllifolia",55749,"Veronica serpyllifolia",0,"accepted","thyme-leaved speedwell",,"Plantae","Tracheophyta","Angiospermae","","Magnoliopsida","","","Lamiales","","","","Plantaginaceae","","Veroniceae","Veronica","serpyllifolia","iNat:164053832","2023-05-27T12:13:41-07:00",,"Tyler Innes","false","research",10,2023-05-27 19:13:41,-123.512647,48.944775
"Marrubium vulgare",54605,"Marrubium vulgare",0,"accepted","White Horehound",,"Plantae","Tracheophyta","Angiospermae","","Magnoliopsida","","","Lamiales","","","","Lamiaceae","Lamioideae","Marrubieae","Marrubium","vulgare","iNat:164066089","2023-05-27T12:20:21-07:00",,"Tyler Innes","false","research",754,2023-05-27 19:20:21,-123.512199,48.943957
"Carex pachystachya",76089,"Carex pachystachya",0,"accepted","starry broomsedge",,"Plantae","Tracheophyta","Angiospermae","","Liliopsida","","","Poales","","","","Cyperaceae","Cyperoideae","Cariceae","Carex","pachystachya","iNat:164066373","2023-05-27T12:50:37-07:00",,"Tyler Innes","false","research",21,2023-05-27 19:50:37,-123.511973,48.943929
"Lemna",54519,"Lemna",0,"accepted","Duckweeds",,"Plantae","Tracheophyta","Angiospermae","","Liliopsida","","","Alismatales","","","","Araceae","Lemnoideae","","Lemna","","iNat:164068211","2023-05-27T13:24:47-07:00",,"Tyler Innes","false","needs_id",65,2023-05-27 20:24:47,-123.511981,48.9438
"Nasturtium officinale",78174,"Nasturtium officinale",0,"accepted","watercress",,"Plantae","Tracheophyta","Angiospermae","","Magnoliopsida","","","Brassicales","","","","Brassicaceae","Brassicoideae","Cardamineae","Nasturtium","officinale","iNat:164093486","2023-05-27T13:25:15-07:00",,"Tyler Innes","false","research",10,2023-05-27 20:25:15,-123.512002,48.943846
"Rumex obtusifolius",63371,"Rumex obtusifolius",0,"accepted","broad-leaved dock",,"Plantae","Tracheophyta","Angiospermae","","Magnoliopsida","","","Caryophyllales","","","","Polygonaceae","Polygonoideae","Rumiceae","Rumex","obtusifolius","iNat:164093559","2023-05-27T13:27:26-07:00",,"Tyler Innes","false","research",579,2023-05-27 20:27:26,-123.511942,48.943817
"Fragaria vesca",50298,"Fragaria vesca",0,"accepted","woodland strawberry",,"Plantae","Tracheophyta","Angiospermae","","Magnoliopsida","","","Rosales","","","","Rosaceae","Rosoideae","Potentilleae","Fragaria","vesca","iNat:164093623","2023-05-27T13:29:28-07:00",,"Tyler Innes","false","research",57,2023-05-27 20:29:28,-123.511793,48.943815
"Hydropunctaria maura",197141,"Hydropunctaria maura",0,"accepted","Wart Lichen",,"Fungi","Ascomycota","Pezizomycotina","","Eurotiomycetes","Chaetothyriomycetidae","","Verrucariales","","","","Verrucariaceae","","","Hydropunctaria","maura","iNat:164148467","2023-05-27T09:43:00-07:00",,"Jackson W.F. Chu","false","needs_id",10,2023-05-27 16:43:00,-123.509262,48.943331
"Balanus glandula",81610,"Balanus glandula",0,"accepted","Pacific Acorn Barnacle",,"Animalia","Arthropoda","Crustacea","Multicrustacea","Hexanauplia","Thecostraca","Thoracicalcarea","Balanomorpha","","","Balanoidea","Balanidae","","","Balanus","glandula","iNat:164148468","2023-05-27T09:43:00-07:00",,"Jackson W.F. Chu","false","needs_id",10,2023-05-27 16:43:00,-123.509286,48.943333
"Magallana gigas",605992,"Magallana gigas",0,"accepted","Pacific Oyster",,"Animalia","Mollusca","","","Bivalvia","Autobranchia","","Ostreida","","","Ostreoidea","Ostreidae","Crassostreinae","","Magallana","gigas","iNat:164148471","2023-05-27T09:49:00-07:00",,"Jackson W.F. Chu","false","needs_id",10,2023-05-27 16:49:00,-123.50925,48.943363
"Lottia persona",339143,"Lottia persona",0,"accepted","Mask Limpet",,"Animalia","Mollusca","","","Gastropoda","Patellogastropoda","","","","","Lottioidea","Lottiidae","Lottiinae","Lottiini","Lottia","persona","iNat:164148472","2023-05-27T09:49:00-07:00",,"Jackson W.F. Chu","false","research",10,2023-05-27 16:49:00,-123.509251,48.943365
"Ulva",54644,"Ulva",0,"accepted","Sea Lettuces",,"Plantae","Chlorophyta","","","Ulvophyceae","","","Ulvales","","","","Ulvaceae","","","Ulva","","iNat:164148474","2023-05-27T09:51:00-07:00",,"Jackson W.F. Chu","false","needs_id",10,2023-05-27 16:51:00,-123.509345,48.94337
"Anthopleura elegantissima",52564,"Anthopleura elegantissima",0,"accepted","Aggregating Anemone",,"Animalia","Cnidaria","","","Anthozoa","Hexacorallia","","Actiniaria","Enthemonae","","Actinioidea","Actiniidae","","","Anthopleura","elegantissima","iNat:164148473","2023-05-27T09:52:00-07:00",,"Jackson W.F. Chu","false","research",10,2023-05-27 16:52:00,-123.5092,48.943333
"Mastocarpus",117821,"Mastocarpus",0,"accepted","encrusting red algae",,"Plantae","Rhodophyta","Eurhodophytina","","Florideophyceae","Rhodymeniophycidae","","Gigartinales","","","","Phyllophoraceae","","","Mastocarpus","","iNat:164148475","2023-05-27T09:52:00-07:00",,"Jackson W.F. Chu","false","research",10,2023-05-27 16:52:00,-123.509254,48.943344
"Fucus distichus",69155,"Fucus distichus",0,"accepted","Rockweed",,"Chromista","Ochrophyta","","","Phaeophyceae","Fucophycidae","","Fucales","","","","Fucaceae","","","Fucus","distichus","iNat:164148476","2023-05-27T09:52:00-07:00",,"Jackson W.F. Chu","false","research",10,2023-05-27 16:52:00,-123.50928,48.94335
"Cymatogaster aggregata",98855,"Cymatogaster aggregata",0,"accepted","Shiner Surfperch",,"Animalia","Chordata","Vertebrata","","Actinopterygii","","","Blenniiformes","","","","Embiotocidae","","","Cymatogaster","aggregata","iNat:164148477","2023-05-27T09:53:00-07:00",,"Jackson W.F. Chu","false","research",10,2023-05-27 16:53:00,-123.50923,48.943325
"Hemigrapsus nudus",48342,"Hemigrapsus nudus",0,"accepted","Purple Shore Crab",,"Animalia","Arthropoda","Crustacea","Multicrustacea","Malacostraca","Eumalacostraca","Eucarida","Decapoda","Pleocyemata","Brachyura","Grapsoidea","Varunidae","Varuninae","","Hemigrapsus","nudus","iNat:164148481","2023-05-27T09:53:00-07:00",,"Jackson W.F. Chu","false","research",10,2023-05-27 16:53:00,-123.509178,48.943314
"Lecanoromycetes",54743,"Lecanoromycetes",0,"accepted","common lichens",,"Fungi","Ascomycota","Pezizomycotina","","Lecanoromycetes","","","","","","","","","","","","iNat:164148482","2023-05-27T09:54:00-07:00",,"Jackson W.F. Chu","false","needs_id",10,2023-05-27 16:54:00,-123.509173,48.943399
"Lecanoromycetes",54743,"Lecanoromycetes",0,"accepted","common lichens",,"Fungi","Ascomycota","Pezizomycotina","","Lecanoromycetes","","","","","","","","","","","","iNat:164148483","2023-05-27T09:54:00-07:00",,"Jackson W.F. Chu","false","needs_id",10,2023-05-27 16:54:00,-123.509166,48.9434
"Parmelia",54735,"Parmelia",0,"accepted","shield lichens",,"Fungi","Ascomycota","Pezizomycotina","","Lecanoromycetes","Lecanoromycetidae","","Lecanorales","","","","Parmeliaceae","Parmelioideae","","Parmelia","","iNat:164148486","2023-05-27T09:55:00-07:00",,"Jackson W.F. Chu","false","needs_id",10,2023-05-27 16:55:00,-123.509186,48.943405
"Lecanoromycetes",54743,"Lecanoromycetes",0,"accepted","common lichens",,"Fungi","Ascomycota","Pezizomycotina","","Lecanoromycetes","","","","","","","","","","","","iNat:164148487","2023-05-27T09:55:00-07:00",,"Jackson W.F. Chu","false","needs_id",10,2023-05-27 16:55:00,-123.50922,48.943386
"Quercus garryana",68632,"Quercus garryana",0,"accepted","Oregon oak",,"Plantae","Tracheophyta","Angiospermae","","Magnoliopsida","","","Fagales","","","","Fagaceae","","","Quercus","garryana","iNat:164148488","2023-05-27T09:56:00-07:00",,"Jackson W.F. Chu","false","research",10,2023-05-27 16:56:00,-123.50938,48.943386
"Ulva intestinalis",130197,"Ulva intestinalis",0,"accepted","Gutweed",,"Plantae","Chlorophyta","","","Ulvophyceae","","","Ulvales","","","","Ulvaceae","","","Ulva","intestinalis","iNat:164148496","2023-05-27T09:56:00-07:00",,"Jackson W.F. Chu","false","needs_id",10,2023-05-27 16:56:00,-123.50943,48.9434
"Cytisus scoparius",48538,"Cytisus scoparius",0,"accepted","Scotch Broom",,"Plantae","Tracheophyta","Angiospermae","","Magnoliopsida","","","Fabales","","","","Fabaceae","Faboideae","Genisteae","Cytisus","scoparius","iNat:164148493","2023-05-27T09:58:00-07:00",,"Jackson W.F. Chu","false","research",10,2023-05-27 16:58:00,-123.509445,48.943428
"Cakile maritima",60982,"Cakile maritima",0,"accepted","European Searocket",,"Plantae","Tracheophyta","Angiospermae","","Magnoliopsida","","","Brassicales","","","","Brassicaceae","Brassicoideae","Brassiceae","Cakile","maritima","iNat:164148494","2023-05-27T09:59:00-07:00",,"Jackson W.F. Chu","false","research",10,2023-05-27 16:59:00,-123.509458,48.94344
"Malacosoma californica",359294,"Malacosoma californica",0,"accepted","Western Tent Caterpillar Moth",,"Animalia","Arthropoda","Hexapoda","","Insecta","Pterygota","","Lepidoptera","","","Lasiocampoidea","Lasiocampidae","Malacosominae","","Malacosoma","californica","iNat:164148498","2023-05-27T10:00:00-07:00",,"Jackson W.F. Chu","false","research",10,2023-05-27 17:00:00,-123.509674,48.943417
"Ramalina",48325,"Ramalina",0,"accepted","bushy lichens",,"Fungi","Ascomycota","Pezizomycotina","","Lecanoromycetes","Lecanoromycetidae","","Lecanorales","","","","Ramalinaceae","","","Ramalina","","iNat:164148499","2023-05-27T10:03:00-07:00",,"Jackson W.F. Chu","false","needs_id",10,2023-05-27 17:03:00,-123.51041,48.943485
"Parmelia",54735,"Parmelia",0,"accepted","shield lichens",,"Fungi","Ascomycota","Pezizomycotina","","Lecanoromycetes","Lecanoromycetidae","","Lecanorales","","","","Parmeliaceae","Parmelioideae","","Parmelia","","iNat:164148500","2023-05-27T10:03:00-07:00",,"Jackson W.F. Chu","false","needs_id",10,2023-05-27 17:03:00,-123.510315,48.943577
"Melanelixia",194687,"Melanelixia",0,"accepted","",,"Fungi","Ascomycota","Pezizomycotina","","Lecanoromycetes","Lecanoromycetidae","","Lecanorales","","","","Parmeliaceae","Parmelioideae","","Melanelixia","","iNat:164148501","2023-05-27T10:04:00-07:00",,"Jackson W.F. Chu","false","needs_id",10,2023-05-27 17:04:00,-123.51005,48.943577
"Ochrolechia laevigata",179755,"Ochrolechia laevigata",0,"accepted","Smooth Saucer Lichen",,"Fungi","Ascomycota","Pezizomycotina","","Lecanoromycetes","Ostropomycetidae","","Pertusariales","","","","Ochrolechiaceae","","","Ochrolechia","laevigata","iNat:164148502","2023-05-27T10:04:00-07:00",,"Jackson W.F. Chu","false","needs_id",10,2023-05-27 17:04:00,-123.51002,48.943559
"Salticus scenicus",68901,"Salticus scenicus",0,"accepted","Zebra Jumping Spider",,"Animalia","Arthropoda","Chelicerata","","Arachnida","","","Araneae","Araneomorphae","Entelegynae","Salticoidea","Salticidae","Salticinae","Salticini","Salticus","scenicus","iNat:164148503","2023-05-27T10:05:00-07:00",,"Jackson W.F. Chu","false","research",10,2023-05-27 17:05:00,-123.51,48.943523
"Lathyrus latifolius",61009,"Lathyrus latifolius",0,"accepted","broad-leaved sweet pea",,"Plantae","Tracheophyta","Angiospermae","","Magnoliopsida","","","Fabales","","","","Fabaceae","Faboideae","Fabeae","Lathyrus","latifolius","iNat:164148504","2023-05-27T10:05:00-07:00",,"Jackson W.F. Chu","false","research",10,2023-05-27 17:05:00,-123.51002,48.94351
"Gaultheria shallon",48441,"Gaultheria shallon",0,"accepted","salal",,"Plantae","Tracheophyta","Angiospermae","","Magnoliopsida","","","Ericales","","","","Ericaceae","Vaccinioideae","Gaultherieae","Gaultheria","shallon","iNat:164148505","2023-05-27T10:05:00-07:00",,"Jackson W.F. Chu","false","research",10,2023-05-27 17:05:00,-123.510025,48.94351
"Berberis nervosa",75756,"Berberis nervosa",0,"accepted","Cascade Oregon-grape",,"Plantae","Tracheophyta","Angiospermae","","Magnoliopsida","","","Ranunculales","","","","Berberidaceae","Berberidoideae","Berberideae","Berberis","nervosa","iNat:164148508","2023-05-27T10:06:00-07:00",,"Jackson W.F. Chu","false","research",10,2023-05-27 17:06:00,-123.510025,48.943502
"Kindbergia oregana",120909,"Kindbergia oregana",0,"accepted","Oregon Beaked Moss",,"Plantae","Bryophyta","","","Bryopsida","","","Hypnales","","","","Brachytheciaceae","","","Kindbergia","oregana","iNat:164148509","2023-05-27T10:06:00-07:00",,"Jackson W.F. Chu","false","needs_id",10,2023-05-27 17:06:00,-123.509995,48.943516
"Galium aparine",53059,"Galium aparine",0,"accepted","catchweed bedstraw",,"Plantae","Tracheophyta","Angiospermae","","Magnoliopsida","","","Gentianales","","","","Rubiaceae","Rubioideae","Rubieae","Galium","aparine","iNat:164148510","2023-05-27T10:07:00-07:00",,"Jackson W.F. Chu","false","research",10,2023-05-27 17:07:00,-123.50971,48.94373
"Lysimachia latifolia",496537,"Lysimachia latifolia",0,"accepted","Western Starflower",,"Plantae","Tracheophyta","Angiospermae","","Magnoliopsida","","","Ericales","","","","Primulaceae","Myrsinoideae","","Lysimachia","latifolia","iNat:164148513","2023-05-27T10:08:00-07:00",,"Jackson W.F. Chu","false","research",10,2023-05-27 17:08:00,-123.50974,48.943726
"Pseudisothecium stoloniferum",1262643,"Pseudisothecium stoloniferum",0,"accepted","Cat's Tail Moss",,"Plantae","Bryophyta","","","Bryopsida","","","Hypnales","","","","Lembophyllaceae","","","Pseudisothecium","stoloniferum","iNat:164148514","2023-05-27T10:08:00-07:00",,"Jackson W.F. Chu","false","research",10,2023-05-27 17:08:00,-123.50975,48.943745
"Berberis nervosa",75756,"Berberis nervosa",0,"accepted","Cascade Oregon-grape",,"Plantae","Tracheophyta","Angiospermae","","Magnoliopsida","","","Ranunculales","","","","Berberidaceae","Berberidoideae","Berberideae","Berberis","nervosa","iNat:164148515","2023-05-27T10:08:00-07:00",,"Jackson W.F. Chu","false","research",10,2023-05-27 17:08:00,-123.50982,48.943752
"Lonicera hispidula",53416,"Lonicera hispidula",0,"accepted","Pink Honeysuckle",,"Plantae","Tracheophyta","Angiospermae","","Magnoliopsida","","","Dipsacales","","","","Caprifoliaceae","Caprifolioideae","","Lonicera","hispidula","iNat:164148518","2023-05-27T10:11:00-07:00",,"Jackson W.F. Chu","false","research",10,2023-05-27 17:11:00,-123.50974,48.943718
"Vicia americana",53320,"Vicia americana",0,"accepted","American vetch",,"Plantae","Tracheophyta","Angiospermae","","Magnoliopsida","","","Fabales","","","","Fabaceae","Faboideae","Fabeae","Vicia","americana","iNat:164148519","2023-05-27T10:13:00-07:00",,"Jackson W.F. Chu","false","research",10,2023-05-27 17:13:00,-123.509766,48.943764
"Rosa gymnocarpa",53441,"Rosa gymnocarpa",0,"accepted","Baldhip Rose",,"Plantae","Tracheophyta","Angiospermae","","Magnoliopsida","","","Rosales","","","","Rosaceae","Rosoideae","Roseae","Rosa","gymnocarpa","iNat:164148520","2023-05-27T10:14:00-07:00",,"Jackson W.F. Chu","false","research",10,2023-05-27 17:14:00,-123.50973,48.943754
"Anisocarpus madioides",53137,"Anisocarpus madioides",0,"accepted","woodland madia",,"Plantae","Tracheophyta","Angiospermae","","Magnoliopsida","","","Asterales","","","","Asteraceae","Asteroideae","Madieae","Anisocarpus","madioides","iNat:164148525","2023-05-27T10:14:00-07:00",,"Jackson W.F. Chu","false","research",10,2023-05-27 17:14:00,-123.50973,48.943755
"Vicia sativa",53324,"Vicia sativa",0,"accepted","Common Vetch",,"Plantae","Tracheophyta","Angiospermae","","Magnoliopsida","","","Fabales","","","","Fabaceae","Faboideae","Fabeae","Vicia","sativa","iNat:164148523","2023-05-27T10:15:00-07:00",,"Jackson W.F. Chu","false","research",10,2023-05-27 17:15:00,-123.509766,48.94376
"Lathyrus nevadensis",77640,"Lathyrus nevadensis",0,"accepted","Sierra Nevada Peavine",,"Plantae","Tracheophyta","Angiospermae","","Magnoliopsida","","","Fabales","","","","Fabaceae","Faboideae","Fabeae","Lathyrus","nevadensis","iNat:164148524","2023-05-27T10:15:00-07:00",,"Jackson W.F. Chu","false","research",10,2023-05-27 17:15:00,-123.509767,48.943773
"Osmorhiza berteroi",53166,"Osmorhiza berteroi",0,"accepted","mountain sweet cicely",,"Plantae","Tracheophyta","Angiospermae","","Magnoliopsida","","","Apiales","","","","Apiaceae","Apioideae","Scandiceae","Osmorhiza","berteroi","iNat:164148526","2023-05-27T10:16:00-07:00",,"Jackson W.F. Chu","false","research",10,2023-05-27 17:16:00,-123.509675,48.943739
"Corallorhiza maculata",49475,"Corallorhiza maculata",0,"accepted","spotted coralroot",,"Plantae","Tracheophyta","Angiospermae","","Liliopsida","","","Asparagales","","","","Orchidaceae","Epidendroideae","Epidendreae","Corallorhiza","maculata","iNat:164148527","2023-05-27T10:18:00-07:00",,"Jackson W.F. Chu","false","research",10,2023-05-27 17:18:00,-123.50996,48.943844
"Pseudisothecium stoloniferum",1262643,"Pseudisothecium stoloniferum",0,"accepted","Cat's Tail Moss",,"Plantae","Bryophyta","","","Bryopsida","","","Hypnales","","","","Lembophyllaceae","","","Pseudisothecium","stoloniferum","iNat:164148528","2023-05-27T10:18:00-07:00",,"Jackson W.F. Chu","false","research",10,2023-05-27 17:18:00,-123.509895,48.943775
"Corallorhiza maculata",49475,"Corallorhiza maculata",0,"accepted","spotted coralroot",,"Plantae","Tracheophyta","Angiospermae","","Liliopsida","","","Asparagales","","","","Orchidaceae","Epidendroideae","Epidendreae","Corallorhiza","maculata","iNat:164148530","2023-05-27T10:19:00-07:00",,"Jackson W.F. Chu","false","research",10,2023-05-27 17:19:00,-123.51,48.943848
"Corallorhiza maculata",49475,"Corallorhiza maculata",0,"accepted","spotted coralroot",,"Plantae","Tracheophyta","Angiospermae","","Liliopsida","","","Asparagales","","","","Orchidaceae","Epidendroideae","Epidendreae","Corallorhiza","maculata","iNat:164148531","2023-05-27T10:19:00-07:00",,"Jackson W.F. Chu","false","research",10,2023-05-27 17:19:00,-123.51008,48.943848
"Ageleninae",1251448,"Ageleninae",0,"accepted","Typical Funnel Weavers",,"Animalia","Arthropoda","Chelicerata","","Arachnida","","","Araneae","Araneomorphae","Entelegynae","","Agelenidae","Ageleninae","","","","iNat:164148532","2023-05-27T10:20:00-07:00",,"Jackson W.F. Chu","false","needs_id",10,2023-05-27 17:20:00,-123.510025,48.943916
"Araneus",52629,"Araneus",0,"accepted","Angulate and Roundshouldered Orbweavers",,"Animalia","Arthropoda","Chelicerata","","Arachnida","","","Araneae","Araneomorphae","Entelegynae","Araneoidea","Araneidae","Araneinae","","Araneus","","iNat:164150230","2023-05-27T10:21:00-07:00",,"Jackson W.F. Chu","false","needs_id",10,2023-05-27 17:21:00,-123.50998,48.943918
"Pentagramma triangularis",52676,"Pentagramma triangularis",0,"accepted","goldback fern",,"Plantae","Tracheophyta","","","Polypodiopsida","Polypodiidae","","Polypodiales","Pteridineae","","","Pteridaceae","Cheilanthoideae","","Pentagramma","triangularis","iNat:164150232","2023-05-27T10:21:00-07:00",,"Jackson W.F. Chu","false","research",10,2023-05-27 17:21:00,-123.51003,48.94392
"Polystichum munitum",47751,"Polystichum munitum",0,"accepted","western sword fern",,"Plantae","Tracheophyta","","","Polypodiopsida","Polypodiidae","","Polypodiales","Polypodiineae","","","Dryopteridaceae","Dryopteridoideae","","Polystichum","munitum","iNat:164150233","2023-05-27T10:22:00-07:00",,"Jackson W.F. Chu","false","research",10,2023-05-27 17:22:00,-123.510081,48.943916
"Berberis nervosa",75756,"Berberis nervosa",0,"accepted","Cascade Oregon-grape",,"Plantae","Tracheophyta","Angiospermae","","Magnoliopsida","","","Ranunculales","","","","Berberidaceae","Berberidoideae","Berberideae","Berberis","nervosa","iNat:164150234","2023-05-27T10:24:00-07:00",,"Jackson W.F. Chu","false","research",10,2023-05-27 17:24:00,-123.51001,48.9439
"Corallorhiza maculata",49475,"Corallorhiza maculata",0,"accepted","spotted coralroot",,"Plantae","Tracheophyta","Angiospermae","","Liliopsida","","","Asparagales","","","","Orchidaceae","Epidendroideae","Epidendreae","Corallorhiza","maculata","iNat:164150235","2023-05-27T10:27:00-07:00",,"Jackson W.F. Chu","false","research",10,2023-05-27 17:27:00,-123.5102,48.943996
"Galium aparine",53059,"Galium aparine",0,"accepted","catchweed bedstraw",,"Plantae","Tracheophyta","Angiospermae","","Magnoliopsida","","","Gentianales","","","","Rubiaceae","Rubioideae","Rubieae","Galium","aparine","iNat:164150237","2023-05-27T10:28:00-07:00",,"Jackson W.F. Chu","false","research",10,2023-05-27 17:28:00,-123.51029,48.94397
"Monadenia",62805,"Monadenia",0,"accepted","Sidebands",,"Animalia","Mollusca","","","Gastropoda","Heterobranchia","Eupulmonata","Stylommatophora","Helicina","Helicoidei","Helicoidea","Xanthonychidae","Monadeniinae","","Monadenia","","iNat:164150238","2023-05-27T10:28:00-07:00",,"Jackson W.F. Chu","false","needs_id",10,2023-05-27 17:28:00,-123.51023,48.944004
"Polystichum munitum",47751,"Polystichum munitum",0,"accepted","western sword fern",,"Plantae","Tracheophyta","","","Polypodiopsida","Polypodiidae","","Polypodiales","Polypodiineae","","","Dryopteridaceae","Dryopteridoideae","","Polystichum","munitum","iNat:164150240","2023-05-27T10:31:00-07:00",,"Jackson W.F. Chu","false","research",10,2023-05-27 17:31:00,-123.510216,48.944026
"Sanicula crassicaulis",53201,"Sanicula crassicaulis",0,"accepted","Pacific Sanicle",,"Plantae","Tracheophyta","Angiospermae","","Magnoliopsida","","","Apiales","","","","Apiaceae","Saniculoideae","Saniculeae","Sanicula","crassicaulis","iNat:164150241","2023-05-27T10:31:00-07:00",,"Jackson W.F. Chu","false","research",10,2023-05-27 17:31:00,-123.5102,48.944023
"Claytonia perfoliata",52994,"Claytonia perfoliata",0,"accepted","miner's lettuce",,"Plantae","Tracheophyta","Angiospermae","","Magnoliopsida","","","Caryophyllales","","","","Montiaceae","","","Claytonia","perfoliata","iNat:164150242","2023-05-27T10:31:00-07:00",,"Jackson W.F. Chu","false","research",10,2023-05-27 17:31:00,-123.5102,48.944029
"Cybaeus",52951,"Cybaeus",0,"accepted","Soft Spiders",,"Animalia","Arthropoda","Chelicerata","","Arachnida","","","Araneae","Araneomorphae","Entelegynae","","Cybaeidae","","","Cybaeus","","iNat:164150248","2023-05-27T10:35:00-07:00",,"Jackson W.F. Chu","false","needs_id",10,2023-05-27 17:35:00,-123.510356,48.944136
"Kindbergia oregana",120909,"Kindbergia oregana",0,"accepted","Oregon Beaked Moss",,"Plantae","Bryophyta","","","Bryopsida","","","Hypnales","","","","Brachytheciaceae","","","Kindbergia","oregana","iNat:164150245","2023-05-27T10:37:00-07:00",,"Jackson W.F. Chu","false","research",10,2023-05-27 17:37:00,-123.51032,48.944164
"Homalothecium fulgescens",123819,"Homalothecium fulgescens",0,"accepted","tree mat homalothecium moss",,"Plantae","Bryophyta","","","Bryopsida","","","Hypnales","","","","Brachytheciaceae","","","Homalothecium","fulgescens","iNat:164150247","2023-05-27T10:41:00-07:00",,"Jackson W.F. Chu","false","needs_id",10,2023-05-27 17:41:00,-123.510293,48.944186
"Leptoglossus occidentalis",67771,"Leptoglossus occidentalis",0,"accepted","Western Conifer Seed Bug",,"Animalia","Arthropoda","Hexapoda","","Insecta","Pterygota","","Hemiptera","Heteroptera","Pentatomomorpha","Coreoidea","Coreidae","Coreinae","Anisoscelini","Leptoglossus","occidentalis","iNat:164150249","2023-05-27T10:44:00-07:00",,"Jackson W.F. Chu","false","research",10,2023-05-27 17:44:00,-123.510219,48.944266
"Goodyera oblongifolia",50719,"Goodyera oblongifolia",0,"accepted","Western Rattlesnake Plantain",,"Plantae","Tracheophyta","Angiospermae","","Liliopsida","","","Asparagales","","","","Orchidaceae","Orchidoideae","Cranichideae","Goodyera","oblongifolia","iNat:164150250","2023-05-27T10:44:00-07:00",,"Jackson W.F. Chu","false","research",10,2023-05-27 17:44:00,-123.510158,48.944208
"Goodyera oblongifolia",50719,"Goodyera oblongifolia",0,"accepted","Western Rattlesnake Plantain",,"Plantae","Tracheophyta","Angiospermae","","Liliopsida","","","Asparagales","","","","Orchidaceae","Orchidoideae","Cranichideae","Goodyera","oblongifolia","iNat:164150251","2023-05-27T10:47:00-07:00",,"Jackson W.F. Chu","false","research",10,2023-05-27 17:47:00,-123.510194,48.944197
"Dicranum",123120,"Dicranum",0,"accepted","Forkmosses",,"Plantae","Bryophyta","","","Bryopsida","","","Dicranales","","","","Dicranaceae","","","Dicranum","","iNat:164150252","2023-05-27T10:53:00-07:00",,"Jackson W.F. Chu","false","needs_id",10,2023-05-27 17:53:00,-123.51021,48.944286
"Cladonia",49490,"Cladonia",0,"accepted","pixie cup and reindeer lichens",,"Fungi","Ascomycota","Pezizomycotina","","Lecanoromycetes","Lecanoromycetidae","","Lecanorales","","","","Cladoniaceae","","","Cladonia","","iNat:164150253","2023-05-27T10:54:00-07:00",,"Jackson W.F. Chu","false","needs_id",10,2023-05-27 17:54:00,-123.51031,48.944394
"Thuja plicata",48252,"Thuja plicata",0,"accepted","western redcedar",,"Plantae","Tracheophyta","","","Pinopsida","","","Pinales","","","","Cupressaceae","Cupressoideae","","Thuja","plicata","iNat:164150254","2023-05-27T10:54:00-07:00",,"Jackson W.F. Chu","false","research",10,2023-05-27 17:54:00,-123.510305,48.944409
"Hylocomium splendens",122555,"Hylocomium splendens",0,"accepted","stairstep moss",,"Plantae","Bryophyta","","","Bryopsida","","","Hypnales","","","","Hylocomiaceae","","","Hylocomium","splendens","iNat:164150256","2023-05-27T10:55:00-07:00",,"Jackson W.F. Chu","false","research",10,2023-05-27 17:55:00,-123.510256,48.94441
"Sphaerophorus",55243,"Sphaerophorus",0,"accepted","Coral Lichens",,"Fungi","Ascomycota","Pezizomycotina","","Lecanoromycetes","Lecanoromycetidae","","Lecanorales","","","","Sphaerophoraceae","","","Sphaerophorus","","iNat:164150257","2023-05-27T10:56:00-07:00",,"Jackson W.F. Chu","false","needs_id",10,2023-05-27 17:56:00,-123.510414,48.94442
"Platanthera unalascensis",840638,"Platanthera unalascensis",0,"accepted","Alaska Rein Orchid",,"Plantae","Tracheophyta","Angiospermae","","Liliopsida","","","Asparagales","","","","Orchidaceae","Orchidoideae","Orchideae","Platanthera","unalascensis","iNat:164150255","2023-05-27T11:06:00-07:00",,"Jackson W.F. Chu","false","research",10,2023-05-27 18:06:00,-123.510925,48.944546
"Sedum spathulifolium",58886,"Sedum spathulifolium",0,"accepted","Broad-leaved Stonecrop",,"Plantae","Tracheophyta","Angiospermae","","Magnoliopsida","","","Saxifragales","","","","Crassulaceae","Sempervivoideae","Sedeae","Sedum","spathulifolium","iNat:164150258","2023-05-27T11:07:00-07:00",,"Jackson W.F. Chu","false","research",10,2023-05-27 18:07:00,-123.51096,48.944542
"Sedum spathulifolium",58886,"Sedum spathulifolium",0,"accepted","Broad-leaved Stonecrop",,"Plantae","Tracheophyta","Angiospermae","","Magnoliopsida","","","Saxifragales","","","","Crassulaceae","Sempervivoideae","Sedeae","Sedum","spathulifolium","iNat:164150259","2023-05-27T11:07:00-07:00",,"Jackson W.F. Chu","false","research",10,2023-05-27 18:07:00,-123.510899,48.944523
"Sedum spathulifolium",58886,"Sedum spathulifolium",0,"accepted","Broad-leaved Stonecrop",,"Plantae","Tracheophyta","Angiospermae","","Magnoliopsida","","","Saxifragales","","","","Crassulaceae","Sempervivoideae","Sedeae","Sedum","spathulifolium","iNat:164150260","2023-05-27T11:07:00-07:00",,"Jackson W.F. Chu","false","research",10,2023-05-27 18:07:00,-123.510989,48.944545
"Racomitrium elongatum",167681,"Racomitrium elongatum",0,"accepted","Elongate Rock Moss",,"Plantae","Bryophyta","","","Bryopsida","","","Grimmiales","","","","Grimmiaceae","","","Racomitrium","elongatum","iNat:164150261","2023-05-27T11:08:00-07:00",,"Jackson W.F. Chu","false","research",10,2023-05-27 18:08:00,-123.51097,48.944569
"Dicranoweisia cirrata",67949,"Dicranoweisia cirrata",0,"accepted","Common Pincushion",,"Plantae","Bryophyta","","","Bryopsida","","","Dicranales","","","","Rhabdoweisiaceae","","","Dicranoweisia","cirrata","iNat:164150262","2023-05-27T11:10:00-07:00",,"Jackson W.F. Chu","false","research",10,2023-05-27 18:10:00,-123.51103,48.944649
"Dicranoweisia cirrata",67949,"Dicranoweisia cirrata",0,"accepted","Common Pincushion",,"Plantae","Bryophyta","","","Bryopsida","","","Dicranales","","","","Rhabdoweisiaceae","","","Dicranoweisia","cirrata","iNat:164150265","2023-05-27T11:10:00-07:00",,"Jackson W.F. Chu","false","research",10,2023-05-27 18:10:00,-123.511049,48.944651
"Ariolimax columbianus",47776,"Ariolimax columbianus",0,"accepted","Pacific Banana Slug",,"Animalia","Mollusca","","","Gastropoda","Heterobranchia","Eupulmonata","Stylommatophora","Helicina","Arionoidei","Arionoidea","Ariolimacidae","Ariolimacinae","","Ariolimax","columbianus","iNat:164150267","2023-05-27T11:30:00-07:00",,"Jackson W.F. Chu","false","research",10,2023-05-27 18:30:00,-123.51186,48.945267
"Cirsium arvense",60132,"Cirsium arvense",0,"accepted","creeping thistle",,"Plantae","Tracheophyta","Angiospermae","","Magnoliopsida","","","Asterales","","","","Asteraceae","Carduoideae","Cardueae","Cirsium","arvense","iNat:164150266","2023-05-27T11:35:00-07:00",,"Jackson W.F. Chu","false","research",10,2023-05-27 18:35:00,-123.5144,48.9449
"Cirsium vulgare",52989,"Cirsium vulgare",0,"accepted","Bull Thistle",,"Plantae","Tracheophyta","Angiospermae","","Magnoliopsida","","","Asterales","","","","Asteraceae","Carduoideae","Cardueae","Cirsium","vulgare","iNat:164150268","2023-05-27T11:35:00-07:00",,"Jackson W.F. Chu","false","research",10,2023-05-27 18:35:00,-123.514565,48.94491
"Alchemilla arvensis",866483,"Alchemilla arvensis",0,"accepted","Field Parsley Piert",,"Plantae","Tracheophyta","Angiospermae","","Magnoliopsida","","","Rosales","","","","Rosaceae","Rosoideae","Potentilleae","Alchemilla","arvensis","iNat:164150269","2023-05-27T11:36:00-07:00",,"Jackson W.F. Chu","false","needs_id",10,2023-05-27 18:36:00,-123.51463,48.9449
"Parmelioideae",1094690,"Parmelioideae",0,"accepted","typical shield lichens",,"Fungi","Ascomycota","Pezizomycotina","","Lecanoromycetes","Lecanoromycetidae","","Lecanorales","","","","Parmeliaceae","Parmelioideae","","","","iNat:164150271","2023-05-27T11:36:00-07:00",,"Jackson W.F. Chu","false","needs_id",10,2023-05-27 18:36:00,-123.51487,48.944855
"Evernia",123176,"Evernia",0,"accepted","oakmoss lichens",,"Fungi","Ascomycota","Pezizomycotina","","Lecanoromycetes","Lecanoromycetidae","","Lecanorales","","","","Parmeliaceae","Parmelioideae","","Evernia","","iNat:164150272","2023-05-27T11:36:00-07:00",,"Jackson W.F. Chu","false","needs_id",10,2023-05-27 18:36:00,-123.514955,48.944847
"Dicranoweisia cirrata",67949,"Dicranoweisia cirrata",0,"accepted","Common Pincushion",,"Plantae","Bryophyta","","","Bryopsida","","","Dicranales","","","","Rhabdoweisiaceae","","","Dicranoweisia","cirrata","iNat:164150274","2023-05-27T11:36:00-07:00",,"Jackson W.F. Chu","false","research",10,2023-05-27 18:36:00,-123.51496,48.944855
"Malacosoma californica",359294,"Malacosoma californica",0,"accepted","Western Tent Caterpillar Moth",,"Animalia","Arthropoda","Hexapoda","","Insecta","Pterygota","","Lepidoptera","","","Lasiocampoidea","Lasiocampidae","Malacosominae","","Malacosoma","californica","iNat:164150275","2023-05-27T11:39:00-07:00",,"Jackson W.F. Chu","false","research",10,2023-05-27 18:39:00,-123.51515,48.944818
"Urtica dioica",51884,"Urtica dioica",0,"accepted","great stinging nettle",,"Plantae","Tracheophyta","Angiospermae","","Magnoliopsida","","","Rosales","","","","Urticaceae","","","Urtica","dioica","iNat:164150277","2023-05-27T11:40:00-07:00",,"Jackson W.F. Chu","false","research",10,2023-05-27 18:40:00,-123.51539,48.944855
"Malacosoma californica",359294,"Malacosoma californica",0,"accepted","Western Tent Caterpillar Moth",,"Animalia","Arthropoda","Hexapoda","","Insecta","Pterygota","","Lepidoptera","","","Lasiocampoidea","Lasiocampidae","Malacosominae","","Malacosoma","californica","iNat:164150278","2023-05-27T11:40:00-07:00",,"Jackson W.F. Chu","false","research",10,2023-05-27 18:40:00,-123.51566,48.944897
"Adenocaulon bicolor",56854,"Adenocaulon bicolor",0,"accepted","American trailplant",,"Plantae","Tracheophyta","Angiospermae","","Magnoliopsida","","","Asterales","","","","Asteraceae","Mutisioideae","Mutisieae","Adenocaulon","bicolor","iNat:164150279","2023-05-27T11:53:00-07:00",,"Jackson W.F. Chu","false","research",10,2023-05-27 18:53:00,-123.514755,48.944637
"Peltigera",1490645,"Peltigera",0,"accepted","",,"Fungi","Ascomycota","Pezizomycotina","","Lecanoromycetes","Lecanoromycetidae","","Peltigerales","","","","Peltigeraceae","","","Peltigera","","iNat:164150280","2023-05-27T11:54:00-07:00",,"Jackson W.F. Chu","false","needs_id",10,2023-05-27 18:54:00,-123.51472,48.944578
"Dicyphus discrepans",354555,"Dicyphus discrepans",0,"accepted","",,"Animalia","Arthropoda","Hexapoda","","Insecta","Pterygota","","Hemiptera","Heteroptera","Cimicomorpha","Miroidea","Miridae","Bryocorinae","Dicyphini","Dicyphus","discrepans","iNat:164151145","2023-05-27T11:57:00-07:00",,"Jackson W.F. Chu","false","research",10,2023-05-27 18:57:00,-123.51469,48.944558
"Corallorhiza maculata",49475,"Corallorhiza maculata",0,"accepted","spotted coralroot",,"Plantae","Tracheophyta","Angiospermae","","Liliopsida","","","Asparagales","","","","Orchidaceae","Epidendroideae","Epidendreae","Corallorhiza","maculata","iNat:164151147","2023-05-27T11:58:00-07:00",,"Jackson W.F. Chu","false","research",10,2023-05-27 18:58:00,-123.51469,48.944492
"Corallorhiza maculata",49475,"Corallorhiza maculata",0,"accepted","spotted coralroot",,"Plantae","Tracheophyta","Angiospermae","","Liliopsida","","","Asparagales","","","","Orchidaceae","Epidendroideae","Epidendreae","Corallorhiza","maculata","iNat:164151148","2023-05-27T11:58:00-07:00",,"Jackson W.F. Chu","false","research",10,2023-05-27 18:58:00,-123.51467,48.94448
"Corallorhiza maculata",49475,"Corallorhiza maculata",0,"accepted","spotted coralroot",,"Plantae","Tracheophyta","Angiospermae","","Liliopsida","","","Asparagales","","","","Orchidaceae","Epidendroideae","Epidendreae","Corallorhiza","maculata","iNat:164151149","2023-05-27T11:58:00-07:00",,"Jackson W.F. Chu","false","research",10,2023-05-27 18:58:00,-123.51468,48.944477
"Polystichum munitum",47751,"Polystichum munitum",0,"accepted","western sword fern",,"Plantae","Tracheophyta","","","Polypodiopsida","Polypodiidae","","Polypodiales","Polypodiineae","","","Dryopteridaceae","Dryopteridoideae","","Polystichum","munitum","iNat:164151150","2023-05-27T11:58:00-07:00",,"Jackson W.F. Chu","false","research",10,2023-05-27 18:58:00,-123.51468,48.944485
"Anisocarpus madioides",53137,"Anisocarpus madioides",0,"accepted","woodland madia",,"Plantae","Tracheophyta","Angiospermae","","Magnoliopsida","","","Asterales","","","","Asteraceae","Asteroideae","Madieae","Anisocarpus","madioides","iNat:164151151","2023-05-27T12:04:00-07:00",,"Jackson W.F. Chu","false","research",10,2023-05-27 19:04:00,-123.51441,48.94421
"Anthoxanthum odoratum",75475,"Anthoxanthum odoratum",0,"accepted","sweet vernal grass",,"Plantae","Tracheophyta","Angiospermae","","Liliopsida","","","Poales","","","","Poaceae","Pooideae","Poeae","Anthoxanthum","odoratum","iNat:164151152","2023-05-27T12:06:00-07:00",,"Jackson W.F. Chu","false","research",10,2023-05-27 19:06:00,-123.51455,48.944183
"Rubus ursinus",53445,"Rubus ursinus",0,"accepted","trailing blackberry",,"Plantae","Tracheophyta","Angiospermae","","Magnoliopsida","","","Rosales","","","","Rosaceae","Rosoideae","Rubeae","Rubus","ursinus","iNat:164151153","2023-05-27T12:06:00-07:00",,"Jackson W.F. Chu","false","research",10,2023-05-27 19:06:00,-123.51455,48.944185
"Formica fusca",69257,"Formica fusca",0,"accepted","",,"Animalia","Arthropoda","Hexapoda","","Insecta","Pterygota","","Hymenoptera","Apocrita","Aculeata","Formicoidea","Formicidae","Formicinae","Formicini","Formica","fusca","iNat:164151154","2023-05-27T12:07:00-07:00",,"Jackson W.F. Chu","false","research",10,2023-05-27 19:07:00,-123.51454,48.944164
"Pseudotsuga menziesii",48256,"Pseudotsuga menziesii",0,"accepted","common Douglas-fir",,"Plantae","Tracheophyta","","","Pinopsida","","","Pinales","","","","Pinaceae","Pinoideae","","Pseudotsuga","menziesii","iNat:164151155","2023-05-27T12:09:00-07:00",,"Jackson W.F. Chu","false","research",10,2023-05-27 19:09:00,-123.51516,48.944027
"Anthophila",67430,"Anthophila",0,"accepted","",,"Animalia","Arthropoda","Hexapoda","","Insecta","Pterygota","","Lepidoptera","","","Choreutoidea","Choreutidae","Choreutinae","","Anthophila","","iNat:164151156","2023-05-27T12:11:00-07:00",,"Jackson W.F. Chu","false","needs_id",10,2023-05-27 19:11:00,-123.514984,48.944187
"Gastrodes pacificus",296335,"Gastrodes pacificus",0,"accepted","",,"Animalia","Arthropoda","Hexapoda","","Insecta","Pterygota","","Hemiptera","Heteroptera","Pentatomomorpha","Lygaeoidea","Rhyparochromidae","Rhyparochrominae","Drymini","Gastrodes","pacificus","iNat:164151157","2023-05-27T12:18:00-07:00",,"Jackson W.F. Chu","false","research",10,2023-05-27 19:18:00,-123.514725,48.944057
"Forficula auricularia",1470430,"Forficula auricularia",0,"accepted","European Earwig",,"Animalia","Arthropoda","Hexapoda","","Insecta","Pterygota","","Dermaptera","Neodermaptera","Epidermaptera","Forficuloidea","Forficulidae","Forficulinae","","Forficula","auricularia","iNat:164151158","2023-05-27T12:20:00-07:00",,"Jackson W.F. Chu","false","needs_id",10,2023-05-27 19:20:00,-123.51475,48.944077
"Reticulitermes",119933,"Reticulitermes",0,"accepted","",,"Animalia","Arthropoda","Hexapoda","","Insecta","Pterygota","","Blattodea","","","Blattoidea","Heterotermitidae","","","Reticulitermes","","iNat:164151159","2023-05-27T12:21:00-07:00",,"Jackson W.F. Chu","false","needs_id",10,2023-05-27 19:21:00,-123.514692,48.944155
"Brachymyrmex depilis",68938,"Brachymyrmex depilis",0,"accepted","Hairless Rover Ant",,"Animalia","Arthropoda","Hexapoda","","Insecta","Pterygota","","Hymenoptera","Apocrita","Aculeata","Formicoidea","Formicidae","Formicinae","Myrmelachistini","Brachymyrmex","depilis","iNat:164151160","2023-05-27T12:23:00-07:00",,"Jackson W.F. Chu","false","research",10,2023-05-27 19:23:00,-123.514819,48.943986
"Brachymyrmex depilis",68938,"Brachymyrmex depilis",0,"accepted","Hairless Rover Ant",,"Animalia","Arthropoda","Hexapoda","","Insecta","Pterygota","","Hymenoptera","Apocrita","Aculeata","Formicoidea","Formicidae","Formicinae","Myrmelachistini","Brachymyrmex","depilis","iNat:164151161","2023-05-27T12:29:00-07:00",,"Jackson W.F. Chu","false","research",10,2023-05-27 19:29:00,-123.51452,48.944252
"Brachymyrmex depilis",68938,"Brachymyrmex depilis",0,"accepted","Hairless Rover Ant",,"Animalia","Arthropoda","Hexapoda","","Insecta","Pterygota","","Hymenoptera","Apocrita","Aculeata","Formicoidea","Formicidae","Formicinae","Myrmelachistini","Brachymyrmex","depilis","iNat:164151162","2023-05-27T12:29:00-07:00",,"Jackson W.F. Chu","false","research",10,2023-05-27 19:29:00,-123.51452,48.94424
"Coleoptera",47208,"Coleoptera",0,"accepted","Beetles",,"Animalia","Arthropoda","Hexapoda","","Insecta","Pterygota","","Coleoptera","","","","","","","","","iNat:164151166","2023-05-27T12:30:00-07:00",,"Jackson W.F. Chu","false","needs_id",10,2023-05-27 19:30:00,-123.514486,48.944218
"Gaultheria shallon",48441,"Gaultheria shallon",0,"accepted","salal",,"Plantae","Tracheophyta","Angiospermae","","Magnoliopsida","","","Ericales","","","","Ericaceae","Vaccinioideae","Gaultherieae","Gaultheria","shallon","iNat:164151165","2023-05-27T12:35:00-07:00",,"Jackson W.F. Chu","false","research",10,2023-05-27 19:35:00,-123.51487,48.943745
"Sedum spathulifolium",58886,"Sedum spathulifolium",0,"accepted","Broad-leaved Stonecrop",,"Plantae","Tracheophyta","Angiospermae","","Magnoliopsida","","","Saxifragales","","","","Crassulaceae","Sempervivoideae","Sedeae","Sedum","spathulifolium","iNat:164151167","2023-05-27T12:35:00-07:00",,"Jackson W.F. Chu","false","research",10,2023-05-27 19:35:00,-123.515236,48.94378
"Sedum spathulifolium",58886,"Sedum spathulifolium",0,"accepted","Broad-leaved Stonecrop",,"Plantae","Tracheophyta","Angiospermae","","Magnoliopsida","","","Saxifragales","","","","Crassulaceae","Sempervivoideae","Sedeae","Sedum","spathulifolium","iNat:164151169","2023-05-27T12:35:00-07:00",,"Jackson W.F. Chu","false","research",10,2023-05-27 19:35:00,-123.51523,48.943783
"Cladonia squamosa",117963,"Cladonia squamosa",0,"accepted","Dragon Horn",,"Fungi","Ascomycota","Pezizomycotina","","Lecanoromycetes","Lecanoromycetidae","","Lecanorales","","","","Cladoniaceae","","","Cladonia","squamosa","iNat:164151171","2023-05-27T12:36:00-07:00",,"Jackson W.F. Chu","false","needs_id",10,2023-05-27 19:36:00,-123.515244,48.943759
"Rosa nutkana",78883,"Rosa nutkana",0,"accepted","Nootka rose",,"Plantae","Tracheophyta","Angiospermae","","Magnoliopsida","","","Rosales","","","","Rosaceae","Rosoideae","Roseae","Rosa","nutkana","iNat:164151170","2023-05-27T12:37:00-07:00",,"Jackson W.F. Chu","false","research",10,2023-05-27 19:37:00,-123.515266,48.943829
"Pidonia scripta",318491,"Pidonia scripta",0,"accepted","",,"Animalia","Arthropoda","Hexapoda","","Insecta","Pterygota","","Coleoptera","Polyphaga","Cucujiformia","Cerambycoidea","Cerambycidae","Lepturinae","Rhagiini","Pidonia","scripta","iNat:164151172","2023-05-27T12:38:00-07:00",,"Jackson W.F. Chu","false","needs_id",10,2023-05-27 19:38:00,-123.514984,48.943836
"Enallagma",50175,"Enallagma",0,"accepted","Bluets",,"Animalia","Arthropoda","Hexapoda","","Insecta","Pterygota","","Odonata","Zygoptera","","Coenagrionoidea","Coenagrionidae","","","Enallagma","","iNat:164151173","2023-05-27T12:39:00-07:00",,"Jackson W.F. Chu","false","needs_id",10,2023-05-27 19:39:00,-123.514912,48.943839
"Linnaea borealis",77780,"Linnaea borealis",0,"accepted","Twinflower",,"Plantae","Tracheophyta","Angiospermae","","Magnoliopsida","","","Dipsacales","","","","Caprifoliaceae","Linnaeoideae","","Linnaea","borealis","iNat:164152095","2023-05-27T12:41:00-07:00",,"Jackson W.F. Chu","false","research",10,2023-05-27 19:41:00,-123.513405,48.944088
"Pteridium aquilinum",52681,"Pteridium aquilinum",0,"accepted","common bracken",,"Plantae","Tracheophyta","","","Polypodiopsida","Polypodiidae","","Polypodiales","Dennstaedtiineae","","","Dennstaedtiaceae","","","Pteridium","aquilinum","iNat:164152096","2023-05-27T12:42:00-07:00",,"Jackson W.F. Chu","false","research",10,2023-05-27 19:42:00,-123.51311,48.943962
"Leucolepis acanthoneura",120870,"Leucolepis acanthoneura",0,"accepted","Menzies' Tree Moss",,"Plantae","Bryophyta","","","Bryopsida","","","Bryales","","","","Mniaceae","","","Leucolepis","acanthoneura","iNat:164152097","2023-05-27T12:43:00-07:00",,"Jackson W.F. Chu","false","research",10,2023-05-27 19:43:00,-123.512566,48.943726
"Malacosoma californica",359294,"Malacosoma californica",0,"accepted","Western Tent Caterpillar Moth",,"Animalia","Arthropoda","Hexapoda","","Insecta","Pterygota","","Lepidoptera","","","Lasiocampoidea","Lasiocampidae","Malacosominae","","Malacosoma","californica","iNat:164152099","2023-05-27T12:45:00-07:00",,"Jackson W.F. Chu","false","research",10,2023-05-27 19:45:00,-123.511037,48.943365
"Malacosoma californica",359294,"Malacosoma californica",0,"accepted","Western Tent Caterpillar Moth",,"Animalia","Arthropoda","Hexapoda","","Insecta","Pterygota","","Lepidoptera","","","Lasiocampoidea","Lasiocampidae","Malacosominae","","Malacosoma","californica","iNat:164152100","2023-05-27T12:45:00-07:00",,"Jackson W.F. Chu","false","research",10,2023-05-27 19:45:00,-123.511024,48.94338
"Sargassum muticum",130177,"Sargassum muticum",0,"accepted","Japanese Wireweed",,"Chromista","Ochrophyta","","","Phaeophyceae","Fucophycidae","","Fucales","","","","Sargassaceae","","","Sargassum","muticum","iNat:164152101","2023-05-27T13:21:00-07:00",,"Jackson W.F. Chu","false","research",10,2023-05-27 20:21:00,-123.510345,48.943047
"Fucus distichus",69155,"Fucus distichus",0,"accepted","Rockweed",,"Chromista","Ochrophyta","","","Phaeophyceae","Fucophycidae","","Fucales","","","","Fucaceae","","","Fucus","distichus","iNat:164152103","2023-05-27T13:21:00-07:00",,"Jackson W.F. Chu","false","research",10,2023-05-27 20:21:00,-123.51037,48.943024
"Nuttallia obscurata",430211,"Nuttallia obscurata",0,"accepted","Purple Mahogany Clam",,"Animalia","Mollusca","","","Bivalvia","Autobranchia","Imparidentia","Cardiida","","","Tellinoidea","Psammobiidae","","","Nuttallia","obscurata","iNat:164152104","2023-05-27T13:23:00-07:00",,"Jackson W.F. Chu","false","research",10,2023-05-27 20:23:00,-123.51025,48.94321
"Hemigrapsus oregonensis",69170,"Hemigrapsus oregonensis",0,"accepted","Yellow Shore Crab",,"Animalia","Arthropoda","Crustacea","Multicrustacea","Malacostraca","Eumalacostraca","Eucarida","Decapoda","Pleocyemata","Brachyura","Grapsoidea","Varunidae","Varuninae","","Hemigrapsus","oregonensis","iNat:164152105","2023-05-27T13:23:00-07:00",,"Jackson W.F. Chu","false","research",10,2023-05-27 20:23:00,-123.510261,48.943203
"Pyropia",370272,"Pyropia",0,"accepted","",,"Plantae","Rhodophyta","Eurhodophytina","","Bangiophyceae","","","Bangiales","","","","Bangiaceae","","","Pyropia","","iNat:164152108","2023-05-27T13:24:00-07:00",,"Jackson W.F. Chu","false","needs_id",10,2023-05-27 20:24:00,-123.51005,48.94328
"Mastocarpus",117821,"Mastocarpus",0,"accepted","encrusting red algae",,"Plantae","Rhodophyta","Eurhodophytina","","Florideophyceae","Rhodymeniophycidae","","Gigartinales","","","","Phyllophoraceae","","","Mastocarpus","","iNat:164152107","2023-05-27T13:32:00-07:00",,"Jackson W.F. Chu","false","research",10,2023-05-27 20:32:00,-123.510367,48.943253
"Magallana gigas",605992,"Magallana gigas",0,"accepted","Pacific Oyster",,"Animalia","Mollusca","","","Bivalvia","Autobranchia","","Ostreida","","","Ostreoidea","Ostreidae","Crassostreinae","","Magallana","gigas","iNat:164152109","2023-05-27T13:32:00-07:00",,"Jackson W.F. Chu","false","research",10,2023-05-27 20:32:00,-123.510367,48.943253
"Anthopleura elegantissima",52564,"Anthopleura elegantissima",0,"accepted","Aggregating Anemone",,"Animalia","Cnidaria","","","Anthozoa","Hexacorallia","","Actiniaria","Enthemonae","","Actinioidea","Actiniidae","","","Anthopleura","elegantissima","iNat:164152111","2023-05-27T13:32:00-07:00",,"Jackson W.F. Chu","false","research",10,2023-05-27 20:32:00,-123.510368,48.943253
"Neorhodomela larix",67413,"Neorhodomela larix",0,"accepted","Black Pine Seaweed",,"Plantae","Rhodophyta","Eurhodophytina","","Florideophyceae","Rhodymeniophycidae","","Ceramiales","","","","Rhodomelaceae","","Rhodomeleae","Neorhodomela","larix","iNat:164152112","2023-05-27T13:35:00-07:00",,"Jackson W.F. Chu","false","research",10,2023-05-27 20:35:00,-123.50953,48.943386
"Leathesia marina",502380,"Leathesia marina",0,"accepted","Sea Cauliflower",,"Chromista","Ochrophyta","","","Phaeophyceae","Fucophycidae","","Ectocarpales","","","","Chordariaceae","","","Leathesia","marina","iNat:164152113","2023-05-27T13:35:00-07:00",,"Jackson W.F. Chu","false","research",10,2023-05-27 20:35:00,-123.509476,48.943394
"Magallana gigas",605992,"Magallana gigas",0,"accepted","Pacific Oyster",,"Animalia","Mollusca","","","Bivalvia","Autobranchia","","Ostreida","","","Ostreoidea","Ostreidae","Crassostreinae","","Magallana","gigas","iNat:164152114","2023-05-27T13:35:00-07:00",,"Jackson W.F. Chu","false","needs_id",10,2023-05-27 20:35:00,-123.50944,48.943405
"Ulva intestinalis",130197,"Ulva intestinalis",0,"accepted","Gutweed",,"Plantae","Chlorophyta","","","Ulvophyceae","","","Ulvales","","","","Ulvaceae","","","Ulva","intestinalis","iNat:164152115","2023-05-27T13:36:00-07:00",,"Jackson W.F. Chu","false","needs_id",10,2023-05-27 20:36:00,-123.50946,48.943398
"Leathesia marina",502380,"Leathesia marina",0,"accepted","Sea Cauliflower",,"Chromista","Ochrophyta","","","Phaeophyceae","Fucophycidae","","Ectocarpales","","","","Chordariaceae","","","Leathesia","marina","iNat:164152116","2023-05-27T13:36:00-07:00",,"Jackson W.F. Chu","false","research",10,2023-05-27 20:36:00,-123.509462,48.943398
"Mytilus edulis",117650,"Mytilus edulis",0,"accepted","Blue Mussel",,"Animalia","Mollusca","","","Bivalvia","Autobranchia","","Mytilida","","","Mytiloidea","Mytilidae","Mytilinae","","Mytilus","edulis","iNat:164152118","2023-05-27T13:55:00-07:00",,"Jackson W.F. Chu","false","research",10,2023-05-27 20:55:00,-123.509181,48.943349
"Pagurus granosimanus",127555,"Pagurus granosimanus",0,"accepted","Grainy Hermit Crab",,"Animalia","Arthropoda","Crustacea","Multicrustacea","Malacostraca","Eumalacostraca","Eucarida","Decapoda","Pleocyemata","Anomura","Paguroidea","Paguridae","","","Pagurus","granosimanus","iNat:164152119","2023-05-27T13:55:00-07:00",,"Jackson W.F. Chu","false","research",10,2023-05-27 20:55:00,-123.509182,48.943349
"Hemigrapsus nudus",48342,"Hemigrapsus nudus",0,"accepted","Purple Shore Crab",,"Animalia","Arthropoda","Crustacea","Multicrustacea","Malacostraca","Eumalacostraca","Eucarida","Decapoda","Pleocyemata","Brachyura","Grapsoidea","Varunidae","Varuninae","","Hemigrapsus","nudus","iNat:164152120","2023-05-27T13:55:00-07:00",,"Jackson W.F. Chu","false","research",10,2023-05-27 20:55:00,-123.509181,48.943349
"Nucella lamellosa",117641,"Nucella lamellosa",0,"accepted","Frilled Dogwinkle",,"Animalia","Mollusca","","","Gastropoda","Caenogastropoda","","Neogastropoda","","","Muricoidea","Muricidae","Ocenebrinae","","Nucella","lamellosa","iNat:164152121","2023-05-27T13:57:00-07:00",,"Jackson W.F. Chu","false","research",10,2023-05-27 20:57:00,-123.50865,48.943165
"Nuttallia obscurata",430211,"Nuttallia obscurata",0,"accepted","Purple Mahogany Clam",,"Animalia","Mollusca","","","Bivalvia","Autobranchia","Imparidentia","Cardiida","","","Tellinoidea","Psammobiidae","","","Nuttallia","obscurata","iNat:164152123","2023-05-27T13:57:00-07:00",,"Jackson W.F. Chu","false","research",10,2023-05-27 20:57:00,-123.50873,48.943184
"Clinocardium nuttallii",69925,"Clinocardium nuttallii",0,"accepted","Nuttall's Cockle",,"Animalia","Mollusca","","","Bivalvia","Autobranchia","Imparidentia","Cardiida","","","Cardioidea","Cardiidae","Clinocardiinae","","Clinocardium","nuttallii","iNat:164152122","2023-05-27T13:58:00-07:00",,"Jackson W.F. Chu","false","research",10,2023-05-27 20:58:00,-123.508865,48.94321
"Nereocystis luetkeana",120499,"Nereocystis luetkeana",0,"accepted","Bull Kelp",,"Chromista","Ochrophyta","","","Phaeophyceae","Fucophycidae","","Laminariales","","","","Laminariaceae","","","Nereocystis","luetkeana","iNat:164152130","2023-05-27T13:58:00-07:00",,"Jackson W.F. Chu","false","research",10,2023-05-27 20:58:00,-123.508865,48.943211
"Lottia digitalis",64287,"Lottia digitalis",0,"accepted","Fingered Limpet",,"Animalia","Mollusca","","","Gastropoda","Patellogastropoda","","","","","Lottioidea","Lottiidae","Lottiinae","Lottiini","Lottia","digitalis","iNat:164152127","2023-05-27T13:59:00-07:00",,"Jackson W.F. Chu","false","research",10,2023-05-27 20:59:00,-123.508865,48.943213
"Pododesmus macrochisma",68652,"Pododesmus macrochisma",0,"accepted","Green Falsejingle",,"Animalia","Mollusca","","","Bivalvia","Autobranchia","","Pectinida","","","Anomioidea","Anomiidae","","","Pododesmus","macrochisma","iNat:164152129","2023-05-27T13:59:00-07:00",,"Jackson W.F. Chu","false","research",10,2023-05-27 20:59:00,-123.508886,48.94321
"Semibalanus cariosus",47658,"Semibalanus cariosus",0,"accepted","Thatched Barnacle",,"Animalia","Arthropoda","Crustacea","Multicrustacea","Hexanauplia","Thecostraca","Thoracicalcarea","Balanomorpha","","","Balanoidea","Balanidae","","","Semibalanus","cariosus","iNat:164152131","2023-05-27T13:59:00-07:00",,"Jackson W.F. Chu","false","research",10,2023-05-27 20:59:00,-123.508865,48.943213
"Pisaster ochraceus",49699,"Pisaster ochraceus",0,"accepted","Ochre Sea Star",,"Animalia","Echinodermata","Asterozoa","","Asteroidea","","Forcipulatacea","Forcipulatida","","","","Asteriidae","","","Pisaster","ochraceus","iNat:164152134","2023-05-27T14:01:00-07:00",,"Jackson W.F. Chu","false","research",10,2023-05-27 21:01:00,-123.510213,48.943178
"Evasterias troschelii",84265,"Evasterias troschelii",0,"accepted","Mottled Star",,"Animalia","Echinodermata","Asterozoa","","Asteroidea","","Forcipulatacea","Forcipulatida","","","","Asteriidae","","","Evasterias","troschelii","iNat:164152135","2023-05-27T14:01:00-07:00",,"Jackson W.F. Chu","false","research",10,2023-05-27 21:01:00,-123.50968,48.943325
"Saccharina latissima",130231,"Saccharina latissima",0,"accepted","Sugar Kelp",,"Chromista","Ochrophyta","","","Phaeophyceae","Fucophycidae","","Laminariales","","","","Laminariaceae","","","Saccharina","latissima","iNat:164152136","2023-05-27T14:02:00-07:00",,"Jackson W.F. Chu","false","needs_id",10,2023-05-27 21:02:00,-123.51026,48.943092
"Lecanoromycetes",54743,"Lecanoromycetes",0,"accepted","common lichens",,"Fungi","Ascomycota","Pezizomycotina","","Lecanoromycetes","","","","","","","","","","","","iNat:164152137","2023-05-27T14:02:00-07:00",,"Jackson W.F. Chu","false","needs_id",10,2023-05-27 21:02:00,-123.510376,48.94308
"Hildenbrandia",68615,"Hildenbrandia",0,"accepted","encrusting red algae",,"Plantae","Rhodophyta","Eurhodophytina","","Florideophyceae","Hildenbrandiophycidae","","Hildenbrandiales","","","","Hildenbrandiaceae","","","Hildenbrandia","","iNat:164152138","2023-05-27T14:08:00-07:00",,"Jackson W.F. Chu","false","research",10,2023-05-27 21:08:00,-123.510667,48.942802
"Lottia scutum",129962,"Lottia scutum",0,"accepted","Plate Limpet",,"Animalia","Mollusca","","","Gastropoda","Patellogastropoda","","","","","Lottioidea","Lottiidae","Lottiinae","Lottiini","Lottia","scutum","iNat:164152139","2023-05-27T14:08:00-07:00",,"Jackson W.F. Chu","false","research",10,2023-05-27 21:08:00,-123.510667,48.942802
"Neostylidium eschrichtii",897701,"Neostylidium eschrichtii",0,"accepted","Threaded Bittium",,"Animalia","Mollusca","","","Gastropoda","Caenogastropoda","","","","","Cerithioidea","Cerithiidae","Bittiinae","","Neostylidium","eschrichtii","iNat:164153301","2023-05-27T14:11:00-07:00",,"Jackson W.F. Chu","false","research",10,2023-05-27 21:11:00,-123.510579,48.942808
"Nucella lamellosa",117641,"Nucella lamellosa",0,"accepted","Frilled Dogwinkle",,"Animalia","Mollusca","","","Gastropoda","Caenogastropoda","","Neogastropoda","","","Muricoidea","Muricidae","Ocenebrinae","","Nucella","lamellosa","iNat:164153302","2023-05-27T14:11:00-07:00",,"Jackson W.F. Chu","false","research",10,2023-05-27 21:11:00,-123.510558,48.9428
"Neostylidium eschrichtii",897701,"Neostylidium eschrichtii",0,"accepted","Threaded Bittium",,"Animalia","Mollusca","","","Gastropoda","Caenogastropoda","","","","","Cerithioidea","Cerithiidae","Bittiinae","","Neostylidium","eschrichtii","iNat:164153303","2023-05-27T14:13:00-07:00",,"Jackson W.F. Chu","false","research",10,2023-05-27 21:13:00,-123.51053,48.942772
"Evasterias troschelii",84265,"Evasterias troschelii",0,"accepted","Mottled Star",,"Animalia","Echinodermata","Asterozoa","","Asteroidea","","Forcipulatacea","Forcipulatida","","","","Asteriidae","","","Evasterias","troschelii","iNat:164153304","2023-05-27T14:31:00-07:00",,"Jackson W.F. Chu","false","research",10,2023-05-27 21:31:00,-123.51027,48.942818
"Pisaster ochraceus",49699,"Pisaster ochraceus",0,"accepted","Ochre Sea Star",,"Animalia","Echinodermata","Asterozoa","","Asteroidea","","Forcipulatacea","Forcipulatida","","","","Asteriidae","","","Pisaster","ochraceus","iNat:164153306","2023-05-27T14:37:00-07:00",,"Jackson W.F. Chu","false","research",10,2023-05-27 21:37:00,-123.510298,48.942825
"Cancer productus",47826,"Cancer productus",0,"accepted","Red Rock Crab",,"Animalia","Arthropoda","Crustacea","Multicrustacea","Malacostraca","Eumalacostraca","Eucarida","Decapoda","Pleocyemata","Brachyura","Cancroidea","Cancridae","","","Cancer","productus","iNat:164153311","2023-05-27T14:40:00-07:00",,"Jackson W.F. Chu","false","research",10,2023-05-27 21:40:00,-123.510066,48.94326
"Polycladida",52318,"Polycladida",0,"accepted","Polyclad Flatworms",,"Animalia","Platyhelminthes","Rhabditophora","","","","","Polycladida","","","","","","","","","iNat:164153310","2023-05-27T14:44:00-07:00",,"Jackson W.F. Chu","false","needs_id",10,2023-05-27 21:44:00,-123.50999,48.943295
"Littorina scutulata",69995,"Littorina scutulata",0,"accepted","Checkered Periwinkle",,"Animalia","Mollusca","","","Gastropoda","Caenogastropoda","","Littorinimorpha","","","Littorinoidea","Littorinidae","Littorininae","","Littorina","scutulata","iNat:164153704","2023-05-27T14:46:00-07:00",,"Jackson W.F. Chu","false","needs_id",10,2023-05-27 21:46:00,-123.50953,48.943398
"Nereididae",49581,"Nereididae",0,"accepted","Ragworms and Allies",,"Animalia","Annelida","","","Polychaeta","Errantia","","Phyllodocida","Nereidiformia","","","Nereididae","","","","","iNat:164153708","2023-05-27T14:50:00-07:00",,"Jackson W.F. Chu","false","needs_id",10,2023-05-27 21:50:00,-123.509094,48.943253
"Pisaster ochraceus",49699,"Pisaster ochraceus",0,"accepted","Ochre Sea Star",,"Animalia","Echinodermata","Asterozoa","","Asteroidea","","Forcipulatacea","Forcipulatida","","","","Asteriidae","","","Pisaster","ochraceus","iNat:164153709","2023-05-27T14:50:00-07:00",,"Jackson W.F. Chu","false","research",10,2023-05-27 21:50:00,-123.509094,48.943253
"Diadumene lineata",81783,"Diadumene lineata",0,"accepted","Striped Green Sea Anemone",,"Animalia","Cnidaria","","","Anthozoa","Hexacorallia","","Actiniaria","Enthemonae","","Metridioidea","Diadumenidae","","","Diadumene","lineata","iNat:164153711","2023-05-27T14:55:00-07:00",,"Jackson W.F. Chu","false","research",10,2023-05-27 21:55:00,-123.509006,48.94319
"Halosaccion glandiforme",123649,"Halosaccion glandiforme",0,"accepted","Sea Sacks",,"Plantae","Rhodophyta","Eurhodophytina","","Florideophyceae","Nemaliophycidae","","Palmariales","","","","Palmariaceae","","","Halosaccion","glandiforme","iNat:164153710","2023-05-27T14:56:00-07:00",,"Jackson W.F. Chu","false","research",10,2023-05-27 21:56:00,-123.50877,48.94319
"Thamnophis sirtalis",28362,"Thamnophis sirtalis",0,"accepted","Common Garter Snake",,"Animalia","Chordata","Vertebrata","","Reptilia","","","Squamata","Serpentes","","","Colubridae","Natricinae","","Thamnophis","sirtalis","iNat:164153714","2023-05-27T15:06:00-07:00",,"Jackson W.F. Chu","false","research",10,2023-05-27 22:06:00,-123.508166,48.943067
"Serpula columbiana",131207,"Serpula columbiana",0,"accepted","Red-trumpet Calcareous Tubeworm",,"Animalia","Annelida","","","Polychaeta","Sedentaria","","Sabellida","","","","Serpulidae","","","Serpula","columbiana","iNat:164153713","2023-05-27T15:07:00-07:00",,"Jackson W.F. Chu","false","research",10,2023-05-27 22:07:00,-123.5079,48.942986
"Leukoma staminea",333608,"Leukoma staminea",0,"accepted","Pacific Littleneck Clam",,"Animalia","Mollusca","","","Bivalvia","Autobranchia","Imparidentia","Venerida","","","Veneroidea","Veneridae","Venerinae","","Leukoma","staminea","iNat:164153716","2023-05-27T15:08:00-07:00",,"Jackson W.F. Chu","false","research",10,2023-05-27 22:08:00,-123.507744,48.942955
"Littorina",48919,"Littorina",0,"accepted","",,"Animalia","Mollusca","","","Gastropoda","Caenogastropoda","","Littorinimorpha","","","Littorinoidea","Littorinidae","Littorininae","","Littorina","","iNat:164153717","2023-05-27T15:08:00-07:00",,"Jackson W.F. Chu","false","needs_id",10,2023-05-27 22:08:00,-123.507733,48.94293
"Serpula columbiana",131207,"Serpula columbiana",0,"accepted","Red-trumpet Calcareous Tubeworm",,"Animalia","Annelida","","","Polychaeta","Sedentaria","","Sabellida","","","","Serpulidae","","","Serpula","columbiana","iNat:164153715","2023-05-27T15:10:00-07:00",,"Jackson W.F. Chu","false","research",10,2023-05-27 22:10:00,-123.50765,48.942963
"Serpula columbiana",131207,"Serpula columbiana",0,"accepted","Red-trumpet Calcareous Tubeworm",,"Animalia","Annelida","","","Polychaeta","Sedentaria","","Sabellida","","","","Serpulidae","","","Serpula","columbiana","iNat:164153720","2023-05-27T15:10:00-07:00",,"Jackson W.F. Chu","false","research",10,2023-05-27 22:10:00,-123.50763,48.942966
"Prionitis lanceolata",117820,"Prionitis lanceolata",0,"accepted","",,"Plantae","Rhodophyta","Eurhodophytina","","Florideophyceae","Rhodymeniophycidae","","Halymeniales","","","","Halymeniaceae","","","Prionitis","lanceolata","iNat:164153726","2023-05-27T15:10:00-07:00",,"Jackson W.F. Chu","false","needs_id",10,2023-05-27 22:10:00,-123.50765,48.94296
"Anthopleura artemisia",51658,"Anthopleura artemisia",0,"accepted","Moonglow Anemone",,"Animalia","Cnidaria","","","Anthozoa","Hexacorallia","","Actiniaria","Enthemonae","","Actinioidea","Actiniidae","","","Anthopleura","artemisia","iNat:164153721","2023-05-27T15:11:00-07:00",,"Jackson W.F. Chu","false","research",10,2023-05-27 22:11:00,-123.507634,48.942969
"Saxidomus gigantea",130233,"Saxidomus gigantea",0,"accepted","Butter Clam",,"Animalia","Mollusca","","","Bivalvia","Autobranchia","Imparidentia","Venerida","","","Veneroidea","Veneridae","Callocardiinae","","Saxidomus","gigantea","iNat:164153724","2023-05-27T15:11:00-07:00",,"Jackson W.F. Chu","false","needs_id",10,2023-05-27 22:11:00,-123.50763,48.94296
"Haliaeetus leucocephalus",5305,"Haliaeetus leucocephalus",0,"accepted","Bald Eagle",,"Animalia","Chordata","Vertebrata","","Aves","","","Accipitriformes","","","","Accipitridae","Buteoninae","","Haliaeetus","leucocephalus","iNat:164153723","2023-05-27T15:22:00-07:00",,"Jackson W.F. Chu","false","research",10,2023-05-27 22:22:00,-123.510315,48.943268
"Plantago lanceolata",53178,"Plantago lanceolata",0,"accepted","ribwort plantain",,"Plantae","Tracheophyta","Angiospermae","","Magnoliopsida","","","Lamiales","","","","Plantaginaceae","","Plantagineae","Plantago","lanceolata","iNat:164154043","2023-05-27T15:25:00-07:00",,"Jackson W.F. Chu","false","research",10,2023-05-27 22:25:00,-123.510387,48.943266
"Rubus parviflorus",51646,"Rubus parviflorus",0,"accepted","thimbleberry",,"Plantae","Tracheophyta","Angiospermae","","Magnoliopsida","","","Rosales","","","","Rosaceae","Rosoideae","Rubeae","Rubus","parviflorus","iNat:164154045","2023-05-27T15:25:00-07:00",,"Jackson W.F. Chu","false","research",10,2023-05-27 22:25:00,-123.510297,48.943257
"Galium",53060,"Galium",0,"accepted","bedstraws",,"Plantae","Tracheophyta","Angiospermae","","Magnoliopsida","","","Gentianales","","","","Rubiaceae","Rubioideae","Rubieae","Galium","","iNat:164026785","2023-05-27T09:48:50-07:00",,"Spencer Shields","false","needs_id",10,2023-05-27 16:48:50,-123.510469,48.944044
"Rhytidiadelphus loreus",124422,"Rhytidiadelphus loreus",0,"accepted","Lanky Moss",,"Plantae","Bryophyta","","","Bryopsida","","","Hypnales","","","","Hylocomiaceae","","","Rhytidiadelphus","loreus","iNat:164032565","2023-05-27T10:41:18-07:00",,"Spencer Shields","false","research",10,2023-05-27 17:41:18,-123.5113,48.945069
"Leucolepis acanthoneura",120870,"Leucolepis acanthoneura",0,"accepted","Menzies' Tree Moss",,"Plantae","Bryophyta","","","Bryopsida","","","Bryales","","","","Mniaceae","","","Leucolepis","acanthoneura","iNat:164034865","2023-05-27T10:53:17-07:00",,"Spencer Shields","false","research",10,2023-05-27 17:53:17,-123.511153,48.945194
"Hylocomium splendens",122555,"Hylocomium splendens",0,"accepted","stairstep moss",,"Plantae","Bryophyta","","","Bryopsida","","","Hypnales","","","","Hylocomiaceae","","","Hylocomium","splendens","iNat:164039204","2023-05-27T11:13:32-07:00",,"Spencer Shields","false","research",12,2023-05-27 18:13:32,-123.510675,48.945204
"Rosa gymnocarpa",53441,"Rosa gymnocarpa",0,"accepted","Baldhip Rose",,"Plantae","Tracheophyta","Angiospermae","","Magnoliopsida","","","Rosales","","","","Rosaceae","Rosoideae","Roseae","Rosa","gymnocarpa","iNat:164040188","2023-05-27T11:18:42-07:00",,"Spencer Shields","false","research",10,2023-05-27 18:18:42,-123.51099,48.945131
"Mycelis muralis",48543,"Mycelis muralis",0,"accepted","Wall Lettuce",,"Plantae","Tracheophyta","Angiospermae","","Magnoliopsida","","","Asterales","","","","Asteraceae","Cichorioideae","Cichorieae","Mycelis","muralis","iNat:164041641","2023-05-27T11:24:46-07:00",,"Spencer Shields","false","research",15,2023-05-27 18:24:46,-123.511243,48.945034
"Berberis nervosa",75756,"Berberis nervosa",0,"accepted","Cascade Oregon-grape",,"Plantae","Tracheophyta","Angiospermae","","Magnoliopsida","","","Ranunculales","","","","Berberidaceae","Berberidoideae","Berberideae","Berberis","nervosa","iNat:164042184","2023-05-27T11:26:36-07:00",,"Spencer Shields","false","research",17,2023-05-27 18:26:36,-123.51113,48.944974
"Ilex aquifolium",53856,"Ilex aquifolium",0,"accepted","European holly",,"Plantae","Tracheophyta","Angiospermae","","Magnoliopsida","","","Aquifoliales","","","","Aquifoliaceae","","","Ilex","aquifolium","iNat:164042426","2023-05-27T11:29:01-07:00",,"Spencer Shields","false","research",10,2023-05-27 18:29:01,-123.511323,48.944921
"Corallorhiza maculata",49475,"Corallorhiza maculata",0,"accepted","spotted coralroot",,"Plantae","Tracheophyta","Angiospermae","","Liliopsida","","","Asparagales","","","","Orchidaceae","Epidendroideae","Epidendreae","Corallorhiza","maculata","iNat:164043507","2023-05-27T11:33:00-07:00",,"Spencer Shields","false","research",10,2023-05-27 18:33:00,-123.511351,48.944918
"Selaginella wallacei",63875,"Selaginella wallacei",0,"accepted","Wallace's spikemoss",,"Plantae","Tracheophyta","","","Lycopodiopsida","","","Selaginellales","","","","Selaginellaceae","","","Selaginella","wallacei","iNat:164044391","2023-05-27T11:37:57-07:00",,"Spencer Shields","false","research",10,2023-05-27 18:37:57,-123.511495,48.944819
"Pseudisothecium stoloniferum",1262643,"Pseudisothecium stoloniferum",0,"accepted","Cat's Tail Moss",,"Plantae","Bryophyta","","","Bryopsida","","","Hypnales","","","","Lembophyllaceae","","","Pseudisothecium","stoloniferum","iNat:164046191","2023-05-27T11:46:40-07:00",,"Spencer Shields","false","research",12,2023-05-27 18:46:40,-123.511614,48.94497
"Claytonia perfoliata",52994,"Claytonia perfoliata",0,"accepted","miner's lettuce",,"Plantae","Tracheophyta","Angiospermae","","Magnoliopsida","","","Caryophyllales","","","","Montiaceae","","","Claytonia","perfoliata","iNat:164049170","2023-05-27T11:59:53-07:00",,"Spencer Shields","false","research",10,2023-05-27 18:59:53,-123.512251,48.945396
"Carex",633229,"Carex",0,"accepted","Carex sect. Carex",,"Plantae","Tracheophyta","Angiospermae","","Liliopsida","","","Poales","","","","Cyperaceae","Cyperoideae","Cariceae","Carex","","iNat:164049877","2023-05-27T12:02:39-07:00",,"Spencer Shields","false","needs_id",10,2023-05-27 19:02:39,-123.512564,48.94555
"Marrubium vulgare",54605,"Marrubium vulgare",0,"accepted","White Horehound",,"Plantae","Tracheophyta","Angiospermae","","Magnoliopsida","","","Lamiales","","","","Lamiaceae","Lamioideae","Marrubieae","Marrubium","vulgare","iNat:164051931","2023-05-27T12:11:45-07:00",,"Spencer Shields","false","research",10,2023-05-27 19:11:45,-123.512201,48.944178
"Rumex acetosella",53195,"Rumex acetosella",0,"accepted","Sheep's sorrel",,"Plantae","Tracheophyta","Angiospermae","","Magnoliopsida","","","Caryophyllales","","","","Polygonaceae","Polygonoideae","Rumiceae","Rumex","acetosella","iNat:164053975","2023-05-27T12:16:00-07:00",,"Spencer Shields","false","research",10,2023-05-27 19:16:00,-123.512203,48.944156
"Magnoliopsida",47124,"Magnoliopsida",0,"accepted","dicots",,"Plantae","Tracheophyta","Angiospermae","","Magnoliopsida","","","","","","","","","","","","iNat:164056286","2023-05-27T12:34:43-07:00",,"Spencer Shields","false","needs_id",10,2023-05-27 19:34:43,-123.512143,48.944141
"Urtica",51886,"Urtica",0,"accepted","nettles",,"Plantae","Tracheophyta","Angiospermae","","Magnoliopsida","","","Rosales","","","","Urticaceae","","","Urtica","","iNat:164057686","2023-05-27T12:41:41-07:00",,"Spencer Shields","false","needs_id",10,2023-05-27 19:41:41,-123.511983,48.943698
"Myosotis laxa",78150,"Myosotis laxa",0,"accepted","bay forget-me-not",,"Plantae","Tracheophyta","Angiospermae","","Magnoliopsida","","","Boraginales","","","","Boraginaceae","Cynoglossoideae","Myosotideae","Myosotis","laxa","iNat:164058101","2023-05-27T12:43:46-07:00",,"Spencer Shields","false","research",10,2023-05-27 19:43:46,-123.511985,48.943718
"Gaultheria shallon",48441,"Gaultheria shallon",0,"accepted","salal",,"Plantae","Tracheophyta","Angiospermae","","Magnoliopsida","","","Ericales","","","","Ericaceae","Vaccinioideae","Gaultherieae","Gaultheria","shallon","iNat:164060637","2023-05-27T12:57:25-07:00",,"Spencer Shields","false","research",10,2023-05-27 19:57:25,-123.51234,48.943741
"Plagiomnium insigne",122705,"Plagiomnium insigne",0,"accepted","Badge Moss",,"Plantae","Bryophyta","","","Bryopsida","","","Bryales","","","","Mniaceae","","","Plagiomnium","insigne","iNat:164061257","2023-05-27T12:58:34-07:00",,"Spencer Shields","false","research",10,2023-05-27 19:58:34,-123.512366,48.943829
"Rubus ursinus",53445,"Rubus ursinus",0,"accepted","trailing blackberry",,"Plantae","Tracheophyta","Angiospermae","","Magnoliopsida","","","Rosales","","","","Rosaceae","Rosoideae","Rubeae","Rubus","ursinus","iNat:164061957","2023-05-27T13:03:18-07:00",,"Spencer Shields","false","research",12,2023-05-27 20:03:18,-123.512346,48.943883
"Hylocomiadelphus triquetrus",1138381,"Hylocomiadelphus triquetrus",0,"accepted","rough goose neck moss",,"Plantae","Bryophyta","","","Bryopsida","","","Hypnales","","","","Hylocomiaceae","","","Hylocomiadelphus","triquetrus","iNat:164062175","2023-05-27T13:04:36-07:00",,"Spencer Shields","false","research",10,2023-05-27 20:04:36,-123.512257,48.944022
"Goodyera oblongifolia",50719,"Goodyera oblongifolia",0,"accepted","Western Rattlesnake Plantain",,"Plantae","Tracheophyta","Angiospermae","","Liliopsida","","","Asparagales","","","","Orchidaceae","Orchidoideae","Cranichideae","Goodyera","oblongifolia","iNat:164063069","2023-05-27T13:06:17-07:00",,"Spencer Shields","false","research",10,2023-05-27 20:06:17,-123.512248,48.943791
"Rubus parviflorus",51646,"Rubus parviflorus",0,"accepted","thimbleberry",,"Plantae","Tracheophyta","Angiospermae","","Magnoliopsida","","","Rosales","","","","Rosaceae","Rosoideae","Rubeae","Rubus","parviflorus","iNat:164063660","2023-05-27T13:11:25-07:00",,"Spencer Shields","false","research",10,2023-05-27 20:11:25,-123.512368,48.943761
"Rosa gymnocarpa",53441,"Rosa gymnocarpa",0,"accepted","Baldhip Rose",,"Plantae","Tracheophyta","Angiospermae","","Magnoliopsida","","","Rosales","","","","Rosaceae","Rosoideae","Roseae","Rosa","gymnocarpa","iNat:164063878","2023-05-27T13:12:27-07:00",,"Spencer Shields","false","research",11,2023-05-27 20:12:27,-123.512396,48.943718
"Lysichiton americanus",48537,"Lysichiton americanus",0,"accepted","western skunk cabbage",,"Plantae","Tracheophyta","Angiospermae","","Liliopsida","","","Alismatales","","","","Araceae","Orontioideae","","Lysichiton","americanus","iNat:164065118","2023-05-27T13:18:21-07:00",,"Spencer Shields","false","research",10,2023-05-27 20:18:21,-123.511968,48.943817
"Vicia sativa",53324,"Vicia sativa",0,"accepted","Common Vetch",,"Plantae","Tracheophyta","Angiospermae","","Magnoliopsida","","","Fabales","","","","Fabaceae","Faboideae","Fabeae","Vicia","sativa","iNat:164066245","2023-05-27T13:24:23-07:00",,"Spencer Shields","false","research",10,2023-05-27 20:24:23,-123.51215,48.943751
"Rubus laciniatus",78891,"Rubus laciniatus",0,"accepted","Cutleaf Blackberry",,"Plantae","Tracheophyta","Angiospermae","","Magnoliopsida","","","Rosales","","","","Rosaceae","Rosoideae","Rubeae","Rubus","laciniatus","iNat:164067791","2023-05-27T13:31:54-07:00",,"Spencer Shields","false","research",10,2023-05-27 20:31:54,-123.511842,48.94369
"Rosa nutkana",78883,"Rosa nutkana",0,"accepted","Nootka rose",,"Plantae","Tracheophyta","Angiospermae","","Magnoliopsida","","","Rosales","","","","Rosaceae","Rosoideae","Roseae","Rosa","nutkana","iNat:164072361","2023-05-27T13:56:19-07:00",,"Spencer Shields","false","research",10,2023-05-27 20:56:19,-123.510295,48.943331
"Rubus parviflorus",51646,"Rubus parviflorus",0,"accepted","thimbleberry",,"Plantae","Tracheophyta","Angiospermae","","Magnoliopsida","","","Rosales","","","","Rosaceae","Rosoideae","Rubeae","Rubus","parviflorus","iNat:164072684","2023-05-27T13:58:25-07:00",,"Spencer Shields","false","research",10,2023-05-27 20:58:25,-123.510503,48.943313
"Troglodytes aedon",7562,"Troglodytes aedon",0,"accepted","House Wren",,"Animalia","Chordata","Vertebrata","","Aves","","","Passeriformes","","","","Troglodytidae","","","Troglodytes","aedon","iNat:164236164","2023-05-28T09:30:44-07:00",,"andytaggartsmith","false","needs_id",39,2023-05-28 16:30:44,-123.332309,48.867017
"Anthriscus caucalis",52846,"Anthriscus caucalis",0,"accepted","Bur Parsley",,"Plantae","Tracheophyta","Angiospermae","","Magnoliopsida","","","Apiales","","","","Apiaceae","Apioideae","Scandiceae","Anthriscus","caucalis","iNat:164237457","2023-05-28T09:46:40-07:00",,"andytaggartsmith","false","research",26,2023-05-28 16:46:40,-123.333043,48.866608
"Lomatium",55343,"Lomatium",0,"accepted","Biscuitroots",,"Plantae","Tracheophyta","Angiospermae","","Magnoliopsida","","","Apiales","","","","Apiaceae","Apioideae","Selineae","Lomatium","","iNat:164237732","2023-05-28T09:50:55-07:00",,"andytaggartsmith","false","needs_id",47,2023-05-28 16:50:55,-123.333361,48.866469
"Homalothecium megaptilum",236885,"Homalothecium megaptilum",0,"accepted","Trachybryum Moss",,"Plantae","Bryophyta","","","Bryopsida","","","Hypnales","","","","Brachytheciaceae","","","Homalothecium","megaptilum","iNat:164243684","2023-05-28T09:53:56-07:00",,"andytaggartsmith","false","research",105,2023-05-28 16:53:56,-123.333212,48.866419
"Collinsia grandiflora",76409,"Collinsia grandiflora",0,"accepted","Giant Blue-eyed Mary",,"Plantae","Tracheophyta","Angiospermae","","Magnoliopsida","","","Lamiales","","","","Plantaginaceae","","Cheloneae","Collinsia","grandiflora","iNat:164238905","2023-05-28T09:56:30-07:00",,"andytaggartsmith","false","research",16,2023-05-28 16:56:30,-123.333404,48.866396
"Cystopteris fragilis",58755,"Cystopteris fragilis",0,"accepted","brittle bladderfern",,"Plantae","Tracheophyta","","","Polypodiopsida","Polypodiidae","","Polypodiales","Aspleniinae","","","Cystopteridaceae","","","Cystopteris","fragilis","iNat:164243794","2023-05-28T09:58:06-07:00",,"andytaggartsmith","false","research",10,2023-05-28 16:58:06,-123.333319,48.866415
"Silene coronaria",485191,"Silene coronaria",0,"accepted","Rose campion",,"Plantae","Tracheophyta","Angiospermae","","Magnoliopsida","","","Caryophyllales","","","","Caryophyllaceae","Caryophylloideae","Sileneae","Silene","coronaria","iNat:164241647","2023-05-28T09:59:47-07:00",,"andytaggartsmith","false","research",10,2023-05-28 16:59:47,-123.333392,48.866435
"Achillea millefolium",52821,"Achillea millefolium",0,"accepted","common yarrow",,"Plantae","Tracheophyta","Angiospermae","","Magnoliopsida","","","Asterales","","","","Asteraceae","Asteroideae","Anthemideae","Achillea","millefolium","iNat:164241717","2023-05-28T10:03:24-07:00",,"andytaggartsmith","false","research",21,2023-05-28 17:03:24,-123.33405,48.866394
"Parmelioideae",1094690,"Parmelioideae",0,"accepted","typical shield lichens",,"Fungi","Ascomycota","Pezizomycotina","","Lecanoromycetes","Lecanoromycetidae","","Lecanorales","","","","Parmeliaceae","Parmelioideae","","","","iNat:164241894","2023-05-28T10:07:16-07:00",,"andytaggartsmith","false","needs_id",17,2023-05-28 17:07:16,-123.334969,48.8667
"Clarkia amoena",61048,"Clarkia amoena",0,"accepted","Farewell-To-Spring",,"Plantae","Tracheophyta","Angiospermae","","Magnoliopsida","","","Myrtales","","","","Onagraceae","","","Clarkia","amoena","iNat:164244006","2023-05-28T10:13:14-07:00",,"andytaggartsmith","false","research",21,2023-05-28 17:13:14,-123.336908,48.866908
"Anisocarpus madioides",53137,"Anisocarpus madioides",0,"accepted","woodland madia",,"Plantae","Tracheophyta","Angiospermae","","Magnoliopsida","","","Asterales","","","","Asteraceae","Asteroideae","Madieae","Anisocarpus","madioides","iNat:164244755","2023-05-28T10:21:57-07:00",,"andytaggartsmith","false","research",29,2023-05-28 17:21:57,-123.336632,48.866835
"Pipilo maculatus",9420,"Pipilo maculatus",0,"accepted","Spotted Towhee",,"Animalia","Chordata","Vertebrata","","Aves","","","Passeriformes","","","","Passerellidae","","","Pipilo","maculatus","iNat:164246769","2023-05-28T10:25:09-07:00",,"andytaggartsmith","false","needs_id",10,2023-05-28 17:25:09,-123.336679,48.866995
"Grindelia integrifolia",124526,"Grindelia integrifolia",0,"accepted","Puget sound gumweed",,"Plantae","Tracheophyta","Angiospermae","","Magnoliopsida","","","Asterales","","","","Asteraceae","Asteroideae","Astereae","Grindelia","integrifolia","iNat:164246798","2023-05-28T10:32:21-07:00",,"andytaggartsmith","false","needs_id",32,2023-05-28 17:32:21,-123.338966,48.867679
"Hypochaeris radicata",53104,"Hypochaeris radicata",0,"accepted","Common Cat's-ear",,"Plantae","Tracheophyta","Angiospermae","","Magnoliopsida","","","Asterales","","","","Asteraceae","Cichorioideae","Cichorieae","Hypochaeris","radicata","iNat:164259361","2023-05-28T10:35:52-07:00",,"andytaggartsmith","false","research",22,2023-05-28 17:35:52,-123.339766,48.867671
"Poa bulbosa",58382,"Poa bulbosa",0,"accepted","Bulbous Bluegrass",,"Plantae","Tracheophyta","Angiospermae","","Liliopsida","","","Poales","","","","Poaceae","Pooideae","Poeae","Poa","bulbosa","iNat:164264167","2023-05-28T10:53:35-07:00",,"andytaggartsmith","false","research",24,2023-05-28 17:53:35,-123.341443,48.868794
"Achlys triphylla",75263,"Achlys triphylla",0,"accepted","vanilla leaf",,"Plantae","Tracheophyta","Angiospermae","","Magnoliopsida","","","Ranunculales","","","","Berberidaceae","Berberidoideae","Berberideae","Achlys","triphylla","iNat:164270917","2023-05-28T11:02:12-07:00",,"andytaggartsmith","false","research",14,2023-05-28 18:02:12,-123.342503,48.86936
"Linaria purpurea",77778,"Linaria purpurea",0,"accepted","Purple Toadflax",,"Plantae","Tracheophyta","Angiospermae","","Magnoliopsida","","","Lamiales","","","","Plantaginaceae","","Antirrhineae","Linaria","purpurea","iNat:164270945","2023-05-28T11:21:27-07:00",,"andytaggartsmith","false","research",34,2023-05-28 18:21:27,-123.341538,48.867174
"Athyrium filix-femina",52669,"Athyrium filix-femina",0,"accepted","lady fern",,"Plantae","Tracheophyta","","","Polypodiopsida","Polypodiidae","","Polypodiales","Aspleniinae","","","Athyriaceae","","","Athyrium","filix-femina","iNat:164271003","2023-05-28T11:58:09-07:00",,"andytaggartsmith","false","research",25,2023-05-28 18:58:09,-123.342936,48.868256
"Rubus ursinus",53445,"Rubus ursinus",0,"accepted","trailing blackberry",,"Plantae","Tracheophyta","Angiospermae","","Magnoliopsida","","","Rosales","","","","Rosaceae","Rosoideae","Rubeae","Rubus","ursinus","iNat:164271036","2023-05-28T12:27:46-07:00",,"andytaggartsmith","false","research",21,2023-05-28 19:27:46,-123.343521,48.866804
"Opuntia fragilis",62474,"Opuntia fragilis",0,"accepted","Brittle Pricklypear",,"Plantae","Tracheophyta","Angiospermae","","Magnoliopsida","","","Caryophyllales","","","","Cactaceae","Opuntioideae","Opuntieae","Opuntia","fragilis","iNat:164272531","2023-05-28T12:32:34-07:00",,"andytaggartsmith","false","research",12,2023-05-28 19:32:34,-123.342755,48.8667
"Sedum lanceolatum nesioticum",238479,"Sedum lanceolatum nesioticum",0,"accepted","Island Stonecrop",,"Plantae","Tracheophyta","Angiospermae","","Magnoliopsida","","","Saxifragales","","","","Crassulaceae","Sempervivoideae","Sedeae","Sedum","lanceolatum","iNat:164273929","2023-05-28T12:37:55-07:00",,"andytaggartsmith","false","research",11,2023-05-28 19:37:55,-123.342639,48.866737
"Triteleia hyacinthina",57132,"Triteleia hyacinthina",0,"accepted","white brodiaea",,"Plantae","Tracheophyta","Angiospermae","","Liliopsida","","","Asparagales","","","","Asparagaceae","Brodiaeoideae","","Triteleia","hyacinthina","iNat:164275007","2023-05-28T12:46:04-07:00",,"andytaggartsmith","false","research",397,2023-05-28 19:46:04,-123.341853,48.866733
"Pentagramma triangularis",52676,"Pentagramma triangularis",0,"accepted","goldback fern",,"Plantae","Tracheophyta","","","Polypodiopsida","Polypodiidae","","Polypodiales","Pteridineae","","","Pteridaceae","Cheilanthoideae","","Pentagramma","triangularis","iNat:164275853","2023-05-28T12:49:04-07:00",,"andytaggartsmith","false","research",17,2023-05-28 19:49:04,-123.341832,48.866704
"Sisymbrium officinale",53266,"Sisymbrium officinale",0,"accepted","Hedge mustard",,"Plantae","Tracheophyta","Angiospermae","","Magnoliopsida","","","Brassicales","","","","Brassicaceae","Brassicoideae","Sisymbrieae","Sisymbrium","officinale","iNat:164276825","2023-05-28T12:51:32-07:00",,"andytaggartsmith","false","needs_id",32,2023-05-28 19:51:32,-123.341807,48.866676
"Symphoricarpos albus",48523,"Symphoricarpos albus",0,"accepted","Common Snowberry",,"Plantae","Tracheophyta","Angiospermae","","Magnoliopsida","","","Dipsacales","","","","Caprifoliaceae","Caprifolioideae","","Symphoricarpos","albus","iNat:164277046","2023-05-28T12:56:01-07:00",,"andytaggartsmith","false","needs_id",55,2023-05-28 19:56:01,-123.341664,48.866836
"Lactuca serriola",53107,"Lactuca serriola",0,"accepted","prickly lettuce",,"Plantae","Tracheophyta","Angiospermae","","Magnoliopsida","","","Asterales","","","","Asteraceae","Cichorioideae","Cichorieae","Lactuca","serriola","iNat:164277666","2023-05-28T12:57:03-07:00",,"andytaggartsmith","false","research",28,2023-05-28 19:57:03,-123.34174,48.866798
"Rosa nutkana",78883,"Rosa nutkana",0,"accepted","Nootka rose",,"Plantae","Tracheophyta","Angiospermae","","Magnoliopsida","","","Rosales","","","","Rosaceae","Rosoideae","Roseae","Rosa","nutkana","iNat:164279673","2023-05-28T13:06:51-07:00",,"andytaggartsmith","false","research",244,2023-05-28 20:06:51,-123.34164,48.866731
"Bromus diandrus",52702,"Bromus diandrus",0,"accepted","great brome",,"Plantae","Tracheophyta","Angiospermae","","Liliopsida","","","Poales","","","","Poaceae","Pooideae","Bromeae","Bromus","diandrus","iNat:164295180","2023-05-28T13:43:21-07:00",,"andytaggartsmith","false","needs_id",313,2023-05-28 20:43:21,-123.343261,48.866854
"Callophrys gryneus",84239,"Callophrys gryneus",0,"accepted","Juniper Hairstreak",,"Animalia","Arthropoda","Hexapoda","","Insecta","Pterygota","","Lepidoptera","","","Papilionoidea","Lycaenidae","Theclinae","Eumaeini","Callophrys","gryneus","iNat:164295236","2023-05-28T14:14:43-07:00",,"andytaggartsmith","false","research",21,2023-05-28 21:14:43,-123.339829,48.867841
"Epilobium minutum",57150,"Epilobium minutum",0,"accepted","little willowherb",,"Plantae","Tracheophyta","Angiospermae","","Magnoliopsida","","","Myrtales","","","","Onagraceae","","","Epilobium","minutum","iNat:164237390","2023-05-28T09:52:17-07:00",,"Tyler Innes","false","research",30,2023-05-28 16:52:17,-123.333398,48.866485
"Achillea millefolium",52821,"Achillea millefolium",0,"accepted","common yarrow",,"Plantae","Tracheophyta","Angiospermae","","Magnoliopsida","","","Asterales","","","","Asteraceae","Asteroideae","Anthemideae","Achillea","millefolium","iNat:164242448","2023-05-28T10:02:48-07:00",,"Tyler Innes","false","research",14,2023-05-28 17:02:48,-123.333749,48.866419
"Clarkia amoena",61048,"Clarkia amoena",0,"accepted","Farewell-To-Spring",,"Plantae","Tracheophyta","Angiospermae","","Magnoliopsida","","","Myrtales","","","","Onagraceae","","","Clarkia","amoena","iNat:164242473","2023-05-28T10:12:36-07:00",,"Tyler Innes","false","research",117,2023-05-28 17:12:36,-123.336626,48.86695
"Bryopsida",48372,"Bryopsida",0,"accepted","joint-toothed mosses",,"Plantae","Bryophyta","","","Bryopsida","","","","","","","","","","","","iNat:164243095","2023-05-28T10:17:15-07:00",,"Tyler Innes","false","needs_id",860,2023-05-28 17:17:15,-123.336691,48.866985
"Agoseris grandiflora",52828,"Agoseris grandiflora",0,"accepted","bigflower agoseris",,"Plantae","Tracheophyta","Angiospermae","","Magnoliopsida","","","Asterales","","","","Asteraceae","Cichorioideae","Cichorieae","Agoseris","grandiflora","iNat:164248255","2023-05-28T10:37:31-07:00",,"Tyler Innes","false","research",1322,2023-05-28 17:37:31,-123.329817,48.866578
"Aira praecox",61058,"Aira praecox",0,"accepted","early hair grass",,"Plantae","Tracheophyta","Angiospermae","","Liliopsida","","","Poales","","","","Poaceae","Pooideae","Poeae","Aira","praecox","iNat:164250895","2023-05-28T10:43:04-07:00",,"Tyler Innes","false","research",10,2023-05-28 17:43:04,-123.339823,48.86776
"Platanthera",1469860,"Platanthera",0,"accepted","",,"Plantae","Tracheophyta","Angiospermae","","Liliopsida","","","Asparagales","","","","Orchidaceae","Orchidoideae","Orchideae","Platanthera","","iNat:164255319","2023-05-28T10:56:40-07:00",,"Tyler Innes","false","needs_id",152,2023-05-28 17:56:40,-123.341548,48.869415
"Stellaria crispa",79201,"Stellaria crispa",0,"accepted","Crisp Starwort",,"Plantae","Tracheophyta","Angiospermae","","Magnoliopsida","","","Caryophyllales","","","","Caryophyllaceae","","Alsineae","Stellaria","crispa","iNat:164255384","2023-05-28T11:13:19-07:00",,"Tyler Innes","false","research",1183,2023-05-28 18:13:19,-123.341762,48.867372
"Lapsana communis",55981,"Lapsana communis",0,"accepted","nipplewort",,"Plantae","Tracheophyta","Angiospermae","","Magnoliopsida","","","Asterales","","","","Asteraceae","Cichorioideae","Cichorieae","Lapsana","communis","iNat:164256133","2023-05-28T11:18:21-07:00",,"Tyler Innes","false","research",1118,2023-05-28 18:18:21,-123.341479,48.867143
"Rosa gymnocarpa",53441,"Rosa gymnocarpa",0,"accepted","Baldhip Rose",,"Plantae","Tracheophyta","Angiospermae","","Magnoliopsida","","","Rosales","","","","Rosaceae","Rosoideae","Roseae","Rosa","gymnocarpa","iNat:164256670","2023-05-28T11:23:32-07:00",,"Tyler Innes","false","research",15,2023-05-28 18:23:32,-123.341334,48.86733
"Sedum spathulifolium",58886,"Sedum spathulifolium",0,"accepted","Broad-leaved Stonecrop",,"Plantae","Tracheophyta","Angiospermae","","Magnoliopsida","","","Saxifragales","","","","Crassulaceae","Sempervivoideae","Sedeae","Sedum","spathulifolium","iNat:164257573","2023-05-28T11:26:15-07:00",,"Tyler Innes","false","research",1556,2023-05-28 18:26:15,-123.340891,48.867255
"Heuchera micrantha",51274,"Heuchera micrantha",0,"accepted","crevice alumroot",,"Plantae","Tracheophyta","Angiospermae","","Magnoliopsida","","","Saxifragales","","","","Saxifragaceae","","Heuchereae","Heuchera","micrantha","iNat:164268443","2023-05-28T12:17:43-07:00",,"Tyler Innes","false","research",146,2023-05-28 19:17:43,-123.343478,48.867465
"Veronica",738395,"Veronica",0,"accepted","",,"Plantae","Tracheophyta","Angiospermae","","Magnoliopsida","","","Lamiales","","","","Plantaginaceae","","Veroniceae","Veronica","","iNat:232733131","2023-09-11T12:36:12-07:00",,"Caitlin Robinson","false","needs_id",20,2023-09-11 19:36:12,-123.359947,48.878905
"Claytonia sibirica",55767,"Claytonia sibirica",0,"accepted","Candy Flower",,"Plantae","Tracheophyta","Angiospermae","","Magnoliopsida","","","Caryophyllales","","","","Montiaceae","","","Claytonia","sibirica","iNat:232733096","2023-09-11T12:40:07-07:00",,"Caitlin Robinson","false","needs_id",20,2023-09-11 19:40:07,-123.358642,48.878442
"Holodiscus discolor",53414,"Holodiscus discolor",0,"accepted","Ocean spray",,"Plantae","Tracheophyta","Angiospermae","","Magnoliopsida","","","Rosales","","","","Rosaceae","Amygdaloideae","Spiraeeae","Holodiscus","discolor","iNat:183302038","2023-09-11T12:44:18-07:00",,"Caitlin Robinson","false","research",20,2023-09-11 19:44:18,-123.356828,48.878328
"Holodiscus discolor",53414,"Holodiscus discolor",0,"accepted","Ocean spray",,"Plantae","Tracheophyta","Angiospermae","","Magnoliopsida","","","Rosales","","","","Rosaceae","Amygdaloideae","Spiraeeae","Holodiscus","discolor","iNat:232732325","2023-09-11T12:44:22-07:00",,"Caitlin Robinson","false","needs_id",20,2023-09-11 19:44:22,-123.356828,48.878328
"Delphinium menziesii",153479,"Delphinium menziesii",0,"accepted","Menzies' Larkspur",,"Plantae","Tracheophyta","Angiospermae","","Magnoliopsida","","","Ranunculales","","","","Ranunculaceae","Ranunculoideae","Delphinieae","Delphinium","menziesii","iNat:41788583","2020-04-09T11:28:00-07:00",,"Andrew Simon","false","research",28,2020-04-09 18:28:00,-123.368895,48.866304
"Collinsia parviflora",59013,"Collinsia parviflora",0,"accepted","small-flowered blue-eyed mary",,"Plantae","Tracheophyta","Angiospermae","","Magnoliopsida","","","Lamiales","","","","Plantaginaceae","","Cheloneae","Collinsia","parviflora","iNat:41788584","2020-04-09T11:28:00-07:00",,"Andrew Simon","false","research",15,2020-04-09 18:28:00,-123.368959,48.866431
"Erythranthe alsinoides",771843,"Erythranthe alsinoides",0,"accepted","wingstem monkeyflower",,"Plantae","Tracheophyta","Angiospermae","","Magnoliopsida","","","Lamiales","","","","Phrymaceae","","","Erythranthe","alsinoides","iNat:41788587","2020-04-09T11:29:00-07:00",,"Andrew Simon","false","research",19,2020-04-09 18:29:00,-123.368884,48.866396
"Galium aparine",53059,"Galium aparine",0,"accepted","catchweed bedstraw",,"Plantae","Tracheophyta","Angiospermae","","Magnoliopsida","","","Gentianales","","","","Rubiaceae","Rubioideae","Rubieae","Galium","aparine","iNat:41788588","2020-04-09T11:30:00-07:00",,"Andrew Simon","false","research",30,2020-04-09 18:30:00,-123.369015,48.86626
"Cardamine hirsuta",55829,"Cardamine hirsuta",0,"accepted","hairy bittercress",,"Plantae","Tracheophyta","Angiospermae","","Magnoliopsida","","","Brassicales","","","","Brassicaceae","Brassicoideae","Cardamineae","Cardamine","hirsuta","iNat:41788590","2020-04-09T11:32:00-07:00",,"Andrew Simon","false","needs_id",10,2020-04-09 18:32:00,-123.368997,48.866585
"Calandrinia menziesii",400267,"Calandrinia menziesii",0,"accepted","redmaids",,"Plantae","Tracheophyta","Angiospermae","","Magnoliopsida","","","Caryophyllales","","","","Montiaceae","","","Calandrinia","menziesii","iNat:41788593","2020-04-09T11:35:00-07:00",,"Andrew Simon","false","research",10,2020-04-09 18:35:00,-123.369113,48.866453
"Nemophila pedunculata",55461,"Nemophila pedunculata",0,"accepted","Meadow Baby-blue-eyes",,"Plantae","Tracheophyta","Angiospermae","","Magnoliopsida","","","Boraginales","","","","Boraginaceae","Hydrophylloideae","","Nemophila","pedunculata","iNat:41788594","2020-04-09T11:39:00-07:00",,"Andrew Simon","false","needs_id",10,2020-04-09 18:39:00,-123.368795,48.866395
"Nemophila pedunculata",55461,"Nemophila pedunculata",0,"accepted","Meadow Baby-blue-eyes",,"Plantae","Tracheophyta","Angiospermae","","Magnoliopsida","","","Boraginales","","","","Boraginaceae","Hydrophylloideae","","Nemophila","pedunculata","iNat:41788595","2020-04-09T11:41:00-07:00",,"Andrew Simon","false","needs_id",10,2020-04-09 18:41:00,-123.3688,48.866364
"Trifolium variegatum",57080,"Trifolium variegatum",0,"accepted","white-tipped clover",,"Plantae","Tracheophyta","Angiospermae","","Magnoliopsida","","","Fabales","","","","Fabaceae","Faboideae","Trifolieae","Trifolium","variegatum","iNat:41788596","2020-04-09T11:43:00-07:00",,"Andrew Simon","false","research",10,2020-04-09 18:43:00,-123.368717,48.866481
"Athysanus pusillus",58069,"Athysanus pusillus",0,"accepted","common sandweed",,"Plantae","Tracheophyta","Angiospermae","","Magnoliopsida","","","Brassicales","","","","Brassicaceae","Brassicoideae","Arabideae","Athysanus","pusillus","iNat:41788597","2020-04-09T11:51:00-07:00",,"Andrew Simon","false","research",10,2020-04-09 18:51:00,-123.368231,48.865664
"Entosthodon muhlenbergii",917753,"Entosthodon muhlenbergii",0,"accepted","Muhlenberg's Cord-moss",,"Plantae","Bryophyta","","","Bryopsida","","","Funariales","","","","Funariaceae","","","Entosthodon","muhlenbergii","iNat:41788600","2020-04-09T11:58:00-07:00",,"Andrew Simon","false","needs_id",10,2020-04-09 18:58:00,-123.368222,48.865719
"Montia fontana",58990,"Montia fontana",0,"accepted","blinks",,"Plantae","Tracheophyta","Angiospermae","","Magnoliopsida","","","Caryophyllales","","","","Montiaceae","","","Montia","fontana","iNat:41788605","2020-04-09T12:00:00-07:00",,"Andrew Simon","false","needs_id",10,2020-04-09 19:00:00,-123.368233,48.865675
"Athysanus pusillus",58069,"Athysanus pusillus",0,"accepted","common sandweed",,"Plantae","Tracheophyta","Angiospermae","","Magnoliopsida","","","Brassicales","","","","Brassicaceae","Brassicoideae","Arabideae","Athysanus","pusillus","iNat:41788607","2020-04-09T12:01:00-07:00",,"Andrew Simon","false","research",24,2020-04-09 19:01:00,-123.367103,48.864709
"Tipulomorpha",179916,"Tipulomorpha",0,"accepted","Crane Flies",,"Animalia","Arthropoda","Hexapoda","","Insecta","Pterygota","","Diptera","Nematocera","Tipulomorpha","","","","","","","iNat:41788608","2020-04-09T12:02:00-07:00",,"Andrew Simon","false","needs_id",10,2020-04-09 19:02:00,-123.368102,48.865547
"Alopecosa kochi",143470,"Alopecosa kochi",0,"accepted","Koch's Wolf Spider",,"Animalia","Arthropoda","Chelicerata","","Arachnida","","","Araneae","Araneomorphae","Entelegynae","Lycosoidea","Lycosidae","Lycosinae","","Alopecosa","kochi","iNat:41788609","2020-04-09T12:05:00-07:00",,"Andrew Simon","false","research",10,2020-04-09 19:05:00,-123.368064,48.865508
"Nemophila pedunculata",55461,"Nemophila pedunculata",0,"accepted","Meadow Baby-blue-eyes",,"Plantae","Tracheophyta","Angiospermae","","Magnoliopsida","","","Boraginales","","","","Boraginaceae","Hydrophylloideae","","Nemophila","pedunculata","iNat:41788611","2020-04-09T12:06:00-07:00",,"Andrew Simon","false","needs_id",10,2020-04-09 19:06:00,-123.367994,48.865475
"Athysanus pusillus",58069,"Athysanus pusillus",0,"accepted","common sandweed",,"Plantae","Tracheophyta","Angiospermae","","Magnoliopsida","","","Brassicales","","","","Brassicaceae","Brassicoideae","Arabideae","Athysanus","pusillus","iNat:41788612","2020-04-09T12:07:00-07:00",,"Andrew Simon","false","research",10,2020-04-09 19:07:00,-123.367978,48.865453
"Micranthes integrifolia",78027,"Micranthes integrifolia",0,"accepted","Wholeleaf Saxifrage",,"Plantae","Tracheophyta","Angiospermae","","Magnoliopsida","","","Saxifragales","","","","Saxifragaceae","","Micrantheae","Micranthes","integrifolia","iNat:41788613","2020-04-09T12:08:00-07:00",,"Andrew Simon","false","research",10,2020-04-09 19:08:00,-123.367853,48.865475
"Trifolium oliganthum",71122,"Trifolium oliganthum",0,"accepted","few-flowered clover",,"Plantae","Tracheophyta","Angiospermae","","Magnoliopsida","","","Fabales","","","","Fabaceae","Faboideae","Trifolieae","Trifolium","oliganthum","iNat:41788614","2020-04-09T12:08:00-07:00",,"Andrew Simon","false","research",10,2020-04-09 19:08:00,-123.367842,48.865478
"Micranthes integrifolia",78027,"Micranthes integrifolia",0,"accepted","Wholeleaf Saxifrage",,"Plantae","Tracheophyta","Angiospermae","","Magnoliopsida","","","Saxifragales","","","","Saxifragaceae","","Micrantheae","Micranthes","integrifolia","iNat:41788615","2020-04-09T12:12:00-07:00",,"Andrew Simon","false","research",10,2020-04-09 19:12:00,-123.367187,48.86489
"Lomatium utriculatum",56827,"Lomatium utriculatum",0,"accepted","Foothill desert-parsley",,"Plantae","Tracheophyta","Angiospermae","","Magnoliopsida","","","Apiales","","","","Apiaceae","Apioideae","Selineae","Lomatium","utriculatum","iNat:41788617","2020-04-09T12:13:00-07:00",,"Andrew Simon","false","research",10,2020-04-09 19:13:00,-123.367132,48.864892
"Veronica arvensis",55748,"Veronica arvensis",0,"accepted","corn speedwell",,"Plantae","Tracheophyta","Angiospermae","","Magnoliopsida","","","Lamiales","","","","Plantaginaceae","","Veroniceae","Veronica","arvensis","iNat:41788620","2020-04-09T12:16:00-07:00",,"Andrew Simon","false","research",10,2020-04-09 19:16:00,-123.366864,48.864644
"Bombylius major",51557,"Bombylius major",0,"accepted","Greater Bee Fly",,"Animalia","Arthropoda","Hexapoda","","Insecta","Pterygota","","Diptera","Brachycera","Orthorrhapha","Asiloidea","Bombyliidae","Bombyliinae","Bombyliini","Bombylius","major","iNat:41788581","2020-04-09T12:18:00-07:00",,"Andrew Simon","false","research",23,2020-04-09 19:18:00,-123.366706,48.86451
"Erodium cicutarium",47687,"Erodium cicutarium",0,"accepted","Redstem Stork's-bill",,"Plantae","Tracheophyta","Angiospermae","","Magnoliopsida","","","Geraniales","","","","Geraniaceae","","","Erodium","cicutarium","iNat:41788580","2020-04-09T12:19:00-07:00",,"Andrew Simon","false","research",10,2020-04-09 19:19:00,-123.36906,48.866468
"Castilleja attenuata",49341,"Castilleja attenuata",0,"accepted","valley tassels",,"Plantae","Tracheophyta","Angiospermae","","Magnoliopsida","","","Lamiales","","","","Orobanchaceae","","Pedicularideae","Castilleja","attenuata","iNat:41788621","2020-04-09T12:20:00-07:00",,"Andrew Simon","false","research",10,2020-04-09 19:20:00,-123.367012,48.86465
"Bombus vosnesenskii",57689,"Bombus vosnesenskii",0,"accepted","Yellow-faced Bumble Bee",,"Animalia","Arthropoda","Hexapoda","","Insecta","Pterygota","","Hymenoptera","Apocrita","Aculeata","Apoidea","Apidae","Apinae","Bombini","Bombus","vosnesenskii","iNat:41788582","2020-04-09T12:23:00-07:00",,"Andrew Simon","false","research",21,2020-04-09 19:23:00,-123.366638,48.864433
"Lithophragma parviflorum",77791,"Lithophragma parviflorum",0,"accepted","smallflower woodland star",,"Plantae","Tracheophyta","Angiospermae","","Magnoliopsida","","","Saxifragales","","","","Saxifragaceae","","Heuchereae","Lithophragma","parviflorum","iNat:41788625","2020-04-09T12:24:00-07:00",,"Andrew Simon","false","research",10,2020-04-09 19:24:00,-123.366814,48.864669
"Athysanus pusillus",58069,"Athysanus pusillus",0,"accepted","common sandweed",,"Plantae","Tracheophyta","Angiospermae","","Magnoliopsida","","","Brassicales","","","","Brassicaceae","Brassicoideae","Arabideae","Athysanus","pusillus","iNat:41788628","2020-04-09T12:28:00-07:00",,"Andrew Simon","false","research",10,2020-04-09 19:28:00,-123.366842,48.864672
"Veronica arvensis",55748,"Veronica arvensis",0,"accepted","corn speedwell",,"Plantae","Tracheophyta","Angiospermae","","Magnoliopsida","","","Lamiales","","","","Plantaginaceae","","Veroniceae","Veronica","arvensis","iNat:41788639","2020-04-09T12:32:00-07:00",,"Andrew Simon","false","research",10,2020-04-09 19:32:00,-123.366442,48.864411
"Prosternon bombycinum",456412,"Prosternon bombycinum",0,"accepted","",,"Animalia","Arthropoda","Hexapoda","","Insecta","Pterygota","","Coleoptera","Polyphaga","Elateriformia","Elateroidea","Elateridae","Dendrometrinae","Prosternini","Prosternon","bombycinum","iNat:41788640","2020-04-09T12:34:00-07:00",,"Andrew Simon","false","needs_id",10,2020-04-09 19:34:00,-123.366231,48.864281
"Castilleja attenuata",49341,"Castilleja attenuata",0,"accepted","valley tassels",,"Plantae","Tracheophyta","Angiospermae","","Magnoliopsida","","","Lamiales","","","","Orobanchaceae","","Pedicularideae","Castilleja","attenuata","iNat:41788641","2020-04-09T12:35:00-07:00",,"Andrew Simon","false","research",10,2020-04-09 19:35:00,-123.366378,48.86429
"Pentagramma triangularis",52676,"Pentagramma triangularis",0,"accepted","goldback fern",,"Plantae","Tracheophyta","","","Polypodiopsida","Polypodiidae","","Polypodiales","Pteridineae","","","Pteridaceae","Cheilanthoideae","","Pentagramma","triangularis","iNat:41788648","2020-04-09T12:42:00-07:00",,"Andrew Simon","false","research",10,2020-04-09 19:42:00,-123.368181,48.866006
"Cystopteris fragilis",58755,"Cystopteris fragilis",0,"accepted","brittle bladderfern",,"Plantae","Tracheophyta","","","Polypodiopsida","Polypodiidae","","Polypodiales","Aspleniinae","","","Cystopteridaceae","","","Cystopteris","fragilis","iNat:41788650","2020-04-09T12:43:00-07:00",,"Andrew Simon","false","needs_id",10,2020-04-09 19:43:00,-123.36755,48.866595
"Nemophila pedunculata",55461,"Nemophila pedunculata",0,"accepted","Meadow Baby-blue-eyes",,"Plantae","Tracheophyta","Angiospermae","","Magnoliopsida","","","Boraginales","","","","Boraginaceae","Hydrophylloideae","","Nemophila","pedunculata","iNat:41788654","2020-04-09T12:44:00-07:00",,"Andrew Simon","false","research",10,2020-04-09 19:44:00,-123.368572,48.866125
"Berberis aquifolium",126887,"Berberis aquifolium",0,"accepted","Oregon grape",,"Plantae","Tracheophyta","Angiospermae","","Magnoliopsida","","","Ranunculales","","","","Berberidaceae","Berberidoideae","Berberideae","Berberis","aquifolium","iNat:111105965","2022-04-07T14:05:28-07:00",,"Caitlin Robinson","false","research",10,2022-04-07 21:05:28,-123.533417,48.952663
"Veronica arvensis",55748,"Veronica arvensis",0,"accepted","corn speedwell",,"Plantae","Tracheophyta","Angiospermae","","Magnoliopsida","","","Lamiales","","","","Plantaginaceae","","Veroniceae","Veronica","arvensis","iNat:111106246","2022-04-07T14:06:37-07:00",,"Caitlin Robinson","false","research",16,2022-04-07 21:06:37,-123.533372,48.952595
"Polypodium glycyrrhiza",55104,"Polypodium glycyrrhiza",0,"accepted","licorice fern",,"Plantae","Tracheophyta","","","Polypodiopsida","Polypodiidae","","Polypodiales","Polypodiineae","","","Polypodiaceae","Polypodioideae","","Polypodium","glycyrrhiza","iNat:111107265","2022-04-07T14:11:19-07:00",,"Caitlin Robinson","false","research",10,2022-04-07 21:11:19,-123.533233,48.952503
"Pentagramma triangularis",52676,"Pentagramma triangularis",0,"accepted","goldback fern",,"Plantae","Tracheophyta","","","Polypodiopsida","Polypodiidae","","Polypodiales","Pteridineae","","","Pteridaceae","Cheilanthoideae","","Pentagramma","triangularis","iNat:111106740","2022-04-07T14:11:35-07:00",,"Caitlin Robinson","false","research",10,2022-04-07 21:11:35,-123.533203,48.952472
"Selaginella wallacei",63875,"Selaginella wallacei",0,"accepted","Wallace's spikemoss",,"Plantae","Tracheophyta","","","Lycopodiopsida","","","Selaginellales","","","","Selaginellaceae","","","Selaginella","wallacei","iNat:111107513","2022-04-07T14:12:58-07:00",,"Caitlin Robinson","false","research",16,2022-04-07 21:12:58,-123.533347,48.952603
"Cerastium glomeratum",52973,"Cerastium glomeratum",0,"accepted","Sticky mouse-ear chickweed",,"Plantae","Tracheophyta","Angiospermae","","Magnoliopsida","","","Caryophyllales","","","","Caryophyllaceae","","Alsineae","Cerastium","glomeratum","iNat:111107913","2022-04-07T14:15:18-07:00",,"Caitlin Robinson","false","research",10,2022-04-07 21:15:18,-123.5335,48.952308
"Hieracium albiflorum",63937,"Hieracium albiflorum",0,"accepted","white hawkweed",,"Plantae","Tracheophyta","Angiospermae","","Magnoliopsida","","","Asterales","","","","Asteraceae","Cichorioideae","Cichorieae","Hieracium","albiflorum","iNat:111108068","2022-04-07T14:16:33-07:00",,"Caitlin Robinson","false","needs_id",10,2022-04-07 21:16:33,-123.533188,48.952545
"Sedum spathulifolium",58886,"Sedum spathulifolium",0,"accepted","Broad-leaved Stonecrop",,"Plantae","Tracheophyta","Angiospermae","","Magnoliopsida","","","Saxifragales","","","","Crassulaceae","Sempervivoideae","Sedeae","Sedum","spathulifolium","iNat:111108598","2022-04-07T14:25:55-07:00",,"Caitlin Robinson","false","research",16,2022-04-07 21:25:55,-123.533417,48.952533
"Nemophila parviflora",57353,"Nemophila parviflora",0,"accepted","small-flowered nemophila",,"Plantae","Tracheophyta","Angiospermae","","Magnoliopsida","","","Boraginales","","","","Boraginaceae","Hydrophylloideae","","Nemophila","parviflora","iNat:111108432","2022-04-07T14:27:33-07:00",,"Caitlin Robinson","false","needs_id",16,2022-04-07 21:27:33,-123.533492,48.952595
"Collinsia grandiflora",76409,"Collinsia grandiflora",0,"accepted","Giant Blue-eyed Mary",,"Plantae","Tracheophyta","Angiospermae","","Magnoliopsida","","","Lamiales","","","","Plantaginaceae","","Cheloneae","Collinsia","grandiflora","iNat:111108821","2022-04-07T14:28:17-07:00",,"Caitlin Robinson","false","research",16,2022-04-07 21:28:17,-123.533508,48.952583
"Castilleja hispida hispida",234938,"Castilleja hispida hispida",0,"accepted","Harsh Indian-paintbrush",,"Plantae","Tracheophyta","Angiospermae","","Magnoliopsida","","","Lamiales","","","","Orobanchaceae","","Pedicularideae","Castilleja","hispida","iNat:111105491","2022-04-07T14:29:25-07:00",,"Caitlin Robinson","false","research",16,2022-04-07 21:29:25,-123.53357,48.952695
"Piperia",132363,"Piperia",0,"accepted","Rein Orchids",,"Plantae","Tracheophyta","Angiospermae","","Liliopsida","","","Asparagales","","","","Orchidaceae","Orchidoideae","Orchideae","Platanthera","","iNat:111109148","2022-04-07T14:31:11-07:00",,"Caitlin Robinson","false","needs_id",10,2022-04-07 21:31:11,-123.533653,48.952705
"Pentagramma triangularis",52676,"Pentagramma triangularis",0,"accepted","goldback fern",,"Plantae","Tracheophyta","","","Polypodiopsida","Polypodiidae","","Polypodiales","Pteridineae","","","Pteridaceae","Cheilanthoideae","","Pentagramma","triangularis","iNat:111609840","2022-04-15T12:27:00-07:00",,"Andrew Simon","false","research",67,2022-04-15 19:27:00,-123.369791,48.865765
"Veronica arvensis",55748,"Veronica arvensis",0,"accepted","corn speedwell",,"Plantae","Tracheophyta","Angiospermae","","Magnoliopsida","","","Lamiales","","","","Plantaginaceae","","Veroniceae","Veronica","arvensis","iNat:111609841","2022-04-15T12:28:00-07:00",,"Andrew Simon","false","research",67,2022-04-15 19:28:00,-123.369791,48.865765
"Cardamine oligosperma",52981,"Cardamine oligosperma",0,"accepted","little western bittercress",,"Plantae","Tracheophyta","Angiospermae","","Magnoliopsida","","","Brassicales","","","","Brassicaceae","Brassicoideae","Cardamineae","Cardamine","oligosperma","iNat:111609842","2022-04-15T12:28:00-07:00",,"Andrew Simon","false","research",67,2022-04-15 19:28:00,-123.369791,48.865765
"Plagiomnium venustum",126179,"Plagiomnium venustum",0,"accepted","magnificent leafy moss",,"Plantae","Bryophyta","","","Bryopsida","","","Bryales","","","","Mniaceae","","","Plagiomnium","venustum","iNat:111609844","2022-04-15T12:29:00-07:00",,"Andrew Simon","false","needs_id",67,2022-04-15 19:29:00,-123.369791,48.865765
"Ptychostomum capillare",1121982,"Ptychostomum capillare",0,"accepted","Capillary Thread-moss",,"Plantae","Bryophyta","","","Bryopsida","","","Bryales","","","","Bryaceae","","","Ptychostomum","capillare","iNat:111609846","2022-04-15T12:30:00-07:00",,"Andrew Simon","false","needs_id",10,2022-04-15 19:30:00,-123.369044,48.865272
"Plagiothecium laetum",123563,"Plagiothecium laetum",0,"accepted","Bright Silk-moss",,"Plantae","Bryophyta","","","Bryopsida","","","Hypnales","","","","Plagiotheciaceae","","","Plagiothecium","laetum","iNat:111609845","2022-04-15T12:33:00-07:00",,"Andrew Simon","false","needs_id",10,2022-04-15 19:33:00,-123.368828,48.86513
"Erythranthe alsinoides",771843,"Erythranthe alsinoides",0,"accepted","wingstem monkeyflower",,"Plantae","Tracheophyta","Angiospermae","","Magnoliopsida","","","Lamiales","","","","Phrymaceae","","","Erythranthe","alsinoides","iNat:111609848","2022-04-15T12:34:00-07:00",,"Andrew Simon","false","research",10,2022-04-15 19:34:00,-123.369207,48.866
"Stellaria media",53298,"Stellaria media",0,"accepted","common chickweed",,"Plantae","Tracheophyta","Angiospermae","","Magnoliopsida","","","Caryophyllales","","","","Caryophyllaceae","","Alsineae","Stellaria","media","iNat:111609847","2022-04-15T12:35:00-07:00",,"Andrew Simon","false","needs_id",10,2022-04-15 19:35:00,-123.369217,48.865998
"Collinsia parviflora",59013,"Collinsia parviflora",0,"accepted","small-flowered blue-eyed mary",,"Plantae","Tracheophyta","Angiospermae","","Magnoliopsida","","","Lamiales","","","","Plantaginaceae","","Cheloneae","Collinsia","parviflora","iNat:111609849","2022-04-15T12:35:00-07:00",,"Andrew Simon","false","research",10,2022-04-15 19:35:00,-123.369206,48.865997
"Collinsia grandiflora",76409,"Collinsia grandiflora",0,"accepted","Giant Blue-eyed Mary",,"Plantae","Tracheophyta","Angiospermae","","Magnoliopsida","","","Lamiales","","","","Plantaginaceae","","Cheloneae","Collinsia","grandiflora","iNat:111609851","2022-04-15T12:39:00-07:00",,"Andrew Simon","false","research",10,2022-04-15 19:39:00,-123.36926,48.86594
"Selaginella wallacei",63875,"Selaginella wallacei",0,"accepted","Wallace's spikemoss",,"Plantae","Tracheophyta","","","Lycopodiopsida","","","Selaginellales","","","","Selaginellaceae","","","Selaginella","wallacei","iNat:111609852","2022-04-15T12:42:00-07:00",,"Andrew Simon","false","research",10,2022-04-15 19:42:00,-123.369225,48.865978
"Galium aparine",53059,"Galium aparine",0,"accepted","catchweed bedstraw",,"Plantae","Tracheophyta","Angiospermae","","Magnoliopsida","","","Gentianales","","","","Rubiaceae","Rubioideae","Rubieae","Galium","aparine","iNat:111609853","2022-04-15T12:42:00-07:00",,"Andrew Simon","false","needs_id",10,2022-04-15 19:42:00,-123.369225,48.865978
"Homalothecium megaptilum",236885,"Homalothecium megaptilum",0,"accepted","Trachybryum Moss",,"Plantae","Bryophyta","","","Bryopsida","","","Hypnales","","","","Brachytheciaceae","","","Homalothecium","megaptilum","iNat:111609856","2022-04-15T12:42:00-07:00",,"Andrew Simon","false","needs_id",10,2022-04-15 19:42:00,-123.369225,48.865978
"Racomitrium elongatum",167681,"Racomitrium elongatum",0,"accepted","Elongate Rock Moss",,"Plantae","Bryophyta","","","Bryopsida","","","Grimmiales","","","","Grimmiaceae","","","Racomitrium","elongatum","iNat:111609860","2022-04-15T12:47:00-07:00",,"Andrew Simon","false","research",10,2022-04-15 19:47:00,-123.368887,48.866107
"Hedwigia stellata",163552,"Hedwigia stellata",0,"accepted","Starry Hoarmoss",,"Plantae","Bryophyta","","","Bryopsida","","","Hedwigiales","","","","Hedwigiaceae","","","Hedwigia","stellata","iNat:111609859","2022-04-15T12:48:00-07:00",,"Andrew Simon","false","needs_id",10,2022-04-15 19:48:00,-123.368895,48.866053
"Homalothecium fulgescens",123819,"Homalothecium fulgescens",0,"accepted","tree mat homalothecium moss",,"Plantae","Bryophyta","","","Bryopsida","","","Hypnales","","","","Brachytheciaceae","","","Homalothecium","fulgescens","iNat:111609861","2022-04-15T12:49:00-07:00",,"Andrew Simon","false","needs_id",10,2022-04-15 19:49:00,-123.368888,48.86606
"Ptychostomum pseudotriquetrum",68300,"Ptychostomum pseudotriquetrum",0,"accepted","Long-leaved Thread Moss",,"Plantae","Bryophyta","","","Bryopsida","","","Bryales","","","","Bryaceae","","","Ptychostomum","pseudotriquetrum","iNat:111609863","2022-04-15T12:51:00-07:00",,"Andrew Simon","false","needs_id",10,2022-04-15 19:51:00,-123.368895,48.866123
"Timmiella crassinervis",169775,"Timmiella crassinervis",0,"accepted","",,"Plantae","Bryophyta","","","Bryopsida","","","Pottiales","","","","Pottiaceae","","","Timmiella","crassinervis","iNat:111609864","2022-04-15T12:52:00-07:00",,"Andrew Simon","false","research",10,2022-04-15 19:52:00,-123.368898,48.866103
"Trifolium variegatum",57080,"Trifolium variegatum",0,"accepted","white-tipped clover",,"Plantae","Tracheophyta","Angiospermae","","Magnoliopsida","","","Fabales","","","","Fabaceae","Faboideae","Trifolieae","Trifolium","variegatum","iNat:111609865","2022-04-15T12:52:00-07:00",,"Andrew Simon","false","research",10,2022-04-15 19:52:00,-123.368917,48.866087
"Pleuridium acuminatum",127427,"Pleuridium acuminatum",0,"accepted","Taper-leaved Earth-moss",,"Plantae","Bryophyta","","","Bryopsida","","","Dicranales","","","","Ditrichaceae","","","Pleuridium","acuminatum","iNat:111609866","2022-04-15T12:55:00-07:00",,"Andrew Simon","false","needs_id",10,2022-04-15 19:55:00,-123.36883,48.8661
"Scleropodium touretii",67907,"Scleropodium touretii",0,"accepted","Glasswort Feather-moss",,"Plantae","Bryophyta","","","Bryopsida","","","Hypnales","","","","Brachytheciaceae","","","Scleropodium","touretii","iNat:111609867","2022-04-15T12:59:00-07:00",,"Andrew Simon","false","needs_id",10,2022-04-15 19:59:00,-123.368913,48.86608
"Polytrichum piliferum",67905,"Polytrichum piliferum",0,"accepted","bristly haircap moss",,"Plantae","Bryophyta","","","Polytrichopsida","","","Polytrichales","","","","Polytrichaceae","","","Polytrichum","piliferum","iNat:111609868","2022-04-15T13:00:00-07:00",,"Andrew Simon","false","research",10,2022-04-15 20:00:00,-123.368862,48.866107
"Acmispon parviflorus",57048,"Acmispon parviflorus",0,"accepted","Short-flower Deervetch",,"Plantae","Tracheophyta","Angiospermae","","Magnoliopsida","","","Fabales","","","","Fabaceae","Faboideae","Loteae","Acmispon","parviflorus","iNat:111609869","2022-04-15T13:02:00-07:00",,"Andrew Simon","false","needs_id",10,2022-04-15 20:02:00,-123.368885,48.866063
"Polytrichum juniperinum",68286,"Polytrichum juniperinum",0,"accepted","juniper haircap moss",,"Plantae","Bryophyta","","","Polytrichopsida","","","Polytrichales","","","","Polytrichaceae","","","Polytrichum","juniperinum","iNat:111609871","2022-04-15T13:02:00-07:00",,"Andrew Simon","false","needs_id",10,2022-04-15 20:02:00,-123.368883,48.866063
"Claytonia exigua",57233,"Claytonia exigua",0,"accepted","Pale Springbeauty",,"Plantae","Tracheophyta","Angiospermae","","Magnoliopsida","","","Caryophyllales","","","","Montiaceae","","","Claytonia","exigua","iNat:111609873","2022-04-15T13:04:00-07:00",,"Andrew Simon","false","research",10,2022-04-15 20:04:00,-123.368836,48.866114
"Claytonia rubra",64184,"Claytonia rubra",0,"accepted","Redstem Springbeauty",,"Plantae","Tracheophyta","Angiospermae","","Magnoliopsida","","","Caryophyllales","","","","Montiaceae","","","Claytonia","rubra","iNat:111609875","2022-04-15T13:04:00-07:00",,"Andrew Simon","false","research",10,2022-04-15 20:04:00,-123.368822,48.866103
"Alchemilla",1366244,"Alchemilla",0,"accepted","",,"Plantae","Tracheophyta","Angiospermae","","Magnoliopsida","","","Rosales","","","","Rosaceae","Rosoideae","Potentilleae","Alchemilla","","iNat:111609881","2022-04-15T13:06:00-07:00",,"Andrew Simon","false","needs_id",10,2022-04-15 20:06:00,-123.368839,48.866139
"Cytisus scoparius",48538,"Cytisus scoparius",0,"accepted","Scotch Broom",,"Plantae","Tracheophyta","Angiospermae","","Magnoliopsida","","","Fabales","","","","Fabaceae","Faboideae","Genisteae","Cytisus","scoparius","iNat:111609887","2022-04-15T13:09:00-07:00",,"Andrew Simon","false","research",10,2022-04-15 20:09:00,-123.368778,48.866152
"Athysanus pusillus",58069,"Athysanus pusillus",0,"accepted","common sandweed",,"Plantae","Tracheophyta","Angiospermae","","Magnoliopsida","","","Brassicales","","","","Brassicaceae","Brassicoideae","Arabideae","Athysanus","pusillus","iNat:111609903","2022-04-15T13:27:00-07:00",,"Andrew Simon","false","research",30,2022-04-15 20:27:00,-123.367553,48.865162
"Erodium cicutarium",47687,"Erodium cicutarium",0,"accepted","Redstem Stork's-bill",,"Plantae","Tracheophyta","Angiospermae","","Magnoliopsida","","","Geraniales","","","","Geraniaceae","","","Erodium","cicutarium","iNat:111609909","2022-04-15T13:28:00-07:00",,"Andrew Simon","false","needs_id",30,2022-04-15 20:28:00,-123.368015,48.865666
"Philonotis fontana",133809,"Philonotis fontana",0,"accepted","Fountain Apple-moss",,"Plantae","Bryophyta","","","Bryopsida","","","Bartramiales","","","","Bartramiaceae","","","Philonotis","fontana","iNat:111609924","2022-04-15T13:30:00-07:00",,"Andrew Simon","false","needs_id",10,2022-04-15 20:30:00,-123.368143,48.865615
"Ptychostomum pseudotriquetrum",68300,"Ptychostomum pseudotriquetrum",0,"accepted","Long-leaved Thread Moss",,"Plantae","Bryophyta","","","Bryopsida","","","Bryales","","","","Bryaceae","","","Ptychostomum","pseudotriquetrum","iNat:111609929","2022-04-15T13:32:00-07:00",,"Andrew Simon","false","needs_id",10,2022-04-15 20:32:00,-123.368185,48.865792
"Imbribryum miniatum",538114,"Imbribryum miniatum",0,"accepted","Glossy Red Bryum Moss",,"Plantae","Bryophyta","","","Bryopsida","","","Bryales","","","","Bryaceae","","","Imbribryum","miniatum","iNat:111609931","2022-04-15T13:34:00-07:00",,"Andrew Simon","false","needs_id",10,2022-04-15 20:34:00,-123.367977,48.865612
"Lomatium utriculatum",56827,"Lomatium utriculatum",0,"accepted","Foothill desert-parsley",,"Plantae","Tracheophyta","Angiospermae","","Magnoliopsida","","","Apiales","","","","Apiaceae","Apioideae","Selineae","Lomatium","utriculatum","iNat:111609943","2022-04-15T13:36:00-07:00",,"Andrew Simon","false","research",10,2022-04-15 20:36:00,-123.367833,48.86562
"Ceratodon purpureus",123117,"Ceratodon purpureus",0,"accepted","Redshank",,"Plantae","Bryophyta","","","Bryopsida","","","Dicranales","","","","Ditrichaceae","","","Ceratodon","purpureus","iNat:111609948","2022-04-15T13:37:00-07:00",,"Andrew Simon","false","needs_id",10,2022-04-15 20:37:00,-123.367873,48.865683
"Micranthes integrifolia",78027,"Micranthes integrifolia",0,"accepted","Wholeleaf Saxifrage",,"Plantae","Tracheophyta","Angiospermae","","Magnoliopsida","","","Saxifragales","","","","Saxifragaceae","","Micrantheae","Micranthes","integrifolia","iNat:111609952","2022-04-15T13:40:00-07:00",,"Andrew Simon","false","research",10,2022-04-15 20:40:00,-123.36778,48.865417
"Riccia sorocarpa",56420,"Riccia sorocarpa",0,"accepted","Common Crystalwort",,"Plantae","Marchantiophyta","","","Marchantiopsida","Marchantiidae","","Marchantiales","","","","Ricciaceae","","","Riccia","sorocarpa","iNat:111609967","2022-04-15T13:42:00-07:00",,"Andrew Simon","false","research",10,2022-04-15 20:42:00,-123.367722,48.86535
"Lithophragma parviflorum",77791,"Lithophragma parviflorum",0,"accepted","smallflower woodland star",,"Plantae","Tracheophyta","Angiospermae","","Magnoliopsida","","","Saxifragales","","","","Saxifragaceae","","Heuchereae","Lithophragma","parviflorum","iNat:111609976","2022-04-15T13:46:00-07:00",,"Andrew Simon","false","research",10,2022-04-15 20:46:00,-123.367838,48.86537
"Anacolia menziesii",128572,"Anacolia menziesii",0,"accepted","Menzies' anacolia moss",,"Plantae","Bryophyta","","","Bryopsida","","","Bartramiales","","","","Bartramiaceae","","","Anacolia","menziesii","iNat:111609979","2022-04-15T13:53:00-07:00",,"Andrew Simon","false","needs_id",10,2022-04-15 20:53:00,-123.367265,48.865195
"Hedwigia stellata",163552,"Hedwigia stellata",0,"accepted","Starry Hoarmoss",,"Plantae","Bryophyta","","","Bryopsida","","","Hedwigiales","","","","Hedwigiaceae","","","Hedwigia","stellata","iNat:111609986","2022-04-15T14:02:00-07:00",,"Andrew Simon","false","needs_id",10,2022-04-15 21:02:00,-123.366852,48.864837
"Imbribryum miniatum",538114,"Imbribryum miniatum",0,"accepted","Glossy Red Bryum Moss",,"Plantae","Bryophyta","","","Bryopsida","","","Bryales","","","","Bryaceae","","","Imbribryum","miniatum","iNat:111609992","2022-04-15T14:09:00-07:00",,"Andrew Simon","false","needs_id",10,2022-04-15 21:09:00,-123.366407,48.864492
"Toxicoscordion venenosum",59087,"Toxicoscordion venenosum",0,"accepted","Meadow Deathcamas",,"Plantae","Tracheophyta","Angiospermae","","Liliopsida","","","Liliales","","","","Melanthiaceae","","Melanthieae","Toxicoscordion","venenosum","iNat:111609999","2022-04-15T14:14:00-07:00",,"Andrew Simon","false","research",10,2022-04-15 21:14:00,-123.364117,48.863563
"Hedwigia stellata",163552,"Hedwigia stellata",0,"accepted","Starry Hoarmoss",,"Plantae","Bryophyta","","","Bryopsida","","","Hedwigiales","","","","Hedwigiaceae","","","Hedwigia","stellata","iNat:111610008","2022-04-15T15:21:00-07:00",,"Andrew Simon","false","needs_id",32,2022-04-15 22:21:00,-123.362334,48.863516
"Bryum argenteum",123390,"Bryum argenteum",0,"accepted","Silvery Bryum",,"Plantae","Bryophyta","","","Bryopsida","","","Bryales","","","","Bryaceae","","","Bryum","argenteum","iNat:111610011","2022-04-15T15:22:00-07:00",,"Andrew Simon","false","needs_id",10,2022-04-15 22:22:00,-123.36167,48.863402
"Bryum argenteum",123390,"Bryum argenteum",0,"accepted","Silvery Bryum",,"Plantae","Bryophyta","","","Bryopsida","","","Bryales","","","","Bryaceae","","","Bryum","argenteum","iNat:111610015","2022-04-15T15:29:00-07:00",,"Andrew Simon","false","needs_id",10,2022-04-15 22:29:00,-123.361813,48.863548
"Racomitrium elongatum",167681,"Racomitrium elongatum",0,"accepted","Elongate Rock Moss",,"Plantae","Bryophyta","","","Bryopsida","","","Grimmiales","","","","Grimmiaceae","","","Racomitrium","elongatum","iNat:111610021","2022-04-15T15:30:00-07:00",,"Andrew Simon","false","research",10,2022-04-15 22:30:00,-123.361783,48.863533
"Psora globifera",123509,"Psora globifera",0,"accepted","",,"Fungi","Ascomycota","Pezizomycotina","","Lecanoromycetes","Lecanoromycetidae","","Lecanorales","","","","Psoraceae","","","Psora","globifera","iNat:111610026","2022-04-15T15:33:00-07:00",,"Andrew Simon","false","needs_id",10,2022-04-15 22:33:00,-123.362112,48.863532
"Grimmia pulvinata",56117,"Grimmia pulvinata",0,"accepted","Grey-cushioned Grimmia",,"Plantae","Bryophyta","","","Bryopsida","","","Grimmiales","","","","Grimmiaceae","","","Grimmia","pulvinata","iNat:111610032","2022-04-15T15:33:00-07:00",,"Andrew Simon","false","needs_id",10,2022-04-15 22:33:00,-123.36218,48.863627
"Homalothecium aureum",451921,"Homalothecium aureum",0,"accepted","pinnatifid homalothecium moss",,"Plantae","Bryophyta","","","Bryopsida","","","Hypnales","","","","Brachytheciaceae","","","Homalothecium","aureum","iNat:111610036","2022-04-15T15:36:00-07:00",,"Andrew Simon","false","needs_id",10,2022-04-15 22:36:00,-123.36203,48.86332
"Simuliidae",63164,"Simuliidae",0,"accepted","Black Flies",,"Animalia","Arthropoda","Hexapoda","","Insecta","Pterygota","","Diptera","Nematocera","Culicomorpha","Chironomoidea","Simuliidae","","","","","iNat:111610041","2022-04-15T15:36:00-07:00",,"Andrew Simon","false","needs_id",10,2022-04-15 22:36:00,-123.362119,48.863497
"Antitrichia californica",67846,"Antitrichia californica",0,"accepted","California antitrichia moss",,"Plantae","Bryophyta","","","Bryopsida","","","Hypnales","","","","Antitrichiaceae","","","Antitrichia","californica","iNat:111610043","2022-04-15T15:38:00-07:00",,"Andrew Simon","false","needs_id",10,2022-04-15 22:38:00,-123.362207,48.863575
"Vinealobryum norrisii",1282316,"Vinealobryum norrisii",0,"accepted","Norris' beard moss",,"Plantae","Bryophyta","","","Bryopsida","","","Pottiales","","","","Pottiaceae","","","Vinealobryum","norrisii","iNat:111610049","2022-04-15T15:41:00-07:00",,"Andrew Simon","false","research",10,2022-04-15 22:41:00,-123.362223,48.863608
"Riccia sorocarpa",56420,"Riccia sorocarpa",0,"accepted","Common Crystalwort",,"Plantae","Marchantiophyta","","","Marchantiopsida","Marchantiidae","","Marchantiales","","","","Ricciaceae","","","Riccia","sorocarpa","iNat:111610053","2022-04-15T15:45:00-07:00",,"Andrew Simon","false","research",10,2022-04-15 22:45:00,-123.362298,48.863752
"Antitrichia californica",67846,"Antitrichia californica",0,"accepted","California antitrichia moss",,"Plantae","Bryophyta","","","Bryopsida","","","Hypnales","","","","Antitrichiaceae","","","Antitrichia","californica","iNat:111610054","2022-04-15T15:47:00-07:00",,"Andrew Simon","false","needs_id",10,2022-04-15 22:47:00,-123.362323,48.863707
"Syntrichia",67916,"Syntrichia",0,"accepted","",,"Plantae","Bryophyta","","","Bryopsida","","","Pottiales","","","","Pottiaceae","","","Syntrichia","","iNat:111693665","2022-04-15T15:49:00-07:00",,"Andrew Simon","false","needs_id",10,2022-04-15 22:49:00,-123.362615,48.863737
"Weissia controversa",170306,"Weissia controversa",0,"accepted","Green-tufted Stubble Moss",,"Plantae","Bryophyta","","","Bryopsida","","","Pottiales","","","","Pottiaceae","","","Weissia","controversa","iNat:111610058","2022-04-15T16:05:00-07:00",,"Andrew Simon","false","needs_id",29,2022-04-15 23:05:00,-123.363042,48.86359
"Nemophila pedunculata",55461,"Nemophila pedunculata",0,"accepted","Meadow Baby-blue-eyes",,"Plantae","Tracheophyta","Angiospermae","","Magnoliopsida","","","Boraginales","","","","Boraginaceae","Hydrophylloideae","","Nemophila","pedunculata","iNat:111610060","2022-04-15T16:14:00-07:00",,"Andrew Simon","false","research",29,2022-04-15 23:14:00,-123.363042,48.86359
"Castilleja attenuata",49341,"Castilleja attenuata",0,"accepted","valley tassels",,"Plantae","Tracheophyta","Angiospermae","","Magnoliopsida","","","Lamiales","","","","Orobanchaceae","","Pedicularideae","Castilleja","attenuata","iNat:111610066","2022-04-15T16:31:00-07:00",,"Andrew Simon","false","research",15,2022-04-15 23:31:00,-123.363042,48.86359
"Thysanocarpus curvipes",58088,"Thysanocarpus curvipes",0,"accepted","sand fringepod",,"Plantae","Tracheophyta","Angiospermae","","Magnoliopsida","","","Brassicales","","","","Brassicaceae","Brassicoideae","Thelypodieae","Thysanocarpus","curvipes","iNat:111610084","2022-04-15T16:33:00-07:00",,"Andrew Simon","false","research",29,2022-04-15 23:33:00,-123.363042,48.86359
"Zonotrichia leucophrys",9176,"Zonotrichia leucophrys",0,"accepted","White-crowned Sparrow",,"Animalia","Chordata","Vertebrata","","Aves","","","Passeriformes","","","","Passerellidae","","","Zonotrichia","leucophrys","iNat:111610089","2022-04-15T16:37:00-07:00",,"Andrew Simon","false","research",29,2022-04-15 23:37:00,-123.363042,48.86359
"Micranthes integrifolia",78027,"Micranthes integrifolia",0,"accepted","Wholeleaf Saxifrage",,"Plantae","Tracheophyta","Angiospermae","","Magnoliopsida","","","Saxifragales","","","","Saxifragaceae","","Micrantheae","Micranthes","integrifolia","iNat:111610092","2022-04-15T16:40:00-07:00",,"Andrew Simon","false","needs_id",43,2022-04-15 23:40:00,-123.364125,48.863609
"Delphinium menziesii",153479,"Delphinium menziesii",0,"accepted","Menzies' Larkspur",,"Plantae","Tracheophyta","Angiospermae","","Magnoliopsida","","","Ranunculales","","","","Ranunculaceae","Ranunculoideae","Delphinieae","Delphinium","menziesii","iNat:111610095","2022-04-15T16:48:00-07:00",,"Andrew Simon","false","research",43,2022-04-15 23:48:00,-123.364125,48.863609
"Paxistima myrsinites",63893,"Paxistima myrsinites",0,"accepted","Oregon Boxwood",,"Plantae","Tracheophyta","Angiospermae","","Magnoliopsida","","","Celastrales","","","","Celastraceae","","","Paxistima","myrsinites","iNat:111610099","2022-04-15T16:49:00-07:00",,"Andrew Simon","false","research",43,2022-04-15 23:49:00,-123.364125,48.863609
"Lithophragma parviflorum",77791,"Lithophragma parviflorum",0,"accepted","smallflower woodland star",,"Plantae","Tracheophyta","Angiospermae","","Magnoliopsida","","","Saxifragales","","","","Saxifragaceae","","Heuchereae","Lithophragma","parviflorum","iNat:111610102","2022-04-15T16:54:00-07:00",,"Andrew Simon","false","research",43,2022-04-15 23:54:00,-123.364125,48.863609
"Acer macrophyllum",48227,"Acer macrophyllum",0,"accepted","bigleaf maple",,"Plantae","Tracheophyta","Angiospermae","","Magnoliopsida","","","Sapindales","","","","Sapindaceae","","","Acer","macrophyllum","iNat:111610110","2022-04-15T16:59:00-07:00",,"Andrew Simon","false","research",55,2022-04-15 23:59:00,-123.365037,48.863846
"Spinus pinus",145304,"Spinus pinus",0,"accepted","Pine Siskin",,"Animalia","Chordata","Vertebrata","","Aves","","","Passeriformes","","","","Fringillidae","","","Spinus","pinus","iNat:111610118","2022-04-15T16:59:00-07:00",,"Andrew Simon","false","research",55,2022-04-15 23:59:00,-123.365037,48.863846
"Pseudotsuga menziesii",48256,"Pseudotsuga menziesii",0,"accepted","common Douglas-fir",,"Plantae","Tracheophyta","","","Pinopsida","","","Pinales","","","","Pinaceae","Pinoideae","","Pseudotsuga","menziesii","iNat:111610121","2022-04-15T17:49:00-07:00",,"Andrew Simon","false","research",20,2022-04-16 00:49:00,-123.368926,48.865203
"Elgaria coerulea",32064,"Elgaria coerulea",0,"accepted","Northern Alligator Lizard",,"Animalia","Chordata","Vertebrata","","Reptilia","","","Squamata","Sauria","","","Anguidae","Gerrhonotinae","","Elgaria","coerulea","iNat:114122074","2022-04-30T10:05:00-07:00",,"Andrew Simon","false","research",32,2022-04-30 17:05:00,-123.375553,48.867017
"Hedwigia stellata",163552,"Hedwigia stellata",0,"accepted","Starry Hoarmoss",,"Plantae","Bryophyta","","","Bryopsida","","","Hedwigiales","","","","Hedwigiaceae","","","Hedwigia","stellata","iNat:114122076","2022-04-30T10:09:00-07:00",,"Andrew Simon","false","needs_id",32,2022-04-30 17:09:00,-123.375553,48.867017
"Cladonia",49490,"Cladonia",0,"accepted","pixie cup and reindeer lichens",,"Fungi","Ascomycota","Pezizomycotina","","Lecanoromycetes","Lecanoromycetidae","","Lecanorales","","","","Cladoniaceae","","","Cladonia","","iNat:114122077","2022-04-30T10:11:00-07:00",,"Andrew Simon","false","needs_id",25,2022-04-30 17:11:00,-123.375417,48.866757
"Trifolium microcephalum",58911,"Trifolium microcephalum",0,"accepted","small-headed clover",,"Plantae","Tracheophyta","Angiospermae","","Magnoliopsida","","","Fabales","","","","Fabaceae","Faboideae","Trifolieae","Trifolium","microcephalum","iNat:114122081","2022-04-30T10:13:00-07:00",,"Andrew Simon","false","research",25,2022-04-30 17:13:00,-123.3754,48.866715
"Physcia adscendens",124439,"Physcia adscendens",0,"accepted","Hooded Rosette Lichen",,"Fungi","Ascomycota","Pezizomycotina","","Lecanoromycetes","Lecanoromycetidae","","Caliciales","","","","Physciaceae","","","Physcia","adscendens","iNat:114122084","2022-04-30T10:18:00-07:00",,"Andrew Simon","false","needs_id",25,2022-04-30 17:18:00,-123.375145,48.866498
"Vicia lathyroides",79503,"Vicia lathyroides",0,"accepted","spring vetch",,"Plantae","Tracheophyta","Angiospermae","","Magnoliopsida","","","Fabales","","","","Fabaceae","Faboideae","Fabeae","Vicia","lathyroides","iNat:114122090","2022-04-30T10:18:00-07:00",,"Andrew Simon","false","needs_id",25,2022-04-30 17:18:00,-123.375117,48.86649
"Diploschistes muscorum",124441,"Diploschistes muscorum",0,"accepted","Cowpie Lichen",,"Fungi","Ascomycota","Pezizomycotina","","Lecanoromycetes","Ostropomycetidae","","Ostropales","","","","Graphidaceae","","","Diploschistes","muscorum","iNat:114122091","2022-04-30T10:22:00-07:00",,"Andrew Simon","false","needs_id",25,2022-04-30 17:22:00,-123.374867,48.866253
"Claytonia exigua",57233,"Claytonia exigua",0,"accepted","Pale Springbeauty",,"Plantae","Tracheophyta","Angiospermae","","Magnoliopsida","","","Caryophyllales","","","","Montiaceae","","","Claytonia","exigua","iNat:114122104","2022-04-30T10:28:00-07:00",,"Andrew Simon","false","research",25,2022-04-30 17:28:00,-123.374832,48.866243
"Castilleja attenuata",49341,"Castilleja attenuata",0,"accepted","valley tassels",,"Plantae","Tracheophyta","Angiospermae","","Magnoliopsida","","","Lamiales","","","","Orobanchaceae","","Pedicularideae","Castilleja","attenuata","iNat:114122105","2022-04-30T10:30:00-07:00",,"Andrew Simon","false","research",25,2022-04-30 17:30:00,-123.374345,48.86597
"Trifolium microcephalum",58911,"Trifolium microcephalum",0,"accepted","small-headed clover",,"Plantae","Tracheophyta","Angiospermae","","Magnoliopsida","","","Fabales","","","","Fabaceae","Faboideae","Trifolieae","Trifolium","microcephalum","iNat:114122109","2022-04-30T10:30:00-07:00",,"Andrew Simon","false","research",25,2022-04-30 17:30:00,-123.37437,48.866002
"Lepidium virginicum menziesii",79971,"Lepidium virginicum menziesii",0,"accepted","Menzies' pepperweed",,"Plantae","Tracheophyta","Angiospermae","","Magnoliopsida","","","Brassicales","","","","Brassicaceae","Brassicoideae","Lepidieae","Lepidium","virginicum","iNat:114122114","2022-04-30T10:33:00-07:00",,"Andrew Simon","false","needs_id",25,2022-04-30 17:33:00,-123.374593,48.865988
"Vinealobryum norrisii",1282316,"Vinealobryum norrisii",0,"accepted","Norris' beard moss",,"Plantae","Bryophyta","","","Bryopsida","","","Pottiales","","","","Pottiaceae","","","Vinealobryum","norrisii","iNat:114122116","2022-04-30T10:48:00-07:00",,"Andrew Simon","false","needs_id",25,2022-04-30 17:48:00,-123.375015,48.865818
"Monadenia fidelis",62803,"Monadenia fidelis",0,"accepted","Pacific Sideband",,"Animalia","Mollusca","","","Gastropoda","Heterobranchia","Eupulmonata","Stylommatophora","Helicina","Helicoidei","Helicoidea","Xanthonychidae","Monadeniinae","","Monadenia","fidelis","iNat:114122121","2022-04-30T10:54:00-07:00",,"Andrew Simon","false","research",25,2022-04-30 17:54:00,-123.375245,48.865883
"Vinealobryum norrisii",1282316,"Vinealobryum norrisii",0,"accepted","Norris' beard moss",,"Plantae","Bryophyta","","","Bryopsida","","","Pottiales","","","","Pottiaceae","","","Vinealobryum","norrisii","iNat:114122122","2022-04-30T11:03:00-07:00",,"Andrew Simon","false","needs_id",25,2022-04-30 18:03:00,-123.375698,48.86583
"Cirsium vulgare",52989,"Cirsium vulgare",0,"accepted","Bull Thistle",,"Plantae","Tracheophyta","Angiospermae","","Magnoliopsida","","","Asterales","","","","Asteraceae","Carduoideae","Cardueae","Cirsium","vulgare","iNat:114122124","2022-04-30T11:05:00-07:00",,"Andrew Simon","false","research",25,2022-04-30 18:05:00,-123.374962,48.866272
"Grimmia ovalis",163397,"Grimmia ovalis",0,"accepted","Flat-rock Grimmia",,"Plantae","Bryophyta","","","Bryopsida","","","Grimmiales","","","","Grimmiaceae","","","Grimmia","ovalis","iNat:114122128","2022-04-30T11:10:00-07:00",,"Andrew Simon","false","needs_id",25,2022-04-30 18:10:00,-123.374885,48.866203
"Acmispon parviflorus",57048,"Acmispon parviflorus",0,"accepted","Short-flower Deervetch",,"Plantae","Tracheophyta","Angiospermae","","Magnoliopsida","","","Fabales","","","","Fabaceae","Faboideae","Loteae","Acmispon","parviflorus","iNat:114122135","2022-04-30T11:12:00-07:00",,"Andrew Simon","false","research",25,2022-04-30 18:12:00,-123.374673,48.866232
"Trifolium willdenovii",57081,"Trifolium willdenovii",0,"accepted","tomcat clover",,"Plantae","Tracheophyta","Angiospermae","","Magnoliopsida","","","Fabales","","","","Fabaceae","Faboideae","Trifolieae","Trifolium","willdenovii","iNat:114122138","2022-04-30T11:17:00-07:00",,"Andrew Simon","false","research",25,2022-04-30 18:17:00,-123.374528,48.86613
"Epilobium minutum",57150,"Epilobium minutum",0,"accepted","little willowherb",,"Plantae","Tracheophyta","Angiospermae","","Magnoliopsida","","","Myrtales","","","","Onagraceae","","","Epilobium","minutum","iNat:114122137","2022-04-30T11:18:00-07:00",,"Andrew Simon","false","research",25,2022-04-30 18:18:00,-123.374528,48.866125
"Trifolium microdon",57079,"Trifolium microdon",0,"accepted","thimble clover",,"Plantae","Tracheophyta","Angiospermae","","Magnoliopsida","","","Fabales","","","","Fabaceae","Faboideae","Trifolieae","Trifolium","microdon","iNat:114122147","2022-04-30T11:28:00-07:00",,"Andrew Simon","false","research",40,2022-04-30 18:28:00,-123.375313,48.866702
"Zonotrichia leucophrys",9176,"Zonotrichia leucophrys",0,"accepted","White-crowned Sparrow",,"Animalia","Chordata","Vertebrata","","Aves","","","Passeriformes","","","","Passerellidae","","","Zonotrichia","leucophrys","iNat:114122149","2022-04-30T11:33:00-07:00",,"Andrew Simon","false","research",33,2022-04-30 18:33:00,-123.375565,48.866898
"Myadestes townsendi",12951,"Myadestes townsendi",0,"accepted","Townsend's Solitaire",,"Animalia","Chordata","Vertebrata","","Aves","","","Passeriformes","","","","Turdidae","","","Myadestes","townsendi","iNat:114122150","2022-04-30T11:33:00-07:00",,"Andrew Simon","false","research",20,2022-04-30 18:33:00,-123.37561,48.86706
"Turdus migratorius",12727,"Turdus migratorius",0,"accepted","American Robin",,"Animalia","Chordata","Vertebrata","","Aves","","","Passeriformes","","","","Turdidae","","","Turdus","migratorius","iNat:114122156","2022-04-30T11:34:00-07:00",,"Andrew Simon","false","research",24,2022-04-30 18:34:00,-123.375854,48.867249
"Lithophragma parviflorum",77791,"Lithophragma parviflorum",0,"accepted","smallflower woodland star",,"Plantae","Tracheophyta","Angiospermae","","Magnoliopsida","","","Saxifragales","","","","Saxifragaceae","","Heuchereae","Lithophragma","parviflorum","iNat:163928951","2023-05-16T12:13:59-07:00",,"Adam Huggins","false","research",25,2023-05-16 19:13:59,-123.378805,48.869822
"Toxicoscordion venenosum",59087,"Toxicoscordion venenosum",0,"accepted","Meadow Deathcamas",,"Plantae","Tracheophyta","Angiospermae","","Liliopsida","","","Liliales","","","","Melanthiaceae","","Melanthieae","Toxicoscordion","venenosum","iNat:163929155","2023-05-16T14:17:46-07:00",,"Adam Huggins","false","research",10,2023-05-16 21:17:46,-123.383355,48.8735
"Fritillaria affinis",50618,"Fritillaria affinis",0,"accepted","checker lily",,"Plantae","Tracheophyta","Angiospermae","","Liliopsida","","","Liliales","","","","Liliaceae","Lilioideae","Lilieae","Fritillaria","affinis","iNat:163929213","2023-05-16T15:11:37-07:00",,"Adam Huggins","false","research",10,2023-05-16 22:11:37,-123.376992,48.868105
"Bryoria fuscescens",117927,"Bryoria fuscescens",0,"accepted","Pale-footed Horsehair Lichen",,"Fungi","Ascomycota","Pezizomycotina","","Lecanoromycetes","Lecanoromycetidae","","Lecanorales","","","","Parmeliaceae","Parmelioideae","","Bryoria","fuscescens","iNat:203812092","2023-05-24T10:53:10-07:00",,"heather-magpie","false","needs_id",10,2023-05-24 17:53:10,-123.381103,48.871733
"Cerastium arvense",50851,"Cerastium arvense",0,"accepted","field chickweed",,"Plantae","Tracheophyta","Angiospermae","","Magnoliopsida","","","Caryophyllales","","","","Caryophyllaceae","","Alsineae","Cerastium","arvense","iNat:167905261","2023-05-24T11:02:26-07:00",,"heather-magpie","false","needs_id",10,2023-05-24 18:02:26,-123.381192,48.871617
"Allium acuminatum",59782,"Allium acuminatum",0,"accepted","Hooker's onion",,"Plantae","Tracheophyta","Angiospermae","","Liliopsida","","","Asparagales","","","","Amaryllidaceae","Allioideae","Allieae","Allium","acuminatum","iNat:167905306","2023-05-24T11:14:38-07:00",,"heather-magpie","false","research",10,2023-05-24 18:14:38,-123.38045,48.870644
"Clarkia amoena",61048,"Clarkia amoena",0,"accepted","Farewell-To-Spring",,"Plantae","Tracheophyta","Angiospermae","","Magnoliopsida","","","Myrtales","","","","Onagraceae","","","Clarkia","amoena","iNat:167905356","2023-05-24T11:15:43-07:00",,"heather-magpie","false","research",10,2023-05-24 18:15:43,-123.380211,48.870511
"Lupinus bicolor",50614,"Lupinus bicolor",0,"accepted","Miniature Lupine",,"Plantae","Tracheophyta","Angiospermae","","Magnoliopsida","","","Fabales","","","","Fabaceae","Faboideae","Genisteae","Lupinus","bicolor","iNat:168206594","2023-05-24T11:21:47-07:00",,"heather-magpie","false","needs_id",10,2023-05-24 18:21:47,-123.379278,48.870008
"Racomitrium",1486687,"Racomitrium",0,"accepted","",,"Plantae","Bryophyta","","","Bryopsida","","","Grimmiales","","","","Grimmiaceae","","","Racomitrium","","iNat:168205708","2023-05-24T13:25:03-07:00",,"heather-magpie","false","needs_id",10,2023-05-24 20:25:03,-123.376972,48.868175
"Saxifraga cespitosa",78985,"Saxifraga cespitosa",0,"accepted","tufted saxifrage",,"Plantae","Tracheophyta","Angiospermae","","Magnoliopsida","","","Saxifragales","","","","Saxifragaceae","","Saxifrageae","Saxifraga","cespitosa","iNat:163644877","2023-05-24T11:29:34-07:00",,"Myung Jin (John) Kang","false","research",10,2023-05-24 18:29:34,-123.381221,48.871387
"Agulla",60053,"Agulla",0,"accepted","Common Snakeflies",,"Animalia","Arthropoda","Hexapoda","","Insecta","Pterygota","","Raphidioptera","","","","Raphidiidae","Raphidiinae","Agullini","Agulla","","iNat:164416739","2023-05-24T12:32:22-07:00",,"Myung Jin (John) Kang","false","needs_id",10,2023-05-24 19:32:22,-123.377149,48.868187
"Thamnophis ordinoides",28389,"Thamnophis ordinoides",0,"accepted","Northwestern Garter Snake",,"Animalia","Chordata","Vertebrata","","Reptilia","","","Squamata","Serpentes","","","Colubridae","Natricinae","","Thamnophis","ordinoides","iNat:164095336","2023-05-24T16:49:24-07:00",,"Myung Jin (John) Kang","false","research",10,2023-05-24 23:49:24,-123.378136,48.868166
"Formica fusca",69257,"Formica fusca",0,"accepted","",,"Animalia","Arthropoda","Hexapoda","","Insecta","Pterygota","","Hymenoptera","Apocrita","Aculeata","Formicoidea","Formicidae","Formicinae","Formicini","Formica","fusca","iNat:164095416","2023-05-24T16:51:51-07:00",,"Myung Jin (John) Kang","false","needs_id",10,2023-05-24 23:51:51,-123.377873,48.868082
"Saxifraga cespitosa",78985,"Saxifraga cespitosa",0,"accepted","tufted saxifrage",,"Plantae","Tracheophyta","Angiospermae","","Magnoliopsida","","","Saxifragales","","","","Saxifragaceae","","Saxifrageae","Saxifraga","cespitosa","iNat:163927989","2023-05-24T11:31:55-07:00",,"Adam Huggins","false","research",10,2023-05-24 18:31:55,-123.38118,48.871425
"Luzula",1425864,"Luzula",0,"accepted","",,"Plantae","Tracheophyta","Angiospermae","","Liliopsida","","","Poales","","","","Juncaceae","","","Luzula","","iNat:163927832","2023-05-24T11:36:58-07:00",,"Adam Huggins","false","needs_id",10,2023-05-24 18:36:58,-123.380997,48.871483
"Clarkia amoena",61048,"Clarkia amoena",0,"accepted","Farewell-To-Spring",,"Plantae","Tracheophyta","Angiospermae","","Magnoliopsida","","","Myrtales","","","","Onagraceae","","","Clarkia","amoena","iNat:163927694","2023-05-24T16:54:05-07:00",,"Adam Huggins","false","needs_id",13,2023-05-24 23:54:05,-123.377355,48.868012
"Collemataceae",117961,"Collemataceae",0,"accepted","",,"Fungi","Ascomycota","Pezizomycotina","","Lecanoromycetes","Lecanoromycetidae","","Peltigerales","","","","Collemataceae","","","","","iNat:164095893","2023-05-25T07:50:41-07:00",,"Myung Jin (John) Kang","false","needs_id",10,2023-05-25 14:50:41,-123.378373,48.869526
"Vicia hirsuta",56188,"Vicia hirsuta",0,"accepted","Hairy tare",,"Plantae","Tracheophyta","Angiospermae","","Magnoliopsida","","","Fabales","","","","Fabaceae","Faboideae","Fabeae","Vicia","hirsuta","iNat:164095975","2023-05-25T08:33:11-07:00",,"Myung Jin (John) Kang","false","research",10,2023-05-25 15:33:11,-123.378731,48.869612
"Taraxacum erythrospermum",79317,"Taraxacum erythrospermum",0,"accepted","red-seeded dandelion",,"Plantae","Tracheophyta","Angiospermae","","Magnoliopsida","","","Asterales","","","","Asteraceae","Cichorioideae","Cichorieae","Taraxacum","erythrospermum","iNat:164096157","2023-05-25T08:40:38-07:00",,"Myung Jin (John) Kang","false","needs_id",10,2023-05-25 15:40:38,-123.37888,48.86929
"Trifolium microcephalum",58911,"Trifolium microcephalum",0,"accepted","small-headed clover",,"Plantae","Tracheophyta","Angiospermae","","Magnoliopsida","","","Fabales","","","","Fabaceae","Faboideae","Trifolieae","Trifolium","microcephalum","iNat:164096309","2023-05-25T08:44:23-07:00",,"Myung Jin (John) Kang","false","research",10,2023-05-25 15:44:23,-123.378708,48.869285
"Torilis arvensis",56846,"Torilis arvensis",0,"accepted","common hedge parsley",,"Plantae","Tracheophyta","Angiospermae","","Magnoliopsida","","","Apiales","","","","Apiaceae","Apioideae","Scandiceae","Torilis","arvensis","iNat:163684664","2023-05-25T11:21:52-07:00",,"Myung Jin (John) Kang","false","needs_id",10,2023-05-25 18:21:52,-123.378947,48.869372
"Agoseris",52829,"Agoseris",0,"accepted","mountain dandelions",,"Plantae","Tracheophyta","Angiospermae","","Magnoliopsida","","","Asterales","","","","Asteraceae","Cichorioideae","Cichorieae","Agoseris","","iNat:164096233","2023-05-25T11:33:03-07:00",,"Myung Jin (John) Kang","false","needs_id",10,2023-05-25 18:33:03,-123.378999,48.869403
"Madia",53136,"Madia",0,"accepted","tarweeds",,"Plantae","Tracheophyta","Angiospermae","","Magnoliopsida","","","Asterales","","","","Asteraceae","Asteroideae","Madieae","Madia","","iNat:164096508","2023-05-25T11:43:41-07:00",,"Myung Jin (John) Kang","false","needs_id",10,2023-05-25 18:43:41,-123.378855,48.869422
"Agoseris",52829,"Agoseris",0,"accepted","mountain dandelions",,"Plantae","Tracheophyta","Angiospermae","","Magnoliopsida","","","Asterales","","","","Asteraceae","Cichorioideae","Cichorieae","Agoseris","","iNat:164097136","2023-05-25T16:04:02-07:00",,"Myung Jin (John) Kang","false","needs_id",1989,2023-05-25 23:04:02,-123.378998,48.869471
"Ranunculus occidentalis",68057,"Ranunculus occidentalis",0,"accepted","Western Buttercup",,"Plantae","Tracheophyta","Angiospermae","","Magnoliopsida","","","Ranunculales","","","","Ranunculaceae","Ranunculoideae","Ranunculeae","Ranunculus","occidentalis","iNat:163927625","2023-05-25T10:20:22-07:00",,"Adam Huggins","false","needs_id",14,2023-05-25 17:20:22,-123.378862,48.870078
"Vicia hirsuta",56188,"Vicia hirsuta",0,"accepted","Hairy tare",,"Plantae","Tracheophyta","Angiospermae","","Magnoliopsida","","","Fabales","","","","Fabaceae","Faboideae","Fabeae","Vicia","hirsuta","iNat:167904414","2023-05-25T11:38:25-07:00",,"heather-magpie","false","research",10,2023-05-25 18:38:25,-123.378881,48.869489
"Saxifraga cespitosa",78985,"Saxifraga cespitosa",0,"accepted","tufted saxifrage",,"Plantae","Tracheophyta","Angiospermae","","Magnoliopsida","","","Saxifragales","","","","Saxifragaceae","","Saxifrageae","Saxifraga","cespitosa","iNat:167903586","2023-05-25T16:12:29-07:00",,"heather-magpie","false","research",10,2023-05-25 23:12:29,-123.381242,48.871283
"Claytonia perfoliata",52994,"Claytonia perfoliata",0,"accepted","miner's lettuce",,"Plantae","Tracheophyta","Angiospermae","","Magnoliopsida","","","Caryophyllales","","","","Montiaceae","","","Claytonia","perfoliata","iNat:164495769","2023-05-26T17:41:34-07:00",,"Joan Septembre","false","research",31,2023-05-27 00:41:34,-123.51278,48.949742
"Cirsium brevistylum",52993,"Cirsium brevistylum",0,"accepted","Short-styled Thistle",,"Plantae","Tracheophyta","Angiospermae","","Magnoliopsida","","","Asterales","","","","Asteraceae","Carduoideae","Cardueae","Cirsium","brevistylum","iNat:164495523","2023-05-26T17:44:32-07:00",,"Joan Septembre","false","research",20,2023-05-27 00:44:32,-123.514947,48.95017
"Achlys triphylla",75263,"Achlys triphylla",0,"accepted","vanilla leaf",,"Plantae","Tracheophyta","Angiospermae","","Magnoliopsida","","","Ranunculales","","","","Berberidaceae","Berberidoideae","Berberideae","Achlys","triphylla","iNat:164495647","2023-05-26T17:44:46-07:00",,"Joan Septembre","false","research",11,2023-05-27 00:44:46,-123.514947,48.950225
"Pteridium aquilinum",52681,"Pteridium aquilinum",0,"accepted","common bracken",,"Plantae","Tracheophyta","","","Polypodiopsida","Polypodiidae","","Polypodiales","Dennstaedtiineae","","","Dennstaedtiaceae","","","Pteridium","aquilinum","iNat:164495360","2023-05-26T17:47:20-07:00",,"Joan Septembre","false","research",29,2023-05-27 00:47:20,-123.516778,48.951738
"Lysimachia latifolia",496537,"Lysimachia latifolia",0,"accepted","Western Starflower",,"Plantae","Tracheophyta","Angiospermae","","Magnoliopsida","","","Ericales","","","","Primulaceae","Myrsinoideae","","Lysimachia","latifolia","iNat:164495048","2023-05-26T17:47:41-07:00",,"Joan Septembre","false","research",13,2023-05-27 00:47:41,-123.516687,48.95157
"Cytisus scoparius",48538,"Cytisus scoparius",0,"accepted","Scotch Broom",,"Plantae","Tracheophyta","Angiospermae","","Magnoliopsida","","","Fabales","","","","Fabaceae","Faboideae","Genisteae","Cytisus","scoparius","iNat:164494873","2023-05-26T17:51:31-07:00",,"Joan Septembre","false","research",22,2023-05-27 00:51:31,-123.518945,48.952347
"Cerastium arvense",50851,"Cerastium arvense",0,"accepted","field chickweed",,"Plantae","Tracheophyta","Angiospermae","","Magnoliopsida","","","Caryophyllales","","","","Caryophyllaceae","","Alsineae","Cerastium","arvense","iNat:164494677","2023-05-26T17:52:46-07:00",,"Joan Septembre","false","research",10,2023-05-27 00:52:46,-123.519163,48.952438
"Vicia sativa",53324,"Vicia sativa",0,"accepted","Common Vetch",,"Plantae","Tracheophyta","Angiospermae","","Magnoliopsida","","","Fabales","","","","Fabaceae","Faboideae","Fabeae","Vicia","sativa","iNat:164495882","2023-05-26T17:54:20-07:00",,"Joan Septembre","false","research",31,2023-05-27 00:54:20,-123.519945,48.952597
"Pseudotsuga menziesii",48256,"Pseudotsuga menziesii",0,"accepted","common Douglas-fir",,"Plantae","Tracheophyta","","","Pinopsida","","","Pinales","","","","Pinaceae","Pinoideae","","Pseudotsuga","menziesii","iNat:164494320","2023-05-26T17:54:54-07:00",,"Joan Septembre","false","research",29,2023-05-27 00:54:54,-123.520012,48.952625
"Collinsia grandiflora",76409,"Collinsia grandiflora",0,"accepted","Giant Blue-eyed Mary",,"Plantae","Tracheophyta","Angiospermae","","Magnoliopsida","","","Lamiales","","","","Plantaginaceae","","Cheloneae","Collinsia","grandiflora","iNat:164494814","2023-05-26T17:56:05-07:00",,"Joan Septembre","false","needs_id",29,2023-05-27 00:56:05,-123.52085,48.952872
"Bellis perennis",55563,"Bellis perennis",0,"accepted","Lawn daisy",,"Plantae","Tracheophyta","Angiospermae","","Magnoliopsida","","","Asterales","","","","Asteraceae","Asteroideae","Astereae","Bellis","perennis","iNat:164494610","2023-05-26T17:57:03-07:00",,"Joan Septembre","false","research",31,2023-05-27 00:57:03,-123.521003,48.952737
"Vicia americana",53320,"Vicia americana",0,"accepted","American vetch",,"Plantae","Tracheophyta","Angiospermae","","Magnoliopsida","","","Fabales","","","","Fabaceae","Faboideae","Fabeae","Vicia","americana","iNat:164494410","2023-05-26T17:57:44-07:00",,"Joan Septembre","false","research",10,2023-05-27 00:57:44,-123.521355,48.953147
"Ranunculus occidentalis",68057,"Ranunculus occidentalis",0,"accepted","Western Buttercup",,"Plantae","Tracheophyta","Angiospermae","","Magnoliopsida","","","Ranunculales","","","","Ranunculaceae","Ranunculoideae","Ranunculeae","Ranunculus","occidentalis","iNat:164494155","2023-05-26T17:58:14-07:00",,"Joan Septembre","false","needs_id",29,2023-05-27 00:58:14,-123.5216,48.953687
"Rubus leucodermis",63960,"Rubus leucodermis",0,"accepted","whitebark raspberry",,"Plantae","Tracheophyta","Angiospermae","","Magnoliopsida","","","Rosales","","","","Rosaceae","Rosoideae","Rubeae","Rubus","leucodermis","iNat:164494005","2023-05-26T17:58:49-07:00",,"Joan Septembre","false","research",29,2023-05-27 00:58:49,-123.521842,48.95322
"Trifolium willdenovii",57081,"Trifolium willdenovii",0,"accepted","tomcat clover",,"Plantae","Tracheophyta","Angiospermae","","Magnoliopsida","","","Fabales","","","","Fabaceae","Faboideae","Trifolieae","Trifolium","willdenovii","iNat:164493918","2023-05-26T18:00:23-07:00",,"Joan Septembre","false","research",20,2023-05-27 01:00:23,-123.522178,48.953847
"Anisocarpus madioides",53137,"Anisocarpus madioides",0,"accepted","woodland madia",,"Plantae","Tracheophyta","Angiospermae","","Magnoliopsida","","","Asterales","","","","Asteraceae","Asteroideae","Madieae","Anisocarpus","madioides","iNat:164493795","2023-05-26T18:01:55-07:00",,"Joan Septembre","false","research",29,2023-05-27 01:01:55,-123.522347,48.95345
"Arbutus menziesii",51046,"Arbutus menziesii",0,"accepted","Pacific madrone",,"Plantae","Tracheophyta","Angiospermae","","Magnoliopsida","","","Ericales","","","","Ericaceae","Arbutoideae","","Arbutus","menziesii","iNat:164493689","2023-05-26T18:03:07-07:00",,"Joan Septembre","false","research",20,2023-05-27 01:03:07,-123.523138,48.953992
"Rosa gymnocarpa",53441,"Rosa gymnocarpa",0,"accepted","Baldhip Rose",,"Plantae","Tracheophyta","Angiospermae","","Magnoliopsida","","","Rosales","","","","Rosaceae","Rosoideae","Roseae","Rosa","gymnocarpa","iNat:164493187","2023-05-26T18:05:02-07:00",,"Joan Septembre","false","needs_id",29,2023-05-27 01:05:02,-123.523255,48.95435
"Dicranum scoparium",123134,"Dicranum scoparium",0,"accepted","Broom Forkmoss",,"Plantae","Bryophyta","","","Bryopsida","","","Dicranales","","","","Dicranaceae","","","Dicranum","scoparium","iNat:164493081","2023-05-26T18:10:23-07:00",,"Joan Septembre","false","needs_id",29,2023-05-27 01:10:23,-123.525458,48.955117
"Eriophyllum lanatum",77049,"Eriophyllum lanatum",0,"accepted","common woolly sunflower",,"Plantae","Tracheophyta","Angiospermae","","Magnoliopsida","","","Asterales","","","","Asteraceae","Asteroideae","Madieae","Eriophyllum","lanatum","iNat:164492933","2023-05-26T18:12:04-07:00",,"Joan Septembre","false","research",29,2023-05-27 01:12:04,-123.527162,48.95588
"Clarkia amoena",61048,"Clarkia amoena",0,"accepted","Farewell-To-Spring",,"Plantae","Tracheophyta","Angiospermae","","Magnoliopsida","","","Myrtales","","","","Onagraceae","","","Clarkia","amoena","iNat:163933197","2023-05-26T18:12:51-07:00",,"Joan Septembre","false","research",10,2023-05-27 01:12:51,-123.527162,48.955913
"Camassia quamash",62220,"Camassia quamash",0,"accepted","small camas",,"Plantae","Tracheophyta","Angiospermae","","Liliopsida","","","Asparagales","","","","Asparagaceae","Agavoideae","","Camassia","quamash","iNat:164492415","2023-05-26T18:22:32-07:00",,"Joan Septembre","false","research",10,2023-05-27 01:22:32,-123.527717,48.956122
"Rumex acetosella",53195,"Rumex acetosella",0,"accepted","Sheep's sorrel",,"Plantae","Tracheophyta","Angiospermae","","Magnoliopsida","","","Caryophyllales","","","","Polygonaceae","Polygonoideae","Rumiceae","Rumex","acetosella","iNat:164492350","2023-05-26T18:23:15-07:00",,"Joan Septembre","false","research",10,2023-05-27 01:23:15,-123.527938,48.956295
"Lonicera hispidula",53416,"Lonicera hispidula",0,"accepted","Pink Honeysuckle",,"Plantae","Tracheophyta","Angiospermae","","Magnoliopsida","","","Dipsacales","","","","Caprifoliaceae","Caprifolioideae","","Lonicera","hispidula","iNat:164492197","2023-05-26T18:23:21-07:00",,"Joan Septembre","false","research",10,2023-05-27 01:23:21,-123.52793,48.956305
"Arctostaphylos columbiana",75505,"Arctostaphylos columbiana",0,"accepted","hairy manzanita",,"Plantae","Tracheophyta","Angiospermae","","Magnoliopsida","","","Ericales","","","","Ericaceae","Arbutoideae","","Arctostaphylos","columbiana","iNat:164491636","2023-05-26T18:23:48-07:00",,"Joan Septembre","false","research",10,2023-05-27 01:23:48,-123.52807,48.956295
"Sympetrum illotum",51555,"Sympetrum illotum",0,"accepted","Cardinal Meadowhawk",,"Animalia","Arthropoda","Hexapoda","","Insecta","Pterygota","","Odonata","Anisoptera","","Libelluloidea","Libellulidae","","","Sympetrum","illotum","iNat:164574159","2023-05-26T18:26:00-07:00",,"Joan Septembre","false","research",29,2023-05-27 01:26:00,-123.528036,48.955946
"Platypedia areolata",347805,"Platypedia areolata",0,"accepted","Salmonfly Cicada",,"Animalia","Arthropoda","Hexapoda","","Insecta","Pterygota","","Hemiptera","Auchenorrhyncha","Cicadomorpha","Cicadoidea","Cicadidae","Tibicininae","Platypediini","Platypedia","areolata","iNat:164574158","2023-05-26T18:29:00-07:00",,"Joan Septembre","false","research",29,2023-05-27 01:29:00,-123.528,48.956
"Allium acuminatum",59782,"Allium acuminatum",0,"accepted","Hooker's onion",,"Plantae","Tracheophyta","Angiospermae","","Liliopsida","","","Asparagales","","","","Amaryllidaceae","Allioideae","Allieae","Allium","acuminatum","iNat:163932865","2023-05-26T18:31:59-07:00",,"Joan Septembre","false","research",10,2023-05-27 01:31:59,-123.527717,48.956105
"Pseudotsuga menziesii",48256,"Pseudotsuga menziesii",0,"accepted","common Douglas-fir",,"Plantae","Tracheophyta","","","Pinopsida","","","Pinales","","","","Pinaceae","Pinoideae","","Pseudotsuga","menziesii","iNat:164491491","2023-05-26T18:35:32-07:00",,"Joan Septembre","false","research",10,2023-05-27 01:35:32,-123.527978,48.956253
"Platanthera ephemerantha",473217,"Platanthera ephemerantha",0,"accepted","Whiteflower Rein Orchid",,"Plantae","Tracheophyta","Angiospermae","","Liliopsida","","","Asparagales","","","","Orchidaceae","Orchidoideae","Orchideae","Platanthera","ephemerantha","iNat:164491329","2023-05-26T18:42:07-07:00",,"Joan Septembre","false","needs_id",19,2023-05-27 01:42:07,-123.527388,48.95607
"Polypodium glycyrrhiza",55104,"Polypodium glycyrrhiza",0,"accepted","licorice fern",,"Plantae","Tracheophyta","","","Polypodiopsida","Polypodiidae","","Polypodiales","Polypodiineae","","","Polypodiaceae","Polypodioideae","","Polypodium","glycyrrhiza","iNat:164491220","2023-05-26T18:42:12-07:00",,"Joan Septembre","false","research",10,2023-05-27 01:42:12,-123.527358,48.95605
"Vaccinium ovatum",48349,"Vaccinium ovatum",0,"accepted","Evergreen Huckleberry",,"Plantae","Tracheophyta","Angiospermae","","Magnoliopsida","","","Ericales","","","","Ericaceae","Vaccinioideae","Vaccinieae","Vaccinium","ovatum","iNat:164491142","2023-05-26T18:42:33-07:00",,"Joan Septembre","false","research",10,2023-05-27 01:42:33,-123.527367,48.956087
"Taraxacum erythrospermum",79317,"Taraxacum erythrospermum",0,"accepted","red-seeded dandelion",,"Plantae","Tracheophyta","Angiospermae","","Magnoliopsida","","","Asterales","","","","Asteraceae","Cichorioideae","Cichorieae","Taraxacum","erythrospermum","iNat:164491050","2023-05-26T18:44:51-07:00",,"Joan Septembre","false","needs_id",29,2023-05-27 01:44:51,-123.526772,48.955905
"Hieracium albiflorum",63937,"Hieracium albiflorum",0,"accepted","white hawkweed",,"Plantae","Tracheophyta","Angiospermae","","Magnoliopsida","","","Asterales","","","","Asteraceae","Cichorioideae","Cichorieae","Hieracium","albiflorum","iNat:164490804","2023-05-26T18:45:15-07:00",,"Joan Septembre","false","needs_id",29,2023-05-27 01:45:15,-123.526847,48.955833
"Montia parvifolia",78123,"Montia parvifolia",0,"accepted","Small-leaved Blinks",,"Plantae","Tracheophyta","Angiospermae","","Magnoliopsida","","","Caryophyllales","","","","Montiaceae","","","Montia","parvifolia","iNat:164490682","2023-05-26T18:47:07-07:00",,"Joan Septembre","false","needs_id",10,2023-05-27 01:47:07,-123.525453,48.955028
"Arbutus menziesii",51046,"Arbutus menziesii",0,"accepted","Pacific madrone",,"Plantae","Tracheophyta","Angiospermae","","Magnoliopsida","","","Ericales","","","","Ericaceae","Arbutoideae","","Arbutus","menziesii","iNat:164490332","2023-05-26T18:48:45-07:00",,"Joan Septembre","false","research",12,2023-05-27 01:48:45,-123.52423,48.954297
"Collomia heterophylla",52996,"Collomia heterophylla",0,"accepted","variableleaf collomia",,"Plantae","Tracheophyta","Angiospermae","","Magnoliopsida","","","Ericales","","","","Polemoniaceae","","","Collomia","heterophylla","iNat:163932650","2023-05-26T18:55:30-07:00",,"Joan Septembre","false","research",11,2023-05-27 01:55:30,-123.522867,48.953862
"Holodiscus discolor",53414,"Holodiscus discolor",0,"accepted","Ocean spray",,"Plantae","Tracheophyta","Angiospermae","","Magnoliopsida","","","Rosales","","","","Rosaceae","Amygdaloideae","Spiraeeae","Holodiscus","discolor","iNat:164490576","2023-05-26T19:03:59-07:00",,"Joan Septembre","false","research",11,2023-05-27 02:03:59,-123.520242,48.95278
"Toxicoscordion venenosum",59087,"Toxicoscordion venenosum",0,"accepted","Meadow Deathcamas",,"Plantae","Tracheophyta","Angiospermae","","Liliopsida","","","Liliales","","","","Melanthiaceae","","Melanthieae","Toxicoscordion","venenosum","iNat:164490226","2023-05-26T19:04:29-07:00",,"Joan Septembre","false","research",10,2023-05-27 02:04:29,-123.519913,48.952603
"Gaultheria shallon",48441,"Gaultheria shallon",0,"accepted","salal",,"Plantae","Tracheophyta","Angiospermae","","Magnoliopsida","","","Ericales","","","","Ericaceae","Vaccinioideae","Gaultherieae","Gaultheria","shallon","iNat:164489984","2023-05-26T19:11:09-07:00",,"Joan Septembre","false","research",25,2023-05-27 02:11:09,-123.514738,48.950113
"Osmorhiza berteroi",53166,"Osmorhiza berteroi",0,"accepted","mountain sweet cicely",,"Plantae","Tracheophyta","Angiospermae","","Magnoliopsida","","","Apiales","","","","Apiaceae","Apioideae","Scandiceae","Osmorhiza","berteroi","iNat:164489180","2023-05-26T19:11:23-07:00",,"Joan Septembre","false","research",13,2023-05-27 02:11:23,-123.514612,48.950138
"Adenocaulon bicolor",56854,"Adenocaulon bicolor",0,"accepted","American trailplant",,"Plantae","Tracheophyta","Angiospermae","","Magnoliopsida","","","Asterales","","","","Asteraceae","Mutisioideae","Mutisieae","Adenocaulon","bicolor","iNat:164489111","2023-05-26T19:11:53-07:00",,"Joan Septembre","false","research",23,2023-05-27 02:11:53,-123.514467,48.950083
"Corallorhiza maculata",49475,"Corallorhiza maculata",0,"accepted","spotted coralroot",,"Plantae","Tracheophyta","Angiospermae","","Liliopsida","","","Asparagales","","","","Orchidaceae","Epidendroideae","Epidendreae","Corallorhiza","maculata","iNat:163933370","2023-05-26T19:13:12-07:00",,"Joan Septembre","false","research",11,2023-05-27 02:13:12,-123.513367,48.949975
"Chrysobothris",133824,"Chrysobothris",0,"accepted","",,"Animalia","Arthropoda","Hexapoda","","Insecta","Pterygota","","Coleoptera","Polyphaga","Elateriformia","Buprestoidea","Buprestidae","Buprestinae","Chrysobothrini","Chrysobothris","","iNat:164895371","2023-05-27T15:14:00-07:00",,"Andrew Simon","false","needs_id",36,2023-05-27 22:14:00,-123.376808,48.86791
"Cerastium arvense",50851,"Cerastium arvense",0,"accepted","field chickweed",,"Plantae","Tracheophyta","Angiospermae","","Magnoliopsida","","","Caryophyllales","","","","Caryophyllaceae","","Alsineae","Cerastium","arvense","iNat:164093173","2023-05-27T15:15:10-07:00",,"Andrew Simon","false","research",10,2023-05-27 22:15:10,-123.375968,48.86737
"Allium acuminatum",59782,"Allium acuminatum",0,"accepted","Hooker's onion",,"Plantae","Tracheophyta","Angiospermae","","Liliopsida","","","Asparagales","","","","Amaryllidaceae","Allioideae","Allieae","Allium","acuminatum","iNat:164093481","2023-05-27T15:37:54-07:00",,"Andrew Simon","false","research",10,2023-05-27 22:37:54,-123.376146,48.867713
"Lobaria pulmonaria",48711,"Lobaria pulmonaria",0,"accepted","Tree Lungwort",,"Fungi","Ascomycota","Pezizomycotina","","Lecanoromycetes","Lecanoromycetidae","","Peltigerales","","","","Lobariaceae","","","Lobaria","pulmonaria","iNat:164093505","2023-05-27T15:38:53-07:00",,"Andrew Simon","false","research",10,2023-05-27 22:38:53,-123.376244,48.867856
"Xysticus",61903,"Xysticus",0,"accepted","Ground Crab Spiders",,"Animalia","Arthropoda","Chelicerata","","Arachnida","","","Araneae","Araneomorphae","Entelegynae","Thomisoidea","Thomisidae","Thomisinae","Coriarachnini","Xysticus","","iNat:164895369","2023-05-27T15:47:00-07:00",,"Andrew Simon","false","needs_id",26,2023-05-27 22:47:00,-123.376808,48.86791
"Quercus garryana",68632,"Quercus garryana",0,"accepted","Oregon oak",,"Plantae","Tracheophyta","Angiospermae","","Magnoliopsida","","","Fagales","","","","Fagaceae","","","Quercus","garryana","iNat:164093540","2023-05-27T15:47:50-07:00",,"Andrew Simon","false","research",10,2023-05-27 22:47:50,-123.376282,48.867943
"Erynnis propertius",59187,"Erynnis propertius",0,"accepted","Propertius Duskywing",,"Animalia","Arthropoda","Hexapoda","","Insecta","Pterygota","","Lepidoptera","","","Papilionoidea","Hesperiidae","Pyrginae","Erynnini","Erynnis","propertius","iNat:164093669","2023-05-27T15:49:12-07:00",,"Andrew Simon","false","research",10,2023-05-27 22:49:12,-123.376491,48.867968
"Ochrolechia upsaliensis",226129,"Ochrolechia upsaliensis",0,"accepted","Tundra Saucer Lichen",,"Fungi","Ascomycota","Pezizomycotina","","Lecanoromycetes","Ostropomycetidae","","Pertusariales","","","","Ochrolechiaceae","","","Ochrolechia","upsaliensis","iNat:164895367","2023-05-27T16:13:00-07:00",,"Andrew Simon","false","needs_id",19,2023-05-27 23:13:00,-123.37796,48.868577
"Xanthoparmelia mougeotii",233712,"Xanthoparmelia mougeotii",0,"accepted","Mougeot's Rock-shield",,"Fungi","Ascomycota","Pezizomycotina","","Lecanoromycetes","Lecanoromycetidae","","Lecanorales","","","","Parmeliaceae","Parmelioideae","","Xanthoparmelia","mougeotii","iNat:164895366","2023-05-27T16:16:00-07:00",,"Andrew Simon","false","research",25,2023-05-27 23:16:00,-123.377709,48.868502
"Hylocomiadelphus triquetrus",1138381,"Hylocomiadelphus triquetrus",0,"accepted","rough goose neck moss",,"Plantae","Bryophyta","","","Bryopsida","","","Hypnales","","","","Hylocomiaceae","","","Hylocomiadelphus","triquetrus","iNat:164104509","2023-05-27T16:52:04-07:00",,"Andrew Simon","false","research",10,2023-05-27 23:52:04,-123.377831,48.869788
"Homalothecium megaptilum",236885,"Homalothecium megaptilum",0,"accepted","Trachybryum Moss",,"Plantae","Bryophyta","","","Bryopsida","","","Hypnales","","","","Brachytheciaceae","","","Homalothecium","megaptilum","iNat:164106081","2023-05-27T16:53:18-07:00",,"Andrew Simon","false","research",40,2023-05-27 23:53:18,-123.377773,48.869653
"Rumex acetosella",53195,"Rumex acetosella",0,"accepted","Sheep's sorrel",,"Plantae","Tracheophyta","Angiospermae","","Magnoliopsida","","","Caryophyllales","","","","Polygonaceae","Polygonoideae","Rumiceae","Rumex","acetosella","iNat:164105297","2023-05-27T16:54:11-07:00",,"Andrew Simon","false","research",10,2023-05-27 23:54:11,-123.377738,48.869642
"Luzula",1425864,"Luzula",0,"accepted","",,"Plantae","Tracheophyta","Angiospermae","","Liliopsida","","","Poales","","","","Juncaceae","","","Luzula","","iNat:164106615","2023-05-27T16:56:07-07:00",,"Andrew Simon","false","needs_id",10,2023-05-27 23:56:07,-123.377767,48.869677
"Anthoxanthum odoratum",75475,"Anthoxanthum odoratum",0,"accepted","sweet vernal grass",,"Plantae","Tracheophyta","Angiospermae","","Liliopsida","","","Poales","","","","Poaceae","Pooideae","Poeae","Anthoxanthum","odoratum","iNat:164113688","2023-05-27T17:00:03-07:00",,"Andrew Simon","false","research",10,2023-05-28 00:00:03,-123.377717,48.869605
"Collinsia",47324,"Collinsia",0,"accepted","Blue-eyed Marys",,"Plantae","Tracheophyta","Angiospermae","","Magnoliopsida","","","Lamiales","","","","Plantaginaceae","","Cheloneae","Collinsia","","iNat:164108954","2023-05-27T17:05:12-07:00",,"Andrew Simon","false","needs_id",10,2023-05-28 00:05:12,-123.377534,48.869593
"Melica subulata",77986,"Melica subulata",0,"accepted","Alaska Oniongrass",,"Plantae","Tracheophyta","Angiospermae","","Liliopsida","","","Poales","","","","Poaceae","Pooideae","Meliceae","Melica","subulata","iNat:164113064","2023-05-27T17:06:41-07:00",,"Andrew Simon","false","needs_id",10,2023-05-28 00:06:41,-123.377153,48.869859
"Claytonia sibirica",55767,"Claytonia sibirica",0,"accepted","Candy Flower",,"Plantae","Tracheophyta","Angiospermae","","Magnoliopsida","","","Caryophyllales","","","","Montiaceae","","","Claytonia","sibirica","iNat:164113193","2023-05-27T17:07:11-07:00",,"Andrew Simon","false","needs_id",10,2023-05-28 00:07:11,-123.37722,48.869869
"Platismatia glauca",117874,"Platismatia glauca",0,"accepted","Varied Rag Lichen",,"Fungi","Ascomycota","Pezizomycotina","","Lecanoromycetes","Lecanoromycetidae","","Lecanorales","","","","Parmeliaceae","Parmelioideae","","Platismatia","glauca","iNat:164113207","2023-05-27T17:09:22-07:00",,"Andrew Simon","false","research",10,2023-05-28 00:09:22,-123.377077,48.869799
"Stereodon subimponens",1123573,"Stereodon subimponens",0,"accepted","",,"Plantae","Bryophyta","","","Bryopsida","","","Hypnales","","","","Stereodontaceae","","","Stereodon","subimponens","iNat:164113216","2023-05-27T17:10:03-07:00",,"Andrew Simon","false","needs_id",10,2023-05-28 00:10:03,-123.37707,48.869768
"Nemophila parviflora",57353,"Nemophila parviflora",0,"accepted","small-flowered nemophila",,"Plantae","Tracheophyta","Angiospermae","","Magnoliopsida","","","Boraginales","","","","Boraginaceae","Hydrophylloideae","","Nemophila","parviflora","iNat:164113227","2023-05-27T17:11:17-07:00",,"Andrew Simon","false","research",10,2023-05-28 00:11:17,-123.377126,48.86985
"Sphaerophorus tuckermanii",123231,"Sphaerophorus tuckermanii",0,"accepted","Tuckerman's Coral Lichen",,"Fungi","Ascomycota","Pezizomycotina","","Lecanoromycetes","Lecanoromycetidae","","Lecanorales","","","","Sphaerophoraceae","","","Sphaerophorus","tuckermanii","iNat:164113262","2023-05-27T17:13:10-07:00",,"Andrew Simon","false","research",50,2023-05-28 00:13:10,-123.376987,48.869761
"Hypogymnia physodes",117971,"Hypogymnia physodes",0,"accepted","Hooded Tube Lichen",,"Fungi","Ascomycota","Pezizomycotina","","Lecanoromycetes","Lecanoromycetidae","","Lecanorales","","","","Parmeliaceae","Parmelioideae","","Hypogymnia","physodes","iNat:164113766","2023-05-27T17:13:48-07:00",,"Andrew Simon","false","needs_id",50,2023-05-28 00:13:48,-123.377039,48.869755
"Phellopsis porcata",370695,"Phellopsis porcata",0,"accepted","",,"Animalia","Arthropoda","Hexapoda","","Insecta","Pterygota","","Coleoptera","Polyphaga","Cucujiformia","Tenebrionoidea","Zopheridae","Zopherinae","Phellopsini","Phellopsis","porcata","iNat:164895364","2023-05-27T17:20:00-07:00",,"Andrew Simon","false","research",25,2023-05-28 00:20:00,-123.377688,48.869674
"Dicranoweisia cirrata",67949,"Dicranoweisia cirrata",0,"accepted","Common Pincushion",,"Plantae","Bryophyta","","","Bryopsida","","","Dicranales","","","","Rhabdoweisiaceae","","","Dicranoweisia","cirrata","iNat:164113791","2023-05-27T17:45:54-07:00",,"Andrew Simon","false","needs_id",10,2023-05-28 00:45:54,-123.377087,48.868077
"Thamnophis ordinoides",28389,"Thamnophis ordinoides",0,"accepted","Northwestern Garter Snake",,"Animalia","Chordata","Vertebrata","","Reptilia","","","Squamata","Serpentes","","","Colubridae","Natricinae","","Thamnophis","ordinoides","iNat:164113846","2023-05-27T17:49:22-07:00",,"Andrew Simon","false","research",10,2023-05-28 00:49:22,-123.376256,48.867956
"Diploschistes scruposus",117945,"Diploschistes scruposus",0,"accepted","Crater Lichen",,"Fungi","Ascomycota","Pezizomycotina","","Lecanoromycetes","Ostropomycetidae","","Ostropales","","","","Graphidaceae","","","Diploschistes","scruposus","iNat:203812474","2023-05-31T11:05:15-07:00",,"heather-magpie","false","needs_id",10,2023-05-31 18:05:15,-123.381086,48.870778
"Protoparmeliopsis muralis",632126,"Protoparmeliopsis muralis",0,"accepted","Stonewall Rim Lichen",,"Fungi","Ascomycota","Pezizomycotina","","Lecanoromycetes","Lecanoromycetidae","","Lecanorales","","","","Lecanoraceae","","","Protoparmeliopsis","muralis","iNat:203812656","2023-05-31T11:06:26-07:00",,"heather-magpie","false","needs_id",10,2023-05-31 18:06:26,-123.381086,48.870778
"Madia",53136,"Madia",0,"accepted","tarweeds",,"Plantae","Tracheophyta","Angiospermae","","Magnoliopsida","","","Asterales","","","","Asteraceae","Asteroideae","Madieae","Madia","","iNat:167903004","2023-05-31T11:07:17-07:00",,"heather-magpie","false","needs_id",10,2023-05-31 18:07:17,-123.381203,48.870706
"Luzula macrantha",890625,"Luzula macrantha",0,"accepted","Prairie Woodrush",,"Plantae","Tracheophyta","Angiospermae","","Liliopsida","","","Poales","","","","Juncaceae","","","Luzula","macrantha","iNat:164915653","2023-05-31T11:41:20-07:00",,"Myung Jin (John) Kang","false","needs_id",10,2023-05-31 18:41:20,-123.381103,48.870819
"Madia",53136,"Madia",0,"accepted","tarweeds",,"Plantae","Tracheophyta","Angiospermae","","Magnoliopsida","","","Asterales","","","","Asteraceae","Asteroideae","Madieae","Madia","","iNat:164908244","2023-05-31T12:05:15-07:00",,"Myung Jin (John) Kang","false","needs_id",10,2023-05-31 19:05:15,-123.381746,48.871918
"Coleoptera",47208,"Coleoptera",0,"accepted","Beetles",,"Animalia","Arthropoda","Hexapoda","","Insecta","Pterygota","","Coleoptera","","","","","","","","","iNat:164907849","2023-05-31T14:00:20-07:00",,"Myung Jin (John) Kang","false","needs_id",10,2023-05-31 21:00:20,-123.383497,48.872973
"Melica harfordii",77983,"Melica harfordii",0,"accepted","Harford's oniongrass",,"Plantae","Tracheophyta","Angiospermae","","Liliopsida","","","Poales","","","","Poaceae","Pooideae","Meliceae","Melica","harfordii","iNat:164872778","2023-05-31T14:04:09-07:00",,"Myung Jin (John) Kang","false","needs_id",10,2023-05-31 21:04:09,-123.383448,48.873001
"Melica harfordii",77983,"Melica harfordii",0,"accepted","Harford's oniongrass",,"Plantae","Tracheophyta","Angiospermae","","Liliopsida","","","Poales","","","","Poaceae","Pooideae","Meliceae","Melica","harfordii","iNat:166173814","2023-06-07T08:53:58-07:00",,"Adam Huggins","false","research",10,2023-06-07 15:53:58,-123.383422,48.872987
"Montia parvifolia",78123,"Montia parvifolia",0,"accepted","Small-leaved Blinks",,"Plantae","Tracheophyta","Angiospermae","","Magnoliopsida","","","Caryophyllales","","","","Montiaceae","","","Montia","parvifolia","iNat:166093143","2023-06-07T09:31:03-07:00",,"Myung Jin (John) Kang","false","research",10,2023-06-07 16:31:03,-123.38346,48.87249
"Philodromidae",47868,"Philodromidae",0,"accepted","Running Crab Spiders",,"Animalia","Arthropoda","Chelicerata","","Arachnida","","","Araneae","Araneomorphae","Entelegynae","Thomisoidea","Philodromidae","","","","","iNat:166174242","2023-06-07T11:12:26-07:00",,"Myung Jin (John) Kang","false","needs_id",10,2023-06-07 18:12:26,-123.3834,48.872213
"Sternorrhyncha",334037,"Sternorrhyncha",0,"accepted","Plant-parasitic Hemipterans",,"Animalia","Arthropoda","Hexapoda","","Insecta","Pterygota","","Hemiptera","Sternorrhyncha","","","","","","","","iNat:166173396","2023-06-07T11:12:50-07:00",,"Myung Jin (John) Kang","false","needs_id",10,2023-06-07 18:12:50,-123.383404,48.872215
"Torilis arvensis",56846,"Torilis arvensis",0,"accepted","common hedge parsley",,"Plantae","Tracheophyta","Angiospermae","","Magnoliopsida","","","Apiales","","","","Apiaceae","Apioideae","Scandiceae","Torilis","arvensis","iNat:166173085","2023-06-07T14:33:38-07:00",,"Myung Jin (John) Kang","false","needs_id",10,2023-06-07 21:33:38,-123.383359,48.872316
"Sticta gretae",1456919,"Sticta gretae",0,"accepted","",,"Fungi","Ascomycota","Pezizomycotina","","Lecanoromycetes","Lecanoromycetidae","","Peltigerales","","","","Lobariaceae","","","Sticta","gretae","iNat:166173349","2023-06-07T14:35:13-07:00",,"Myung Jin (John) Kang","false","research",10,2023-06-07 21:35:13,-123.383527,48.872306
"Montia parvifolia",78123,"Montia parvifolia",0,"accepted","Small-leaved Blinks",,"Plantae","Tracheophyta","Angiospermae","","Magnoliopsida","","","Caryophyllales","","","","Montiaceae","","","Montia","parvifolia","iNat:166140350","2023-06-07T14:37:26-07:00",,"Myung Jin (John) Kang","false","research",10,2023-06-07 21:37:26,-123.383479,48.872516
"Psidium",62867,"Psidium",0,"accepted","guavas",,"Plantae","Tracheophyta","Angiospermae","","Magnoliopsida","","","Myrtales","","","","Myrtaceae","Myrtoideae","Myrteae","Psidium","","iNat:166712611","2023-06-07T14:37:28-07:00",,"Myung Jin (John) Kang","true","casual",10,2023-06-07 21:37:28,-123.383468,48.872516
"Triphysaria pusilla",57276,"Triphysaria pusilla",0,"accepted","dwarf owl's-clover",,"Plantae","Tracheophyta","Angiospermae","","Magnoliopsida","","","Lamiales","","","","Orobanchaceae","","Pedicularideae","Triphysaria","pusilla","iNat:40419896","2020-03-21T12:53:00-07:00",,"Andrew Simon","false","research",10,2020-03-21 19:53:00,-123.31152,48.871513
"Peltigera collina",194736,"Peltigera collina",0,"accepted","tree pelt lichen",,"Fungi","Ascomycota","Pezizomycotina","","Lecanoromycetes","Lecanoromycetidae","","Peltigerales","","","","Peltigeraceae","","","Peltigera","collina","iNat:40419897","2020-03-21T13:00:00-07:00",,"Andrew Simon","false","needs_id",21,2020-03-21 20:00:00,-123.311598,48.871561
"Pseudisothecium cristatum",1262637,"Pseudisothecium cristatum",0,"accepted","",,"Plantae","Bryophyta","","","Bryopsida","","","Hypnales","","","","Lembophyllaceae","","","Pseudisothecium","cristatum","iNat:40419899","2020-03-21T13:02:00-07:00",,"Andrew Simon","false","needs_id",10,2020-03-21 20:02:00,-123.311663,48.871658
"Antitrichia californica",67846,"Antitrichia californica",0,"accepted","California antitrichia moss",,"Plantae","Bryophyta","","","Bryopsida","","","Hypnales","","","","Antitrichiaceae","","","Antitrichia","californica","iNat:40419911","2020-03-21T13:02:00-07:00",,"Andrew Simon","false","research",10,2020-03-21 20:02:00,-123.31166,48.871658
"Lobarina scrobiculata",403505,"Lobarina scrobiculata",0,"accepted","Textured Lung Lichen",,"Fungi","Ascomycota","Pezizomycotina","","Lecanoromycetes","Lecanoromycetidae","","Peltigerales","","","","Lobariaceae","","","Lobarina","scrobiculata","iNat:40419913","2020-03-21T13:04:00-07:00",,"Andrew Simon","false","needs_id",10,2020-03-21 20:04:00,-123.31166,48.871657
"Erodium cicutarium",47687,"Erodium cicutarium",0,"accepted","Redstem Stork's-bill",,"Plantae","Tracheophyta","Angiospermae","","Magnoliopsida","","","Geraniales","","","","Geraniaceae","","","Erodium","cicutarium","iNat:40419914","2020-03-21T13:07:00-07:00",,"Andrew Simon","false","research",10,2020-03-21 20:07:00,-123.31165,48.871667
"Cardamine nuttallii",76002,"Cardamine nuttallii",0,"accepted","Nuttall's toothwort",,"Plantae","Tracheophyta","Angiospermae","","Magnoliopsida","","","Brassicales","","","","Brassicaceae","Brassicoideae","Cardamineae","Cardamine","nuttallii","iNat:40419929","2020-03-21T13:09:00-07:00",,"Andrew Simon","false","research",28,2020-03-21 20:09:00,-123.311571,48.871829
"Montia fontana",58990,"Montia fontana",0,"accepted","blinks",,"Plantae","Tracheophyta","Angiospermae","","Magnoliopsida","","","Caryophyllales","","","","Montiaceae","","","Montia","fontana","iNat:40419928","2020-03-21T13:28:00-07:00",,"Andrew Simon","false","needs_id",10,2020-03-21 20:28:00,-123.311083,48.872075
"Racomitrium aciculare",129655,"Racomitrium aciculare",0,"accepted","Yellow Fringe-moss",,"Plantae","Bryophyta","","","Bryopsida","","","Grimmiales","","","","Grimmiaceae","","","Racomitrium","aciculare","iNat:40419933","2020-03-21T13:30:00-07:00",,"Andrew Simon","false","needs_id",10,2020-03-21 20:30:00,-123.310965,48.872077
"Thamnophis ordinoides",28389,"Thamnophis ordinoides",0,"accepted","Northwestern Garter Snake",,"Animalia","Chordata","Vertebrata","","Reptilia","","","Squamata","Serpentes","","","Colubridae","Natricinae","","Thamnophis","ordinoides","iNat:40419876","2020-03-21T13:40:00-07:00",,"Andrew Simon","false","research",43,2020-03-21 20:40:00,-123.312075,48.872092
"Draba verna",55823,"Draba verna",0,"accepted","Common Whitlowgrass",,"Plantae","Tracheophyta","Angiospermae","","Magnoliopsida","","","Brassicales","","","","Brassicaceae","Brassicoideae","Arabideae","Draba","verna","iNat:47709119","2020-04-11T16:06:00-07:00",,"Andrew Simon","false","research",10,2020-04-11 23:06:00,-123.310622,48.871642
"Nephroma laevigatum",117847,"Nephroma laevigatum",0,"accepted","Mustard Kidney Lichen",,"Fungi","Ascomycota","Pezizomycotina","","Lecanoromycetes","Lecanoromycetidae","","Peltigerales","","","","Nephromataceae","","","Nephroma","laevigatum","iNat:47709122","2020-04-11T16:11:00-07:00",,"Andrew Simon","false","needs_id",10,2020-04-11 23:11:00,-123.310597,48.871693
"Micranthes integrifolia",78027,"Micranthes integrifolia",0,"accepted","Wholeleaf Saxifrage",,"Plantae","Tracheophyta","Angiospermae","","Magnoliopsida","","","Saxifragales","","","","Saxifragaceae","","Micrantheae","Micranthes","integrifolia","iNat:47709123","2020-04-11T16:15:00-07:00",,"Andrew Simon","false","research",10,2020-04-11 23:15:00,-123.310758,48.871895
"Erythronium oregonum",59520,"Erythronium oregonum",0,"accepted","giant white fawn lily",,"Plantae","Tracheophyta","Angiospermae","","Liliopsida","","","Liliales","","","","Liliaceae","Lilioideae","Lilieae","Erythronium","oregonum","iNat:47709129","2020-04-11T16:20:00-07:00",,"Andrew Simon","false","research",10,2020-04-11 23:20:00,-123.310836,48.871964
"Montia linearis",78122,"Montia linearis",0,"accepted","Narrow-leaved Montia",,"Plantae","Tracheophyta","Angiospermae","","Magnoliopsida","","","Caryophyllales","","","","Montiaceae","","","Montia","linearis","iNat:47709130","2020-04-11T16:40:00-07:00",,"Andrew Simon","false","research",10,2020-04-11 23:40:00,-123.312417,48.872565
"Rubus spectabilis",47543,"Rubus spectabilis",0,"accepted","Salmonberry",,"Plantae","Tracheophyta","Angiospermae","","Magnoliopsida","","","Rosales","","","","Rosaceae","Rosoideae","Rubeae","Rubus","spectabilis","iNat:42681976","2020-04-19T11:29:00-07:00",,"Andrew Simon","false","research",40,2020-04-19 18:29:00,-123.386243,48.912228
"Racomitrium aciculare",129655,"Racomitrium aciculare",0,"accepted","Yellow Fringe-moss",,"Plantae","Bryophyta","","","Bryopsida","","","Grimmiales","","","","Grimmiaceae","","","Racomitrium","aciculare","iNat:42681977","2020-04-19T11:32:00-07:00",,"Andrew Simon","false","needs_id",40,2020-04-19 18:32:00,-123.386243,48.912228
"Racomitrium aciculare",129655,"Racomitrium aciculare",0,"accepted","Yellow Fringe-moss",,"Plantae","Bryophyta","","","Bryopsida","","","Grimmiales","","","","Grimmiaceae","","","Racomitrium","aciculare","iNat:42681978","2020-04-19T11:33:00-07:00",,"Andrew Simon","false","needs_id",40,2020-04-19 18:33:00,-123.386243,48.912228
"Plectritis congesta",57786,"Plectritis congesta",0,"accepted","shortspur seablush",,"Plantae","Tracheophyta","Angiospermae","","Magnoliopsida","","","Dipsacales","","","","Caprifoliaceae","Valerianoideae","","Plectritis","congesta","iNat:42681988","2020-04-19T11:38:00-07:00",,"Andrew Simon","false","research",40,2020-04-19 18:38:00,-123.387064,48.913596
"Collinsia parviflora",59013,"Collinsia parviflora",0,"accepted","small-flowered blue-eyed mary",,"Plantae","Tracheophyta","Angiospermae","","Magnoliopsida","","","Lamiales","","","","Plantaginaceae","","Cheloneae","Collinsia","parviflora","iNat:42681990","2020-04-19T11:38:00-07:00",,"Andrew Simon","false","research",40,2020-04-19 18:38:00,-123.387064,48.913596
"Erythranthe alsinoides",771843,"Erythranthe alsinoides",0,"accepted","wingstem monkeyflower",,"Plantae","Tracheophyta","Angiospermae","","Magnoliopsida","","","Lamiales","","","","Phrymaceae","","","Erythranthe","alsinoides","iNat:42681991","2020-04-19T11:41:00-07:00",,"Andrew Simon","false","research",10,2020-04-19 18:41:00,-123.386956,48.914136
"Cerastium glomeratum",52973,"Cerastium glomeratum",0,"accepted","Sticky mouse-ear chickweed",,"Plantae","Tracheophyta","Angiospermae","","Magnoliopsida","","","Caryophyllales","","","","Caryophyllaceae","","Alsineae","Cerastium","glomeratum","iNat:42681999","2020-04-19T11:42:00-07:00",,"Andrew Simon","false","research",10,2020-04-19 18:42:00,-123.386989,48.914139
"Erythranthe microphylla",453717,"Erythranthe microphylla",0,"accepted","Small-leaf Monkeyflower",,"Plantae","Tracheophyta","Angiospermae","","Magnoliopsida","","","Lamiales","","","","Phrymaceae","","","Erythranthe","microphylla","iNat:42682003","2020-04-19T11:42:00-07:00",,"Andrew Simon","false","needs_id",10,2020-04-19 18:42:00,-123.38708,48.914133
"Cycloneda polita",55492,"Cycloneda polita",0,"accepted","Western Polished Lady Beetle",,"Animalia","Arthropoda","Hexapoda","","Insecta","Pterygota","","Coleoptera","Polyphaga","Cucujiformia","Coccinelloidea","Coccinellidae","Coccinellinae","Coccinellini","Cycloneda","polita","iNat:42682006","2020-04-19T11:42:00-07:00",,"Andrew Simon","false","research",10,2020-04-19 18:42:00,-123.387097,48.914097
"Balanidae",49128,"Balanidae",0,"accepted","",,"Animalia","Arthropoda","Crustacea","Multicrustacea","Hexanauplia","Thecostraca","Thoracicalcarea","Balanomorpha","","","Balanoidea","Balanidae","","","","","iNat:42682007","2020-04-19T11:44:00-07:00",,"Andrew Simon","false","needs_id",10,2020-04-19 18:44:00,-123.387082,48.914095
"Berberis aquifolium",126887,"Berberis aquifolium",0,"accepted","Oregon grape",,"Plantae","Tracheophyta","Angiospermae","","Magnoliopsida","","","Ranunculales","","","","Berberidaceae","Berberidoideae","Berberideae","Berberis","aquifolium","iNat:42682010","2020-04-19T11:45:00-07:00",,"Andrew Simon","false","research",10,2020-04-19 18:45:00,-123.387408,48.914042
"Teesdalia nudicaulis",79325,"Teesdalia nudicaulis",0,"accepted","Shepherd's Cress",,"Plantae","Tracheophyta","Angiospermae","","Magnoliopsida","","","Brassicales","","","","Brassicaceae","Brassicoideae","Iberideae","Teesdalia","nudicaulis","iNat:42682016","2020-04-19T11:47:00-07:00",,"Andrew Simon","false","needs_id",27,2020-04-19 18:47:00,-123.389111,48.914622
"Polytrichum juniperinum",68286,"Polytrichum juniperinum",0,"accepted","juniper haircap moss",,"Plantae","Bryophyta","","","Polytrichopsida","","","Polytrichales","","","","Polytrichaceae","","","Polytrichum","juniperinum","iNat:42682020","2020-04-19T11:55:00-07:00",,"Andrew Simon","false","needs_id",10,2020-04-19 18:55:00,-123.38878,48.914688
"Stellaria media",53298,"Stellaria media",0,"accepted","common chickweed",,"Plantae","Tracheophyta","Angiospermae","","Magnoliopsida","","","Caryophyllales","","","","Caryophyllaceae","","Alsineae","Stellaria","media","iNat:42682019","2020-04-19T11:59:00-07:00",,"Andrew Simon","false","research",10,2020-04-19 18:59:00,-123.389428,48.914672
"Erythronium oregonum",59520,"Erythronium oregonum",0,"accepted","giant white fawn lily",,"Plantae","Tracheophyta","Angiospermae","","Liliopsida","","","Liliales","","","","Liliaceae","Lilioideae","Lilieae","Erythronium","oregonum","iNat:42682035","2020-04-19T12:07:00-07:00",,"Andrew Simon","false","research",19,2020-04-19 19:07:00,-123.389299,48.914671
"Fritillaria affinis",50618,"Fritillaria affinis",0,"accepted","checker lily",,"Plantae","Tracheophyta","Angiospermae","","Liliopsida","","","Liliales","","","","Liliaceae","Lilioideae","Lilieae","Fritillaria","affinis","iNat:42682036","2020-04-19T12:08:00-07:00",,"Andrew Simon","false","research",10,2020-04-19 19:08:00,-123.392811,48.915964
"Micranthes rufidula",357949,"Micranthes rufidula",0,"accepted","Rustyhair Saxifrage",,"Plantae","Tracheophyta","Angiospermae","","Magnoliopsida","","","Saxifragales","","","","Saxifragaceae","","Micrantheae","Micranthes","rufidula","iNat:42682038","2020-04-19T12:15:00-07:00",,"Andrew Simon","false","needs_id",10,2020-04-19 19:15:00,-123.395353,48.917068
"Melanolophia imitata",224588,"Melanolophia imitata",0,"accepted","Western Carpet",,"Animalia","Arthropoda","Hexapoda","","Insecta","Pterygota","","Lepidoptera","","","Geometroidea","Geometridae","Ennominae","Boarmiini","Melanolophia","imitata","iNat:42682049","2020-04-19T12:20:00-07:00",,"Andrew Simon","false","research",90,2020-04-19 19:20:00,-123.396246,48.917006
"Bombylius major",51557,"Bombylius major",0,"accepted","Greater Bee Fly",,"Animalia","Arthropoda","Hexapoda","","Insecta","Pterygota","","Diptera","Brachycera","Orthorrhapha","Asiloidea","Bombyliidae","Bombyliinae","Bombyliini","Bombylius","major","iNat:42682050","2020-04-19T12:28:00-07:00",,"Andrew Simon","false","research",90,2020-04-19 19:28:00,-123.396246,48.917006
"Bombus vancouverensis vancouverensis",1020322,"Bombus vancouverensis vancouverensis",0,"accepted","Vancouver Island Bumble Bee",,"Animalia","Arthropoda","Hexapoda","","Insecta","Pterygota","","Hymenoptera","Apocrita","Aculeata","Apoidea","Apidae","Apinae","Bombini","Bombus","vancouverensis","iNat:44951289","2020-05-04T17:47:00-07:00",,"Andrew Simon","false","research",24,2020-05-05 00:47:00,-123.369752,48.906236
"Thuja plicata",48252,"Thuja plicata",0,"accepted","western redcedar",,"Plantae","Tracheophyta","","","Pinopsida","","","Pinales","","","","Cupressaceae","Cupressoideae","","Thuja","plicata","iNat:44951283","2020-05-04T17:49:00-07:00",,"Andrew Simon","false","research",24,2020-05-05 00:49:00,-123.369752,48.906236
"Cytisus scoparius",48538,"Cytisus scoparius",0,"accepted","Scotch Broom",,"Plantae","Tracheophyta","Angiospermae","","Magnoliopsida","","","Fabales","","","","Fabaceae","Faboideae","Genisteae","Cytisus","scoparius","iNat:44951284","2020-05-04T17:49:00-07:00",,"Andrew Simon","false","research",24,2020-05-05 00:49:00,-123.369752,48.906236
"Arbutus menziesii",51046,"Arbutus menziesii",0,"accepted","Pacific madrone",,"Plantae","Tracheophyta","Angiospermae","","Magnoliopsida","","","Ericales","","","","Ericaceae","Arbutoideae","","Arbutus","menziesii","iNat:44951286","2020-05-04T17:49:00-07:00",,"Andrew Simon","false","research",24,2020-05-05 00:49:00,-123.369752,48.906236
"Amelanchier alnifolia",75415,"Amelanchier alnifolia",0,"accepted","Saskatoon",,"Plantae","Tracheophyta","Angiospermae","","Magnoliopsida","","","Rosales","","","","Rosaceae","Amygdaloideae","Maleae","Amelanchier","alnifolia","iNat:44951287","2020-05-04T17:49:00-07:00",,"Andrew Simon","false","research",24,2020-05-05 00:49:00,-123.369752,48.906236
"Pseudotsuga menziesii menziesii",63910,"Pseudotsuga menziesii menziesii",0,"accepted","Coast Douglas-fir",,"Plantae","Tracheophyta","","","Pinopsida","","","Pinales","","","","Pinaceae","Pinoideae","","Pseudotsuga","menziesii","iNat:44951282","2020-05-04T17:50:00-07:00",,"Andrew Simon","false","research",24,2020-05-05 00:50:00,-123.369752,48.906236
"Crataegus monogyna",51147,"Crataegus monogyna",0,"accepted","common hawthorn",,"Plantae","Tracheophyta","Angiospermae","","Magnoliopsida","","","Rosales","","","","Rosaceae","Amygdaloideae","Maleae","Crataegus","monogyna","iNat:44951280","2020-05-04T17:58:00-07:00",,"Andrew Simon","false","research",36,2020-05-05 00:58:00,-123.368539,48.908046
"Vaccinium ovatum",48349,"Vaccinium ovatum",0,"accepted","Evergreen Huckleberry",,"Plantae","Tracheophyta","Angiospermae","","Magnoliopsida","","","Ericales","","","","Ericaceae","Vaccinioideae","Vaccinieae","Vaccinium","ovatum","iNat:44951279","2020-05-04T18:00:00-07:00",,"Andrew Simon","false","research",28,2020-05-05 01:00:00,-123.368331,48.908398
"Plectritis congesta",57786,"Plectritis congesta",0,"accepted","shortspur seablush",,"Plantae","Tracheophyta","Angiospermae","","Magnoliopsida","","","Dipsacales","","","","Caprifoliaceae","Valerianoideae","","Plectritis","congesta","iNat:44950139","2020-05-04T18:03:00-07:00",,"Andrew Simon","false","research",10,2020-05-05 01:03:00,-123.36804,48.90905
"Bombus mixtus",319125,"Bombus mixtus",0,"accepted","Fuzzy-Horned Bumble Bee",,"Animalia","Arthropoda","Hexapoda","","Insecta","Pterygota","","Hymenoptera","Apocrita","Aculeata","Apoidea","Apidae","Apinae","Bombini","Bombus","mixtus","iNat:44951278","2020-05-04T18:03:00-07:00",,"Andrew Simon","false","research",20,2020-05-05 01:03:00,-123.367836,48.90904
"Cerastium glomeratum",52973,"Cerastium glomeratum",0,"accepted","Sticky mouse-ear chickweed",,"Plantae","Tracheophyta","Angiospermae","","Magnoliopsida","","","Caryophyllales","","","","Caryophyllaceae","","Alsineae","Cerastium","glomeratum","iNat:44950136","2020-05-04T18:04:00-07:00",,"Andrew Simon","false","research",10,2020-05-05 01:04:00,-123.368033,48.909025
"Anthopleura artemisia",51658,"Anthopleura artemisia",0,"accepted","Moonglow Anemone",,"Animalia","Cnidaria","","","Anthozoa","Hexacorallia","","Actiniaria","Enthemonae","","Actinioidea","Actiniidae","","","Anthopleura","artemisia","iNat:44950135","2020-05-04T18:07:00-07:00",,"Andrew Simon","false","research",10,2020-05-05 01:07:00,-123.368,48.90904
"Racomitrium aciculare",129655,"Racomitrium aciculare",0,"accepted","Yellow Fringe-moss",,"Plantae","Bryophyta","","","Bryopsida","","","Grimmiales","","","","Grimmiaceae","","","Racomitrium","aciculare","iNat:44950132","2020-05-04T18:12:00-07:00",,"Andrew Simon","false","needs_id",10,2020-05-05 01:12:00,-123.367237,48.908902
"Montia parvifolia",78123,"Montia parvifolia",0,"accepted","Small-leaved Blinks",,"Plantae","Tracheophyta","Angiospermae","","Magnoliopsida","","","Caryophyllales","","","","Montiaceae","","","Montia","parvifolia","iNat:44950130","2020-05-04T18:13:00-07:00",,"Andrew Simon","false","research",10,2020-05-05 01:13:00,-123.367205,48.908918
"Polytrichum juniperinum",68286,"Polytrichum juniperinum",0,"accepted","juniper haircap moss",,"Plantae","Bryophyta","","","Polytrichopsida","","","Polytrichales","","","","Polytrichaceae","","","Polytrichum","juniperinum","iNat:44950129","2020-05-04T18:14:00-07:00",,"Andrew Simon","false","research",10,2020-05-05 01:14:00,-123.367203,48.908917
"Polypodium glycyrrhiza",55104,"Polypodium glycyrrhiza",0,"accepted","licorice fern",,"Plantae","Tracheophyta","","","Polypodiopsida","Polypodiidae","","Polypodiales","Polypodiineae","","","Polypodiaceae","Polypodioideae","","Polypodium","glycyrrhiza","iNat:44950123","2020-05-04T18:15:00-07:00",,"Andrew Simon","false","research",10,2020-05-05 01:15:00,-123.36722,48.908925
"Hylocomiadelphus triquetrus",1138381,"Hylocomiadelphus triquetrus",0,"accepted","rough goose neck moss",,"Plantae","Bryophyta","","","Bryopsida","","","Hypnales","","","","Hylocomiaceae","","","Hylocomiadelphus","triquetrus","iNat:44950124","2020-05-04T18:15:00-07:00",,"Andrew Simon","false","research",10,2020-05-05 01:15:00,-123.36722,48.908925
"Fritillaria affinis",50618,"Fritillaria affinis",0,"accepted","checker lily",,"Plantae","Tracheophyta","Angiospermae","","Liliopsida","","","Liliales","","","","Liliaceae","Lilioideae","Lilieae","Fritillaria","affinis","iNat:44950126","2020-05-04T18:15:00-07:00",,"Andrew Simon","false","research",10,2020-05-05 01:15:00,-123.36722,48.908927
"Erythronium oregonum",59520,"Erythronium oregonum",0,"accepted","giant white fawn lily",,"Plantae","Tracheophyta","Angiospermae","","Liliopsida","","","Liliales","","","","Liliaceae","Lilioideae","Lilieae","Erythronium","oregonum","iNat:44950128","2020-05-04T18:15:00-07:00",,"Andrew Simon","false","research",10,2020-05-05 01:15:00,-123.36722,48.908927
"Bombus vancouverensis vancouverensis",1020322,"Bombus vancouverensis vancouverensis",0,"accepted","Vancouver Island Bumble Bee",,"Animalia","Arthropoda","Hexapoda","","Insecta","Pterygota","","Hymenoptera","Apocrita","Aculeata","Apoidea","Apidae","Apinae","Bombini","Bombus","vancouverensis","iNat:44950121","2020-05-04T18:16:00-07:00",,"Andrew Simon","false","research",10,2020-05-05 01:16:00,-123.367247,48.908918
"Polytrichum juniperinum",68286,"Polytrichum juniperinum",0,"accepted","juniper haircap moss",,"Plantae","Bryophyta","","","Polytrichopsida","","","Polytrichales","","","","Polytrichaceae","","","Polytrichum","juniperinum","iNat:44950120","2020-05-04T18:17:00-07:00",,"Andrew Simon","false","research",10,2020-05-05 01:17:00,-123.3673,48.908927
"Senecio vulgaris",53211,"Senecio vulgaris",0,"accepted","common groundsel",,"Plantae","Tracheophyta","Angiospermae","","Magnoliopsida","","","Asterales","","","","Asteraceae","Asteroideae","Senecioneae","Senecio","vulgaris","iNat:44950118","2020-05-04T18:18:00-07:00",,"Andrew Simon","false","needs_id",10,2020-05-05 01:18:00,-123.367308,48.90891
"Marsupella emarginata",165172,"Marsupella emarginata",0,"accepted","Notched Rustwort",,"Plantae","Marchantiophyta","","","Jungermanniopsida","Jungermanniidae","","Jungermanniales","Jungermanniineae","","","Gymnomitriaceae","","","Marsupella","emarginata","iNat:44942165","2020-05-04T18:19:00-07:00",,"Andrew Simon","false","needs_id",10,2020-05-05 01:19:00,-123.367322,48.908907
"Bryum",67867,"Bryum",0,"accepted","",,"Plantae","Bryophyta","","","Bryopsida","","","Bryales","","","","Bryaceae","","","Bryum","","iNat:45216810","2020-05-04T18:23:00-07:00",,"Andrew Simon","false","needs_id",10,2020-05-05 01:23:00,-123.367347,48.908944
"Lichenomphalia ericetorum",1497645,"Lichenomphalia ericetorum",0,"accepted","Lichen Agaric",,"Fungi","Basidiomycota","Agaricomycotina","","Agaricomycetes","Agaricomycetidae","","Agaricales","Hygrophorineae","","","Hygrophoraceae","Lichenomphalioideae","Lichenomphalieae","Lichenomphalia","ericetorum","iNat:44950116","2020-05-04T18:25:00-07:00",,"Andrew Simon","false","research",10,2020-05-05 01:25:00,-123.367383,48.908937
"Fissidens crispus",67883,"Fissidens crispus",0,"accepted","Herzog's Pocket-moss",,"Plantae","Bryophyta","","","Bryopsida","","","Dicranales","","","","Fissidentaceae","","","Fissidens","crispus","iNat:44950117","2020-05-04T18:30:00-07:00",,"Andrew Simon","false","needs_id",10,2020-05-05 01:30:00,-123.36843,48.908333
"Trifolium variegatum",57080,"Trifolium variegatum",0,"accepted","white-tipped clover",,"Plantae","Tracheophyta","Angiospermae","","Magnoliopsida","","","Fabales","","","","Fabaceae","Faboideae","Trifolieae","Trifolium","variegatum","iNat:46563590","2020-05-19T16:50:00-07:00",,"Andrew Simon","false","research",20,2020-05-19 23:50:00,-123.311791,48.87246
"Haliaeetus leucocephalus",5305,"Haliaeetus leucocephalus",0,"accepted","Bald Eagle",,"Animalia","Chordata","Vertebrata","","Aves","","","Accipitriformes","","","","Accipitridae","Buteoninae","","Haliaeetus","leucocephalus","iNat:46563592","2020-05-19T16:57:00-07:00",,"Andrew Simon","false","research",18,2020-05-19 23:57:00,-123.311388,48.872283
"Trifolium variegatum",57080,"Trifolium variegatum",0,"accepted","white-tipped clover",,"Plantae","Tracheophyta","Angiospermae","","Magnoliopsida","","","Fabales","","","","Fabaceae","Faboideae","Trifolieae","Trifolium","variegatum","iNat:46563595","2020-05-19T17:04:00-07:00",,"Andrew Simon","false","research",20,2020-05-20 00:04:00,-123.311791,48.87246
"Alchemilla occidentalis",1452907,"Alchemilla occidentalis",0,"accepted","western lady's mantle",,"Plantae","Tracheophyta","Angiospermae","","Magnoliopsida","","","Rosales","","","","Rosaceae","Rosoideae","Potentilleae","Alchemilla","occidentalis","iNat:46563597","2020-05-19T17:42:00-07:00",,"Andrew Simon","false","needs_id",10,2020-05-20 00:42:00,-123.311814,48.872431
"Polytrichum juniperinum",68286,"Polytrichum juniperinum",0,"accepted","juniper haircap moss",,"Plantae","Bryophyta","","","Polytrichopsida","","","Polytrichales","","","","Polytrichaceae","","","Polytrichum","juniperinum","iNat:46563600","2020-05-19T17:50:00-07:00",,"Andrew Simon","false","research",10,2020-05-20 00:50:00,-123.311367,48.872573
"Sedum spathulifolium",58886,"Sedum spathulifolium",0,"accepted","Broad-leaved Stonecrop",,"Plantae","Tracheophyta","Angiospermae","","Magnoliopsida","","","Saxifragales","","","","Crassulaceae","Sempervivoideae","Sedeae","Sedum","spathulifolium","iNat:46563605","2020-05-19T17:51:00-07:00",,"Andrew Simon","false","research",19,2020-05-20 00:51:00,-123.310848,48.872583
"Zonotrichia leucophrys",9176,"Zonotrichia leucophrys",0,"accepted","White-crowned Sparrow",,"Animalia","Chordata","Vertebrata","","Aves","","","Passeriformes","","","","Passerellidae","","","Zonotrichia","leucophrys","iNat:46563606","2020-05-19T17:55:00-07:00",,"Andrew Simon","false","research",18,2020-05-20 00:55:00,-123.31171,48.872264
"Rhytidiadelphus squarrosus",123754,"Rhytidiadelphus squarrosus",0,"accepted","Square Gooseneck Moss",,"Plantae","Bryophyta","","","Bryopsida","","","Hypnales","","","","Hylocomiaceae","","","Rhytidiadelphus","squarrosus","iNat:46563607","2020-05-19T17:55:00-07:00",,"Andrew Simon","false","research",10,2020-05-20 00:55:00,-123.311388,48.872438
"Volucella facialis",1097563,"Volucella facialis",0,"accepted","Yellow-faced Swiftwing",,"Animalia","Arthropoda","Hexapoda","","Insecta","Pterygota","","Diptera","Brachycera","Cyclorrhapha","","Syrphidae","Eristalinae","Volucellini","Volucella","facialis","iNat:46563611","2020-05-19T17:57:00-07:00",,"Andrew Simon","false","research",13,2020-05-20 00:57:00,-123.311786,48.872431
"Canis familiaris",47144,"Canis familiaris",0,"accepted","Domestic Dog",,"Animalia","Chordata","Vertebrata","","Mammalia","Theria","Laurasiatheria","Carnivora","","","","Canidae","","","Canis","familiaris","iNat:46563612","2020-05-19T18:12:00-07:00",,"Andrew Simon","true","casual",13,2020-05-20 01:12:00,-123.311786,48.872431
"Empidonax difficilis",16598,"Empidonax difficilis",0,"accepted","Western Flycatcher",,"Animalia","Chordata","Vertebrata","","Aves","","","Passeriformes","","","","Tyrannidae","","","Empidonax","difficilis","iNat:46563615","2020-05-19T18:14:00-07:00",,"Andrew Simon","false","research",19,2020-05-20 01:14:00,-123.311724,48.87227
"Zonotrichia leucophrys",9176,"Zonotrichia leucophrys",0,"accepted","White-crowned Sparrow",,"Animalia","Chordata","Vertebrata","","Aves","","","Passeriformes","","","","Passerellidae","","","Zonotrichia","leucophrys","iNat:46563616","2020-05-19T18:17:00-07:00",,"Andrew Simon","false","research",16,2020-05-20 01:17:00,-123.311724,48.872265
"Trifolium glomeratum",61021,"Trifolium glomeratum",0,"accepted","Clustered clover",,"Plantae","Tracheophyta","Angiospermae","","Magnoliopsida","","","Fabales","","","","Fabaceae","Faboideae","Trifolieae","Trifolium","glomeratum","iNat:48091413","2020-05-31T18:44:00-07:00",,"Andrew Simon","false","research",11,2020-06-01 01:44:00,-123.40689,48.900311
"Lepidium virginicum menziesii",79971,"Lepidium virginicum menziesii",0,"accepted","Menzies' pepperweed",,"Plantae","Tracheophyta","Angiospermae","","Magnoliopsida","","","Brassicales","","","","Brassicaceae","Brassicoideae","Lepidieae","Lepidium","virginicum","iNat:48091418","2020-05-31T19:19:00-07:00",,"Andrew Simon","false","research",10,2020-06-01 02:19:00,-123.405313,48.897022
"Conioselinum gmelinii",160830,"Conioselinum gmelinii",0,"accepted","Western Hemlock-parsley",,"Plantae","Tracheophyta","Angiospermae","","Magnoliopsida","","","Apiales","","","","Apiaceae","Apioideae","","Conioselinum","gmelinii","iNat:48091419","2020-05-31T19:23:00-07:00",,"Andrew Simon","false","research",10,2020-06-01 02:23:00,-123.406393,48.896945
"Gracilariaceae",67678,"Gracilariaceae",0,"accepted","",,"Plantae","Rhodophyta","Eurhodophytina","","Florideophyceae","Rhodymeniophycidae","","Gracilariales","","","","Gracilariaceae","","","","","iNat:48091421","2020-05-31T19:26:00-07:00",,"Andrew Simon","false","needs_id",10,2020-06-01 02:26:00,-123.40624,48.896897
"Veronica serpyllifolia",55749,"Veronica serpyllifolia",0,"accepted","thyme-leaved speedwell",,"Plantae","Tracheophyta","Angiospermae","","Magnoliopsida","","","Lamiales","","","","Plantaginaceae","","Veroniceae","Veronica","serpyllifolia","iNat:82513154","2021-05-05T19:03:00-07:00",,"Andrew Simon","false","research",10,2021-05-06 02:03:00,-123.350092,48.904918
"Pinus contorta",48934,"Pinus contorta",0,"accepted","lodgepole pine",,"Plantae","Tracheophyta","","","Pinopsida","","","Pinales","","","","Pinaceae","Pinoideae","","Pinus","contorta","iNat:82513153","2021-05-05T19:16:00-07:00",,"Andrew Simon","false","research",14,2021-05-06 02:16:00,-123.350358,48.905603
"Plagiothecium undulatum",123586,"Plagiothecium undulatum",0,"accepted","Waved Silk-moss",,"Plantae","Bryophyta","","","Bryopsida","","","Hypnales","","","","Plagiotheciaceae","","","Plagiothecium","undulatum","iNat:82513150","2021-05-05T19:17:00-07:00",,"Andrew Simon","false","research",10,2021-05-06 02:17:00,-123.35048,48.905415
"Erythranthe microphylla",453717,"Erythranthe microphylla",0,"accepted","Small-leaf Monkeyflower",,"Plantae","Tracheophyta","Angiospermae","","Magnoliopsida","","","Lamiales","","","","Phrymaceae","","","Erythranthe","microphylla","iNat:82513151","2021-05-05T19:18:00-07:00",,"Andrew Simon","false","needs_id",10,2021-05-06 02:18:00,-123.350372,48.905538
"Montia fontana",58990,"Montia fontana",0,"accepted","blinks",,"Plantae","Tracheophyta","Angiospermae","","Magnoliopsida","","","Caryophyllales","","","","Montiaceae","","","Montia","fontana","iNat:82513149","2021-05-05T19:19:00-07:00",,"Andrew Simon","false","research",10,2021-05-06 02:19:00,-123.35036,48.905562
"Myosotis discolor",70265,"Myosotis discolor",0,"accepted","Changing Forget-me-not",,"Plantae","Tracheophyta","Angiospermae","","Magnoliopsida","","","Boraginales","","","","Boraginaceae","Cynoglossoideae","Myosotideae","Myosotis","discolor","iNat:82513145","2021-05-05T19:21:00-07:00",,"Andrew Simon","false","research",10,2021-05-06 02:21:00,-123.350547,48.905538
"Bombus vancouverensis vancouverensis",1020322,"Bombus vancouverensis vancouverensis",0,"accepted","Vancouver Island Bumble Bee",,"Animalia","Arthropoda","Hexapoda","","Insecta","Pterygota","","Hymenoptera","Apocrita","Aculeata","Apoidea","Apidae","Apinae","Bombini","Bombus","vancouverensis","iNat:82513143","2021-05-05T19:23:00-07:00",,"Andrew Simon","false","research",10,2021-05-06 02:23:00,-123.350628,48.905527
"Plectritis congesta",57786,"Plectritis congesta",0,"accepted","shortspur seablush",,"Plantae","Tracheophyta","Angiospermae","","Magnoliopsida","","","Dipsacales","","","","Caprifoliaceae","Valerianoideae","","Plectritis","congesta","iNat:82513144","2021-05-05T19:23:00-07:00",,"Andrew Simon","false","research",10,2021-05-06 02:23:00,-123.350508,48.905538
"Plagiothecium undulatum",123586,"Plagiothecium undulatum",0,"accepted","Waved Silk-moss",,"Plantae","Bryophyta","","","Bryopsida","","","Hypnales","","","","Plagiotheciaceae","","","Plagiothecium","undulatum","iNat:82513142","2021-05-05T19:26:00-07:00",,"Andrew Simon","false","research",10,2021-05-06 02:26:00,-123.350627,48.905528
"Montia parvifolia",78123,"Montia parvifolia",0,"accepted","Small-leaved Blinks",,"Plantae","Tracheophyta","Angiospermae","","Magnoliopsida","","","Caryophyllales","","","","Montiaceae","","","Montia","parvifolia","iNat:82513141","2021-05-05T19:27:00-07:00",,"Andrew Simon","false","research",10,2021-05-06 02:27:00,-123.351,48.905612
"Blennothallia fecunda",462484,"Blennothallia fecunda",0,"accepted","",,"Fungi","Ascomycota","Pezizomycotina","","Lecanoromycetes","Lecanoromycetidae","","Peltigerales","","","","Collemataceae","","","Blennothallia","fecunda","iNat:82513140","2021-05-05T19:34:00-07:00",,"Andrew Simon","false","research",10,2021-05-06 02:34:00,-123.350322,48.905597
"Ceratodon purpureus",123117,"Ceratodon purpureus",0,"accepted","Redshank",,"Plantae","Bryophyta","","","Bryopsida","","","Dicranales","","","","Ditrichaceae","","","Ceratodon","purpureus","iNat:111748067","2022-03-20T17:13:00-07:00",,"Andrew Simon","false","needs_id",21,2022-03-21 00:13:00,-123.345264,48.866782
"Petroselinum crispum",78465,"Petroselinum crispum",0,"accepted","garden parsley",,"Plantae","Tracheophyta","Angiospermae","","Magnoliopsida","","","Apiales","","","","Apiaceae","Apioideae","Apieae","Petroselinum","crispum","iNat:111748068","2022-03-20T17:31:00-07:00",,"Andrew Simon","false","research",12,2022-03-21 00:31:00,-123.344522,48.866777
"Flavopunctelia flaventior",69436,"Flavopunctelia flaventior",0,"accepted","Speckled Greenshield",,"Fungi","Ascomycota","Pezizomycotina","","Lecanoromycetes","Lecanoromycetidae","","Lecanorales","","","","Parmeliaceae","Parmelioideae","","Flavopunctelia","flaventior","iNat:111748069","2022-03-20T17:56:00-07:00",,"Andrew Simon","false","needs_id",10,2022-03-21 00:56:00,-123.34503,48.866732
"Alchemilla",1366244,"Alchemilla",0,"accepted","",,"Plantae","Tracheophyta","Angiospermae","","Magnoliopsida","","","Rosales","","","","Rosaceae","Rosoideae","Potentilleae","Alchemilla","","iNat:109830827","2022-03-26T13:43:49-07:00",,"Caitlin Robinson","false","needs_id",10,2022-03-26 20:43:49,-123.311142,48.872212
"Erythronium oregonum",59520,"Erythronium oregonum",0,"accepted","giant white fawn lily",,"Plantae","Tracheophyta","Angiospermae","","Liliopsida","","","Liliales","","","","Liliaceae","Lilioideae","Lilieae","Erythronium","oregonum","iNat:109597505","2022-03-26T14:08:30-07:00",,"Caitlin Robinson","false","research",10,2022-03-26 21:08:30,-123.31173,48.872087
"Collinsia parviflora",59013,"Collinsia parviflora",0,"accepted","small-flowered blue-eyed mary",,"Plantae","Tracheophyta","Angiospermae","","Magnoliopsida","","","Lamiales","","","","Plantaginaceae","","Cheloneae","Collinsia","parviflora","iNat:109597095","2022-03-26T14:40:16-07:00",,"Caitlin Robinson","false","research",10,2022-03-26 21:40:16,-123.336525,48.866895
"Myxomycetes",47684,"Myxomycetes",0,"accepted","true slime molds",,"Protozoa","Mycetozoa","","","Myxomycetes","","","","","","","","","","","","iNat:109597364","2022-03-26T14:47:39-07:00",,"Caitlin Robinson","false","needs_id",24,2022-03-26 21:47:39,-123.334913,48.86652
"Collinsia grandiflora",76409,"Collinsia grandiflora",0,"accepted","Giant Blue-eyed Mary",,"Plantae","Tracheophyta","Angiospermae","","Magnoliopsida","","","Lamiales","","","","Plantaginaceae","","Cheloneae","Collinsia","grandiflora","iNat:109831291","2022-03-26T14:52:22-07:00",,"Caitlin Robinson","false","research",10,2022-03-26 21:52:22,-123.334403,48.866317
"Lomatium utriculatum",56827,"Lomatium utriculatum",0,"accepted","Foothill desert-parsley",,"Plantae","Tracheophyta","Angiospermae","","Magnoliopsida","","","Apiales","","","","Apiaceae","Apioideae","Selineae","Lomatium","utriculatum","iNat:109597268","2022-03-26T14:55:27-07:00",,"Caitlin Robinson","false","research",10,2022-03-26 21:55:27,-123.33442,48.866322
"Limnia",779781,"Limnia",0,"accepted","Claytonia sect. Limnia",,"Plantae","Tracheophyta","Angiospermae","","Magnoliopsida","","","Caryophyllales","","","","Montiaceae","","","Claytonia","","iNat:110305894","2022-03-30T17:51:26-07:00",,"Caitlin Robinson","false","needs_id",32,2022-03-31 00:51:26,-123.573288,49.013144
"Erythranthe alsinoides",771843,"Erythranthe alsinoides",0,"accepted","wingstem monkeyflower",,"Plantae","Tracheophyta","Angiospermae","","Magnoliopsida","","","Lamiales","","","","Phrymaceae","","","Erythranthe","alsinoides","iNat:110036548","2022-03-30T17:53:46-07:00",,"Caitlin Robinson","false","research",10,2022-03-31 00:53:46,-123.573142,49.013194
"Ranunculus occidentalis",68057,"Ranunculus occidentalis",0,"accepted","Western Buttercup",,"Plantae","Tracheophyta","Angiospermae","","Magnoliopsida","","","Ranunculales","","","","Ranunculaceae","Ranunculoideae","Ranunculeae","Ranunculus","occidentalis","iNat:110305729","2022-03-30T18:52:25-07:00",,"Caitlin Robinson","false","needs_id",10,2022-03-31 01:52:25,-123.573608,49.013683
"Micranthes integrifolia",78027,"Micranthes integrifolia",0,"accepted","Wholeleaf Saxifrage",,"Plantae","Tracheophyta","Angiospermae","","Magnoliopsida","","","Saxifragales","","","","Saxifragaceae","","Micrantheae","Micranthes","integrifolia","iNat:110019210","2022-03-30T18:54:06-07:00",,"Caitlin Robinson","false","research",10,2022-03-31 01:54:06,-123.573538,49.013622
"Primula hendersonii",487175,"Primula hendersonii",0,"accepted","Henderson's shooting star",,"Plantae","Tracheophyta","Angiospermae","","Magnoliopsida","","","Ericales","","","","Primulaceae","Primuloideae","Primuleae","Primula","hendersonii","iNat:110035183","2022-03-30T18:56:50-07:00",,"Caitlin Robinson","false","needs_id",10,2022-03-31 01:56:50,-123.573555,49.013683
"Teesdalia nudicaulis",79325,"Teesdalia nudicaulis",0,"accepted","Shepherd's Cress",,"Plantae","Tracheophyta","Angiospermae","","Magnoliopsida","","","Brassicales","","","","Brassicaceae","Brassicoideae","Iberideae","Teesdalia","nudicaulis","iNat:110304683","2022-03-30T18:59:20-07:00",,"Caitlin Robinson","false","needs_id",10,2022-03-31 01:59:20,-123.572875,49.012828
"Stellaria media",53298,"Stellaria media",0,"accepted","common chickweed",,"Plantae","Tracheophyta","Angiospermae","","Magnoliopsida","","","Caryophyllales","","","","Caryophyllaceae","","Alsineae","Stellaria","media","iNat:110152148","2022-04-01T15:03:00-07:00",,"Andrew Simon","false","research",10,2022-04-01 22:03:00,-123.398222,48.918137
"Erythronium oregonum",59520,"Erythronium oregonum",0,"accepted","giant white fawn lily",,"Plantae","Tracheophyta","Angiospermae","","Liliopsida","","","Liliales","","","","Liliaceae","Lilioideae","Lilieae","Erythronium","oregonum","iNat:110152149","2022-04-01T15:06:00-07:00",,"Andrew Simon","false","research",10,2022-04-01 22:06:00,-123.398137,48.918068
"Aulacomnium androgynum",124384,"Aulacomnium androgynum",0,"accepted","Bud-headed Groove-moss",,"Plantae","Bryophyta","","","Bryopsida","","","Aulacomniales","","","","Aulacomniaceae","","","Aulacomnium","androgynum","iNat:110152150","2022-04-01T15:10:00-07:00",,"Andrew Simon","false","research",10,2022-04-01 22:10:00,-123.39776,48.917935
"Vulpicida canadensis",54317,"Vulpicida canadensis",0,"accepted","Brown-eyed Sunshine Lichen",,"Fungi","Ascomycota","Pezizomycotina","","Lecanoromycetes","Lecanoromycetidae","","Lecanorales","","","","Parmeliaceae","Parmelioideae","","Vulpicida","canadensis","iNat:110152151","2022-04-01T15:13:00-07:00",,"Andrew Simon","false","research",10,2022-04-01 22:13:00,-123.397525,48.91763
"Rhytidiadelphus loreus",124422,"Rhytidiadelphus loreus",0,"accepted","Lanky Moss",,"Plantae","Bryophyta","","","Bryopsida","","","Hypnales","","","","Hylocomiaceae","","","Rhytidiadelphus","loreus","iNat:110152152","2022-04-01T15:13:00-07:00",,"Andrew Simon","false","research",10,2022-04-01 22:13:00,-123.397357,48.917563
"Hylocomiadelphus triquetrus",1138381,"Hylocomiadelphus triquetrus",0,"accepted","rough goose neck moss",,"Plantae","Bryophyta","","","Bryopsida","","","Hypnales","","","","Hylocomiaceae","","","Hylocomiadelphus","triquetrus","iNat:110152153","2022-04-01T15:15:00-07:00",,"Andrew Simon","false","research",10,2022-04-01 22:15:00,-123.397357,48.917563
"Micranthes rufidula",357949,"Micranthes rufidula",0,"accepted","Rustyhair Saxifrage",,"Plantae","Tracheophyta","Angiospermae","","Magnoliopsida","","","Saxifragales","","","","Saxifragaceae","","Micrantheae","Micranthes","rufidula","iNat:110152155","2022-04-01T15:31:00-07:00",,"Andrew Simon","false","research",10,2022-04-01 22:31:00,-123.396213,48.917527
"Philonotis capillaris",123642,"Philonotis capillaris",0,"accepted","",,"Plantae","Bryophyta","","","Bryopsida","","","Bartramiales","","","","Bartramiaceae","","","Philonotis","capillaris","iNat:110152156","2022-04-01T15:42:00-07:00",,"Andrew Simon","false","research",10,2022-04-01 22:42:00,-123.396015,48.917265
"Montia dichotoma",78119,"Montia dichotoma",0,"accepted","Dwarf Montia",,"Plantae","Tracheophyta","Angiospermae","","Magnoliopsida","","","Caryophyllales","","","","Montiaceae","","","Montia","dichotoma","iNat:110152157","2022-04-01T15:44:00-07:00",,"Andrew Simon","false","needs_id",10,2022-04-01 22:44:00,-123.395882,48.917302
"Phoridae",55351,"Phoridae",0,"accepted","Humpbacked Flies",,"Animalia","Arthropoda","Hexapoda","","Insecta","Pterygota","","Diptera","Brachycera","Cyclorrhapha","","Phoridae","","","","","iNat:110152161","2022-04-01T15:57:00-07:00",,"Andrew Simon","false","needs_id",10,2022-04-01 22:57:00,-123.395553,48.917186
"Vaucheria",53662,"Vaucheria",0,"accepted","",,"Chromista","Ochrophyta","","","Xanthophyceae","","","Vaucheriales","","","","Vaucheriaceae","","","Vaucheria","","iNat:110152164","2022-04-01T16:04:00-07:00",,"Andrew Simon","false","research",10,2022-04-01 23:04:00,-123.395493,48.917035
"Fuscopannaria praetermissa",220265,"Fuscopannaria praetermissa",0,"accepted","Moss Shingle Lichen",,"Fungi","Ascomycota","Pezizomycotina","","Lecanoromycetes","Lecanoromycetidae","","Peltigerales","","","","Pannariaceae","","","Fuscopannaria","praetermissa","iNat:110152163","2022-04-01T16:16:00-07:00",,"Andrew Simon","false","needs_id",10,2022-04-01 23:16:00,-123.394487,48.916783
"Sedum spathulifolium",58886,"Sedum spathulifolium",0,"accepted","Broad-leaved Stonecrop",,"Plantae","Tracheophyta","Angiospermae","","Magnoliopsida","","","Saxifragales","","","","Crassulaceae","Sempervivoideae","Sedeae","Sedum","spathulifolium","iNat:110152168","2022-04-01T16:25:00-07:00",,"Andrew Simon","false","research",35,2022-04-01 23:25:00,-123.392762,48.915859
"Pinus contorta",48934,"Pinus contorta",0,"accepted","lodgepole pine",,"Plantae","Tracheophyta","","","Pinopsida","","","Pinales","","","","Pinaceae","Pinoideae","","Pinus","contorta","iNat:110152169","2022-04-01T16:30:00-07:00",,"Andrew Simon","false","research",30,2022-04-01 23:30:00,-123.394153,48.916245
"Fritillaria affinis",50618,"Fritillaria affinis",0,"accepted","checker lily",,"Plantae","Tracheophyta","Angiospermae","","Liliopsida","","","Liliales","","","","Liliaceae","Lilioideae","Lilieae","Fritillaria","affinis","iNat:110152171","2022-04-01T16:49:00-07:00",,"Andrew Simon","false","research",30,2022-04-01 23:49:00,-123.396749,48.917622
"Fomitopsis ochracea",495903,"Fomitopsis ochracea",0,"accepted","Ochre-banded Conk",,"Fungi","Basidiomycota","Agaricomycotina","","Agaricomycetes","","","Polyporales","","","","Fomitopsidaceae","","","Fomitopsis","ochracea","iNat:110304251","2022-04-01T15:10:53-07:00",,"Caitlin Robinson","false","needs_id",12,2022-04-01 22:10:53,-123.39782,48.917897
"Hylocomiaceae",71051,"Hylocomiaceae",0,"accepted","",,"Plantae","Bryophyta","","","Bryopsida","","","Hypnales","","","","Hylocomiaceae","","","","","iNat:110306926","2022-04-01T15:15:21-07:00",,"Caitlin Robinson","false","needs_id",48,2022-04-01 22:15:21,-123.397362,48.917492
"Rhytidiadelphus loreus",124422,"Rhytidiadelphus loreus",0,"accepted","Lanky Moss",,"Plantae","Bryophyta","","","Bryopsida","","","Hypnales","","","","Hylocomiaceae","","","Rhytidiadelphus","loreus","iNat:110306499","2022-04-01T15:15:35-07:00",,"Caitlin Robinson","false","research",10,2022-04-01 22:15:35,-123.3973,48.917538
"Micranthes rufidula",357949,"Micranthes rufidula",0,"accepted","Rustyhair Saxifrage",,"Plantae","Tracheophyta","Angiospermae","","Magnoliopsida","","","Saxifragales","","","","Saxifragaceae","","Micrantheae","Micranthes","rufidula","iNat:110247416","2022-04-01T15:29:10-07:00",,"Caitlin Robinson","false","research",10,2022-04-01 22:29:10,-123.39618,48.917328
"Micranthes integrifolia",78027,"Micranthes integrifolia",0,"accepted","Wholeleaf Saxifrage",,"Plantae","Tracheophyta","Angiospermae","","Magnoliopsida","","","Saxifragales","","","","Saxifragaceae","","Micrantheae","Micranthes","integrifolia","iNat:110301199","2022-04-01T15:33:44-07:00",,"Caitlin Robinson","false","research",10,2022-04-01 22:33:44,-123.396063,48.917297
"Peltigera britannica",119677,"Peltigera britannica",0,"accepted","flaky freckle pelt lichen",,"Fungi","Ascomycota","Pezizomycotina","","Lecanoromycetes","Lecanoromycetidae","","Peltigerales","","","","Peltigeraceae","","","Peltigera","britannica","iNat:110303685","2022-04-01T15:35:01-07:00",,"Caitlin Robinson","false","needs_id",10,2022-04-01 22:35:01,-123.396095,48.917287
"Montia fontana",58990,"Montia fontana",0,"accepted","blinks",,"Plantae","Tracheophyta","Angiospermae","","Magnoliopsida","","","Caryophyllales","","","","Montiaceae","","","Montia","fontana","iNat:110307306","2022-04-01T15:37:35-07:00",,"Caitlin Robinson","false","research",10,2022-04-01 22:37:35,-123.39608,48.917258
"Montia dichotoma",78119,"Montia dichotoma",0,"accepted","Dwarf Montia",,"Plantae","Tracheophyta","Angiospermae","","Magnoliopsida","","","Caryophyllales","","","","Montiaceae","","","Montia","dichotoma","iNat:110303207","2022-04-01T15:49:27-07:00",,"Caitlin Robinson","false","research",16,2022-04-01 22:49:27,-123.395797,48.917153
"Sedum spathulifolium",58886,"Sedum spathulifolium",0,"accepted","Broad-leaved Stonecrop",,"Plantae","Tracheophyta","Angiospermae","","Magnoliopsida","","","Saxifragales","","","","Crassulaceae","Sempervivoideae","Sedeae","Sedum","spathulifolium","iNat:110301784","2022-04-01T15:53:56-07:00",,"Caitlin Robinson","false","research",48,2022-04-01 22:53:56,-123.395662,48.917325
"Polytrichum juniperinum",68286,"Polytrichum juniperinum",0,"accepted","juniper haircap moss",,"Plantae","Bryophyta","","","Polytrichopsida","","","Polytrichales","","","","Polytrichaceae","","","Polytrichum","juniperinum","iNat:110301391","2022-04-01T15:55:37-07:00",,"Caitlin Robinson","false","needs_id",16,2022-04-01 22:55:37,-123.395613,48.917238
"Micranthes integrifolia",78027,"Micranthes integrifolia",0,"accepted","Wholeleaf Saxifrage",,"Plantae","Tracheophyta","Angiospermae","","Magnoliopsida","","","Saxifragales","","","","Saxifragaceae","","Micrantheae","Micranthes","integrifolia","iNat:110300441","2022-04-01T16:05:14-07:00",,"Caitlin Robinson","false","needs_id",24,2022-04-01 23:05:14,-123.395592,48.91697
"Platanthera",1469860,"Platanthera",0,"accepted","",,"Plantae","Tracheophyta","Angiospermae","","Liliopsida","","","Asparagales","","","","Orchidaceae","Orchidoideae","Orchideae","Platanthera","","iNat:232616611","2022-04-03T15:00:00-07:00",,"Caitlin Robinson","false","needs_id",20,2022-04-03 22:00:00,-123.573579,49.013828
"Erythronium oregonum",59520,"Erythronium oregonum",0,"accepted","giant white fawn lily",,"Plantae","Tracheophyta","Angiospermae","","Liliopsida","","","Liliales","","","","Liliaceae","Lilioideae","Lilieae","Erythronium","oregonum","iNat:111105163","2022-04-03T15:45:17-07:00",,"Caitlin Robinson","false","research",10,2022-04-03 22:45:17,-123.573805,49.013869
"Luzula comosa",57111,"Luzula comosa",0,"accepted","Pacific Woodrush",,"Plantae","Tracheophyta","Angiospermae","","Liliopsida","","","Poales","","","","Juncaceae","","","Luzula","comosa","iNat:111115403","2022-04-08T12:08:10-07:00",,"Caitlin Robinson","false","needs_id",10,2022-04-08 19:08:10,-123.31063,48.87163
"Calandrinia",49912,"Calandrinia",0,"accepted","",,"Plantae","Tracheophyta","Angiospermae","","Magnoliopsida","","","Caryophyllales","","","","Montiaceae","","","Calandrinia","","iNat:110824051","2022-04-08T12:15:13-07:00",,"Caitlin Robinson","false","needs_id",10,2022-04-08 19:15:13,-123.310508,48.871667
"Erythranthe",982845,"Erythranthe",0,"accepted","",,"Plantae","Tracheophyta","Angiospermae","","Magnoliopsida","","","Lamiales","","","","Phrymaceae","","","Erythranthe","","iNat:111116109","2022-04-08T12:19:41-07:00",,"Caitlin Robinson","false","needs_id",10,2022-04-08 19:19:41,-123.310592,48.871662
"Scytinium palmatum",532308,"Scytinium palmatum",0,"accepted","Antlered Jellyskin Lichen",,"Fungi","Ascomycota","Pezizomycotina","","Lecanoromycetes","Lecanoromycetidae","","Peltigerales","","","","Collemataceae","","","Scytinium","palmatum","iNat:111116901","2022-04-08T12:27:35-07:00",,"Caitlin Robinson","false","needs_id",12,2022-04-08 19:27:35,-123.31053,48.871712
"Erythranthe",982845,"Erythranthe",0,"accepted","",,"Plantae","Tracheophyta","Angiospermae","","Magnoliopsida","","","Lamiales","","","","Phrymaceae","","","Erythranthe","","iNat:111117206","2022-04-08T12:30:52-07:00",,"Caitlin Robinson","false","needs_id",16,2022-04-08 19:30:52,-123.310562,48.871812
"Claytonia perfoliata",52994,"Claytonia perfoliata",0,"accepted","miner's lettuce",,"Plantae","Tracheophyta","Angiospermae","","Magnoliopsida","","","Caryophyllales","","","","Montiaceae","","","Claytonia","perfoliata","iNat:111119675","2022-04-08T12:47:06-07:00",,"Caitlin Robinson","false","research",10,2022-04-08 19:47:06,-123.310813,48.871913
"Montia fontana",58990,"Montia fontana",0,"accepted","blinks",,"Plantae","Tracheophyta","Angiospermae","","Magnoliopsida","","","Caryophyllales","","","","Montiaceae","","","Montia","fontana","iNat:111119525","2022-04-08T12:48:34-07:00",,"Caitlin Robinson","false","needs_id",10,2022-04-08 19:48:34,-123.311072,48.871678
"Collinsia",47324,"Collinsia",0,"accepted","Blue-eyed Marys",,"Plantae","Tracheophyta","Angiospermae","","Magnoliopsida","","","Lamiales","","","","Plantaginaceae","","Cheloneae","Collinsia","","iNat:111119206","2022-04-08T12:50:57-07:00",,"Caitlin Robinson","false","needs_id",10,2022-04-08 19:50:57,-123.310762,48.871955
"Plantago lanceolata",53178,"Plantago lanceolata",0,"accepted","ribwort plantain",,"Plantae","Tracheophyta","Angiospermae","","Magnoliopsida","","","Lamiales","","","","Plantaginaceae","","Plantagineae","Plantago","lanceolata","iNat:111119923","2022-04-08T12:58:10-07:00",,"Caitlin Robinson","false","research",10,2022-04-08 19:58:10,-123.31067,48.871747
"Orchidoideae",738348,"Orchidoideae",0,"accepted","Orchidoid Orchids",,"Plantae","Tracheophyta","Angiospermae","","Liliopsida","","","Asparagales","","","","Orchidaceae","Orchidoideae","","","","iNat:111120058","2022-04-08T13:01:36-07:00",,"Caitlin Robinson","false","needs_id",10,2022-04-08 20:01:36,-123.312805,48.871937
"Osmorhiza berteroi",53166,"Osmorhiza berteroi",0,"accepted","mountain sweet cicely",,"Plantae","Tracheophyta","Angiospermae","","Magnoliopsida","","","Apiales","","","","Apiaceae","Apioideae","Scandiceae","Osmorhiza","berteroi","iNat:111120403","2022-04-08T13:07:20-07:00",,"Caitlin Robinson","false","needs_id",10,2022-04-08 20:07:20,-123.312745,48.872117
"Ulex europaeus",51751,"Ulex europaeus",0,"accepted","gorse",,"Plantae","Tracheophyta","Angiospermae","","Magnoliopsida","","","Fabales","","","","Fabaceae","Faboideae","Genisteae","Ulex","europaeus","iNat:110820852","2022-04-08T11:22:00-07:00",,"Andrew Simon","false","research",10,2022-04-08 18:22:00,-123.311607,48.871553
"Antitrichia californica",67846,"Antitrichia californica",0,"accepted","California antitrichia moss",,"Plantae","Bryophyta","","","Bryopsida","","","Hypnales","","","","Antitrichiaceae","","","Antitrichia","californica","iNat:110820851","2022-04-08T11:24:00-07:00",,"Andrew Simon","false","needs_id",10,2022-04-08 18:24:00,-123.311578,48.871563
"Lamium purpureum",55851,"Lamium purpureum",0,"accepted","red deadnettle",,"Plantae","Tracheophyta","Angiospermae","","Magnoliopsida","","","Lamiales","","","","Lamiaceae","Lamioideae","Lamieae","Lamium","purpureum","iNat:110820850","2022-04-08T11:27:00-07:00",,"Andrew Simon","false","research",10,2022-04-08 18:27:00,-123.311402,48.871563
"Ranunculus occidentalis",68057,"Ranunculus occidentalis",0,"accepted","Western Buttercup",,"Plantae","Tracheophyta","Angiospermae","","Magnoliopsida","","","Ranunculales","","","","Ranunculaceae","Ranunculoideae","Ranunculeae","Ranunculus","occidentalis","iNat:110820848","2022-04-08T11:29:00-07:00",,"Andrew Simon","false","needs_id",10,2022-04-08 18:29:00,-123.311118,48.871638
"Sanicula crassicaulis",53201,"Sanicula crassicaulis",0,"accepted","Pacific Sanicle",,"Plantae","Tracheophyta","Angiospermae","","Magnoliopsida","","","Apiales","","","","Apiaceae","Saniculoideae","Saniculeae","Sanicula","crassicaulis","iNat:110820847","2022-04-08T11:30:00-07:00",,"Andrew Simon","false","research",10,2022-04-08 18:30:00,-123.310835,48.871588
"Veronica arvensis",55748,"Veronica arvensis",0,"accepted","corn speedwell",,"Plantae","Tracheophyta","Angiospermae","","Magnoliopsida","","","Lamiales","","","","Plantaginaceae","","Veroniceae","Veronica","arvensis","iNat:110820840","2022-04-08T11:32:00-07:00",,"Andrew Simon","false","research",10,2022-04-08 18:32:00,-123.311067,48.871557
"Myosotis discolor",70265,"Myosotis discolor",0,"accepted","Changing Forget-me-not",,"Plantae","Tracheophyta","Angiospermae","","Magnoliopsida","","","Boraginales","","","","Boraginaceae","Cynoglossoideae","Myosotideae","Myosotis","discolor","iNat:110820843","2022-04-08T11:32:00-07:00",,"Andrew Simon","false","needs_id",10,2022-04-08 18:32:00,-123.311067,48.871558
"Veronica arvensis",55748,"Veronica arvensis",0,"accepted","corn speedwell",,"Plantae","Tracheophyta","Angiospermae","","Magnoliopsida","","","Lamiales","","","","Plantaginaceae","","Veroniceae","Veronica","arvensis","iNat:110820846","2022-04-08T11:32:00-07:00",,"Andrew Simon","false","research",10,2022-04-08 18:32:00,-123.311067,48.871558
"Montia dichotoma",78119,"Montia dichotoma",0,"accepted","Dwarf Montia",,"Plantae","Tracheophyta","Angiospermae","","Magnoliopsida","","","Caryophyllales","","","","Montiaceae","","","Montia","dichotoma","iNat:110872384","2022-04-08T11:36:00-07:00",,"Andrew Simon","false","research",10,2022-04-08 18:36:00,-123.310725,48.871505
"Sanicula crassicaulis",53201,"Sanicula crassicaulis",0,"accepted","Pacific Sanicle",,"Plantae","Tracheophyta","Angiospermae","","Magnoliopsida","","","Apiales","","","","Apiaceae","Saniculoideae","Saniculeae","Sanicula","crassicaulis","iNat:110820839","2022-04-08T11:37:00-07:00",,"Andrew Simon","false","research",10,2022-04-08 18:37:00,-123.310725,48.871508
"Brachythecium albicans",123771,"Brachythecium albicans",0,"accepted","Whitish Feather-moss",,"Plantae","Bryophyta","","","Bryopsida","","","Hypnales","","","","Brachytheciaceae","","","Brachythecium","albicans","iNat:110820838","2022-04-08T11:41:00-07:00",,"Andrew Simon","false","needs_id",10,2022-04-08 18:41:00,-123.310688,48.871613
"Triphysaria pusilla",57276,"Triphysaria pusilla",0,"accepted","dwarf owl's-clover",,"Plantae","Tracheophyta","Angiospermae","","Magnoliopsida","","","Lamiales","","","","Orobanchaceae","","Pedicularideae","Triphysaria","pusilla","iNat:110820835","2022-04-08T11:45:00-07:00",,"Andrew Simon","false","research",10,2022-04-08 18:45:00,-123.310503,48.87171
"Ranunculus occidentalis",68057,"Ranunculus occidentalis",0,"accepted","Western Buttercup",,"Plantae","Tracheophyta","Angiospermae","","Magnoliopsida","","","Ranunculales","","","","Ranunculaceae","Ranunculoideae","Ranunculeae","Ranunculus","occidentalis","iNat:110820834","2022-04-08T11:47:00-07:00",,"Andrew Simon","false","needs_id",10,2022-04-08 18:47:00,-123.310635,48.871707
"Triphysaria pusilla",57276,"Triphysaria pusilla",0,"accepted","dwarf owl's-clover",,"Plantae","Tracheophyta","Angiospermae","","Magnoliopsida","","","Lamiales","","","","Orobanchaceae","","Pedicularideae","Triphysaria","pusilla","iNat:111110366","2022-04-08T11:24:56-07:00",,"Caitlin Robinson","false","research",10,2022-04-08 18:24:56,-123.311363,48.87165
"Xanthoparmelia cumberlandia",123230,"Xanthoparmelia cumberlandia",0,"accepted","Cumberland Rock Shield",,"Fungi","Ascomycota","Pezizomycotina","","Lecanoromycetes","Lecanoromycetidae","","Lecanorales","","","","Parmeliaceae","Parmelioideae","","Xanthoparmelia","cumberlandia","iNat:111110533","2022-04-08T11:29:32-07:00",,"Caitlin Robinson","false","needs_id",10,2022-04-08 18:29:32,-123.311133,48.871555
"Myosotis discolor",70265,"Myosotis discolor",0,"accepted","Changing Forget-me-not",,"Plantae","Tracheophyta","Angiospermae","","Magnoliopsida","","","Boraginales","","","","Boraginaceae","Cynoglossoideae","Myosotideae","Myosotis","discolor","iNat:110856176","2022-04-08T11:32:43-07:00",,"Caitlin Robinson","false","needs_id",16,2022-04-08 18:32:43,-123.311037,48.871522
"Ceratodon purpureus",123117,"Ceratodon purpureus",0,"accepted","Redshank",,"Plantae","Bryophyta","","","Bryopsida","","","Dicranales","","","","Ditrichaceae","","","Ceratodon","purpureus","iNat:111110847","2022-04-08T11:35:20-07:00",,"Caitlin Robinson","false","needs_id",10,2022-04-08 18:35:20,-123.31108,48.871567
"Rusavskia elegans",532267,"Rusavskia elegans",0,"accepted","Elegant Sunburst Lichen",,"Fungi","Ascomycota","Pezizomycotina","","Lecanoromycetes","Lecanoromycetidae","","Teloschistales","","","","Teloschistaceae","Xanthorioideae","","Rusavskia","elegans","iNat:111110943","2022-04-08T11:36:34-07:00",,"Caitlin Robinson","false","needs_id",10,2022-04-08 18:36:34,-123.311058,48.871558
"Hyacinthoides × massartiana",863646,"Hyacinthoides × massartiana",0,"accepted","Hybrid bluebell",,"Plantae","Tracheophyta","Angiospermae","","Liliopsida","","","Asparagales","","","","Asparagaceae","Scilloideae","Hyacintheae","Hyacinthoides","","iNat:111111016","2022-04-08T11:39:49-07:00",,"Caitlin Robinson","false","needs_id",10,2022-04-08 18:39:49,-123.311128,48.871597
"Vicia sativa",53324,"Vicia sativa",0,"accepted","Common Vetch",,"Plantae","Tracheophyta","Angiospermae","","Magnoliopsida","","","Fabales","","","","Fabaceae","Faboideae","Fabeae","Vicia","sativa","iNat:111111690","2022-04-08T11:41:34-07:00",,"Caitlin Robinson","false","research",16,2022-04-08 18:41:34,-123.310967,48.871508
"Erodium cicutarium",47687,"Erodium cicutarium",0,"accepted","Redstem Stork's-bill",,"Plantae","Tracheophyta","Angiospermae","","Magnoliopsida","","","Geraniales","","","","Geraniaceae","","","Erodium","cicutarium","iNat:111112057","2022-04-08T11:54:47-07:00",,"Caitlin Robinson","false","research",24,2022-04-08 18:54:47,-123.310738,48.871678
"Racomitrium varium",167696,"Racomitrium varium",0,"accepted","",,"Plantae","Bryophyta","","","Bryopsida","","","Grimmiales","","","","Grimmiaceae","","","Racomitrium","varium","iNat:111052928","2022-04-10T13:39:00-07:00",,"Andrew Simon","false","needs_id",10,2022-04-10 20:39:00,-123.37476,48.90888
"Scapania americana",168492,"Scapania americana",0,"accepted","American Earwort",,"Plantae","Marchantiophyta","","","Jungermanniopsida","Jungermanniidae","","Jungermanniales","Cephaloziineae","","","Scapaniaceae","","","Scapania","americana","iNat:111052930","2022-04-10T13:43:00-07:00",,"Andrew Simon","false","research",10,2022-04-10 20:43:00,-123.37499,48.909188
"Polytrichum juniperinum",68286,"Polytrichum juniperinum",0,"accepted","juniper haircap moss",,"Plantae","Bryophyta","","","Polytrichopsida","","","Polytrichales","","","","Polytrichaceae","","","Polytrichum","juniperinum","iNat:111052933","2022-04-10T13:45:00-07:00",,"Andrew Simon","false","research",10,2022-04-10 20:45:00,-123.375057,48.909455
"Bryum",67867,"Bryum",0,"accepted","",,"Plantae","Bryophyta","","","Bryopsida","","","Bryales","","","","Bryaceae","","","Bryum","","iNat:111052934","2022-04-10T13:47:00-07:00",,"Andrew Simon","false","needs_id",10,2022-04-10 20:47:00,-123.374922,48.910006
"Micranthes integrifolia",78027,"Micranthes integrifolia",0,"accepted","Wholeleaf Saxifrage",,"Plantae","Tracheophyta","Angiospermae","","Magnoliopsida","","","Saxifragales","","","","Saxifragaceae","","Micrantheae","Micranthes","integrifolia","iNat:111052937","2022-04-10T13:48:00-07:00",,"Andrew Simon","false","research",10,2022-04-10 20:48:00,-123.374902,48.909985
"Ptychostomum pallens",818538,"Ptychostomum pallens",0,"accepted","Pale Thread-moss",,"Plantae","Bryophyta","","","Bryopsida","","","Bryales","","","","Bryaceae","","","Ptychostomum","pallens","iNat:111052938","2022-04-10T13:52:00-07:00",,"Andrew Simon","false","needs_id",10,2022-04-10 20:52:00,-123.37417,48.909987
"Ptychostomum capillare",1121982,"Ptychostomum capillare",0,"accepted","Capillary Thread-moss",,"Plantae","Bryophyta","","","Bryopsida","","","Bryales","","","","Bryaceae","","","Ptychostomum","capillare","iNat:111052939","2022-04-10T13:53:00-07:00",,"Andrew Simon","false","needs_id",10,2022-04-10 20:53:00,-123.374157,48.90998
"Prunella vulgaris",52764,"Prunella vulgaris",0,"accepted","common selfheal",,"Plantae","Tracheophyta","Angiospermae","","Magnoliopsida","","","Lamiales","","","","Lamiaceae","Nepetoideae","Mentheae","Prunella","vulgaris","iNat:111052942","2022-04-10T13:55:00-07:00",,"Andrew Simon","false","research",10,2022-04-10 20:55:00,-123.373932,48.909987
"Camassia",62219,"Camassia",0,"accepted","camas",,"Plantae","Tracheophyta","Angiospermae","","Liliopsida","","","Asparagales","","","","Asparagaceae","Agavoideae","","Camassia","","iNat:111052940","2022-04-10T13:57:00-07:00",,"Andrew Simon","false","needs_id",10,2022-04-10 20:57:00,-123.373937,48.909978
"Micranthes integrifolia",78027,"Micranthes integrifolia",0,"accepted","Wholeleaf Saxifrage",,"Plantae","Tracheophyta","Angiospermae","","Magnoliopsida","","","Saxifragales","","","","Saxifragaceae","","Micrantheae","Micranthes","integrifolia","iNat:111052945","2022-04-10T13:57:00-07:00",,"Andrew Simon","false","research",10,2022-04-10 20:57:00,-123.37392,48.909957
"Pseudoscleropodium purum",123645,"Pseudoscleropodium purum",0,"accepted","Neat Feather-moss",,"Plantae","Bryophyta","","","Bryopsida","","","Hypnales","","","","Brachytheciaceae","","","Pseudoscleropodium","purum","iNat:111052947","2022-04-10T13:57:00-07:00",,"Andrew Simon","false","research",10,2022-04-10 20:57:00,-123.373923,48.909957
"Erythronium oregonum",59520,"Erythronium oregonum",0,"accepted","giant white fawn lily",,"Plantae","Tracheophyta","Angiospermae","","Liliopsida","","","Liliales","","","","Liliaceae","Lilioideae","Lilieae","Erythronium","oregonum","iNat:111052948","2022-04-10T13:58:00-07:00",,"Andrew Simon","false","research",10,2022-04-10 20:58:00,-123.373808,48.90995
"Fritillaria affinis",50618,"Fritillaria affinis",0,"accepted","checker lily",,"Plantae","Tracheophyta","Angiospermae","","Liliopsida","","","Liliales","","","","Liliaceae","Lilioideae","Lilieae","Fritillaria","affinis","iNat:111052953","2022-04-10T13:58:00-07:00",,"Andrew Simon","false","research",10,2022-04-10 20:58:00,-123.37381,48.90992
"Micranthes rufidula",357949,"Micranthes rufidula",0,"accepted","Rustyhair Saxifrage",,"Plantae","Tracheophyta","Angiospermae","","Magnoliopsida","","","Saxifragales","","","","Saxifragaceae","","Micrantheae","Micranthes","rufidula","iNat:111052952","2022-04-10T14:01:00-07:00",,"Andrew Simon","false","research",10,2022-04-10 21:01:00,-123.37366,48.90996
"Stellaria media",53298,"Stellaria media",0,"accepted","common chickweed",,"Plantae","Tracheophyta","Angiospermae","","Magnoliopsida","","","Caryophyllales","","","","Caryophyllaceae","","Alsineae","Stellaria","media","iNat:111052955","2022-04-10T14:02:00-07:00",,"Andrew Simon","false","research",10,2022-04-10 21:02:00,-123.373168,48.90985
"Imbribryum miniatum",538114,"Imbribryum miniatum",0,"accepted","Glossy Red Bryum Moss",,"Plantae","Bryophyta","","","Bryopsida","","","Bryales","","","","Bryaceae","","","Imbribryum","miniatum","iNat:111052957","2022-04-10T14:03:00-07:00",,"Andrew Simon","false","research",10,2022-04-10 21:03:00,-123.373167,48.90985
"Philonotis fontana",133809,"Philonotis fontana",0,"accepted","Fountain Apple-moss",,"Plantae","Bryophyta","","","Bryopsida","","","Bartramiales","","","","Bartramiaceae","","","Philonotis","fontana","iNat:111052974","2022-04-10T14:04:00-07:00",,"Andrew Simon","false","needs_id",10,2022-04-10 21:04:00,-123.373145,48.909847
"Blindia acuta",156309,"Blindia acuta",0,"accepted","Sharp-leaved Blindia",,"Plantae","Bryophyta","","","Bryopsida","","","Grimmiales","","","","Seligeriaceae","","","Blindia","acuta","iNat:111052977","2022-04-10T14:05:00-07:00",,"Andrew Simon","false","research",10,2022-04-10 21:05:00,-123.37314,48.909843
"Ptychostomum pseudotriquetrum",68300,"Ptychostomum pseudotriquetrum",0,"accepted","Long-leaved Thread Moss",,"Plantae","Bryophyta","","","Bryopsida","","","Bryales","","","","Bryaceae","","","Ptychostomum","pseudotriquetrum","iNat:111052986","2022-04-10T14:07:00-07:00",,"Andrew Simon","false","needs_id",10,2022-04-10 21:07:00,-123.37303,48.909793
"Micranthes rufidula",357949,"Micranthes rufidula",0,"accepted","Rustyhair Saxifrage",,"Plantae","Tracheophyta","Angiospermae","","Magnoliopsida","","","Saxifragales","","","","Saxifragaceae","","Micrantheae","Micranthes","rufidula","iNat:111053003","2022-04-10T14:09:00-07:00",,"Andrew Simon","false","research",10,2022-04-10 21:09:00,-123.373008,48.909788
"Ptychostomum pseudotriquetrum",68300,"Ptychostomum pseudotriquetrum",0,"accepted","Long-leaved Thread Moss",,"Plantae","Bryophyta","","","Bryopsida","","","Bryales","","","","Bryaceae","","","Ptychostomum","pseudotriquetrum","iNat:111053020","2022-04-10T14:09:00-07:00",,"Andrew Simon","false","needs_id",10,2022-04-10 21:09:00,-123.372795,48.909758
"Ptychostomum pseudotriquetrum",68300,"Ptychostomum pseudotriquetrum",0,"accepted","Long-leaved Thread Moss",,"Plantae","Bryophyta","","","Bryopsida","","","Bryales","","","","Bryaceae","","","Ptychostomum","pseudotriquetrum","iNat:111053045","2022-04-10T14:10:00-07:00",,"Andrew Simon","false","needs_id",10,2022-04-10 21:10:00,-123.372802,48.909778
"Montia fontana",58990,"Montia fontana",0,"accepted","blinks",,"Plantae","Tracheophyta","Angiospermae","","Magnoliopsida","","","Caryophyllales","","","","Montiaceae","","","Montia","fontana","iNat:111053070","2022-04-10T14:10:00-07:00",,"Andrew Simon","false","research",10,2022-04-10 21:10:00,-123.372802,48.909778
"Micranthes rufidula",357949,"Micranthes rufidula",0,"accepted","Rustyhair Saxifrage",,"Plantae","Tracheophyta","Angiospermae","","Magnoliopsida","","","Saxifragales","","","","Saxifragaceae","","Micrantheae","Micranthes","rufidula","iNat:111053080","2022-04-10T14:10:00-07:00",,"Andrew Simon","false","research",10,2022-04-10 21:10:00,-123.372772,48.909807
"Collinsia grandiflora",76409,"Collinsia grandiflora",0,"accepted","Giant Blue-eyed Mary",,"Plantae","Tracheophyta","Angiospermae","","Magnoliopsida","","","Lamiales","","","","Plantaginaceae","","Cheloneae","Collinsia","grandiflora","iNat:111053085","2022-04-10T14:12:00-07:00",,"Andrew Simon","false","research",10,2022-04-10 21:12:00,-123.37262,48.909733
"Racomitrium affine",167675,"Racomitrium affine",0,"accepted","Lesser Fringe-moss",,"Plantae","Bryophyta","","","Bryopsida","","","Grimmiales","","","","Grimmiaceae","","","Racomitrium","affine","iNat:111053090","2022-04-10T14:13:00-07:00",,"Andrew Simon","false","needs_id",10,2022-04-10 21:13:00,-123.372563,48.909758
"Scapania americana",168492,"Scapania americana",0,"accepted","American Earwort",,"Plantae","Marchantiophyta","","","Jungermanniopsida","Jungermanniidae","","Jungermanniales","Cephaloziineae","","","Scapaniaceae","","","Scapania","americana","iNat:111053097","2022-04-10T14:14:00-07:00",,"Andrew Simon","false","research",10,2022-04-10 21:14:00,-123.372552,48.909755
"Allium amplectens",60267,"Allium amplectens",0,"accepted","narrowleaf onion",,"Plantae","Tracheophyta","Angiospermae","","Liliopsida","","","Asparagales","","","","Amaryllidaceae","Allioideae","Allieae","Allium","amplectens","iNat:111053106","2022-04-10T14:18:00-07:00",,"Andrew Simon","false","needs_id",10,2022-04-10 21:18:00,-123.37194,48.909615
"Plectritis congesta",57786,"Plectritis congesta",0,"accepted","shortspur seablush",,"Plantae","Tracheophyta","Angiospermae","","Magnoliopsida","","","Dipsacales","","","","Caprifoliaceae","Valerianoideae","","Plectritis","congesta","iNat:111053107","2022-04-10T14:21:00-07:00",,"Andrew Simon","false","research",10,2022-04-10 21:21:00,-123.372227,48.909682
"Ptychostomum pseudotriquetrum",68300,"Ptychostomum pseudotriquetrum",0,"accepted","Long-leaved Thread Moss",,"Plantae","Bryophyta","","","Bryopsida","","","Bryales","","","","Bryaceae","","","Ptychostomum","pseudotriquetrum","iNat:111053109","2022-04-10T14:21:00-07:00",,"Andrew Simon","false","needs_id",10,2022-04-10 21:21:00,-123.372738,48.909723
"Schistidium maritimum",168578,"Schistidium maritimum",0,"accepted","Seaside Grimmia",,"Plantae","Bryophyta","","","Bryopsida","","","Grimmiales","","","","Grimmiaceae","","","Schistidium","maritimum","iNat:111053111","2022-04-10T14:23:00-07:00",,"Andrew Simon","false","needs_id",10,2022-04-10 21:23:00,-123.373452,48.909988
"Nephroma laevigatum",117847,"Nephroma laevigatum",0,"accepted","Mustard Kidney Lichen",,"Fungi","Ascomycota","Pezizomycotina","","Lecanoromycetes","Lecanoromycetidae","","Peltigerales","","","","Nephromataceae","","","Nephroma","laevigatum","iNat:111052765","2022-04-10T12:24:00-07:00",,"Andrew Simon","false","research",24,2022-04-10 19:24:00,-123.361796,48.906348
"Rosulabryum",85413,"Rosulabryum",0,"accepted","",,"Plantae","Bryophyta","","","Bryopsida","","","Bryales","","","","Bryaceae","","","Rosulabryum","","iNat:111052767","2022-04-10T12:25:00-07:00",,"Andrew Simon","false","needs_id",24,2022-04-10 19:25:00,-123.361796,48.906348
"Lobaria pulmonaria",48711,"Lobaria pulmonaria",0,"accepted","Tree Lungwort",,"Fungi","Ascomycota","Pezizomycotina","","Lecanoromycetes","Lecanoromycetidae","","Peltigerales","","","","Lobariaceae","","","Lobaria","pulmonaria","iNat:111052768","2022-04-10T12:26:00-07:00",,"Andrew Simon","false","research",24,2022-04-10 19:26:00,-123.361796,48.906348
"Mytilus edulis",117650,"Mytilus edulis",0,"accepted","Blue Mussel",,"Animalia","Mollusca","","","Bivalvia","Autobranchia","","Mytilida","","","Mytiloidea","Mytilidae","Mytilinae","","Mytilus","edulis","iNat:111052770","2022-04-10T12:27:00-07:00",,"Andrew Simon","false","research",33,2022-04-10 19:27:00,-123.36161,48.906314
"Littorina scutulata",69995,"Littorina scutulata",0,"accepted","Checkered Periwinkle",,"Animalia","Mollusca","","","Gastropoda","Caenogastropoda","","Littorinimorpha","","","Littorinoidea","Littorinidae","Littorininae","","Littorina","scutulata","iNat:111052775","2022-04-10T12:28:00-07:00",,"Andrew Simon","false","needs_id",33,2022-04-10 19:28:00,-123.36161,48.906314
"Acer glabrum douglasii",181694,"Acer glabrum douglasii",0,"accepted","Douglas maple",,"Plantae","Tracheophyta","Angiospermae","","Magnoliopsida","","","Sapindales","","","","Sapindaceae","","","Acer","glabrum","iNat:111052776","2022-04-10T12:35:00-07:00",,"Andrew Simon","false","research",10,2022-04-10 19:35:00,-123.361353,48.906097
"Porotrichum bigelovii",67841,"Porotrichum bigelovii",0,"accepted","Bigelow's Porotrichum Moss",,"Plantae","Bryophyta","","","Bryopsida","","","Hypnales","","","","Neckeraceae","","","Porotrichum","bigelovii","iNat:111052777","2022-04-10T12:36:00-07:00",,"Andrew Simon","false","research",10,2022-04-10 19:36:00,-123.36129,48.905718
"Rhizomnium glabrescens",85421,"Rhizomnium glabrescens",0,"accepted","rhizomnium moss",,"Plantae","Bryophyta","","","Bryopsida","","","Bryales","","","","Mniaceae","","","Rhizomnium","glabrescens","iNat:111052797","2022-04-10T12:36:00-07:00",,"Andrew Simon","false","research",10,2022-04-10 19:36:00,-123.361163,48.905843
"Polystichum munitum",47751,"Polystichum munitum",0,"accepted","western sword fern",,"Plantae","Tracheophyta","","","Polypodiopsida","Polypodiidae","","Polypodiales","Polypodiineae","","","Dryopteridaceae","Dryopteridoideae","","Polystichum","munitum","iNat:111052780","2022-04-10T12:38:00-07:00",,"Andrew Simon","false","research",29,2022-04-10 19:38:00,-123.361282,48.906063
"Insecta",47158,"Insecta",0,"accepted","Insects",,"Animalia","Arthropoda","Hexapoda","","Insecta","","","","","","","","","","","","iNat:111052781","2022-04-10T12:42:00-07:00",,"Andrew Simon","false","needs_id",10,2022-04-10 19:42:00,-123.361112,48.905412
"Vaccinium ovatum",48349,"Vaccinium ovatum",0,"accepted","Evergreen Huckleberry",,"Plantae","Tracheophyta","Angiospermae","","Magnoliopsida","","","Ericales","","","","Ericaceae","Vaccinioideae","Vaccinieae","Vaccinium","ovatum","iNat:111052788","2022-04-10T12:45:00-07:00",,"Andrew Simon","false","research",10,2022-04-10 19:45:00,-123.36106,48.905157
"Berberis nervosa",75756,"Berberis nervosa",0,"accepted","Cascade Oregon-grape",,"Plantae","Tracheophyta","Angiospermae","","Magnoliopsida","","","Ranunculales","","","","Berberidaceae","Berberidoideae","Berberideae","Berberis","nervosa","iNat:111052789","2022-04-10T12:46:00-07:00",,"Andrew Simon","false","research",10,2022-04-10 19:46:00,-123.361047,48.905148
"Ruditapes philippinarum",343269,"Ruditapes philippinarum",0,"accepted","Japanese Littleneck",,"Animalia","Mollusca","","","Bivalvia","Autobranchia","Imparidentia","Venerida","","","Veneroidea","Veneridae","Tapetinae","","Ruditapes","philippinarum","iNat:111052811","2022-04-10T13:04:00-07:00",,"Andrew Simon","false","research",10,2022-04-10 20:04:00,-123.36172,48.906385
"Polypodium glycyrrhiza",55104,"Polypodium glycyrrhiza",0,"accepted","licorice fern",,"Plantae","Tracheophyta","","","Polypodiopsida","Polypodiidae","","Polypodiales","Polypodiineae","","","Polypodiaceae","Polypodioideae","","Polypodium","glycyrrhiza","iNat:111052872","2022-04-10T13:06:00-07:00",,"Andrew Simon","false","research",10,2022-04-10 20:06:00,-123.361707,48.90645
"Ptychostomum capillare",1121982,"Ptychostomum capillare",0,"accepted","Capillary Thread-moss",,"Plantae","Bryophyta","","","Bryopsida","","","Bryales","","","","Bryaceae","","","Ptychostomum","capillare","iNat:111052830","2022-04-10T13:10:00-07:00",,"Andrew Simon","false","research",10,2022-04-10 20:10:00,-123.361728,48.906257
"Sanicula crassicaulis",53201,"Sanicula crassicaulis",0,"accepted","Pacific Sanicle",,"Plantae","Tracheophyta","Angiospermae","","Magnoliopsida","","","Apiales","","","","Apiaceae","Saniculoideae","Saniculeae","Sanicula","crassicaulis","iNat:111052850","2022-04-10T13:10:00-07:00",,"Andrew Simon","false","research",10,2022-04-10 20:10:00,-123.361368,48.906342
"Sedum spathulifolium",58886,"Sedum spathulifolium",0,"accepted","Broad-leaved Stonecrop",,"Plantae","Tracheophyta","Angiospermae","","Magnoliopsida","","","Saxifragales","","","","Crassulaceae","Sempervivoideae","Sedeae","Sedum","spathulifolium","iNat:111052876","2022-04-10T13:11:00-07:00",,"Andrew Simon","false","research",10,2022-04-10 20:11:00,-123.361457,48.906365
"Nemophila parviflora",57353,"Nemophila parviflora",0,"accepted","small-flowered nemophila",,"Plantae","Tracheophyta","Angiospermae","","Magnoliopsida","","","Boraginales","","","","Boraginaceae","Hydrophylloideae","","Nemophila","parviflora","iNat:111052879","2022-04-10T13:13:00-07:00",,"Andrew Simon","false","needs_id",10,2022-04-10 20:13:00,-123.361638,48.90632
"Galium aparine",53059,"Galium aparine",0,"accepted","catchweed bedstraw",,"Plantae","Tracheophyta","Angiospermae","","Magnoliopsida","","","Gentianales","","","","Rubiaceae","Rubioideae","Rubieae","Galium","aparine","iNat:111052883","2022-04-10T13:13:00-07:00",,"Andrew Simon","false","needs_id",10,2022-04-10 20:13:00,-123.361887,48.906367
"Kindbergia oregana",120909,"Kindbergia oregana",0,"accepted","Oregon Beaked Moss",,"Plantae","Bryophyta","","","Bryopsida","","","Hypnales","","","","Brachytheciaceae","","","Kindbergia","oregana","iNat:111052891","2022-04-10T13:13:00-07:00",,"Andrew Simon","false","needs_id",10,2022-04-10 20:13:00,-123.361885,48.906368
"Sanicula crassicaulis",53201,"Sanicula crassicaulis",0,"accepted","Pacific Sanicle",,"Plantae","Tracheophyta","Angiospermae","","Magnoliopsida","","","Apiales","","","","Apiaceae","Saniculoideae","Saniculeae","Sanicula","crassicaulis","iNat:111052908","2022-04-10T13:14:00-07:00",,"Andrew Simon","false","needs_id",10,2022-04-10 20:14:00,-123.361887,48.906368
"Porotrichum bigelovii",67841,"Porotrichum bigelovii",0,"accepted","Bigelow's Porotrichum Moss",,"Plantae","Bryophyta","","","Bryopsida","","","Hypnales","","","","Neckeraceae","","","Porotrichum","bigelovii","iNat:111052912","2022-04-10T13:16:00-07:00",,"Andrew Simon","false","needs_id",10,2022-04-10 20:16:00,-123.361892,48.906373
"Claopodium bolanderi",160663,"Claopodium bolanderi",0,"accepted","Bolander's claopodium moss",,"Plantae","Bryophyta","","","Bryopsida","","","Hypnales","","","","Brachytheciaceae","","","Claopodium","bolanderi","iNat:111052920","2022-04-10T13:18:00-07:00",,"Andrew Simon","false","needs_id",10,2022-04-10 20:18:00,-123.3618,48.906255
"Kindbergia oregana",120909,"Kindbergia oregana",0,"accepted","Oregon Beaked Moss",,"Plantae","Bryophyta","","","Bryopsida","","","Hypnales","","","","Brachytheciaceae","","","Kindbergia","oregana","iNat:111052925","2022-04-10T13:19:00-07:00",,"Andrew Simon","false","needs_id",10,2022-04-10 20:19:00,-123.361838,48.906293
"Bruchidius villosus",386880,"Bruchidius villosus",0,"accepted","Broom Seed Beetle",,"Animalia","Arthropoda","Hexapoda","","Insecta","Pterygota","","Coleoptera","Polyphaga","Cucujiformia","Chrysomeloidea","Chrysomelidae","Bruchinae","Bruchini","Bruchidius","villosus","iNat:111052927","2022-04-10T13:32:00-07:00",,"Andrew Simon","false","needs_id",10,2022-04-10 20:32:00,-123.363211,48.906436
"Montia howellii",78121,"Montia howellii",0,"accepted","howell's montia",,"Plantae","Tracheophyta","Angiospermae","","Magnoliopsida","","","Caryophyllales","","","","Montiaceae","","","Montia","howellii","iNat:114481974","2022-05-01T10:42:00-07:00",,"Andrew Simon","false","research",13,2022-05-01 17:42:00,-123.375127,48.909501
"Scleropodium obtusifolium",123794,"Scleropodium obtusifolium",0,"accepted","obtuseleaf scleropodium moss",,"Plantae","Bryophyta","","","Bryopsida","","","Hypnales","","","","Brachytheciaceae","","","Scleropodium","obtusifolium","iNat:114481975","2022-05-01T10:52:00-07:00",,"Andrew Simon","false","needs_id",25,2022-05-01 17:52:00,-123.37335,48.909939
"Montia dichotoma",78119,"Montia dichotoma",0,"accepted","Dwarf Montia",,"Plantae","Tracheophyta","Angiospermae","","Magnoliopsida","","","Caryophyllales","","","","Montiaceae","","","Montia","dichotoma","iNat:114481976","2022-05-01T10:56:00-07:00",,"Andrew Simon","false","research",25,2022-05-01 17:56:00,-123.372667,48.90984
"Astur cooperii",1579017,"Astur cooperii",0,"accepted","Cooper's Hawk",,"Animalia","Chordata","Vertebrata","","Aves","","","Accipitriformes","","","","Accipitridae","Accipitrinae","","Astur","cooperii","iNat:114481980","2022-05-01T11:00:00-07:00",,"Andrew Simon","false","research",73,2022-05-01 18:00:00,-123.373453,48.910178
"Schistidium maritimum",168578,"Schistidium maritimum",0,"accepted","Seaside Grimmia",,"Plantae","Bryophyta","","","Bryopsida","","","Grimmiales","","","","Grimmiaceae","","","Schistidium","maritimum","iNat:114481981","2022-05-01T11:03:00-07:00",,"Andrew Simon","false","needs_id",25,2022-05-01 18:03:00,-123.371914,48.909661
"Fuscopannaria maritima",220262,"Fuscopannaria maritima",0,"accepted","",,"Fungi","Ascomycota","Pezizomycotina","","Lecanoromycetes","Lecanoromycetidae","","Peltigerales","","","","Pannariaceae","","","Fuscopannaria","maritima","iNat:114481991","2022-05-01T11:03:00-07:00",,"Andrew Simon","false","needs_id",25,2022-05-01 18:03:00,-123.371914,48.909661
"Physcia caesia",194681,"Physcia caesia",0,"accepted","Blue-gray Rosette Lichen",,"Fungi","Ascomycota","Pezizomycotina","","Lecanoromycetes","Lecanoromycetidae","","Caliciales","","","","Physciaceae","","","Physcia","caesia","iNat:114481994","2022-05-01T11:04:00-07:00",,"Andrew Simon","false","research",25,2022-05-01 18:04:00,-123.371453,48.909553
"Micranthes integrifolia",78027,"Micranthes integrifolia",0,"accepted","Wholeleaf Saxifrage",,"Plantae","Tracheophyta","Angiospermae","","Magnoliopsida","","","Saxifragales","","","","Saxifragaceae","","Micrantheae","Micranthes","integrifolia","iNat:114481993","2022-05-01T11:05:00-07:00",,"Andrew Simon","false","research",25,2022-05-01 18:05:00,-123.371247,48.909489
"Collinsia grandiflora",76409,"Collinsia grandiflora",0,"accepted","Giant Blue-eyed Mary",,"Plantae","Tracheophyta","Angiospermae","","Magnoliopsida","","","Lamiales","","","","Plantaginaceae","","Cheloneae","Collinsia","grandiflora","iNat:114482007","2022-05-01T11:05:00-07:00",,"Andrew Simon","false","research",25,2022-05-01 18:05:00,-123.371253,48.909472
"Allium amplectens",60267,"Allium amplectens",0,"accepted","narrowleaf onion",,"Plantae","Tracheophyta","Angiospermae","","Liliopsida","","","Asparagales","","","","Amaryllidaceae","Allioideae","Allieae","Allium","amplectens","iNat:114482009","2022-05-01T11:07:00-07:00",,"Andrew Simon","false","research",25,2022-05-01 18:07:00,-123.371207,48.90951
"Plectritis congesta",57786,"Plectritis congesta",0,"accepted","shortspur seablush",,"Plantae","Tracheophyta","Angiospermae","","Magnoliopsida","","","Dipsacales","","","","Caprifoliaceae","Valerianoideae","","Plectritis","congesta","iNat:114482008","2022-05-01T11:08:00-07:00",,"Andrew Simon","false","research",25,2022-05-01 18:08:00,-123.371047,48.909478
"Erythronium oregonum",59520,"Erythronium oregonum",0,"accepted","giant white fawn lily",,"Plantae","Tracheophyta","Angiospermae","","Liliopsida","","","Liliales","","","","Liliaceae","Lilioideae","Lilieae","Erythronium","oregonum","iNat:114482015","2022-05-01T11:09:00-07:00",,"Andrew Simon","false","research",25,2022-05-01 18:09:00,-123.371044,48.909478
"Fritillaria affinis",50618,"Fritillaria affinis",0,"accepted","checker lily",,"Plantae","Tracheophyta","Angiospermae","","Liliopsida","","","Liliales","","","","Liliaceae","Lilioideae","Lilieae","Fritillaria","affinis","iNat:114482017","2022-05-01T11:09:00-07:00",,"Andrew Simon","false","research",25,2022-05-01 18:09:00,-123.371045,48.909478
"Pseudotsuga menziesii",48256,"Pseudotsuga menziesii",0,"accepted","common Douglas-fir",,"Plantae","Tracheophyta","","","Pinopsida","","","Pinales","","","","Pinaceae","Pinoideae","","Pseudotsuga","menziesii","iNat:114482020","2022-05-01T11:09:00-07:00",,"Andrew Simon","false","research",25,2022-05-01 18:09:00,-123.371044,48.909478
"Holodiscus discolor",53414,"Holodiscus discolor",0,"accepted","Ocean spray",,"Plantae","Tracheophyta","Angiospermae","","Magnoliopsida","","","Rosales","","","","Rosaceae","Amygdaloideae","Spiraeeae","Holodiscus","discolor","iNat:114482025","2022-05-01T11:09:00-07:00",,"Andrew Simon","false","research",25,2022-05-01 18:09:00,-123.371022,48.909483
"Gaultheria shallon",48441,"Gaultheria shallon",0,"accepted","salal",,"Plantae","Tracheophyta","Angiospermae","","Magnoliopsida","","","Ericales","","","","Ericaceae","Vaccinioideae","Gaultherieae","Gaultheria","shallon","iNat:114482033","2022-05-01T11:09:00-07:00",,"Andrew Simon","false","research",25,2022-05-01 18:09:00,-123.371022,48.909483
"Rosa gymnocarpa",53441,"Rosa gymnocarpa",0,"accepted","Baldhip Rose",,"Plantae","Tracheophyta","Angiospermae","","Magnoliopsida","","","Rosales","","","","Rosaceae","Rosoideae","Roseae","Rosa","gymnocarpa","iNat:114482036","2022-05-01T11:09:00-07:00",,"Andrew Simon","false","research",25,2022-05-01 18:09:00,-123.371017,48.90947
"Podocopida",85538,"Podocopida",0,"accepted","",,"Animalia","Arthropoda","Crustacea","Oligostraca","Ostracoda","Podocopa","","Podocopida","","","","","","","","","iNat:114482041","2022-05-01T11:11:00-07:00",,"Andrew Simon","false","needs_id",25,2022-05-01 18:11:00,-123.370997,48.909443
"Rosa nutkana",78883,"Rosa nutkana",0,"accepted","Nootka rose",,"Plantae","Tracheophyta","Angiospermae","","Magnoliopsida","","","Rosales","","","","Rosaceae","Rosoideae","Roseae","Rosa","nutkana","iNat:114482046","2022-05-01T11:12:00-07:00",,"Andrew Simon","false","research",25,2022-05-01 18:12:00,-123.370803,48.909394
"Physcia caesia",194681,"Physcia caesia",0,"accepted","Blue-gray Rosette Lichen",,"Fungi","Ascomycota","Pezizomycotina","","Lecanoromycetes","Lecanoromycetidae","","Caliciales","","","","Physciaceae","","","Physcia","caesia","iNat:114482071","2022-05-01T11:13:00-07:00",,"Andrew Simon","false","needs_id",25,2022-05-01 18:13:00,-123.370765,48.909345
"Claytonia perfoliata",52994,"Claytonia perfoliata",0,"accepted","miner's lettuce",,"Plantae","Tracheophyta","Angiospermae","","Magnoliopsida","","","Caryophyllales","","","","Montiaceae","","","Claytonia","perfoliata","iNat:114482116","2022-05-01T11:13:00-07:00",,"Andrew Simon","false","research",25,2022-05-01 18:13:00,-123.370483,48.909258
"Fritillaria affinis",50618,"Fritillaria affinis",0,"accepted","checker lily",,"Plantae","Tracheophyta","Angiospermae","","Liliopsida","","","Liliales","","","","Liliaceae","Lilioideae","Lilieae","Fritillaria","affinis","iNat:114482161","2022-05-01T11:14:00-07:00",,"Andrew Simon","false","research",25,2022-05-01 18:14:00,-123.370528,48.909262
"Sanicula crassicaulis",53201,"Sanicula crassicaulis",0,"accepted","Pacific Sanicle",,"Plantae","Tracheophyta","Angiospermae","","Magnoliopsida","","","Apiales","","","","Apiaceae","Saniculoideae","Saniculeae","Sanicula","crassicaulis","iNat:114482173","2022-05-01T11:15:00-07:00",,"Andrew Simon","false","research",25,2022-05-01 18:15:00,-123.370468,48.909315
"Sedum spathulifolium",58886,"Sedum spathulifolium",0,"accepted","Broad-leaved Stonecrop",,"Plantae","Tracheophyta","Angiospermae","","Magnoliopsida","","","Saxifragales","","","","Crassulaceae","Sempervivoideae","Sedeae","Sedum","spathulifolium","iNat:114482174","2022-05-01T11:16:00-07:00",,"Andrew Simon","false","research",25,2022-05-01 18:16:00,-123.370478,48.909308
"Cytisus scoparius",48538,"Cytisus scoparius",0,"accepted","Scotch Broom",,"Plantae","Tracheophyta","Angiospermae","","Magnoliopsida","","","Fabales","","","","Fabaceae","Faboideae","Genisteae","Cytisus","scoparius","iNat:114482183","2022-05-01T11:16:00-07:00",,"Andrew Simon","false","research",25,2022-05-01 18:16:00,-123.370493,48.909297
"Micranthes integrifolia",78027,"Micranthes integrifolia",0,"accepted","Wholeleaf Saxifrage",,"Plantae","Tracheophyta","Angiospermae","","Magnoliopsida","","","Saxifragales","","","","Saxifragaceae","","Micrantheae","Micranthes","integrifolia","iNat:114482184","2022-05-01T11:17:00-07:00",,"Andrew Simon","false","research",25,2022-05-01 18:17:00,-123.370586,48.909361
"Polypodium glycyrrhiza",55104,"Polypodium glycyrrhiza",0,"accepted","licorice fern",,"Plantae","Tracheophyta","","","Polypodiopsida","Polypodiidae","","Polypodiales","Polypodiineae","","","Polypodiaceae","Polypodioideae","","Polypodium","glycyrrhiza","iNat:114482187","2022-05-01T11:18:00-07:00",,"Andrew Simon","false","research",25,2022-05-01 18:18:00,-123.37085,48.909385
"Lichenomphalia ericetorum",1497645,"Lichenomphalia ericetorum",0,"accepted","Lichen Agaric",,"Fungi","Basidiomycota","Agaricomycotina","","Agaricomycetes","Agaricomycetidae","","Agaricales","Hygrophorineae","","","Hygrophoraceae","Lichenomphalioideae","Lichenomphalieae","Lichenomphalia","ericetorum","iNat:114482193","2022-05-01T11:18:00-07:00",,"Andrew Simon","false","research",25,2022-05-01 18:18:00,-123.370935,48.909385
"Peltigera hymenina",69730,"Peltigera hymenina",0,"accepted","",,"Fungi","Ascomycota","Pezizomycotina","","Lecanoromycetes","Lecanoromycetidae","","Peltigerales","","","","Peltigeraceae","","","Peltigera","hymenina","iNat:114482196","2022-05-01T11:19:00-07:00",,"Andrew Simon","false","needs_id",25,2022-05-01 18:19:00,-123.370917,48.909408
"Blennothallia fecunda",462484,"Blennothallia fecunda",0,"accepted","",,"Fungi","Ascomycota","Pezizomycotina","","Lecanoromycetes","Lecanoromycetidae","","Peltigerales","","","","Collemataceae","","","Blennothallia","fecunda","iNat:114482195","2022-05-01T11:24:00-07:00",,"Andrew Simon","false","research",39,2022-05-01 18:24:00,-123.371036,48.909481
"Imbribryum miniatum",538114,"Imbribryum miniatum",0,"accepted","Glossy Red Bryum Moss",,"Plantae","Bryophyta","","","Bryopsida","","","Bryales","","","","Bryaceae","","","Imbribryum","miniatum","iNat:114482208","2022-05-01T11:25:00-07:00",,"Andrew Simon","false","research",25,2022-05-01 18:25:00,-123.371788,48.909622
"Ptychostomum pseudotriquetrum",68300,"Ptychostomum pseudotriquetrum",0,"accepted","Long-leaved Thread Moss",,"Plantae","Bryophyta","","","Bryopsida","","","Bryales","","","","Bryaceae","","","Ptychostomum","pseudotriquetrum","iNat:114482211","2022-05-01T11:25:00-07:00",,"Andrew Simon","false","research",25,2022-05-01 18:25:00,-123.371847,48.909607
"Philonotis fontana",133809,"Philonotis fontana",0,"accepted","Fountain Apple-moss",,"Plantae","Bryophyta","","","Bryopsida","","","Bartramiales","","","","Bartramiaceae","","","Philonotis","fontana","iNat:114482219","2022-05-01T11:26:00-07:00",,"Andrew Simon","false","needs_id",25,2022-05-01 18:26:00,-123.371883,48.909612
"Ceratodon purpureus",123117,"Ceratodon purpureus",0,"accepted","Redshank",,"Plantae","Bryophyta","","","Bryopsida","","","Dicranales","","","","Ditrichaceae","","","Ceratodon","purpureus","iNat:114482227","2022-05-01T11:26:00-07:00",,"Andrew Simon","false","needs_id",25,2022-05-01 18:26:00,-123.371877,48.909607
"Anisolabis maritima",127193,"Anisolabis maritima",0,"accepted","Maritime Earwig",,"Animalia","Arthropoda","Hexapoda","","Insecta","Pterygota","","Dermaptera","Neodermaptera","Epidermaptera","Anisolabidoidea","Anisolabididae","Anisolabidinae","","Anisolabis","maritima","iNat:114482234","2022-05-01T11:28:00-07:00",,"Andrew Simon","false","needs_id",25,2022-05-01 18:28:00,-123.372094,48.909678
"Racomitrium",1486687,"Racomitrium",0,"accepted","",,"Plantae","Bryophyta","","","Bryopsida","","","Grimmiales","","","","Grimmiaceae","","","Racomitrium","","iNat:114482249","2022-05-01T11:28:00-07:00",,"Andrew Simon","false","needs_id",25,2022-05-01 18:28:00,-123.372097,48.909677
"Juliformia",372724,"Juliformia",0,"accepted","Round-backed Millipedes",,"Animalia","Arthropoda","Myriapoda","","Diplopoda","Chilognatha","Juliformia","","","","","","","","","","iNat:114482250","2022-05-01T11:33:00-07:00",,"Andrew Simon","false","needs_id",25,2022-05-01 18:33:00,-123.372267,48.90968
"Tortula muralis",123498,"Tortula muralis",0,"accepted","Wall Screw-moss",,"Plantae","Bryophyta","","","Bryopsida","","","Pottiales","","","","Pottiaceae","","","Tortula","muralis","iNat:114482263","2022-05-01T11:39:00-07:00",,"Andrew Simon","false","research",25,2022-05-01 18:39:00,-123.373433,48.909958
"Erythranthe microphylla",453717,"Erythranthe microphylla",0,"accepted","Small-leaf Monkeyflower",,"Plantae","Tracheophyta","Angiospermae","","Magnoliopsida","","","Lamiales","","","","Phrymaceae","","","Erythranthe","microphylla","iNat:114482275","2022-05-01T11:41:00-07:00",,"Andrew Simon","false","research",25,2022-05-01 18:41:00,-123.373444,48.909944
"Pinus contorta",48934,"Pinus contorta",0,"accepted","lodgepole pine",,"Plantae","Tracheophyta","","","Pinopsida","","","Pinales","","","","Pinaceae","Pinoideae","","Pinus","contorta","iNat:114482273","2022-05-01T11:48:00-07:00",,"Andrew Simon","false","research",25,2022-05-01 18:48:00,-123.374422,48.910094
"Pleurozium schreberi",130677,"Pleurozium schreberi",0,"accepted","Red-stemmed Feather Moss",,"Plantae","Bryophyta","","","Bryopsida","","","Hypnales","","","","Hylocomiaceae","","","Pleurozium","schreberi","iNat:114482278","2022-05-01T11:49:00-07:00",,"Andrew Simon","false","research",25,2022-05-01 18:49:00,-123.374605,48.91006
"Cladonia portentosa pacifica",340879,"Cladonia portentosa pacifica",0,"accepted","Maritime Reindeer Lichen",,"Fungi","Ascomycota","Pezizomycotina","","Lecanoromycetes","Lecanoromycetidae","","Lecanorales","","","","Cladoniaceae","","","Cladonia","portentosa","iNat:114482288","2022-05-01T11:50:00-07:00",,"Andrew Simon","false","needs_id",25,2022-05-01 18:50:00,-123.37461,48.910058
"Schistochilopsis incisa",786089,"Schistochilopsis incisa",0,"accepted","Jagged Notchwort",,"Plantae","Marchantiophyta","","","Jungermanniopsida","Jungermanniidae","","Jungermanniales","Cephaloziineae","","","Scapaniaceae","","","Schistochilopsis","incisa","iNat:114482293","2022-05-01T11:51:00-07:00",,"Andrew Simon","false","research",25,2022-05-01 18:51:00,-123.374773,48.910012
"Rhizomnium",68068,"Rhizomnium",0,"accepted","",,"Plantae","Bryophyta","","","Bryopsida","","","Bryales","","","","Mniaceae","","","Rhizomnium","","iNat:114482298","2022-05-01T11:54:00-07:00",,"Andrew Simon","false","needs_id",25,2022-05-01 18:54:00,-123.374792,48.90995
"Bellis perennis",55563,"Bellis perennis",0,"accepted","Lawn daisy",,"Plantae","Tracheophyta","Angiospermae","","Magnoliopsida","","","Asterales","","","","Asteraceae","Asteroideae","Astereae","Bellis","perennis","iNat:114482303","2022-05-01T11:56:00-07:00",,"Andrew Simon","false","research",25,2022-05-01 18:56:00,-123.374895,48.909887
"Sanicula crassicaulis",53201,"Sanicula crassicaulis",0,"accepted","Pacific Sanicle",,"Plantae","Tracheophyta","Angiospermae","","Magnoliopsida","","","Apiales","","","","Apiaceae","Saniculoideae","Saniculeae","Sanicula","crassicaulis","iNat:114482311","2022-05-01T11:56:00-07:00",,"Andrew Simon","false","research",25,2022-05-01 18:56:00,-123.374867,48.90991
"Vaccinium ovatum",48349,"Vaccinium ovatum",0,"accepted","Evergreen Huckleberry",,"Plantae","Tracheophyta","Angiospermae","","Magnoliopsida","","","Ericales","","","","Ericaceae","Vaccinioideae","Vaccinieae","Vaccinium","ovatum","iNat:114482312","2022-05-01T11:58:00-07:00",,"Andrew Simon","false","research",25,2022-05-01 18:58:00,-123.374915,48.910155
"Sanicula crassicaulis",53201,"Sanicula crassicaulis",0,"accepted","Pacific Sanicle",,"Plantae","Tracheophyta","Angiospermae","","Magnoliopsida","","","Apiales","","","","Apiaceae","Saniculoideae","Saniculeae","Sanicula","crassicaulis","iNat:114482324","2022-05-01T11:58:00-07:00",,"Andrew Simon","false","research",25,2022-05-01 18:58:00,-123.375002,48.910075
"Haliaeetus leucocephalus",5305,"Haliaeetus leucocephalus",0,"accepted","Bald Eagle",,"Animalia","Chordata","Vertebrata","","Aves","","","Accipitriformes","","","","Accipitridae","Buteoninae","","Haliaeetus","leucocephalus","iNat:114482335","2022-05-01T12:03:00-07:00",,"Andrew Simon","false","research",49,2022-05-01 19:03:00,-123.374711,48.910408
"Gavia pacifica",4621,"Gavia pacifica",0,"accepted","Pacific Loon",,"Animalia","Chordata","Vertebrata","","Aves","","","Gaviiformes","","","","Gaviidae","","","Gavia","pacifica","iNat:114482341","2022-05-01T12:06:00-07:00",,"Andrew Simon","false","research",49,2022-05-01 19:06:00,-123.374711,48.910408
"Chroicocephalus philadelphia",144502,"Chroicocephalus philadelphia",0,"accepted","Bonaparte's Gull",,"Animalia","Chordata","Vertebrata","","Aves","","","Charadriiformes","","","","Laridae","Larinae","","Chroicocephalus","philadelphia","iNat:114482366","2022-05-01T12:10:00-07:00",,"Andrew Simon","false","research",49,2022-05-01 19:10:00,-123.374711,48.910408
"Clupeiformes",49235,"Clupeiformes",0,"accepted","Herrings",,"Animalia","Chordata","Vertebrata","","Actinopterygii","","","Clupeiformes","","","","","","","","","iNat:114482367","2022-05-01T12:12:00-07:00",,"Andrew Simon","false","needs_id",49,2022-05-01 19:12:00,-123.374711,48.910408
"Larus brachyrhynchus",1286964,"Larus brachyrhynchus",0,"accepted","Short-billed Gull",,"Animalia","Chordata","Vertebrata","","Aves","","","Charadriiformes","","","","Laridae","Larinae","","Larus","brachyrhynchus","iNat:114482368","2022-05-01T12:12:00-07:00",,"Andrew Simon","false","research",49,2022-05-01 19:12:00,-123.374711,48.910408
"Matricaria discoidea",52992,"Matricaria discoidea",0,"accepted","pineapple-weed",,"Plantae","Tracheophyta","Angiospermae","","Magnoliopsida","","","Asterales","","","","Asteraceae","Asteroideae","Anthemideae","Matricaria","discoidea","iNat:114482375","2022-05-01T12:16:00-07:00",,"Andrew Simon","false","research",29,2022-05-01 19:16:00,-123.374702,48.908846
"Riccia sorocarpa",56420,"Riccia sorocarpa",0,"accepted","Common Crystalwort",,"Plantae","Marchantiophyta","","","Marchantiopsida","Marchantiidae","","Marchantiales","","","","Ricciaceae","","","Riccia","sorocarpa","iNat:114482379","2022-05-01T12:16:00-07:00",,"Andrew Simon","false","research",29,2022-05-01 19:16:00,-123.374702,48.908846
"Scleropodium",67913,"Scleropodium",0,"accepted","",,"Plantae","Bryophyta","","","Bryopsida","","","Hypnales","","","","Brachytheciaceae","","","Scleropodium","","iNat:119369406","2022-05-29T09:18:00-07:00",,"Andrew Simon","false","needs_id",25,2022-05-29 16:18:00,-123.311788,48.872272
"Grimmia lisae",163391,"Grimmia lisae",0,"accepted","",,"Plantae","Bryophyta","","","Bryopsida","","","Grimmiales","","","","Grimmiaceae","","","Grimmia","lisae","iNat:119369407","2022-05-29T09:20:00-07:00",,"Andrew Simon","false","needs_id",25,2022-05-29 16:20:00,-123.310968,48.871703
"Bromus hordeaceus",52703,"Bromus hordeaceus",0,"accepted","common soft brome",,"Plantae","Tracheophyta","Angiospermae","","Liliopsida","","","Poales","","","","Poaceae","Pooideae","Bromeae","Bromus","hordeaceus","iNat:119369409","2022-05-29T09:22:00-07:00",,"Andrew Simon","false","needs_id",25,2022-05-29 16:22:00,-123.310825,48.871698
"Trifolium willdenovii",57081,"Trifolium willdenovii",0,"accepted","tomcat clover",,"Plantae","Tracheophyta","Angiospermae","","Magnoliopsida","","","Fabales","","","","Fabaceae","Faboideae","Trifolieae","Trifolium","willdenovii","iNat:119369412","2022-05-29T09:29:00-07:00",,"Andrew Simon","false","research",25,2022-05-29 16:29:00,-123.3108,48.871648
"Zonotrichia leucophrys",9176,"Zonotrichia leucophrys",0,"accepted","White-crowned Sparrow",,"Animalia","Chordata","Vertebrata","","Aves","","","Passeriformes","","","","Passerellidae","","","Zonotrichia","leucophrys","iNat:119369413","2022-05-29T09:29:00-07:00",,"Andrew Simon","false","research",23,2022-05-29 16:29:00,-123.310932,48.87201
"Brachythecium albicans",123771,"Brachythecium albicans",0,"accepted","Whitish Feather-moss",,"Plantae","Bryophyta","","","Bryopsida","","","Hypnales","","","","Brachytheciaceae","","","Brachythecium","albicans","iNat:119369414","2022-05-29T09:30:00-07:00",,"Andrew Simon","false","research",25,2022-05-29 16:30:00,-123.310742,48.871533
"Sonchus oleraceus",53294,"Sonchus oleraceus",0,"accepted","Common Sow-thistle",,"Plantae","Tracheophyta","Angiospermae","","Magnoliopsida","","","Asterales","","","","Asteraceae","Cichorioideae","Cichorieae","Sonchus","oleraceus","iNat:119369415","2022-05-29T09:33:00-07:00",,"Andrew Simon","false","needs_id",25,2022-05-29 16:33:00,-123.310744,48.871536
"Sonchus oleraceus",53294,"Sonchus oleraceus",0,"accepted","Common Sow-thistle",,"Plantae","Tracheophyta","Angiospermae","","Magnoliopsida","","","Asterales","","","","Asteraceae","Cichorioideae","Cichorieae","Sonchus","oleraceus","iNat:119369416","2022-05-29T09:34:00-07:00",,"Andrew Simon","false","needs_id",25,2022-05-29 16:34:00,-123.311056,48.871497
"Polytrichum piliferum",67905,"Polytrichum piliferum",0,"accepted","bristly haircap moss",,"Plantae","Bryophyta","","","Polytrichopsida","","","Polytrichales","","","","Polytrichaceae","","","Polytrichum","piliferum","iNat:119369417","2022-05-29T09:38:00-07:00",,"Andrew Simon","false","research",25,2022-05-29 16:38:00,-123.311225,48.871527
"Bombycilla cedrorum",7428,"Bombycilla cedrorum",0,"accepted","Cedar Waxwing",,"Animalia","Chordata","Vertebrata","","Aves","","","Passeriformes","","","","Bombycillidae","","","Bombycilla","cedrorum","iNat:119369418","2022-05-29T09:39:00-07:00",,"Andrew Simon","false","research",25,2022-05-29 16:39:00,-123.310778,48.87156
"Antitrichia curtipendula",126107,"Antitrichia curtipendula",0,"accepted","Pendulous Wing-moss",,"Plantae","Bryophyta","","","Bryopsida","","","Hypnales","","","","Antitrichiaceae","","","Antitrichia","curtipendula","iNat:119369419","2022-05-29T09:39:00-07:00",,"Andrew Simon","false","research",25,2022-05-29 16:39:00,-123.311232,48.871553
"Malacosoma californica",359294,"Malacosoma californica",0,"accepted","Western Tent Caterpillar Moth",,"Animalia","Arthropoda","Hexapoda","","Insecta","Pterygota","","Lepidoptera","","","Lasiocampoidea","Lasiocampidae","Malacosominae","","Malacosoma","californica","iNat:119373595","2022-05-29T09:39:00-07:00",,"Andrew Simon","false","research",10,2022-05-29 16:39:00,-123.310809,48.87155
"Formica fusca",69257,"Formica fusca",0,"accepted","",,"Animalia","Arthropoda","Hexapoda","","Insecta","Pterygota","","Hymenoptera","Apocrita","Aculeata","Formicoidea","Formicidae","Formicinae","Formicini","Formica","fusca","iNat:119369421","2022-05-29T09:40:00-07:00",,"Andrew Simon","false","needs_id",25,2022-05-29 16:40:00,-123.311239,48.871536
"Brachythecium albicans",123771,"Brachythecium albicans",0,"accepted","Whitish Feather-moss",,"Plantae","Bryophyta","","","Bryopsida","","","Hypnales","","","","Brachytheciaceae","","","Brachythecium","albicans","iNat:119369422","2022-05-29T09:40:00-07:00",,"Andrew Simon","false","needs_id",25,2022-05-29 16:40:00,-123.311228,48.871552
"Ceratodon purpureus",123117,"Ceratodon purpureus",0,"accepted","Redshank",,"Plantae","Bryophyta","","","Bryopsida","","","Dicranales","","","","Ditrichaceae","","","Ceratodon","purpureus","iNat:119369423","2022-05-29T09:44:00-07:00",,"Andrew Simon","false","research",25,2022-05-29 16:44:00,-123.31147,48.871562
"Haemorhous mexicanus",199840,"Haemorhous mexicanus",0,"accepted","House Finch",,"Animalia","Chordata","Vertebrata","","Aves","","","Passeriformes","","","","Fringillidae","","","Haemorhous","mexicanus","iNat:119369426","2022-05-29T09:45:00-07:00",,"Andrew Simon","false","research",25,2022-05-29 16:45:00,-123.311781,48.871693
"Racomitrium pacificum",167691,"Racomitrium pacificum",0,"accepted","",,"Plantae","Bryophyta","","","Bryopsida","","","Grimmiales","","","","Grimmiaceae","","","Racomitrium","pacificum","iNat:119369428","2022-05-29T09:45:00-07:00",,"Andrew Simon","false","needs_id",25,2022-05-29 16:45:00,-123.311455,48.871573
"Trifolium dubium",53313,"Trifolium dubium",0,"accepted","Lesser hop trefoil",,"Plantae","Tracheophyta","Angiospermae","","Magnoliopsida","","","Fabales","","","","Fabaceae","Faboideae","Trifolieae","Trifolium","dubium","iNat:119369427","2022-05-29T09:47:00-07:00",,"Andrew Simon","false","research",25,2022-05-29 16:47:00,-123.311493,48.871605
"Cytisus scoparius",48538,"Cytisus scoparius",0,"accepted","Scotch Broom",,"Plantae","Tracheophyta","Angiospermae","","Magnoliopsida","","","Fabales","","","","Fabaceae","Faboideae","Genisteae","Cytisus","scoparius","iNat:119369432","2022-05-29T09:49:00-07:00",,"Andrew Simon","false","research",25,2022-05-29 16:49:00,-123.31205,48.871587
"Ulex europaeus",51751,"Ulex europaeus",0,"accepted","gorse",,"Plantae","Tracheophyta","Angiospermae","","Magnoliopsida","","","Fabales","","","","Fabaceae","Faboideae","Genisteae","Ulex","europaeus","iNat:119369433","2022-05-29T09:49:00-07:00",,"Andrew Simon","false","research",25,2022-05-29 16:49:00,-123.31205,48.871587
"Lonicera hispidula",53416,"Lonicera hispidula",0,"accepted","Pink Honeysuckle",,"Plantae","Tracheophyta","Angiospermae","","Magnoliopsida","","","Dipsacales","","","","Caprifoliaceae","Caprifolioideae","","Lonicera","hispidula","iNat:119369447","2022-05-29T09:49:00-07:00",,"Andrew Simon","false","research",25,2022-05-29 16:49:00,-123.31206,48.871617
"Geranium molle",53076,"Geranium molle",0,"accepted","Dove's-foot crane's-bill",,"Plantae","Tracheophyta","Angiospermae","","Magnoliopsida","","","Geraniales","","","","Geraniaceae","","","Geranium","molle","iNat:119369448","2022-05-29T09:49:00-07:00",,"Andrew Simon","false","research",25,2022-05-29 16:49:00,-123.31205,48.871587
"Vicia sativa",53324,"Vicia sativa",0,"accepted","Common Vetch",,"Plantae","Tracheophyta","Angiospermae","","Magnoliopsida","","","Fabales","","","","Fabaceae","Faboideae","Fabeae","Vicia","sativa","iNat:119369449","2022-05-29T09:51:00-07:00",,"Andrew Simon","false","research",25,2022-05-29 16:51:00,-123.312312,48.871725
"Melospiza melodia",9100,"Melospiza melodia",0,"accepted","Song Sparrow",,"Animalia","Chordata","Vertebrata","","Aves","","","Passeriformes","","","","Passerellidae","","","Melospiza","melodia","iNat:119369450","2022-05-29T09:54:00-07:00",,"Andrew Simon","false","research",25,2022-05-29 16:54:00,-123.312474,48.872237
"Setophaga coronata",145245,"Setophaga coronata",0,"accepted","Yellow-rumped Warbler",,"Animalia","Chordata","Vertebrata","","Aves","","","Passeriformes","","","","Parulidae","","","Setophaga","coronata","iNat:119369451","2022-05-29T09:57:00-07:00",,"Andrew Simon","false","research",25,2022-05-29 16:57:00,-123.312474,48.872237
"Polytrichum commune",68293,"Polytrichum commune",0,"accepted","Common Haircap Moss",,"Plantae","Bryophyta","","","Polytrichopsida","","","Polytrichales","","","","Polytrichaceae","","","Polytrichum","commune","iNat:119369452","2022-05-29T10:01:00-07:00",,"Andrew Simon","false","research",25,2022-05-29 17:01:00,-123.3124,48.872397
"Rumex acetosella",53195,"Rumex acetosella",0,"accepted","Sheep's sorrel",,"Plantae","Tracheophyta","Angiospermae","","Magnoliopsida","","","Caryophyllales","","","","Polygonaceae","Polygonoideae","Rumiceae","Rumex","acetosella","iNat:119369453","2022-05-29T10:03:00-07:00",,"Andrew Simon","false","needs_id",25,2022-05-29 17:03:00,-123.312606,48.872403
"Sarcophaga",1070571,"Sarcophaga",0,"accepted","Cryptic carnaria-group Flesh Flies",,"Animalia","Arthropoda","Hexapoda","","Insecta","Pterygota","","Diptera","Brachycera","Cyclorrhapha","Oestroidea","Sarcophagidae","Sarcophaginae","","Sarcophaga","","iNat:119369455","2022-05-29T10:04:00-07:00",,"Andrew Simon","false","needs_id",25,2022-05-29 17:04:00,-123.312855,48.872435
"Lophocampa argentata",84792,"Lophocampa argentata",0,"accepted","Silver-spotted Tiger Moth",,"Animalia","Arthropoda","Hexapoda","","Insecta","Pterygota","","Lepidoptera","","","Noctuoidea","Erebidae","Arctiinae","Arctiini","Lophocampa","argentata","iNat:119369456","2022-05-29T10:04:00-07:00",,"Andrew Simon","false","research",25,2022-05-29 17:04:00,-123.312758,48.872552
"Anthriscus caucalis",52846,"Anthriscus caucalis",0,"accepted","Bur Parsley",,"Plantae","Tracheophyta","Angiospermae","","Magnoliopsida","","","Apiales","","","","Apiaceae","Apioideae","Scandiceae","Anthriscus","caucalis","iNat:119369457","2022-05-29T10:18:00-07:00",,"Andrew Simon","false","needs_id",25,2022-05-29 17:18:00,-123.314365,48.873137
"Plantago lanceolata",53178,"Plantago lanceolata",0,"accepted","ribwort plantain",,"Plantae","Tracheophyta","Angiospermae","","Magnoliopsida","","","Lamiales","","","","Plantaginaceae","","Plantagineae","Plantago","lanceolata","iNat:119369459","2022-05-29T10:18:00-07:00",,"Andrew Simon","false","needs_id",25,2022-05-29 17:18:00,-123.315205,48.873572
"Fragaria vesca",50298,"Fragaria vesca",0,"accepted","woodland strawberry",,"Plantae","Tracheophyta","Angiospermae","","Magnoliopsida","","","Rosales","","","","Rosaceae","Rosoideae","Potentilleae","Fragaria","vesca","iNat:119369460","2022-05-29T10:19:00-07:00",,"Andrew Simon","false","research",25,2022-05-29 17:19:00,-123.315488,48.87361
"Lolium arundinaceum",164708,"Lolium arundinaceum",0,"accepted","tall fescue",,"Plantae","Tracheophyta","Angiospermae","","Liliopsida","","","Poales","","","","Poaceae","Pooideae","Poeae","Lolium","arundinaceum","iNat:119369461","2022-05-29T10:21:00-07:00",,"Andrew Simon","false","needs_id",25,2022-05-29 17:21:00,-123.315802,48.873443
"Holcus lanatus",52793,"Holcus lanatus",0,"accepted","Yorkshire fog",,"Plantae","Tracheophyta","Angiospermae","","Liliopsida","","","Poales","","","","Poaceae","Pooideae","Poeae","Holcus","lanatus","iNat:119369464","2022-05-29T10:23:00-07:00",,"Andrew Simon","false","needs_id",25,2022-05-29 17:23:00,-123.315945,48.872992
"Phalaris arundinacea",63337,"Phalaris arundinacea",0,"accepted","reed canary grass",,"Plantae","Tracheophyta","Angiospermae","","Liliopsida","","","Poales","","","","Poaceae","Pooideae","Poeae","Phalaris","arundinacea","iNat:119369465","2022-05-29T10:23:00-07:00",,"Andrew Simon","false","research",25,2022-05-29 17:23:00,-123.315963,48.872998
"Holcus lanatus",52793,"Holcus lanatus",0,"accepted","Yorkshire fog",,"Plantae","Tracheophyta","Angiospermae","","Liliopsida","","","Poales","","","","Poaceae","Pooideae","Poeae","Holcus","lanatus","iNat:119369466","2022-05-29T10:24:00-07:00",,"Andrew Simon","false","needs_id",25,2022-05-29 17:24:00,-123.315958,48.872977
"Trifolium repens",55745,"Trifolium repens",0,"accepted","white clover",,"Plantae","Tracheophyta","Angiospermae","","Magnoliopsida","","","Fabales","","","","Fabaceae","Faboideae","Trifolieae","Trifolium","repens","iNat:119369468","2022-05-29T10:25:00-07:00",,"Andrew Simon","false","research",25,2022-05-29 17:25:00,-123.315947,48.872925
"Turdus migratorius",12727,"Turdus migratorius",0,"accepted","American Robin",,"Animalia","Chordata","Vertebrata","","Aves","","","Passeriformes","","","","Turdidae","","","Turdus","migratorius","iNat:119369469","2022-05-29T10:27:00-07:00",,"Andrew Simon","false","research",25,2022-05-29 17:27:00,-123.316706,48.872482
"Molothrus ater",10373,"Molothrus ater",0,"accepted","Brown-headed Cowbird",,"Animalia","Chordata","Vertebrata","","Aves","","","Passeriformes","","","","Icteridae","","","Molothrus","ater","iNat:119369470","2022-05-29T10:29:00-07:00",,"Andrew Simon","false","research",25,2022-05-29 17:29:00,-123.316706,48.872482
"Molothrus ater",10373,"Molothrus ater",0,"accepted","Brown-headed Cowbird",,"Animalia","Chordata","Vertebrata","","Aves","","","Passeriformes","","","","Icteridae","","","Molothrus","ater","iNat:119369471","2022-05-29T10:30:00-07:00",,"Andrew Simon","false","research",25,2022-05-29 17:30:00,-123.316001,48.872022
"Poa pratensis",60307,"Poa pratensis",0,"accepted","Smooth Meadow-grass",,"Plantae","Tracheophyta","Angiospermae","","Liliopsida","","","Poales","","","","Poaceae","Pooideae","Poeae","Poa","pratensis","iNat:119369473","2022-05-29T10:33:00-07:00",,"Andrew Simon","false","needs_id",25,2022-05-29 17:33:00,-123.315928,48.872687
"Crataegus monogyna",51147,"Crataegus monogyna",0,"accepted","common hawthorn",,"Plantae","Tracheophyta","Angiospermae","","Magnoliopsida","","","Rosales","","","","Rosaceae","Amygdaloideae","Maleae","Crataegus","monogyna","iNat:119369475","2022-05-29T10:36:00-07:00",,"Andrew Simon","false","needs_id",25,2022-05-29 17:36:00,-123.315952,48.872672
"Bombus vosnesenskii",57689,"Bombus vosnesenskii",0,"accepted","Yellow-faced Bumble Bee",,"Animalia","Arthropoda","Hexapoda","","Insecta","Pterygota","","Hymenoptera","Apocrita","Aculeata","Apoidea","Apidae","Apinae","Bombini","Bombus","vosnesenskii","iNat:119369476","2022-05-29T10:38:00-07:00",,"Andrew Simon","false","research",25,2022-05-29 17:38:00,-123.315938,48.872748
"Bombus mixtus",319125,"Bombus mixtus",0,"accepted","Fuzzy-Horned Bumble Bee",,"Animalia","Arthropoda","Hexapoda","","Insecta","Pterygota","","Hymenoptera","Apocrita","Aculeata","Apoidea","Apidae","Apinae","Bombini","Bombus","mixtus","iNat:119369483","2022-05-29T10:39:00-07:00",,"Andrew Simon","false","research",25,2022-05-29 17:39:00,-123.315952,48.872668
"Andrena",571358,"Andrena",0,"accepted","",,"Animalia","Arthropoda","Hexapoda","","Insecta","Pterygota","","Hymenoptera","Apocrita","Aculeata","Apoidea","Andrenidae","Andreninae","Andrenini","Andrena","","iNat:119369484","2022-05-29T10:39:00-07:00",,"Andrew Simon","false","needs_id",25,2022-05-29 17:39:00,-123.315938,48.872748
"Bombus melanopygus",130222,"Bombus melanopygus",0,"accepted","Black-tailed Bumble Bee",,"Animalia","Arthropoda","Hexapoda","","Insecta","Pterygota","","Hymenoptera","Apocrita","Aculeata","Apoidea","Apidae","Apinae","Bombini","Bombus","melanopygus","iNat:119369485","2022-05-29T10:39:00-07:00",,"Andrew Simon","false","research",25,2022-05-29 17:39:00,-123.315927,48.872745
"Ranunculus repens",48229,"Ranunculus repens",0,"accepted","Creeping buttercup",,"Plantae","Tracheophyta","Angiospermae","","Magnoliopsida","","","Ranunculales","","","","Ranunculaceae","Ranunculoideae","Ranunculeae","Ranunculus","repens","iNat:119369488","2022-05-29T10:40:00-07:00",,"Andrew Simon","false","needs_id",25,2022-05-29 17:40:00,-123.315445,48.871847
"Phalaris arundinacea",63337,"Phalaris arundinacea",0,"accepted","reed canary grass",,"Plantae","Tracheophyta","Angiospermae","","Liliopsida","","","Poales","","","","Poaceae","Pooideae","Poeae","Phalaris","arundinacea","iNat:119369489","2022-05-29T10:49:00-07:00",,"Andrew Simon","false","needs_id",25,2022-05-29 17:49:00,-123.314812,48.87161
"Phragmidium rosae-multiflorae",496216,"Phragmidium rosae-multiflorae",0,"accepted","Multiflora rose rust",,"Fungi","Basidiomycota","Pucciniomycotina","","Pucciniomycetes","","","Pucciniales","Uredinineae","","","Phragmidiaceae","","","Phragmidium","rosae-multiflorae","iNat:119369490","2022-05-29T10:51:00-07:00",,"Andrew Simon","false","needs_id",25,2022-05-29 17:51:00,-123.31553,48.871872
"Rosa nutkana",78883,"Rosa nutkana",0,"accepted","Nootka rose",,"Plantae","Tracheophyta","Angiospermae","","Magnoliopsida","","","Rosales","","","","Rosaceae","Rosoideae","Roseae","Rosa","nutkana","iNat:119369491","2022-05-29T10:51:00-07:00",,"Andrew Simon","false","needs_id",25,2022-05-29 17:51:00,-123.31553,48.871872
"Geum macrophyllum",77266,"Geum macrophyllum",0,"accepted","Large-leaved Avens",,"Plantae","Tracheophyta","Angiospermae","","Magnoliopsida","","","Rosales","","","","Rosaceae","Rosoideae","Colurieae","Geum","macrophyllum","iNat:119369492","2022-05-29T10:51:00-07:00",,"Andrew Simon","false","research",25,2022-05-29 17:51:00,-123.31553,48.871872
"Camassia leichtlinii",62218,"Camassia leichtlinii",0,"accepted","great camas",,"Plantae","Tracheophyta","Angiospermae","","Liliopsida","","","Asparagales","","","","Asparagaceae","Agavoideae","","Camassia","leichtlinii","iNat:119369493","2022-05-29T17:18:00-07:00",,"Andrew Simon","false","research",25,2022-05-30 00:18:00,-123.3747,48.910043
"Bombus sitkensis",142269,"Bombus sitkensis",0,"accepted","Sitka Bumble Bee",,"Animalia","Arthropoda","Hexapoda","","Insecta","Pterygota","","Hymenoptera","Apocrita","Aculeata","Apoidea","Apidae","Apinae","Bombini","Bombus","sitkensis","iNat:119369497","2022-05-29T17:20:00-07:00",,"Andrew Simon","false","research",25,2022-05-30 00:20:00,-123.374662,48.910105
"Erythranthe guttata",470643,"Erythranthe guttata",0,"accepted","seep monkeyflower",,"Plantae","Tracheophyta","Angiospermae","","Magnoliopsida","","","Lamiales","","","","Phrymaceae","","","Erythranthe","guttata","iNat:119369496","2022-05-29T17:22:00-07:00",,"Andrew Simon","false","research",25,2022-05-30 00:22:00,-123.374097,48.910015
"Montia parvifolia",78123,"Montia parvifolia",0,"accepted","Small-leaved Blinks",,"Plantae","Tracheophyta","Angiospermae","","Magnoliopsida","","","Caryophyllales","","","","Montiaceae","","","Montia","parvifolia","iNat:119369498","2022-05-29T17:23:00-07:00",,"Andrew Simon","false","needs_id",25,2022-05-30 00:23:00,-123.373675,48.90999
"Vicia sativa",53324,"Vicia sativa",0,"accepted","Common Vetch",,"Plantae","Tracheophyta","Angiospermae","","Magnoliopsida","","","Fabales","","","","Fabaceae","Faboideae","Fabeae","Vicia","sativa","iNat:119369499","2022-05-29T17:25:00-07:00",,"Andrew Simon","false","research",25,2022-05-30 00:25:00,-123.373267,48.909857
"Plectritis congesta",57786,"Plectritis congesta",0,"accepted","shortspur seablush",,"Plantae","Tracheophyta","Angiospermae","","Magnoliopsida","","","Dipsacales","","","","Caprifoliaceae","Valerianoideae","","Plectritis","congesta","iNat:119369500","2022-05-29T17:26:00-07:00",,"Andrew Simon","false","research",25,2022-05-30 00:26:00,-123.373208,48.909842
"Allium amplectens",60267,"Allium amplectens",0,"accepted","narrowleaf onion",,"Plantae","Tracheophyta","Angiospermae","","Liliopsida","","","Asparagales","","","","Amaryllidaceae","Allioideae","Allieae","Allium","amplectens","iNat:119369501","2022-05-29T17:29:00-07:00",,"Andrew Simon","false","needs_id",25,2022-05-30 00:29:00,-123.371953,48.909627
"Triteleia hyacinthina",57132,"Triteleia hyacinthina",0,"accepted","white brodiaea",,"Plantae","Tracheophyta","Angiospermae","","Liliopsida","","","Asparagales","","","","Asparagaceae","Brodiaeoideae","","Triteleia","hyacinthina","iNat:119369503","2022-05-29T17:30:00-07:00",,"Andrew Simon","false","research",25,2022-05-30 00:30:00,-123.372228,48.909672
"Allium cernuum",116364,"Allium cernuum",0,"accepted","nodding onion",,"Plantae","Tracheophyta","Angiospermae","","Liliopsida","","","Asparagales","","","","Amaryllidaceae","Allioideae","Allieae","Allium","cernuum","iNat:119369504","2022-05-29T17:30:00-07:00",,"Andrew Simon","false","research",25,2022-05-30 00:30:00,-123.372228,48.90969
"Zonotrichia leucophrys",9176,"Zonotrichia leucophrys",0,"accepted","White-crowned Sparrow",,"Animalia","Chordata","Vertebrata","","Aves","","","Passeriformes","","","","Passerellidae","","","Zonotrichia","leucophrys","iNat:119369505","2022-05-29T17:34:00-07:00",,"Andrew Simon","false","research",25,2022-05-30 00:34:00,-123.372685,48.909676
"Lophioprason",1080332,"Lophioprason",0,"accepted","",,"Plantae","Tracheophyta","Angiospermae","","Liliopsida","","","Asparagales","","","","Amaryllidaceae","Allioideae","Allieae","Allium","","iNat:119369509","2022-05-29T17:34:00-07:00",,"Andrew Simon","false","needs_id",25,2022-05-30 00:34:00,-123.370887,48.909347
"Micranthes rufidula",357949,"Micranthes rufidula",0,"accepted","Rustyhair Saxifrage",,"Plantae","Tracheophyta","Angiospermae","","Magnoliopsida","","","Saxifragales","","","","Saxifragaceae","","Micrantheae","Micranthes","rufidula","iNat:119369508","2022-05-29T17:35:00-07:00",,"Andrew Simon","false","needs_id",25,2022-05-30 00:35:00,-123.370845,48.909343
"Fuscopannaria maritima",220262,"Fuscopannaria maritima",0,"accepted","",,"Fungi","Ascomycota","Pezizomycotina","","Lecanoromycetes","Lecanoromycetidae","","Peltigerales","","","","Pannariaceae","","","Fuscopannaria","maritima","iNat:119369510","2022-05-29T17:36:00-07:00",,"Andrew Simon","false","needs_id",25,2022-05-30 00:36:00,-123.370533,48.909258
"Physcia caesia",194681,"Physcia caesia",0,"accepted","Blue-gray Rosette Lichen",,"Fungi","Ascomycota","Pezizomycotina","","Lecanoromycetes","Lecanoromycetidae","","Caliciales","","","","Physciaceae","","","Physcia","caesia","iNat:119369513","2022-05-29T17:36:00-07:00",,"Andrew Simon","false","needs_id",25,2022-05-30 00:36:00,-123.370523,48.909257
"Eutomostethus ephippium",130721,"Eutomostethus ephippium",0,"accepted","",,"Animalia","Arthropoda","Hexapoda","","Insecta","Pterygota","","Hymenoptera","Symphyta","","Tenthredinoidea","Tenthredinidae","Blennocampinae","Phymatocerini","Eutomostethus","ephippium","iNat:119369516","2022-05-29T17:39:00-07:00",,"Andrew Simon","false","research",25,2022-05-30 00:39:00,-123.370497,48.909244
"Vicia hirsuta",56188,"Vicia hirsuta",0,"accepted","Hairy tare",,"Plantae","Tracheophyta","Angiospermae","","Magnoliopsida","","","Fabales","","","","Fabaceae","Faboideae","Fabeae","Vicia","hirsuta","iNat:119369515","2022-05-29T17:51:00-07:00",,"Andrew Simon","false","research",25,2022-05-30 00:51:00,-123.373243,48.909873
"Philonotis fontana",133809,"Philonotis fontana",0,"accepted","Fountain Apple-moss",,"Plantae","Bryophyta","","","Bryopsida","","","Bartramiales","","","","Bartramiaceae","","","Philonotis","fontana","iNat:119369568","2022-05-29T17:51:00-07:00",,"Andrew Simon","false","research",25,2022-05-30 00:51:00,-123.373244,48.909872
"Lichenomphalia ericetorum",1497645,"Lichenomphalia ericetorum",0,"accepted","Lichen Agaric",,"Fungi","Basidiomycota","Agaricomycotina","","Agaricomycetes","Agaricomycetidae","","Agaricales","Hygrophorineae","","","Hygrophoraceae","Lichenomphalioideae","Lichenomphalieae","Lichenomphalia","ericetorum","iNat:119369579","2022-05-29T17:55:00-07:00",,"Andrew Simon","false","research",25,2022-05-30 00:55:00,-123.37431,48.910023
"Hieracium albiflorum",63937,"Hieracium albiflorum",0,"accepted","white hawkweed",,"Plantae","Tracheophyta","Angiospermae","","Magnoliopsida","","","Asterales","","","","Asteraceae","Cichorioideae","Cichorieae","Hieracium","albiflorum","iNat:119369583","2022-05-29T17:59:00-07:00",,"Andrew Simon","false","needs_id",25,2022-05-30 00:59:00,-123.374465,48.910047
"Erythronium oregonum",59520,"Erythronium oregonum",0,"accepted","giant white fawn lily",,"Plantae","Tracheophyta","Angiospermae","","Liliopsida","","","Liliales","","","","Liliaceae","Lilioideae","Lilieae","Erythronium","oregonum","iNat:155840266","2023-04-16T09:21:00-07:00",,"Andrew Simon","false","research",18,2023-04-16 16:21:00,-123.312177,48.872367
"Cathartes aura",4756,"Cathartes aura",0,"accepted","Turkey Vulture",,"Animalia","Chordata","Vertebrata","","Aves","","","Cathartiformes","","","","Cathartidae","","","Cathartes","aura","iNat:155840267","2023-04-16T09:21:00-07:00",,"Andrew Simon","false","research",41,2023-04-16 16:21:00,-123.312304,48.872486
"Turdus migratorius",12727,"Turdus migratorius",0,"accepted","American Robin",,"Animalia","Chordata","Vertebrata","","Aves","","","Passeriformes","","","","Turdidae","","","Turdus","migratorius","iNat:155840268","2023-04-16T09:26:00-07:00",,"Andrew Simon","false","research",28,2023-04-16 16:26:00,-123.311832,48.872197
"Cardamine nuttallii",76002,"Cardamine nuttallii",0,"accepted","Nuttall's toothwort",,"Plantae","Tracheophyta","Angiospermae","","Magnoliopsida","","","Brassicales","","","","Brassicaceae","Brassicoideae","Cardamineae","Cardamine","nuttallii","iNat:155840269","2023-04-16T09:32:00-07:00",,"Andrew Simon","false","research",10,2023-04-16 16:32:00,-123.311582,48.871661
"Narcissus",993276,"Narcissus",0,"accepted","",,"Plantae","Tracheophyta","Angiospermae","","Liliopsida","","","Asparagales","","","","Amaryllidaceae","Amaryllidoideae","Narcisseae","Narcissus","","iNat:155840270","2023-04-16T09:36:00-07:00",,"Andrew Simon","false","research",20,2023-04-16 16:36:00,-123.311117,48.87177
"Passeriformes",7251,"Passeriformes",0,"accepted","Perching Birds",,"Animalia","Chordata","Vertebrata","","Aves","","","Passeriformes","","","","","","","","","iNat:155840265","2023-04-16T09:43:00-07:00",,"Andrew Simon","false","needs_id",41,2023-04-16 16:43:00,-123.311967,48.871894
"Micranthes integrifolia",78027,"Micranthes integrifolia",0,"accepted","Wholeleaf Saxifrage",,"Plantae","Tracheophyta","Angiospermae","","Magnoliopsida","","","Saxifragales","","","","Saxifragaceae","","Micrantheae","Micranthes","integrifolia","iNat:155840272","2023-04-16T09:53:00-07:00",,"Andrew Simon","false","research",17,2023-04-16 16:53:00,-123.312524,48.872497
"Trifolium willdenovii",57081,"Trifolium willdenovii",0,"accepted","tomcat clover",,"Plantae","Tracheophyta","Angiospermae","","Magnoliopsida","","","Fabales","","","","Fabaceae","Faboideae","Trifolieae","Trifolium","willdenovii","iNat:52033125","2020-06-26T11:05:00-07:00",,"Andrew Simon","false","research",10,2020-06-26 18:05:00,-123.388164,48.914192
"Triteleia hyacinthina",57132,"Triteleia hyacinthina",0,"accepted","white brodiaea",,"Plantae","Tracheophyta","Angiospermae","","Liliopsida","","","Asparagales","","","","Asparagaceae","Brodiaeoideae","","Triteleia","hyacinthina","iNat:52033128","2020-06-26T11:05:00-07:00",,"Andrew Simon","false","research",10,2020-06-26 18:05:00,-123.38815,48.914192
"Anthoxanthum odoratum",75475,"Anthoxanthum odoratum",0,"accepted","sweet vernal grass",,"Plantae","Tracheophyta","Angiospermae","","Liliopsida","","","Poales","","","","Poaceae","Pooideae","Poeae","Anthoxanthum","odoratum","iNat:52033133","2020-06-26T11:07:00-07:00",,"Andrew Simon","false","research",10,2020-06-26 18:07:00,-123.388137,48.914297
"Juncus effusus effusus",79961,"Juncus effusus effusus",0,"accepted","common rush",,"Plantae","Tracheophyta","Angiospermae","","Liliopsida","","","Poales","","","","Juncaceae","","","Juncus","effusus","iNat:52033137","2020-06-26T11:14:00-07:00",,"Andrew Simon","false","research",10,2020-06-26 18:14:00,-123.388368,48.91436
"Deschampsia elongata",52722,"Deschampsia elongata",0,"accepted","slender hairgrass",,"Plantae","Tracheophyta","Angiospermae","","Liliopsida","","","Poales","","","","Poaceae","Pooideae","Poeae","Deschampsia","elongata","iNat:52033139","2020-06-26T11:17:00-07:00",,"Andrew Simon","false","research",10,2020-06-26 18:17:00,-123.390517,48.915078
"Dermatocarpon leptophyllodes",218253,"Dermatocarpon leptophyllodes",0,"accepted","",,"Fungi","Ascomycota","Pezizomycotina","","Eurotiomycetes","Chaetothyriomycetidae","","Verrucariales","","","","Verrucariaceae","","","Dermatocarpon","leptophyllodes","iNat:52099943","2020-06-26T11:28:00-07:00",,"Andrew Simon","false","needs_id",20,2020-06-26 18:28:00,-123.389789,48.914872
"Juniperus maritima",164313,"Juniperus maritima",0,"accepted","Seaside Juniper",,"Plantae","Tracheophyta","","","Pinopsida","","","Pinales","","","","Cupressaceae","Cupressoideae","","Juniperus","maritima","iNat:232514980","2020-07-25T15:45:10-07:00",,"Caitlin Robinson","false","needs_id",10,2020-07-25 22:45:10,-123.576317,49.012578
"Haliaeetus leucocephalus",5305,"Haliaeetus leucocephalus",0,"accepted","Bald Eagle",,"Animalia","Chordata","Vertebrata","","Aves","","","Accipitriformes","","","","Accipitridae","Buteoninae","","Haliaeetus","leucocephalus","iNat:232514825","2020-07-25T15:49:03-07:00",,"Caitlin Robinson","false","research",10,2020-07-25 22:49:03,-123.576325,49.012517
"Molothrus ater",10373,"Molothrus ater",0,"accepted","Brown-headed Cowbird",,"Animalia","Chordata","Vertebrata","","Aves","","","Passeriformes","","","","Icteridae","","","Molothrus","ater","iNat:56194870","2020-08-11T17:11:00-07:00",,"Andrew Simon","false","research",15,2020-08-12 00:11:00,-123.407031,48.900277
"Epilobium ciliatum",53050,"Epilobium ciliatum",0,"accepted","fringed willowherb",,"Plantae","Tracheophyta","Angiospermae","","Magnoliopsida","","","Myrtales","","","","Onagraceae","","","Epilobium","ciliatum","iNat:56194869","2020-08-11T17:12:00-07:00",,"Andrew Simon","false","research",10,2020-08-12 00:12:00,-123.406795,48.900077
"Spergularia marina",79169,"Spergularia marina",0,"accepted","Saltmarsh Sand Spurry",,"Plantae","Tracheophyta","Angiospermae","","Magnoliopsida","","","Caryophyllales","","","","Caryophyllaceae","","Sperguleae","Spergularia","marina","iNat:56194868","2020-08-11T17:16:00-07:00",,"Andrew Simon","false","research",10,2020-08-12 00:16:00,-123.40759,48.898463
"Atriplex patula",60175,"Atriplex patula",0,"accepted","Common Orache",,"Plantae","Tracheophyta","Angiospermae","","Magnoliopsida","","","Caryophyllales","","","","Amaranthaceae","Chenopodioideae","Atripliceae","Atriplex","patula","iNat:56194867","2020-08-11T17:17:00-07:00",,"Andrew Simon","false","needs_id",10,2020-08-12 00:17:00,-123.407593,48.898465
"Atriplex patula",60175,"Atriplex patula",0,"accepted","Common Orache",,"Plantae","Tracheophyta","Angiospermae","","Magnoliopsida","","","Caryophyllales","","","","Amaranthaceae","Chenopodioideae","Atripliceae","Atriplex","patula","iNat:56194865","2020-08-11T17:18:00-07:00",,"Andrew Simon","false","needs_id",10,2020-08-12 00:18:00,-123.407622,48.898467
"Sonchus arvensis",79156,"Sonchus arvensis",0,"accepted","Perennial Sow Thistle",,"Plantae","Tracheophyta","Angiospermae","","Magnoliopsida","","","Asterales","","","","Asteraceae","Cichorioideae","Cichorieae","Sonchus","arvensis","iNat:56194866","2020-08-11T17:25:00-07:00",,"Andrew Simon","false","research",33,2020-08-12 00:25:00,-123.40643,48.896819
"Ruditapes philippinarum",343269,"Ruditapes philippinarum",0,"accepted","Japanese Littleneck",,"Animalia","Mollusca","","","Bivalvia","Autobranchia","Imparidentia","Venerida","","","Veneroidea","Veneridae","Tapetinae","","Ruditapes","philippinarum","iNat:56194863","2020-08-11T17:26:00-07:00",,"Andrew Simon","false","research",10,2020-08-12 00:26:00,-123.405964,48.896569
"Atriplex patula",60175,"Atriplex patula",0,"accepted","Common Orache",,"Plantae","Tracheophyta","Angiospermae","","Magnoliopsida","","","Caryophyllales","","","","Amaranthaceae","Chenopodioideae","Atripliceae","Atriplex","patula","iNat:56194861","2020-08-11T17:27:00-07:00",,"Andrew Simon","false","needs_id",10,2020-08-12 00:27:00,-123.405937,48.896768
"Atriplex",58112,"Atriplex",0,"accepted","Saltbushes",,"Plantae","Tracheophyta","Angiospermae","","Magnoliopsida","","","Caryophyllales","","","","Amaranthaceae","Chenopodioideae","Atripliceae","Atriplex","","iNat:56194864","2020-08-11T17:27:00-07:00",,"Andrew Simon","false","needs_id",10,2020-08-12 00:27:00,-123.405948,48.89678
"Grindelia stricta",61992,"Grindelia stricta",0,"accepted","Oregon Gumplant",,"Plantae","Tracheophyta","Angiospermae","","Magnoliopsida","","","Asterales","","","","Asteraceae","Asteroideae","Astereae","Grindelia","stricta","iNat:56194860","2020-08-11T17:28:00-07:00",,"Andrew Simon","false","needs_id",10,2020-08-12 00:28:00,-123.405893,48.896772
"Spergularia marina",79169,"Spergularia marina",0,"accepted","Saltmarsh Sand Spurry",,"Plantae","Tracheophyta","Angiospermae","","Magnoliopsida","","","Caryophyllales","","","","Caryophyllaceae","","Sperguleae","Spergularia","marina","iNat:56194858","2020-08-11T17:29:00-07:00",,"Andrew Simon","false","research",10,2020-08-12 00:29:00,-123.405828,48.896825
"Batillaria attramentaria",68783,"Batillaria attramentaria",0,"accepted","Japanese False Cerith",,"Animalia","Mollusca","","","Gastropoda","Caenogastropoda","","","","","Cerithioidea","Batillariidae","","","Batillaria","attramentaria","iNat:56194856","2020-08-11T17:31:00-07:00",,"Andrew Simon","false","research",10,2020-08-12 00:31:00,-123.405761,48.896947
"Tuckermanopsis orbata",813868,"Tuckermanopsis orbata",0,"accepted","variable wrinkle-lichen",,"Fungi","Ascomycota","Pezizomycotina","","Lecanoromycetes","Lecanoromycetidae","","Lecanorales","","","","Parmeliaceae","Parmelioideae","","Tuckermanopsis","orbata","iNat:56194857","2020-08-11T17:31:00-07:00",,"Andrew Simon","false","needs_id",50,2020-08-12 00:31:00,-123.407431,48.896892
"Polygonum fowleri",78683,"Polygonum fowleri",0,"accepted","Fowler's Knotweed",,"Plantae","Tracheophyta","Angiospermae","","Magnoliopsida","","","Caryophyllales","","","","Polygonaceae","Polygonoideae","Polygoneae","Polygonum","fowleri","iNat:56194855","2020-08-11T17:33:00-07:00",,"Andrew Simon","false","needs_id",10,2020-08-12 00:33:00,-123.405572,48.897347
"Agrostis exarata",59088,"Agrostis exarata",0,"accepted","Pacific bentgrass",,"Plantae","Tracheophyta","Angiospermae","","Liliopsida","","","Poales","","","","Poaceae","Pooideae","Poeae","Agrostis","exarata","iNat:56194851","2020-08-11T17:34:00-07:00",,"Andrew Simon","false","needs_id",10,2020-08-12 00:34:00,-123.405595,48.897365
"Tuckermanopsis chlorophylla",1019557,"Tuckermanopsis chlorophylla",0,"accepted","Powdered Wrinkle Lichen",,"Fungi","Ascomycota","Pezizomycotina","","Lecanoromycetes","Lecanoromycetidae","","Lecanorales","","","","Parmeliaceae","Parmelioideae","","Tuckermanopsis","chlorophylla","iNat:56194850","2020-08-11T17:36:00-07:00",,"Andrew Simon","false","needs_id",10,2020-08-12 00:36:00,-123.405581,48.897353
"Elymus glaucus",52791,"Elymus glaucus",0,"accepted","blue wild rye",,"Plantae","Tracheophyta","Angiospermae","","Liliopsida","","","Poales","","","","Poaceae","Pooideae","Triticeae","Elymus","glaucus","iNat:56194848","2020-08-11T17:42:00-07:00",,"Andrew Simon","false","needs_id",10,2020-08-12 00:42:00,-123.40644,48.898035
"Distichlis spicata",58372,"Distichlis spicata",0,"accepted","Saltgrass",,"Plantae","Tracheophyta","Angiospermae","","Liliopsida","","","Poales","","","","Poaceae","Chloridoideae","Cynodonteae","Distichlis","spicata","iNat:56194847","2020-08-11T17:43:00-07:00",,"Andrew Simon","false","research",10,2020-08-12 00:43:00,-123.406745,48.8983
"Cuscuta pacifica",76553,"Cuscuta pacifica",0,"accepted","Pacific goldenthread",,"Plantae","Tracheophyta","Angiospermae","","Magnoliopsida","","","Solanales","","","","Convolvulaceae","","Cuscuteae","Cuscuta","pacifica","iNat:56194846","2020-08-11T17:47:00-07:00",,"Andrew Simon","false","research",10,2020-08-12 00:47:00,-123.407377,48.898462
"Corvus brachyrhynchos",8021,"Corvus brachyrhynchos",0,"accepted","American Crow",,"Animalia","Chordata","Vertebrata","","Aves","","","Passeriformes","","","","Corvidae","","","Corvus","brachyrhynchos","iNat:56194844","2020-08-11T17:49:00-07:00",,"Andrew Simon","false","research",10,2020-08-12 00:49:00,-123.407653,48.898975
"Corvus corax",8010,"Corvus corax",0,"accepted","Common Raven",,"Animalia","Chordata","Vertebrata","","Aves","","","Passeriformes","","","","Corvidae","","","Corvus","corax","iNat:56194843","2020-08-11T17:55:00-07:00",,"Andrew Simon","false","research",10,2020-08-12 00:55:00,-123.404033,48.899389
"Dissosteira carolina",126206,"Dissosteira carolina",0,"accepted","Carolina Grasshopper",,"Animalia","Arthropoda","Hexapoda","","Insecta","Pterygota","","Orthoptera","Caelifera","Acrididea","Acridoidea","Acrididae","Oedipodinae","Trimerotropini","Dissosteira","carolina","iNat:57128053","2020-08-15T08:42:00-07:00",,"Andrew Simon","false","research",37,2020-08-15 15:42:00,-123.573061,49.012736
"Bombus vancouverensis",1020304,"Bombus vancouverensis",0,"accepted","Vancouver Bumble Bee",,"Animalia","Arthropoda","Hexapoda","","Insecta","Pterygota","","Hymenoptera","Apocrita","Aculeata","Apoidea","Apidae","Apinae","Bombini","Bombus","vancouverensis","iNat:57128047","2020-08-15T08:43:00-07:00",,"Andrew Simon","false","research",37,2020-08-15 15:43:00,-123.573061,49.012736
"Ligia occidentalis",117674,"Ligia occidentalis",0,"accepted","Western Sea Slater",,"Animalia","Arthropoda","Crustacea","Multicrustacea","Malacostraca","Eumalacostraca","Peracarida","Isopoda","Oniscidea","Diplocheta","","Ligiidae","","","Ligia","occidentalis","iNat:57128041","2020-08-15T08:47:00-07:00",,"Andrew Simon","false","research",36,2020-08-15 15:47:00,-123.57232,49.013201
"Ardea herodias",4956,"Ardea herodias",0,"accepted","Great Blue Heron",,"Animalia","Chordata","Vertebrata","","Aves","","","Pelecaniformes","","","","Ardeidae","Ardeinae","","Ardea","herodias","iNat:57128036","2020-08-15T08:59:00-07:00",,"Andrew Simon","false","research",36,2020-08-15 15:59:00,-123.57232,49.013201
"Balanus glandula",81610,"Balanus glandula",0,"accepted","Pacific Acorn Barnacle",,"Animalia","Arthropoda","Crustacea","Multicrustacea","Hexanauplia","Thecostraca","Thoracicalcarea","Balanomorpha","","","Balanoidea","Balanidae","","","Balanus","glandula","iNat:57128042","2020-08-15T09:01:00-07:00",,"Andrew Simon","false","research",10,2020-08-15 16:01:00,-123.572717,49.01399
"Rubus ursinus",53445,"Rubus ursinus",0,"accepted","trailing blackberry",,"Plantae","Tracheophyta","Angiospermae","","Magnoliopsida","","","Rosales","","","","Rosaceae","Rosoideae","Rubeae","Rubus","ursinus","iNat:57128033","2020-08-15T09:10:00-07:00",,"Andrew Simon","false","research",10,2020-08-15 16:10:00,-123.572633,49.01318
"Spinus pinus",145304,"Spinus pinus",0,"accepted","Pine Siskin",,"Animalia","Chordata","Vertebrata","","Aves","","","Passeriformes","","","","Fringillidae","","","Spinus","pinus","iNat:57128027","2020-08-15T09:11:00-07:00",,"Andrew Simon","false","research",34,2020-08-15 16:11:00,-123.572141,49.012694
"Bombus vancouverensis",1020304,"Bombus vancouverensis",0,"accepted","Vancouver Bumble Bee",,"Animalia","Arthropoda","Hexapoda","","Insecta","Pterygota","","Hymenoptera","Apocrita","Aculeata","Apoidea","Apidae","Apinae","Bombini","Bombus","vancouverensis","iNat:57128019","2020-08-15T09:12:00-07:00",,"Andrew Simon","false","research",10,2020-08-15 16:12:00,-123.572703,49.013139
"Loxia curvirostra",10411,"Loxia curvirostra",0,"accepted","Red Crossbill",,"Animalia","Chordata","Vertebrata","","Aves","","","Passeriformes","","","","Fringillidae","","","Loxia","curvirostra","iNat:57128025","2020-08-15T09:14:00-07:00",,"Andrew Simon","false","research",21,2020-08-15 16:14:00,-123.572436,49.013208
"Sonchus arvensis",79156,"Sonchus arvensis",0,"accepted","Perennial Sow Thistle",,"Plantae","Tracheophyta","Angiospermae","","Magnoliopsida","","","Asterales","","","","Asteraceae","Cichorioideae","Cichorieae","Sonchus","arvensis","iNat:57128029","2020-08-15T09:14:00-07:00",,"Andrew Simon","false","research",10,2020-08-15 16:14:00,-123.572682,49.01317
"Rosa nutkana",78883,"Rosa nutkana",0,"accepted","Nootka rose",,"Plantae","Tracheophyta","Angiospermae","","Magnoliopsida","","","Rosales","","","","Rosaceae","Rosoideae","Roseae","Rosa","nutkana","iNat:57128012","2020-08-15T09:15:00-07:00",,"Andrew Simon","false","needs_id",10,2020-08-15 16:15:00,-123.57255,49.013113
"Quercus garryana",68632,"Quercus garryana",0,"accepted","Oregon oak",,"Plantae","Tracheophyta","Angiospermae","","Magnoliopsida","","","Fagales","","","","Fagaceae","","","Quercus","garryana","iNat:57128010","2020-08-15T09:18:00-07:00",,"Andrew Simon","false","research",10,2020-08-15 16:18:00,-123.57299,49.012913
"Holodiscus discolor",53414,"Holodiscus discolor",0,"accepted","Ocean spray",,"Plantae","Tracheophyta","Angiospermae","","Magnoliopsida","","","Rosales","","","","Rosaceae","Amygdaloideae","Spiraeeae","Holodiscus","discolor","iNat:57128005","2020-08-15T09:19:00-07:00",,"Andrew Simon","false","research",10,2020-08-15 16:19:00,-123.572888,49.013145
"Arbutus menziesii",51046,"Arbutus menziesii",0,"accepted","Pacific madrone",,"Plantae","Tracheophyta","Angiospermae","","Magnoliopsida","","","Ericales","","","","Ericaceae","Arbutoideae","","Arbutus","menziesii","iNat:57128006","2020-08-15T09:19:00-07:00",,"Andrew Simon","false","research",10,2020-08-15 16:19:00,-123.572882,49.013005
"Lonicera hispidula",53416,"Lonicera hispidula",0,"accepted","Pink Honeysuckle",,"Plantae","Tracheophyta","Angiospermae","","Magnoliopsida","","","Dipsacales","","","","Caprifoliaceae","Caprifolioideae","","Lonicera","hispidula","iNat:57128000","2020-08-15T09:20:00-07:00",,"Andrew Simon","false","research",10,2020-08-15 16:20:00,-123.572862,49.01313
"Juniperus maritima",164313,"Juniperus maritima",0,"accepted","Seaside Juniper",,"Plantae","Tracheophyta","","","Pinopsida","","","Pinales","","","","Cupressaceae","Cupressoideae","","Juniperus","maritima","iNat:57128001","2020-08-15T09:20:00-07:00",,"Andrew Simon","false","needs_id",10,2020-08-15 16:20:00,-123.572863,49.01313
"Clinopodium douglasii",53203,"Clinopodium douglasii",0,"accepted","yerba buena",,"Plantae","Tracheophyta","Angiospermae","","Magnoliopsida","","","Lamiales","","","","Lamiaceae","Nepetoideae","Mentheae","Clinopodium","douglasii","iNat:57128002","2020-08-15T09:20:00-07:00",,"Andrew Simon","false","research",10,2020-08-15 16:20:00,-123.572883,49.013128
"Berberis aquifolium",126887,"Berberis aquifolium",0,"accepted","Oregon grape",,"Plantae","Tracheophyta","Angiospermae","","Magnoliopsida","","","Ranunculales","","","","Berberidaceae","Berberidoideae","Berberideae","Berberis","aquifolium","iNat:57128007","2020-08-15T09:20:00-07:00",,"Andrew Simon","false","research",10,2020-08-15 16:20:00,-123.572878,49.013147
"Nephroma laevigatum",117847,"Nephroma laevigatum",0,"accepted","Mustard Kidney Lichen",,"Fungi","Ascomycota","Pezizomycotina","","Lecanoromycetes","Lecanoromycetidae","","Peltigerales","","","","Nephromataceae","","","Nephroma","laevigatum","iNat:57127998","2020-08-15T09:26:00-07:00",,"Andrew Simon","false","needs_id",10,2020-08-15 16:26:00,-123.572942,49.013347
"Harmonia axyridis",48484,"Harmonia axyridis",0,"accepted","Asian Lady Beetle",,"Animalia","Arthropoda","Hexapoda","","Insecta","Pterygota","","Coleoptera","Polyphaga","Cucujiformia","Coccinelloidea","Coccinellidae","Coccinellinae","Coccinellini","Harmonia","axyridis","iNat:57127997","2020-08-15T09:28:00-07:00",,"Andrew Simon","false","research",10,2020-08-15 16:28:00,-123.572933,49.013314
"Ramalina subleptocarpha",203077,"Ramalina subleptocarpha",0,"accepted","Slit-rimmed ramalina",,"Fungi","Ascomycota","Pezizomycotina","","Lecanoromycetes","Lecanoromycetidae","","Lecanorales","","","","Ramalinaceae","","","Ramalina","subleptocarpha","iNat:57127989","2020-08-15T09:30:00-07:00",,"Andrew Simon","false","research",10,2020-08-15 16:30:00,-123.572927,49.013307
"Berberis aquifolium",126887,"Berberis aquifolium",0,"accepted","Oregon grape",,"Plantae","Tracheophyta","Angiospermae","","Magnoliopsida","","","Ranunculales","","","","Berberidaceae","Berberidoideae","Berberideae","Berberis","aquifolium","iNat:57127987","2020-08-15T09:37:00-07:00",,"Andrew Simon","false","research",10,2020-08-15 16:37:00,-123.57379,49.013777
"Physcia adscendens",124439,"Physcia adscendens",0,"accepted","Hooded Rosette Lichen",,"Fungi","Ascomycota","Pezizomycotina","","Lecanoromycetes","Lecanoromycetidae","","Caliciales","","","","Physciaceae","","","Physcia","adscendens","iNat:57127977","2020-08-15T09:39:00-07:00",,"Andrew Simon","false","needs_id",10,2020-08-15 16:39:00,-123.573758,49.013713
"Plantago lanceolata",53178,"Plantago lanceolata",0,"accepted","ribwort plantain",,"Plantae","Tracheophyta","Angiospermae","","Magnoliopsida","","","Lamiales","","","","Plantaginaceae","","Plantagineae","Plantago","lanceolata","iNat:57127979","2020-08-15T09:39:00-07:00",,"Andrew Simon","false","research",42,2020-08-15 16:39:00,-123.57234,49.013011
"Xanthoparmelia",60724,"Xanthoparmelia",0,"accepted","rock shield lichens",,"Fungi","Ascomycota","Pezizomycotina","","Lecanoromycetes","Lecanoromycetidae","","Lecanorales","","","","Parmeliaceae","Parmelioideae","","Xanthoparmelia","","iNat:57127982","2020-08-15T09:39:00-07:00",,"Andrew Simon","false","needs_id",10,2020-08-15 16:39:00,-123.573738,49.013727
"Nephroma laevigatum",117847,"Nephroma laevigatum",0,"accepted","Mustard Kidney Lichen",,"Fungi","Ascomycota","Pezizomycotina","","Lecanoromycetes","Lecanoromycetidae","","Peltigerales","","","","Nephromataceae","","","Nephroma","laevigatum","iNat:57127984","2020-08-15T09:39:00-07:00",,"Andrew Simon","false","needs_id",10,2020-08-15 16:39:00,-123.573722,49.013752
"Cynosurus echinatus",47695,"Cynosurus echinatus",0,"accepted","bristly dogtail grass",,"Plantae","Tracheophyta","Angiospermae","","Liliopsida","","","Poales","","","","Poaceae","Pooideae","Poeae","Cynosurus","echinatus","iNat:57127972","2020-08-15T09:41:00-07:00",,"Andrew Simon","false","research",10,2020-08-15 16:41:00,-123.573627,49.013383
"Anthoxanthum odoratum",75475,"Anthoxanthum odoratum",0,"accepted","sweet vernal grass",,"Plantae","Tracheophyta","Angiospermae","","Liliopsida","","","Poales","","","","Poaceae","Pooideae","Poeae","Anthoxanthum","odoratum","iNat:57127974","2020-08-15T09:41:00-07:00",,"Andrew Simon","false","research",10,2020-08-15 16:41:00,-123.573707,49.013717
"Quercus garryana",68632,"Quercus garryana",0,"accepted","Oregon oak",,"Plantae","Tracheophyta","Angiospermae","","Magnoliopsida","","","Fagales","","","","Fagaceae","","","Quercus","garryana","iNat:57127968","2020-08-15T09:42:00-07:00",,"Andrew Simon","false","research",10,2020-08-15 16:42:00,-123.573377,49.013312
"Nephroma laevigatum",117847,"Nephroma laevigatum",0,"accepted","Mustard Kidney Lichen",,"Fungi","Ascomycota","Pezizomycotina","","Lecanoromycetes","Lecanoromycetidae","","Peltigerales","","","","Nephromataceae","","","Nephroma","laevigatum","iNat:57127966","2020-08-15T09:43:00-07:00",,"Andrew Simon","false","needs_id",10,2020-08-15 16:43:00,-123.573187,49.012872
"Lobaria pulmonaria",48711,"Lobaria pulmonaria",0,"accepted","Tree Lungwort",,"Fungi","Ascomycota","Pezizomycotina","","Lecanoromycetes","Lecanoromycetidae","","Peltigerales","","","","Lobariaceae","","","Lobaria","pulmonaria","iNat:57127954","2020-08-15T09:44:00-07:00",,"Andrew Simon","false","research",10,2020-08-15 16:44:00,-123.573175,49.012898
"Ramalina farinacea",54758,"Ramalina farinacea",0,"accepted","Farinose Cartilage Lichen",,"Fungi","Ascomycota","Pezizomycotina","","Lecanoromycetes","Lecanoromycetidae","","Lecanorales","","","","Ramalinaceae","","","Ramalina","farinacea","iNat:57127961","2020-08-15T09:44:00-07:00",,"Andrew Simon","false","needs_id",10,2020-08-15 16:44:00,-123.573177,49.012892
"Dolichovespula",52912,"Dolichovespula",0,"accepted","Aerial Yellowjackets",,"Animalia","Arthropoda","Hexapoda","","Insecta","Pterygota","","Hymenoptera","Apocrita","Aculeata","Vespoidea","Vespidae","Vespinae","","Dolichovespula","","iNat:57127965","2020-08-15T09:44:00-07:00",,"Andrew Simon","false","research",17,2020-08-15 16:44:00,-123.572962,49.013211
"Syntrichia princeps",67915,"Syntrichia princeps",0,"accepted","Brown Screw-moss",,"Plantae","Bryophyta","","","Bryopsida","","","Pottiales","","","","Pottiaceae","","","Syntrichia","princeps","iNat:57127962","2020-08-15T09:46:00-07:00",,"Andrew Simon","false","research",16,2020-08-15 16:46:00,-123.572957,49.012951
"Arbutus menziesii",51046,"Arbutus menziesii",0,"accepted","Pacific madrone",,"Plantae","Tracheophyta","Angiospermae","","Magnoliopsida","","","Ericales","","","","Ericaceae","Arbutoideae","","Arbutus","menziesii","iNat:57127963","2020-08-15T09:49:00-07:00",,"Andrew Simon","false","research",10,2020-08-15 16:49:00,-123.572918,49.012797
"Rosa nutkana",78883,"Rosa nutkana",0,"accepted","Nootka rose",,"Plantae","Tracheophyta","Angiospermae","","Magnoliopsida","","","Rosales","","","","Rosaceae","Rosoideae","Roseae","Rosa","nutkana","iNat:57127944","2020-08-15T09:50:00-07:00",,"Andrew Simon","false","needs_id",10,2020-08-15 16:50:00,-123.572962,49.012793
"Rubus ursinus",53445,"Rubus ursinus",0,"accepted","trailing blackberry",,"Plantae","Tracheophyta","Angiospermae","","Magnoliopsida","","","Rosales","","","","Rosaceae","Rosoideae","Rubeae","Rubus","ursinus","iNat:57127946","2020-08-15T09:50:00-07:00",,"Andrew Simon","false","research",10,2020-08-15 16:50:00,-123.572962,49.012793
"Lolium perenne",52801,"Lolium perenne",0,"accepted","Perennial Ryegrass",,"Plantae","Tracheophyta","Angiospermae","","Liliopsida","","","Poales","","","","Poaceae","Pooideae","Poeae","Lolium","perenne","iNat:57127942","2020-08-15T09:53:00-07:00",,"Andrew Simon","false","research",10,2020-08-15 16:53:00,-123.572925,49.012783
"Sonchus arvensis",79156,"Sonchus arvensis",0,"accepted","Perennial Sow Thistle",,"Plantae","Tracheophyta","Angiospermae","","Magnoliopsida","","","Asterales","","","","Asteraceae","Cichorioideae","Cichorieae","Sonchus","arvensis","iNat:57127934","2020-08-15T09:57:00-07:00",,"Andrew Simon","false","needs_id",10,2020-08-15 16:57:00,-123.572617,49.012675
"Rumex transitorius",78910,"Rumex transitorius",0,"accepted","Pacific willow dock",,"Plantae","Tracheophyta","Angiospermae","","Magnoliopsida","","","Caryophyllales","","","","Polygonaceae","Polygonoideae","Rumiceae","Rumex","transitorius","iNat:57127935","2020-08-15T09:57:00-07:00",,"Andrew Simon","false","research",10,2020-08-15 16:57:00,-123.572617,49.012675
"Crataegus douglasii",76469,"Crataegus douglasii",0,"accepted","Black Hawthorn",,"Plantae","Tracheophyta","Angiospermae","","Magnoliopsida","","","Rosales","","","","Rosaceae","Amygdaloideae","Maleae","Crataegus","douglasii","iNat:57127929","2020-08-15T09:59:00-07:00",,"Andrew Simon","false","needs_id",10,2020-08-15 16:59:00,-123.572622,49.012708
"Plantago maritima",68543,"Plantago maritima",0,"accepted","Sea Plantain",,"Plantae","Tracheophyta","Angiospermae","","Magnoliopsida","","","Lamiales","","","","Plantaginaceae","","Plantagineae","Plantago","maritima","iNat:57099281","2020-08-15T10:01:00-07:00",,"Andrew Simon","false","research",19,2020-08-15 17:01:00,-123.572276,49.013092
"Fucus distichus",69155,"Fucus distichus",0,"accepted","Rockweed",,"Chromista","Ochrophyta","","","Phaeophyceae","Fucophycidae","","Fucales","","","","Fucaceae","","","Fucus","distichus","iNat:57127906","2020-08-15T10:01:00-07:00",,"Andrew Simon","false","research",10,2020-08-15 17:01:00,-123.57263,49.012687
"Distichlis spicata",58372,"Distichlis spicata",0,"accepted","Saltgrass",,"Plantae","Tracheophyta","Angiospermae","","Liliopsida","","","Poales","","","","Poaceae","Chloridoideae","Cynodonteae","Distichlis","spicata","iNat:57127916","2020-08-15T10:01:00-07:00",,"Andrew Simon","false","research",10,2020-08-15 17:01:00,-123.57263,49.012687
"Atriplex prostrata",60176,"Atriplex prostrata",0,"accepted","Creeping Saltbush",,"Plantae","Tracheophyta","Angiospermae","","Magnoliopsida","","","Caryophyllales","","","","Amaranthaceae","Chenopodioideae","Atripliceae","Atriplex","prostrata","iNat:57099280","2020-08-15T10:02:00-07:00",,"Andrew Simon","false","research",10,2020-08-15 17:02:00,-123.572673,49.012752
"Zonotrichia leucophrys",9176,"Zonotrichia leucophrys",0,"accepted","White-crowned Sparrow",,"Animalia","Chordata","Vertebrata","","Aves","","","Passeriformes","","","","Passerellidae","","","Zonotrichia","leucophrys","iNat:57099277","2020-08-15T10:05:00-07:00",,"Andrew Simon","false","research",14,2020-08-15 17:05:00,-123.572517,49.013144
"Molothrus ater",10373,"Molothrus ater",0,"accepted","Brown-headed Cowbird",,"Animalia","Chordata","Vertebrata","","Aves","","","Passeriformes","","","","Icteridae","","","Molothrus","ater","iNat:57099273","2020-08-15T10:09:00-07:00",,"Andrew Simon","false","research",14,2020-08-15 17:09:00,-123.572517,49.013144
"Leproplaca chrysodeta",463369,"Leproplaca chrysodeta",0,"accepted","",,"Fungi","Ascomycota","Pezizomycotina","","Lecanoromycetes","Lecanoromycetidae","","Teloschistales","","","","Teloschistaceae","Caloplacoideae","","Leproplaca","chrysodeta","iNat:57099270","2020-08-15T10:19:00-07:00",,"Andrew Simon","false","needs_id",10,2020-08-15 17:19:00,-123.572877,49.013468
"Plenogemma phyllantha",1123493,"Plenogemma phyllantha",0,"accepted","Frizzled Pincushion",,"Plantae","Bryophyta","","","Bryopsida","","","Orthotrichales","","","","Orthotrichaceae","","","Plenogemma","phyllantha","iNat:57099267","2020-08-15T10:20:00-07:00",,"Andrew Simon","false","research",10,2020-08-15 17:20:00,-123.572938,49.013517
"Nephroma laevigatum",117847,"Nephroma laevigatum",0,"accepted","Mustard Kidney Lichen",,"Fungi","Ascomycota","Pezizomycotina","","Lecanoromycetes","Lecanoromycetidae","","Peltigerales","","","","Nephromataceae","","","Nephroma","laevigatum","iNat:57099259","2020-08-15T10:23:00-07:00",,"Andrew Simon","false","needs_id",10,2020-08-15 17:23:00,-123.572772,49.01346
"Schistidium maritimum",168578,"Schistidium maritimum",0,"accepted","Seaside Grimmia",,"Plantae","Bryophyta","","","Bryopsida","","","Grimmiales","","","","Grimmiaceae","","","Schistidium","maritimum","iNat:57099247","2020-08-15T10:27:00-07:00",,"Andrew Simon","false","research",10,2020-08-15 17:27:00,-123.572793,49.013353
"Physcia caesia",194681,"Physcia caesia",0,"accepted","Blue-gray Rosette Lichen",,"Fungi","Ascomycota","Pezizomycotina","","Lecanoromycetes","Lecanoromycetidae","","Caliciales","","","","Physciaceae","","","Physcia","caesia","iNat:57099255","2020-08-15T10:27:00-07:00",,"Andrew Simon","false","needs_id",10,2020-08-15 17:27:00,-123.572793,49.013353
"Cakile maritima",60982,"Cakile maritima",0,"accepted","European Searocket",,"Plantae","Tracheophyta","Angiospermae","","Magnoliopsida","","","Brassicales","","","","Brassicaceae","Brassicoideae","Brassiceae","Cakile","maritima","iNat:57099243","2020-08-15T10:30:00-07:00",,"Andrew Simon","false","research",10,2020-08-15 17:30:00,-123.57279,49.01329
"Dialictus",126545,"Dialictus",0,"accepted","Metallic Sweat Bees",,"Animalia","Arthropoda","Hexapoda","","Insecta","Pterygota","","Hymenoptera","Apocrita","Aculeata","Apoidea","Halictidae","Halictinae","Halictini","Lasioglossum","","iNat:57099238","2020-08-15T10:31:00-07:00",,"Andrew Simon","false","needs_id",10,2020-08-15 17:31:00,-123.572619,49.012828
"Ochlodes sylvanoides",59194,"Ochlodes sylvanoides",0,"accepted","Woodland Skipper",,"Animalia","Arthropoda","Hexapoda","","Insecta","Pterygota","","Lepidoptera","","","Papilionoidea","Hesperiidae","Hesperiinae","Hesperiini","Ochlodes","sylvanoides","iNat:57099240","2020-08-15T10:31:00-07:00",,"Andrew Simon","false","research",39,2020-08-15 17:31:00,-123.57278,49.012856
"Ambrosia chamissonis",71135,"Ambrosia chamissonis",0,"accepted","silver beachweed",,"Plantae","Tracheophyta","Angiospermae","","Magnoliopsida","","","Asterales","","","","Asteraceae","Asteroideae","Heliantheae","Ambrosia","chamissonis","iNat:57099236","2020-08-15T10:33:00-07:00",,"Andrew Simon","false","research",10,2020-08-15 17:33:00,-123.572735,49.01285
"Zadontomerus",468067,"Zadontomerus",0,"accepted","",,"Animalia","Arthropoda","Hexapoda","","Insecta","Pterygota","","Hymenoptera","Apocrita","Aculeata","Apoidea","Apidae","Xylocopinae","Ceratinini","Ceratina","","iNat:57099214","2020-08-15T10:36:00-07:00",,"Andrew Simon","false","needs_id",25,2020-08-15 17:36:00,-123.57263,49.01337
"Xanthoparmelia",60724,"Xanthoparmelia",0,"accepted","rock shield lichens",,"Fungi","Ascomycota","Pezizomycotina","","Lecanoromycetes","Lecanoromycetidae","","Lecanorales","","","","Parmeliaceae","Parmelioideae","","Xanthoparmelia","","iNat:57099216","2020-08-15T10:36:00-07:00",,"Andrew Simon","false","needs_id",10,2020-08-15 17:36:00,-123.572688,49.012707
"Protoparmeliopsis muralis",632126,"Protoparmeliopsis muralis",0,"accepted","Stonewall Rim Lichen",,"Fungi","Ascomycota","Pezizomycotina","","Lecanoromycetes","Lecanoromycetidae","","Lecanorales","","","","Lecanoraceae","","","Protoparmeliopsis","muralis","iNat:57099223","2020-08-15T10:36:00-07:00",,"Andrew Simon","false","needs_id",10,2020-08-15 17:36:00,-123.572686,49.012708
"Parmelia saxatilis",117860,"Parmelia saxatilis",0,"accepted","Salted Shield Lichen",,"Fungi","Ascomycota","Pezizomycotina","","Lecanoromycetes","Lecanoromycetidae","","Lecanorales","","","","Parmeliaceae","Parmelioideae","","Parmelia","saxatilis","iNat:57099224","2020-08-15T10:36:00-07:00",,"Andrew Simon","false","needs_id",10,2020-08-15 17:36:00,-123.572685,49.012715
"Teloschistaceae",54756,"Teloschistaceae",0,"accepted","sunburst lichens, firedots, and allies",,"Fungi","Ascomycota","Pezizomycotina","","Lecanoromycetes","Lecanoromycetidae","","Teloschistales","","","","Teloschistaceae","","","","","iNat:57099212","2020-08-15T10:43:00-07:00",,"Andrew Simon","false","needs_id",10,2020-08-15 17:43:00,-123.572888,49.012863
"Quercus garryana",68632,"Quercus garryana",0,"accepted","Oregon oak",,"Plantae","Tracheophyta","Angiospermae","","Magnoliopsida","","","Fagales","","","","Fagaceae","","","Quercus","garryana","iNat:57099209","2020-08-15T10:53:00-07:00",,"Andrew Simon","false","research",10,2020-08-15 17:53:00,-123.572533,49.013022
"Ligia occidentalis",117674,"Ligia occidentalis",0,"accepted","Western Sea Slater",,"Animalia","Arthropoda","Crustacea","Multicrustacea","Malacostraca","Eumalacostraca","Peracarida","Isopoda","Oniscidea","Diplocheta","","Ligiidae","","","Ligia","occidentalis","iNat:57099207","2020-08-15T10:57:00-07:00",,"Andrew Simon","false","research",10,2020-08-15 17:57:00,-123.572333,49.013022
"Thamnophis elegans vagrans",28403,"Thamnophis elegans vagrans",0,"accepted","Wandering Garter Snake",,"Animalia","Chordata","Vertebrata","","Reptilia","","","Squamata","Serpentes","","","Colubridae","Natricinae","","Thamnophis","elegans","iNat:57099204","2020-08-15T11:04:00-07:00",,"Andrew Simon","false","research",27,2020-08-15 18:04:00,-123.572176,49.013215
"Larus",4343,"Larus",0,"accepted","Large White-headed Gulls",,"Animalia","Chordata","Vertebrata","","Aves","","","Charadriiformes","","","","Laridae","Larinae","","Larus","","iNat:57099188","2020-08-15T11:21:00-07:00",,"Andrew Simon","false","needs_id",27,2020-08-15 18:21:00,-123.572176,49.013215
"Ulva fenestrata",152972,"Ulva fenestrata",0,"accepted","",,"Plantae","Chlorophyta","","","Ulvophyceae","","","Ulvales","","","","Ulvaceae","","","Ulva","fenestrata","iNat:57099182","2020-08-15T12:17:00-07:00",,"Andrew Simon","false","needs_id",27,2020-08-15 19:17:00,-123.572176,49.013215
"Fucus distichus",69155,"Fucus distichus",0,"accepted","Rockweed",,"Chromista","Ochrophyta","","","Phaeophyceae","Fucophycidae","","Fucales","","","","Fucaceae","","","Fucus","distichus","iNat:57099184","2020-08-15T12:17:00-07:00",,"Andrew Simon","false","research",27,2020-08-15 19:17:00,-123.572176,49.013215
"Thamnophis elegans vagrans",28403,"Thamnophis elegans vagrans",0,"accepted","Wandering Garter Snake",,"Animalia","Chordata","Vertebrata","","Reptilia","","","Squamata","Serpentes","","","Colubridae","Natricinae","","Thamnophis","elegans","iNat:57099181","2020-08-15T12:20:00-07:00",,"Andrew Simon","false","research",27,2020-08-15 19:20:00,-123.572176,49.013215
"Xiphister mucosus",67628,"Xiphister mucosus",0,"accepted","Rock Eel",,"Animalia","Chordata","Vertebrata","","Actinopterygii","","","Perciformes","Zoarcoidei","","","Stichaeidae","Xiphisterinae","","Xiphister","mucosus","iNat:57099177","2020-08-15T12:27:00-07:00",,"Andrew Simon","false","research",27,2020-08-15 19:27:00,-123.572176,49.013215
"Neogale vison",1264432,"Neogale vison",0,"accepted","American Mink",,"Animalia","Chordata","Vertebrata","","Mammalia","Theria","Laurasiatheria","Carnivora","","","","Mustelidae","Mustelinae","","Neogale","vison","iNat:57099169","2020-08-15T12:52:00-07:00",,"Andrew Simon","false","research",27,2020-08-15 19:52:00,-123.572176,49.013215
"Thamnophis elegans vagrans",28403,"Thamnophis elegans vagrans",0,"accepted","Wandering Garter Snake",,"Animalia","Chordata","Vertebrata","","Reptilia","","","Squamata","Serpentes","","","Colubridae","Natricinae","","Thamnophis","elegans","iNat:57099168","2020-08-15T13:17:00-07:00",,"Andrew Simon","false","research",27,2020-08-15 20:17:00,-123.572176,49.013215
"Neomochtherus willistoni",555896,"Neomochtherus willistoni",0,"accepted","",,"Animalia","Arthropoda","Hexapoda","","Insecta","Pterygota","","Diptera","Brachycera","Orthorrhapha","Asiloidea","Asilidae","Asilinae","Neomochtherini","Neomochtherus","willistoni","iNat:57099164","2020-08-15T13:39:00-07:00",,"Andrew Simon","false","research",10,2020-08-15 20:39:00,-123.573011,49.013492
"Sedum spathulifolium",58886,"Sedum spathulifolium",0,"accepted","Broad-leaved Stonecrop",,"Plantae","Tracheophyta","Angiospermae","","Magnoliopsida","","","Saxifragales","","","","Crassulaceae","Sempervivoideae","Sedeae","Sedum","spathulifolium","iNat:57099160","2020-08-15T13:45:00-07:00",,"Andrew Simon","false","research",19,2020-08-15 20:45:00,-123.57268,49.013317
"Rumex acetosella",53195,"Rumex acetosella",0,"accepted","Sheep's sorrel",,"Plantae","Tracheophyta","Angiospermae","","Magnoliopsida","","","Caryophyllales","","","","Polygonaceae","Polygonoideae","Rumiceae","Rumex","acetosella","iNat:57099152","2020-08-15T13:47:00-07:00",,"Andrew Simon","false","research",19,2020-08-15 20:47:00,-123.57268,49.013317
"Ligia occidentalis",117674,"Ligia occidentalis",0,"accepted","Western Sea Slater",,"Animalia","Arthropoda","Crustacea","Multicrustacea","Malacostraca","Eumalacostraca","Peracarida","Isopoda","Oniscidea","Diplocheta","","Ligiidae","","","Ligia","occidentalis","iNat:57099142","2020-08-15T13:50:00-07:00",,"Andrew Simon","false","research",19,2020-08-15 20:50:00,-123.57268,49.013317
"Bombus vancouverensis",1020304,"Bombus vancouverensis",0,"accepted","Vancouver Bumble Bee",,"Animalia","Arthropoda","Hexapoda","","Insecta","Pterygota","","Hymenoptera","Apocrita","Aculeata","Apoidea","Apidae","Apinae","Bombini","Bombus","vancouverensis","iNat:57099065","2020-08-15T17:09:00-07:00",,"Andrew Simon","false","research",32,2020-08-16 00:09:00,-123.573761,49.012267
"Acer glabrum douglasii",181694,"Acer glabrum douglasii",0,"accepted","Douglas maple",,"Plantae","Tracheophyta","Angiospermae","","Magnoliopsida","","","Sapindales","","","","Sapindaceae","","","Acer","glabrum","iNat:57099066","2020-08-15T17:12:00-07:00",,"Andrew Simon","false","research",57,2020-08-16 00:12:00,-123.574255,49.011755
"Malus fusca",77948,"Malus fusca",0,"accepted","Pacific Crab Apple",,"Plantae","Tracheophyta","Angiospermae","","Magnoliopsida","","","Rosales","","","","Rosaceae","Amygdaloideae","Maleae","Malus","fusca","iNat:57099068","2020-08-15T17:16:00-07:00",,"Andrew Simon","false","needs_id",57,2020-08-16 00:16:00,-123.574255,49.011755
"Gaultheria shallon",48441,"Gaultheria shallon",0,"accepted","salal",,"Plantae","Tracheophyta","Angiospermae","","Magnoliopsida","","","Ericales","","","","Ericaceae","Vaccinioideae","Gaultherieae","Gaultheria","shallon","iNat:57099062","2020-08-15T17:18:00-07:00",,"Andrew Simon","false","research",57,2020-08-16 00:18:00,-123.574255,49.011755
"Goodyera oblongifolia",50719,"Goodyera oblongifolia",0,"accepted","Western Rattlesnake Plantain",,"Plantae","Tracheophyta","Angiospermae","","Liliopsida","","","Asparagales","","","","Orchidaceae","Orchidoideae","Cranichideae","Goodyera","oblongifolia","iNat:57099063","2020-08-15T18:31:00-07:00",,"Andrew Simon","false","research",57,2020-08-16 01:31:00,-123.574255,49.011755
"Torilis arvensis",56846,"Torilis arvensis",0,"accepted","common hedge parsley",,"Plantae","Tracheophyta","Angiospermae","","Magnoliopsida","","","Apiales","","","","Apiaceae","Apioideae","Scandiceae","Torilis","arvensis","iNat:85291214","2021-07-01T15:57:00-07:00",,"Andrew Simon","false","needs_id",10,2021-07-01 22:57:00,-123.368045,48.865905
"Lobaria anomala",463448,"Lobaria anomala",0,"accepted","Netted Specklebelly",,"Fungi","Ascomycota","Pezizomycotina","","Lecanoromycetes","Lecanoromycetidae","","Peltigerales","","","","Lobariaceae","","","Lobaria","anomala","iNat:85291215","2021-07-01T16:02:00-07:00",,"Andrew Simon","false","research",30,2021-07-01 23:02:00,-123.367356,48.865371
"Lepidium virginicum menziesii",79971,"Lepidium virginicum menziesii",0,"accepted","Menzies' pepperweed",,"Plantae","Tracheophyta","Angiospermae","","Magnoliopsida","","","Brassicales","","","","Brassicaceae","Brassicoideae","Lepidieae","Lepidium","virginicum","iNat:85291218","2021-07-01T16:07:00-07:00",,"Andrew Simon","false","research",10,2021-07-01 23:07:00,-123.368307,48.866025
"Cricetidae",55986,"Cricetidae",0,"accepted","Hamsters, Voles, Lemmings, and Allies",,"Animalia","Chordata","Vertebrata","","Mammalia","Theria","Euarchontoglires","Rodentia","Myomorpha","","Muroidea","Cricetidae","","","","","iNat:85546134","2021-07-01T16:09:00-07:00",,"Andrew Simon","false","needs_id",10,2021-07-01 23:09:00,-123.368045,48.865905
"Neckera menziesii",1149640,"Neckera menziesii",0,"accepted","Menzies' metaneckera moss",,"Plantae","Bryophyta","","","Bryopsida","","","Hypnales","","","","Neckeraceae","","","Neckera","menziesii","iNat:85291213","2021-07-01T16:17:00-07:00",,"Andrew Simon","false","needs_id",10,2021-07-01 23:17:00,-123.367002,48.864992
"Allium acuminatum",59782,"Allium acuminatum",0,"accepted","Hooker's onion",,"Plantae","Tracheophyta","Angiospermae","","Liliopsida","","","Asparagales","","","","Amaryllidaceae","Allioideae","Allieae","Allium","acuminatum","iNat:85291219","2021-07-01T16:21:00-07:00",,"Andrew Simon","false","research",10,2021-07-01 23:21:00,-123.366805,48.864912
"Torilis arvensis",56846,"Torilis arvensis",0,"accepted","common hedge parsley",,"Plantae","Tracheophyta","Angiospermae","","Magnoliopsida","","","Apiales","","","","Apiaceae","Apioideae","Scandiceae","Torilis","arvensis","iNat:85291220","2021-07-01T16:22:00-07:00",,"Andrew Simon","false","needs_id",10,2021-07-01 23:22:00,-123.36677,48.864928
"Elymus glaucus glaucus",57171,"Elymus glaucus glaucus",0,"accepted","Blue Wild Rye",,"Plantae","Tracheophyta","Angiospermae","","Liliopsida","","","Poales","","","","Poaceae","Pooideae","Triticeae","Elymus","glaucus","iNat:85291223","2021-07-01T16:34:00-07:00",,"Andrew Simon","false","research",10,2021-07-01 23:34:00,-123.362285,48.863827
"Matricaria discoidea",52992,"Matricaria discoidea",0,"accepted","pineapple-weed",,"Plantae","Tracheophyta","Angiospermae","","Magnoliopsida","","","Asterales","","","","Asteraceae","Asteroideae","Anthemideae","Matricaria","discoidea","iNat:85701672","2021-07-04T13:51:00-07:00",,"Andrew Simon","false","research",10,2021-07-04 20:51:00,-123.406861,48.900343
"Bombus vancouverensis vancouverensis",1020322,"Bombus vancouverensis vancouverensis",0,"accepted","Vancouver Island Bumble Bee",,"Animalia","Arthropoda","Hexapoda","","Insecta","Pterygota","","Hymenoptera","Apocrita","Aculeata","Apoidea","Apidae","Apinae","Bombini","Bombus","vancouverensis","iNat:85701675","2021-07-04T13:57:00-07:00",,"Andrew Simon","false","research",10,2021-07-04 20:57:00,-123.406822,48.900475
"Leontodon saxatilis saxatilis",60975,"Leontodon saxatilis saxatilis",0,"accepted","Lesser Hawkbit",,"Plantae","Tracheophyta","Angiospermae","","Magnoliopsida","","","Asterales","","","","Asteraceae","Cichorioideae","Cichorieae","Leontodon","saxatilis","iNat:85701677","2021-07-04T13:58:00-07:00",,"Andrew Simon","false","needs_id",10,2021-07-04 20:58:00,-123.406789,48.900456
"Cirsium vulgare",52989,"Cirsium vulgare",0,"accepted","Bull Thistle",,"Plantae","Tracheophyta","Angiospermae","","Magnoliopsida","","","Asterales","","","","Asteraceae","Carduoideae","Cardueae","Cirsium","vulgare","iNat:85701683","2021-07-04T14:02:00-07:00",,"Andrew Simon","false","research",10,2021-07-04 21:02:00,-123.406652,48.900095
"Pseudognaphalium stramineum",53089,"Pseudognaphalium stramineum",0,"accepted","cottonbatting plant",,"Plantae","Tracheophyta","Angiospermae","","Magnoliopsida","","","Asterales","","","","Asteraceae","Asteroideae","Gnaphalieae","Pseudognaphalium","stramineum","iNat:85701684","2021-07-04T14:02:00-07:00",,"Andrew Simon","false","research",10,2021-07-04 21:02:00,-123.406667,48.900122
"Platanthera unalascensis",840638,"Platanthera unalascensis",0,"accepted","Alaska Rein Orchid",,"Plantae","Tracheophyta","Angiospermae","","Liliopsida","","","Asparagales","","","","Orchidaceae","Orchidoideae","Orchideae","Platanthera","unalascensis","iNat:85701685","2021-07-04T14:14:00-07:00",,"Andrew Simon","false","research",10,2021-07-04 21:14:00,-123.407282,48.899195
"Monotropa uniflora",49477,"Monotropa uniflora",0,"accepted","Ghost Pipe",,"Plantae","Tracheophyta","Angiospermae","","Magnoliopsida","","","Ericales","","","","Ericaceae","Monotropoideae","","Monotropa","uniflora","iNat:85701686","2021-07-04T14:30:00-07:00",,"Andrew Simon","false","research",52,2021-07-04 21:30:00,-123.404717,48.894395
"Amelanchier alnifolia semiintegrifolia",80360,"Amelanchier alnifolia semiintegrifolia",0,"accepted","Pacific saskatoon",,"Plantae","Tracheophyta","Angiospermae","","Magnoliopsida","","","Rosales","","","","Rosaceae","Amygdaloideae","Maleae","Amelanchier","alnifolia","iNat:85701687","2021-07-04T14:32:00-07:00",,"Andrew Simon","false","research",71,2021-07-04 21:32:00,-123.404795,48.894404
"Phaeolus schweinitzii",118084,"Phaeolus schweinitzii",0,"accepted","Dyer's Polypore",,"Fungi","Basidiomycota","Agaricomycotina","","Agaricomycetes","","","Polyporales","","","","Phaeolaceae","","","Phaeolus","schweinitzii","iNat:85701697","2021-07-04T14:43:00-07:00",,"Andrew Simon","false","research",10,2021-07-04 21:43:00,-123.405856,48.893986
"Prunella vulgaris",52764,"Prunella vulgaris",0,"accepted","common selfheal",,"Plantae","Tracheophyta","Angiospermae","","Magnoliopsida","","","Lamiales","","","","Lamiaceae","Nepetoideae","Mentheae","Prunella","vulgaris","iNat:85701696","2021-07-04T14:49:00-07:00",,"Andrew Simon","false","research",10,2021-07-04 21:49:00,-123.406861,48.893997
"Platanthera unalascensis",840638,"Platanthera unalascensis",0,"accepted","Alaska Rein Orchid",,"Plantae","Tracheophyta","Angiospermae","","Liliopsida","","","Asparagales","","","","Orchidaceae","Orchidoideae","Orchideae","Platanthera","unalascensis","iNat:85701695","2021-07-04T14:56:00-07:00",,"Andrew Simon","false","research",10,2021-07-04 21:56:00,-123.409544,48.895147
"Apis mellifera",47219,"Apis mellifera",0,"accepted","Western Honey Bee",,"Animalia","Arthropoda","Hexapoda","","Insecta","Pterygota","","Hymenoptera","Apocrita","Aculeata","Apoidea","Apidae","Apinae","Apini","Apis","mellifera","iNat:120494789","2022-06-04T16:09:00-07:00",,"Andrew Simon","false","research",10,2022-06-04 23:09:00,-123.338636,48.897367
"Trifolium microcephalum",58911,"Trifolium microcephalum",0,"accepted","small-headed clover",,"Plantae","Tracheophyta","Angiospermae","","Magnoliopsida","","","Fabales","","","","Fabaceae","Faboideae","Trifolieae","Trifolium","microcephalum","iNat:120494791","2022-06-04T16:09:00-07:00",,"Andrew Simon","false","research",10,2022-06-04 23:09:00,-123.338636,48.897367
"Bombus vancouverensis vancouverensis",1020322,"Bombus vancouverensis vancouverensis",0,"accepted","Vancouver Island Bumble Bee",,"Animalia","Arthropoda","Hexapoda","","Insecta","Pterygota","","Hymenoptera","Apocrita","Aculeata","Apoidea","Apidae","Apinae","Bombini","Bombus","vancouverensis","iNat:120494792","2022-06-04T16:10:00-07:00",,"Andrew Simon","false","research",10,2022-06-04 23:10:00,-123.338636,48.897367
"Sonchus oleraceus",53294,"Sonchus oleraceus",0,"accepted","Common Sow-thistle",,"Plantae","Tracheophyta","Angiospermae","","Magnoliopsida","","","Asterales","","","","Asteraceae","Cichorioideae","Cichorieae","Sonchus","oleraceus","iNat:120494793","2022-06-04T16:10:00-07:00",,"Andrew Simon","false","needs_id",10,2022-06-04 23:10:00,-123.338636,48.897367
"Allium cernuum",116364,"Allium cernuum",0,"accepted","nodding onion",,"Plantae","Tracheophyta","Angiospermae","","Liliopsida","","","Asparagales","","","","Amaryllidaceae","Allioideae","Allieae","Allium","cernuum","iNat:120494795","2022-06-04T16:11:00-07:00",,"Andrew Simon","false","research",10,2022-06-04 23:11:00,-123.338577,48.89761
"Trifolium subterraneum",60201,"Trifolium subterraneum",0,"accepted","Subterranean Clover",,"Plantae","Tracheophyta","Angiospermae","","Magnoliopsida","","","Fabales","","","","Fabaceae","Faboideae","Trifolieae","Trifolium","subterraneum","iNat:120494794","2022-06-04T16:13:00-07:00",,"Andrew Simon","false","research",10,2022-06-04 23:13:00,-123.338576,48.897412
"Trifolium dubium",53313,"Trifolium dubium",0,"accepted","Lesser hop trefoil",,"Plantae","Tracheophyta","Angiospermae","","Magnoliopsida","","","Fabales","","","","Fabaceae","Faboideae","Trifolieae","Trifolium","dubium","iNat:120494797","2022-06-04T16:41:00-07:00",,"Andrew Simon","false","research",10,2022-06-04 23:41:00,-123.338628,48.897355
"Allium amplectens",60267,"Allium amplectens",0,"accepted","narrowleaf onion",,"Plantae","Tracheophyta","Angiospermae","","Liliopsida","","","Asparagales","","","","Amaryllidaceae","Allioideae","Allieae","Allium","amplectens","iNat:120494798","2022-06-04T16:41:00-07:00",,"Andrew Simon","false","research",10,2022-06-04 23:41:00,-123.338668,48.897358
"Berberis aquifolium",126887,"Berberis aquifolium",0,"accepted","Oregon grape",,"Plantae","Tracheophyta","Angiospermae","","Magnoliopsida","","","Ranunculales","","","","Berberidaceae","Berberidoideae","Berberideae","Berberis","aquifolium","iNat:120494799","2022-06-04T16:42:00-07:00",,"Andrew Simon","false","research",10,2022-06-04 23:42:00,-123.33863,48.897355
"Trifolium microcephalum",58911,"Trifolium microcephalum",0,"accepted","small-headed clover",,"Plantae","Tracheophyta","Angiospermae","","Magnoliopsida","","","Fabales","","","","Fabaceae","Faboideae","Trifolieae","Trifolium","microcephalum","iNat:120494801","2022-06-04T16:42:00-07:00",,"Andrew Simon","false","research",10,2022-06-04 23:42:00,-123.338605,48.897353
"Cerastium glomeratum",52973,"Cerastium glomeratum",0,"accepted","Sticky mouse-ear chickweed",,"Plantae","Tracheophyta","Angiospermae","","Magnoliopsida","","","Caryophyllales","","","","Caryophyllaceae","","Alsineae","Cerastium","glomeratum","iNat:120494803","2022-06-04T16:42:00-07:00",,"Andrew Simon","false","research",10,2022-06-04 23:42:00,-123.338605,48.897353
"Vicia sativa",53324,"Vicia sativa",0,"accepted","Common Vetch",,"Plantae","Tracheophyta","Angiospermae","","Magnoliopsida","","","Fabales","","","","Fabaceae","Faboideae","Fabeae","Vicia","sativa","iNat:120494804","2022-06-04T16:42:00-07:00",,"Andrew Simon","false","research",10,2022-06-04 23:42:00,-123.33856,48.897352
"Geranium molle",53076,"Geranium molle",0,"accepted","Dove's-foot crane's-bill",,"Plantae","Tracheophyta","Angiospermae","","Magnoliopsida","","","Geraniales","","","","Geraniaceae","","","Geranium","molle","iNat:120494806","2022-06-04T16:45:00-07:00",,"Andrew Simon","false","needs_id",10,2022-06-04 23:45:00,-123.338536,48.897353
"Bromus sterilis",57163,"Bromus sterilis",0,"accepted","Barren Brome",,"Plantae","Tracheophyta","Angiospermae","","Liliopsida","","","Poales","","","","Poaceae","Pooideae","Bromeae","Bromus","sterilis","iNat:120494807","2022-06-04T16:45:00-07:00",,"Andrew Simon","false","research",10,2022-06-04 23:45:00,-123.338555,48.897362
"Hymenoloma crispulum",1122768,"Hymenoloma crispulum",0,"accepted","mountain pincushion",,"Plantae","Bryophyta","","","Bryopsida","","","Dicranales","","","","Hymenolomataceae","","","Hymenoloma","crispulum","iNat:120494808","2022-06-04T16:47:00-07:00",,"Andrew Simon","false","research",10,2022-06-04 23:47:00,-123.338463,48.897405
"Parmelia saxatilis",117860,"Parmelia saxatilis",0,"accepted","Salted Shield Lichen",,"Fungi","Ascomycota","Pezizomycotina","","Lecanoromycetes","Lecanoromycetidae","","Lecanorales","","","","Parmeliaceae","Parmelioideae","","Parmelia","saxatilis","iNat:120494810","2022-06-04T16:47:00-07:00",,"Andrew Simon","false","needs_id",10,2022-06-04 23:47:00,-123.338478,48.897395
"Sedum spathulifolium",58886,"Sedum spathulifolium",0,"accepted","Broad-leaved Stonecrop",,"Plantae","Tracheophyta","Angiospermae","","Magnoliopsida","","","Saxifragales","","","","Crassulaceae","Sempervivoideae","Sedeae","Sedum","spathulifolium","iNat:120494811","2022-06-04T16:48:00-07:00",,"Andrew Simon","false","research",10,2022-06-04 23:48:00,-123.338463,48.897405
"Amelanchier alnifolia",75415,"Amelanchier alnifolia",0,"accepted","Saskatoon",,"Plantae","Tracheophyta","Angiospermae","","Magnoliopsida","","","Rosales","","","","Rosaceae","Amygdaloideae","Maleae","Amelanchier","alnifolia","iNat:120494813","2022-06-04T16:48:00-07:00",,"Andrew Simon","false","needs_id",10,2022-06-04 23:48:00,-123.338463,48.897405
"Poa annua",52808,"Poa annua",0,"accepted","Annual Meadow-grass",,"Plantae","Tracheophyta","Angiospermae","","Liliopsida","","","Poales","","","","Poaceae","Pooideae","Poeae","Poa","annua","iNat:120494814","2022-06-04T16:48:00-07:00",,"Andrew Simon","false","needs_id",10,2022-06-04 23:48:00,-123.338462,48.897405
"Hypnum cupressiforme",163992,"Hypnum cupressiforme",0,"accepted","Cypress-leaved Plait-moss",,"Plantae","Bryophyta","","","Bryopsida","","","Hypnales","","","","Hypnaceae","","","Hypnum","cupressiforme","iNat:120494816","2022-06-04T16:49:00-07:00",,"Andrew Simon","false","research",10,2022-06-04 23:49:00,-123.338463,48.897417
"Aira praecox",61058,"Aira praecox",0,"accepted","early hair grass",,"Plantae","Tracheophyta","Angiospermae","","Liliopsida","","","Poales","","","","Poaceae","Pooideae","Poeae","Aira","praecox","iNat:120494821","2022-06-04T16:50:00-07:00",,"Andrew Simon","false","needs_id",10,2022-06-04 23:50:00,-123.338462,48.897417
"Plantago lanceolata",53178,"Plantago lanceolata",0,"accepted","ribwort plantain",,"Plantae","Tracheophyta","Angiospermae","","Magnoliopsida","","","Lamiales","","","","Plantaginaceae","","Plantagineae","Plantago","lanceolata","iNat:120494822","2022-06-04T16:51:00-07:00",,"Andrew Simon","false","research",10,2022-06-04 23:51:00,-123.338462,48.897417
"Geranium molle",53076,"Geranium molle",0,"accepted","Dove's-foot crane's-bill",,"Plantae","Tracheophyta","Angiospermae","","Magnoliopsida","","","Geraniales","","","","Geraniaceae","","","Geranium","molle","iNat:120494824","2022-06-04T16:52:00-07:00",,"Andrew Simon","false","research",10,2022-06-04 23:52:00,-123.338472,48.897417
"Aira praecox",61058,"Aira praecox",0,"accepted","early hair grass",,"Plantae","Tracheophyta","Angiospermae","","Liliopsida","","","Poales","","","","Poaceae","Pooideae","Poeae","Aira","praecox","iNat:120494827","2022-06-04T16:53:00-07:00",,"Andrew Simon","false","needs_id",10,2022-06-04 23:53:00,-123.338467,48.89742
"Pottiaceae",67833,"Pottiaceae",0,"accepted","",,"Plantae","Bryophyta","","","Bryopsida","","","Pottiales","","","","Pottiaceae","","","","","iNat:120494829","2022-06-04T16:54:00-07:00",,"Andrew Simon","false","needs_id",10,2022-06-04 23:54:00,-123.338482,48.897487
"Entosthodon muhlenbergii",917753,"Entosthodon muhlenbergii",0,"accepted","Muhlenberg's Cord-moss",,"Plantae","Bryophyta","","","Bryopsida","","","Funariales","","","","Funariaceae","","","Entosthodon","muhlenbergii","iNat:120494831","2022-06-04T16:57:00-07:00",,"Andrew Simon","false","needs_id",10,2022-06-04 23:57:00,-123.338464,48.897478
"Heuchera micrantha",51274,"Heuchera micrantha",0,"accepted","crevice alumroot",,"Plantae","Tracheophyta","Angiospermae","","Magnoliopsida","","","Saxifragales","","","","Saxifragaceae","","Heuchereae","Heuchera","micrantha","iNat:120494835","2022-06-04T16:58:00-07:00",,"Andrew Simon","false","needs_id",10,2022-06-04 23:58:00,-123.338465,48.897478
"Homalothecium megaptilum",236885,"Homalothecium megaptilum",0,"accepted","Trachybryum Moss",,"Plantae","Bryophyta","","","Bryopsida","","","Hypnales","","","","Brachytheciaceae","","","Homalothecium","megaptilum","iNat:120494836","2022-06-04T16:59:00-07:00",,"Andrew Simon","false","research",10,2022-06-04 23:59:00,-123.338472,48.897472
"Vicia hirsuta",56188,"Vicia hirsuta",0,"accepted","Hairy tare",,"Plantae","Tracheophyta","Angiospermae","","Magnoliopsida","","","Fabales","","","","Fabaceae","Faboideae","Fabeae","Vicia","hirsuta","iNat:120494838","2022-06-04T16:59:00-07:00",,"Andrew Simon","false","research",10,2022-06-04 23:59:00,-123.338483,48.897478
"Triteleia hyacinthina",57132,"Triteleia hyacinthina",0,"accepted","white brodiaea",,"Plantae","Tracheophyta","Angiospermae","","Liliopsida","","","Asparagales","","","","Asparagaceae","Brodiaeoideae","","Triteleia","hyacinthina","iNat:120494839","2022-06-04T17:03:00-07:00",,"Andrew Simon","false","research",10,2022-06-05 00:03:00,-123.338622,48.897475
"Hypnum cupressiforme",163992,"Hypnum cupressiforme",0,"accepted","Cypress-leaved Plait-moss",,"Plantae","Bryophyta","","","Bryopsida","","","Hypnales","","","","Hypnaceae","","","Hypnum","cupressiforme","iNat:120494840","2022-06-04T17:04:00-07:00",,"Andrew Simon","false","needs_id",10,2022-06-05 00:04:00,-123.338645,48.89749
"Homalothecium",67898,"Homalothecium",0,"accepted","homalothecium mosses",,"Plantae","Bryophyta","","","Bryopsida","","","Hypnales","","","","Brachytheciaceae","","","Homalothecium","","iNat:120494841","2022-06-04T17:05:00-07:00",,"Andrew Simon","false","needs_id",10,2022-06-05 00:05:00,-123.338717,48.897513
"Scleropodium obtusifolium",123794,"Scleropodium obtusifolium",0,"accepted","obtuseleaf scleropodium moss",,"Plantae","Bryophyta","","","Bryopsida","","","Hypnales","","","","Brachytheciaceae","","","Scleropodium","obtusifolium","iNat:120494843","2022-06-04T17:08:00-07:00",,"Andrew Simon","false","research",10,2022-06-05 00:08:00,-123.338928,48.897593
"Veronica arvensis",55748,"Veronica arvensis",0,"accepted","corn speedwell",,"Plantae","Tracheophyta","Angiospermae","","Magnoliopsida","","","Lamiales","","","","Plantaginaceae","","Veroniceae","Veronica","arvensis","iNat:120494842","2022-06-04T17:10:00-07:00",,"Andrew Simon","false","research",10,2022-06-05 00:10:00,-123.338989,48.897586
"Myosotis discolor",70265,"Myosotis discolor",0,"accepted","Changing Forget-me-not",,"Plantae","Tracheophyta","Angiospermae","","Magnoliopsida","","","Boraginales","","","","Boraginaceae","Cynoglossoideae","Myosotideae","Myosotis","discolor","iNat:120494846","2022-06-04T17:10:00-07:00",,"Andrew Simon","false","needs_id",10,2022-06-05 00:10:00,-123.33899,48.897588
"Galium aparine",53059,"Galium aparine",0,"accepted","catchweed bedstraw",,"Plantae","Tracheophyta","Angiospermae","","Magnoliopsida","","","Gentianales","","","","Rubiaceae","Rubioideae","Rubieae","Galium","aparine","iNat:120494848","2022-06-04T17:10:00-07:00",,"Andrew Simon","false","needs_id",10,2022-06-05 00:10:00,-123.338992,48.897588
"Vicia gigantea",53322,"Vicia gigantea",0,"accepted","giant vetch",,"Plantae","Tracheophyta","Angiospermae","","Magnoliopsida","","","Fabales","","","","Fabaceae","Faboideae","Fabeae","Vicia","gigantea","iNat:120494849","2022-06-04T17:11:00-07:00",,"Andrew Simon","false","needs_id",10,2022-06-05 00:11:00,-123.338998,48.89761
"Triteleia grandiflora",79452,"Triteleia grandiflora",0,"accepted","large-flowered triteleia",,"Plantae","Tracheophyta","Angiospermae","","Liliopsida","","","Asparagales","","","","Asparagaceae","Brodiaeoideae","","Triteleia","grandiflora","iNat:120471808","2022-06-04T17:21:00-07:00",,"Andrew Simon","false","research",10,2022-06-05 00:21:00,-123.338483,48.897448
"Trifolium striatum",79432,"Trifolium striatum",0,"accepted","Knotted clover",,"Plantae","Tracheophyta","Angiospermae","","Magnoliopsida","","","Fabales","","","","Fabaceae","Faboideae","Trifolieae","Trifolium","striatum","iNat:120494853","2022-06-04T17:26:00-07:00",,"Andrew Simon","false","research",10,2022-06-05 00:26:00,-123.339855,48.897668
"Trifolium subterraneum",60201,"Trifolium subterraneum",0,"accepted","Subterranean Clover",,"Plantae","Tracheophyta","Angiospermae","","Magnoliopsida","","","Fabales","","","","Fabaceae","Faboideae","Trifolieae","Trifolium","subterraneum","iNat:120494852","2022-06-04T17:27:00-07:00",,"Andrew Simon","false","research",10,2022-06-05 00:27:00,-123.339697,48.89758
"Viola odorata",55845,"Viola odorata",0,"accepted","Sweet violet",,"Plantae","Tracheophyta","Angiospermae","","Magnoliopsida","","","Malpighiales","","","","Violaceae","","","Viola","odorata","iNat:40448514","2020-03-21T13:54:00-07:00",,"Andrew Simon","false","research",10,2020-03-21 20:54:00,-123.347842,48.868417
"Mergus merganser",7004,"Mergus merganser",0,"accepted","Common Merganser",,"Animalia","Chordata","Vertebrata","","Aves","","","Anseriformes","","","","Anatidae","","","Mergus","merganser","iNat:40458060","2020-03-21T14:06:00-07:00",,"Andrew Simon","false","research",15,2020-03-21 21:06:00,-123.346996,48.867198
"Lysichiton americanus",48537,"Lysichiton americanus",0,"accepted","western skunk cabbage",,"Plantae","Tracheophyta","Angiospermae","","Liliopsida","","","Alismatales","","","","Araceae","Orontioideae","","Lysichiton","americanus","iNat:40458061","2020-03-21T14:10:00-07:00",,"Andrew Simon","false","research",29,2020-03-21 21:10:00,-123.347715,48.86771
"Turdus migratorius",12727,"Turdus migratorius",0,"accepted","American Robin",,"Animalia","Chordata","Vertebrata","","Aves","","","Passeriformes","","","","Turdidae","","","Turdus","migratorius","iNat:40458065","2020-03-21T14:11:00-07:00",,"Andrew Simon","false","research",29,2020-03-21 21:11:00,-123.347715,48.86771
"Cardamine oligosperma",52981,"Cardamine oligosperma",0,"accepted","little western bittercress",,"Plantae","Tracheophyta","Angiospermae","","Magnoliopsida","","","Brassicales","","","","Brassicaceae","Brassicoideae","Cardamineae","Cardamine","oligosperma","iNat:40448519","2020-03-21T14:16:00-07:00",,"Andrew Simon","false","research",24,2020-03-21 21:16:00,-123.347954,48.868126
"Aira praecox",61058,"Aira praecox",0,"accepted","early hair grass",,"Plantae","Tracheophyta","Angiospermae","","Liliopsida","","","Poales","","","","Poaceae","Pooideae","Poeae","Aira","praecox","iNat:53022038","2020-07-12T14:30:00-07:00",,"Andrew Simon","false","needs_id",44,2020-07-12 21:30:00,-123.374861,48.887307
"Collomia heterophylla",52996,"Collomia heterophylla",0,"accepted","variableleaf collomia",,"Plantae","Tracheophyta","Angiospermae","","Magnoliopsida","","","Ericales","","","","Polemoniaceae","","","Collomia","heterophylla","iNat:53022039","2020-07-12T14:32:00-07:00",,"Andrew Simon","false","research",10,2020-07-12 21:32:00,-123.374992,48.887472
"Monotropa uniflora",49477,"Monotropa uniflora",0,"accepted","Ghost Pipe",,"Plantae","Tracheophyta","Angiospermae","","Magnoliopsida","","","Ericales","","","","Ericaceae","Monotropoideae","","Monotropa","uniflora","iNat:53022040","2020-07-12T14:32:00-07:00",,"Andrew Simon","false","research",10,2020-07-12 21:32:00,-123.375,48.88747
"Platanthera transversa",355392,"Platanthera transversa",0,"accepted","Flat Spurred Piperia",,"Plantae","Tracheophyta","Angiospermae","","Liliopsida","","","Asparagales","","","","Orchidaceae","Orchidoideae","Orchideae","Platanthera","transversa","iNat:53022041","2020-07-12T14:33:00-07:00",,"Andrew Simon","false","research",10,2020-07-12 21:33:00,-123.374947,48.88737
"Daucus pusillus",56726,"Daucus pusillus",0,"accepted","American wild carrot",,"Plantae","Tracheophyta","Angiospermae","","Magnoliopsida","","","Apiales","","","","Apiaceae","Apioideae","Scandiceae","Daucus","pusillus","iNat:53022042","2020-07-12T14:35:00-07:00",,"Andrew Simon","false","research",10,2020-07-12 21:35:00,-123.374842,48.887285
"Filago germanica",634625,"Filago germanica",0,"accepted","Common Cudweed",,"Plantae","Tracheophyta","Angiospermae","","Magnoliopsida","","","Asterales","","","","Asteraceae","Asteroideae","Gnaphalieae","Filago","germanica","iNat:53022044","2020-07-12T14:36:00-07:00",,"Andrew Simon","false","research",10,2020-07-12 21:36:00,-123.374742,48.887225
"Silene antirrhina",58780,"Silene antirrhina",0,"accepted","sleepy catchfly",,"Plantae","Tracheophyta","Angiospermae","","Magnoliopsida","","","Caryophyllales","","","","Caryophyllaceae","Caryophylloideae","Sileneae","Silene","antirrhina","iNat:53022045","2020-07-12T14:38:00-07:00",,"Andrew Simon","false","research",10,2020-07-12 21:38:00,-123.374743,48.887102
"Festuca myuros",77140,"Festuca myuros",0,"accepted","rattail sixweeks grass",,"Plantae","Tracheophyta","Angiospermae","","Liliopsida","","","Poales","","","","Poaceae","Pooideae","Poeae","Festuca","myuros","iNat:53022046","2020-07-12T14:39:00-07:00",,"Andrew Simon","false","needs_id",10,2020-07-12 21:39:00,-123.374757,48.88709
"Lonicera hispidula",53416,"Lonicera hispidula",0,"accepted","Pink Honeysuckle",,"Plantae","Tracheophyta","Angiospermae","","Magnoliopsida","","","Dipsacales","","","","Caprifoliaceae","Caprifolioideae","","Lonicera","hispidula","iNat:53022047","2020-07-12T14:41:00-07:00",,"Andrew Simon","false","research",10,2020-07-12 21:41:00,-123.374808,48.88706
"Platanthera transversa",355392,"Platanthera transversa",0,"accepted","Flat Spurred Piperia",,"Plantae","Tracheophyta","Angiospermae","","Liliopsida","","","Asparagales","","","","Orchidaceae","Orchidoideae","Orchideae","Platanthera","transversa","iNat:53022051","2020-07-12T14:44:00-07:00",,"Andrew Simon","false","research",10,2020-07-12 21:44:00,-123.373885,48.887052
"Achillea millefolium",52821,"Achillea millefolium",0,"accepted","common yarrow",,"Plantae","Tracheophyta","Angiospermae","","Magnoliopsida","","","Asterales","","","","Asteraceae","Asteroideae","Anthemideae","Achillea","millefolium","iNat:53022052","2020-07-12T14:47:00-07:00",,"Andrew Simon","false","research",10,2020-07-12 21:47:00,-123.373888,48.887042
"Acmispon parviflorus",57048,"Acmispon parviflorus",0,"accepted","Short-flower Deervetch",,"Plantae","Tracheophyta","Angiospermae","","Magnoliopsida","","","Fabales","","","","Fabaceae","Faboideae","Loteae","Acmispon","parviflorus","iNat:53022053","2020-07-12T14:47:00-07:00",,"Andrew Simon","false","research",10,2020-07-12 21:47:00,-123.373285,48.886768
"Triteleia hyacinthina",57132,"Triteleia hyacinthina",0,"accepted","white brodiaea",,"Plantae","Tracheophyta","Angiospermae","","Liliopsida","","","Asparagales","","","","Asparagaceae","Brodiaeoideae","","Triteleia","hyacinthina","iNat:53022057","2020-07-12T14:49:00-07:00",,"Andrew Simon","false","research",10,2020-07-12 21:49:00,-123.373388,48.88679
"Festuca microstachys pauciflora",1377236,"Festuca microstachys pauciflora",0,"accepted","Pacific Fescue",,"Plantae","Tracheophyta","Angiospermae","","Liliopsida","","","Poales","","","","Poaceae","Pooideae","Poeae","Festuca","microstachys","iNat:53022058","2020-07-12T14:51:00-07:00",,"Andrew Simon","false","needs_id",10,2020-07-12 21:51:00,-123.37338,48.88679
"Senecio sylvaticus",53210,"Senecio sylvaticus",0,"accepted","Heath Groundsel",,"Plantae","Tracheophyta","Angiospermae","","Magnoliopsida","","","Asterales","","","","Asteraceae","Asteroideae","Senecioneae","Senecio","sylvaticus","iNat:53022059","2020-07-12T14:52:00-07:00",,"Andrew Simon","false","needs_id",10,2020-07-12 21:52:00,-123.373372,48.886778
"Arctostaphylos columbiana",75505,"Arctostaphylos columbiana",0,"accepted","hairy manzanita",,"Plantae","Tracheophyta","Angiospermae","","Magnoliopsida","","","Ericales","","","","Ericaceae","Arbutoideae","","Arctostaphylos","columbiana","iNat:53022063","2020-07-12T14:58:00-07:00",,"Andrew Simon","false","research",10,2020-07-12 21:58:00,-123.37277,48.886618
"Platanthera transversa",355392,"Platanthera transversa",0,"accepted","Flat Spurred Piperia",,"Plantae","Tracheophyta","Angiospermae","","Liliopsida","","","Asparagales","","","","Orchidaceae","Orchidoideae","Orchideae","Platanthera","transversa","iNat:53022064","2020-07-12T15:01:00-07:00",,"Andrew Simon","false","research",10,2020-07-12 22:01:00,-123.372832,48.886592
"Carex inops inops",79677,"Carex inops inops",0,"accepted","Long-rhizomed Sedge",,"Plantae","Tracheophyta","Angiospermae","","Liliopsida","","","Poales","","","","Cyperaceae","Cyperoideae","Cariceae","Carex","inops","iNat:53022066","2020-07-12T15:01:00-07:00",,"Andrew Simon","false","needs_id",10,2020-07-12 22:01:00,-123.372862,48.886575
"Goodyera oblongifolia",50719,"Goodyera oblongifolia",0,"accepted","Western Rattlesnake Plantain",,"Plantae","Tracheophyta","Angiospermae","","Liliopsida","","","Asparagales","","","","Orchidaceae","Orchidoideae","Cranichideae","Goodyera","oblongifolia","iNat:53022070","2020-07-12T15:02:00-07:00",,"Andrew Simon","false","research",10,2020-07-12 22:02:00,-123.372903,48.886728
"Platismatia glauca",117874,"Platismatia glauca",0,"accepted","Varied Rag Lichen",,"Fungi","Ascomycota","Pezizomycotina","","Lecanoromycetes","Lecanoromycetidae","","Lecanorales","","","","Parmeliaceae","Parmelioideae","","Platismatia","glauca","iNat:53022072","2020-07-12T15:03:00-07:00",,"Andrew Simon","false","needs_id",10,2020-07-12 22:03:00,-123.37314,48.886773
"Platanthera transversa",355392,"Platanthera transversa",0,"accepted","Flat Spurred Piperia",,"Plantae","Tracheophyta","Angiospermae","","Liliopsida","","","Asparagales","","","","Orchidaceae","Orchidoideae","Orchideae","Platanthera","transversa","iNat:53022071","2020-07-12T15:05:00-07:00",,"Andrew Simon","false","research",10,2020-07-12 22:05:00,-123.373178,48.886761
"Madia exigua",56971,"Madia exigua",0,"accepted","small tarweed",,"Plantae","Tracheophyta","Angiospermae","","Magnoliopsida","","","Asterales","","","","Asteraceae","Asteroideae","Madieae","Madia","exigua","iNat:53022076","2020-07-12T15:07:00-07:00",,"Andrew Simon","false","research",10,2020-07-12 22:07:00,-123.373447,48.886953
"Koeleria macrantha",57183,"Koeleria macrantha",0,"accepted","Prairie Junegrass",,"Plantae","Tracheophyta","Angiospermae","","Liliopsida","","","Poales","","","","Poaceae","Pooideae","Poeae","Koeleria","macrantha","iNat:53022078","2020-07-12T15:10:00-07:00",,"Andrew Simon","false","research",10,2020-07-12 22:10:00,-123.373455,48.88695
"Plectritis congesta",57786,"Plectritis congesta",0,"accepted","shortspur seablush",,"Plantae","Tracheophyta","Angiospermae","","Magnoliopsida","","","Dipsacales","","","","Caprifoliaceae","Valerianoideae","","Plectritis","congesta","iNat:81820585","2021-06-05T17:07:23-07:00",,"Caitlin Robinson","false","research",12,2021-06-06 00:07:23,-123.312355,48.87202
"Triteleia hyacinthina",57132,"Triteleia hyacinthina",0,"accepted","white brodiaea",,"Plantae","Tracheophyta","Angiospermae","","Liliopsida","","","Asparagales","","","","Asparagaceae","Brodiaeoideae","","Triteleia","hyacinthina","iNat:81819989","2021-06-05T17:12:02-07:00",,"Caitlin Robinson","false","research",10,2021-06-06 00:12:02,-123.311972,48.872463
"Camassia leichtlinii",62218,"Camassia leichtlinii",0,"accepted","great camas",,"Plantae","Tracheophyta","Angiospermae","","Liliopsida","","","Asparagales","","","","Asparagaceae","Agavoideae","","Camassia","leichtlinii","iNat:81819894","2021-06-05T17:13:00-07:00",,"Caitlin Robinson","false","research",10,2021-06-06 00:13:00,-123.311897,48.8723
"Perideridia gairdneri",78434,"Perideridia gairdneri",0,"accepted","Gairdner's Yampah",,"Plantae","Tracheophyta","Angiospermae","","Magnoliopsida","","","Apiales","","","","Apiaceae","Apioideae","Oenantheae","Perideridia","gairdneri","iNat:132412166","2022-08-20T13:50:00-07:00",,"Adam Huggins","false","research",10,2022-08-20 20:50:00,-123.367408,48.86625
"Perideridia gairdneri",78434,"Perideridia gairdneri",0,"accepted","Gairdner's Yampah",,"Plantae","Tracheophyta","Angiospermae","","Magnoliopsida","","","Apiales","","","","Apiaceae","Apioideae","Oenantheae","Perideridia","gairdneri","iNat:132069984","2022-08-20T13:53:00-07:00",,"Andrew Simon","false","research",10,2022-08-20 20:53:00,-123.367733,48.866297
"Quercus garryana",68632,"Quercus garryana",0,"accepted","Oregon oak",,"Plantae","Tracheophyta","Angiospermae","","Magnoliopsida","","","Fagales","","","","Fagaceae","","","Quercus","garryana","iNat:132069985","2022-08-20T13:57:00-07:00",,"Andrew Simon","false","research",10,2022-08-20 20:57:00,-123.367682,48.866285
"Perideridia gairdneri",78434,"Perideridia gairdneri",0,"accepted","Gairdner's Yampah",,"Plantae","Tracheophyta","Angiospermae","","Magnoliopsida","","","Apiales","","","","Apiaceae","Apioideae","Oenantheae","Perideridia","gairdneri","iNat:132069987","2022-08-20T14:01:00-07:00",,"Andrew Simon","false","research",10,2022-08-20 21:01:00,-123.366968,48.865618
"Elymus glaucus",52791,"Elymus glaucus",0,"accepted","blue wild rye",,"Plantae","Tracheophyta","Angiospermae","","Liliopsida","","","Poales","","","","Poaceae","Pooideae","Triticeae","Elymus","glaucus","iNat:132069989","2022-08-20T14:02:00-07:00",,"Andrew Simon","false","needs_id",10,2022-08-20 21:02:00,-123.367045,48.865502
"Quercus garryana",68632,"Quercus garryana",0,"accepted","Oregon oak",,"Plantae","Tracheophyta","Angiospermae","","Magnoliopsida","","","Fagales","","","","Fagaceae","","","Quercus","garryana","iNat:132069990","2022-08-20T14:02:00-07:00",,"Andrew Simon","false","research",10,2022-08-20 21:02:00,-123.36709,48.865487
"Platanthera elongata",551466,"Platanthera elongata",0,"accepted","Denseflower Rein Orchid",,"Plantae","Tracheophyta","Angiospermae","","Liliopsida","","","Asparagales","","","","Orchidaceae","Orchidoideae","Orchideae","Platanthera","elongata","iNat:135833134","2022-09-19T16:35:50-07:00",,"Caitlin Robinson","false","needs_id",16,2022-09-19 23:35:50,-123.312905,48.871892
"Platanthera",1469860,"Platanthera",0,"accepted","",,"Plantae","Tracheophyta","Angiospermae","","Liliopsida","","","Asparagales","","","","Orchidaceae","Orchidoideae","Orchideae","Platanthera","","iNat:137483311","2022-09-19T16:36:06-07:00",,"Caitlin Robinson","false","needs_id",10,2022-09-19 23:36:06,-123.312867,48.871883
"Anisocarpus madioides",53137,"Anisocarpus madioides",0,"accepted","woodland madia",,"Plantae","Tracheophyta","Angiospermae","","Magnoliopsida","","","Asterales","","","","Asteraceae","Asteroideae","Madieae","Anisocarpus","madioides","iNat:135833324","2022-09-19T16:37:19-07:00",,"Caitlin Robinson","false","needs_id",16,2022-09-19 23:37:19,-123.31288,48.871947
"Platanthera elongata",551466,"Platanthera elongata",0,"accepted","Denseflower Rein Orchid",,"Plantae","Tracheophyta","Angiospermae","","Liliopsida","","","Asparagales","","","","Orchidaceae","Orchidoideae","Orchideae","Platanthera","elongata","iNat:137487102","2022-09-19T16:39:05-07:00",,"Caitlin Robinson","false","needs_id",16,2022-09-19 23:39:05,-123.312813,48.8719
"Clinopodium douglasii",53203,"Clinopodium douglasii",0,"accepted","yerba buena",,"Plantae","Tracheophyta","Angiospermae","","Magnoliopsida","","","Lamiales","","","","Lamiaceae","Nepetoideae","Mentheae","Clinopodium","douglasii","iNat:232623385","2021-06-19T15:35:45-07:00",,"Caitlin Robinson","false","needs_id",10,2021-06-19 22:35:45,-123.57965,48.990895
"Sedum spathulifolium",58886,"Sedum spathulifolium",0,"accepted","Broad-leaved Stonecrop",,"Plantae","Tracheophyta","Angiospermae","","Magnoliopsida","","","Saxifragales","","","","Crassulaceae","Sempervivoideae","Sedeae","Sedum","spathulifolium","iNat:232623094","2021-06-19T15:38:23-07:00",,"Caitlin Robinson","false","research",16,2021-06-19 22:38:23,-123.57965,48.990745
"Ajuga reptans",56099,"Ajuga reptans",0,"accepted","carpet bugle",,"Plantae","Tracheophyta","Angiospermae","","Magnoliopsida","","","Lamiales","","","","Lamiaceae","Ajugoideae","","Ajuga","reptans","iNat:232622966","2021-06-19T15:40:33-07:00",,"Caitlin Robinson","false","needs_id",10,2021-06-19 22:40:33,-123.579688,48.990817
"Silene coronaria",485191,"Silene coronaria",0,"accepted","Rose campion",,"Plantae","Tracheophyta","Angiospermae","","Magnoliopsida","","","Caryophyllales","","","","Caryophyllaceae","Caryophylloideae","Sileneae","Silene","coronaria","iNat:84386918","2021-06-19T15:42:54-07:00",,"Caitlin Robinson","false","research",10,2021-06-19 22:42:54,-123.579558,48.990842
"Populus",1430522,"Populus",0,"accepted","aspens and allies",,"Plantae","Tracheophyta","Angiospermae","","Magnoliopsida","","","Malpighiales","","","","Salicaceae","","","Populus","","iNat:90752117","2021-06-19T15:50:20-07:00",,"Caitlin Robinson","false","needs_id",48,2021-06-19 22:50:20,-123.57933,48.99125
"Lathyrus nevadensis",77640,"Lathyrus nevadensis",0,"accepted","Sierra Nevada Peavine",,"Plantae","Tracheophyta","Angiospermae","","Magnoliopsida","","","Fabales","","","","Fabaceae","Faboideae","Fabeae","Lathyrus","nevadensis","iNat:84390165","2021-06-24T14:49:54-07:00",,"Caitlin Robinson","false","needs_id",20,2021-06-24 21:49:54,-123.58722,48.997712
"Castilleja hispida",128204,"Castilleja hispida",0,"accepted","harsh indian paintbrush",,"Plantae","Tracheophyta","Angiospermae","","Magnoliopsida","","","Lamiales","","","","Orobanchaceae","","Pedicularideae","Castilleja","hispida","iNat:84391315","2021-06-24T14:56:50-07:00",,"Caitlin Robinson","false","research",20,2021-06-24 21:56:50,-123.587333,48.997783
"Campanula scouleri",75991,"Campanula scouleri",0,"accepted","scouler's harebell",,"Plantae","Tracheophyta","Angiospermae","","Magnoliopsida","","","Asterales","","","","Campanulaceae","Campanuloideae","","Campanula","scouleri","iNat:84380495","2021-06-24T15:02:50-07:00",,"Caitlin Robinson","false","research",10,2021-06-24 22:02:50,-123.58693,48.9981
"Monotropa uniflora",49477,"Monotropa uniflora",0,"accepted","Ghost Pipe",,"Plantae","Tracheophyta","Angiospermae","","Magnoliopsida","","","Ericales","","","","Ericaceae","Monotropoideae","","Monotropa","uniflora","iNat:84379801","2021-06-24T15:08:52-07:00",,"Caitlin Robinson","false","research",10,2021-06-24 22:08:52,-123.586678,48.998163
"Digitalis purpurea",53983,"Digitalis purpurea",0,"accepted","purple foxglove",,"Plantae","Tracheophyta","Angiospermae","","Magnoliopsida","","","Lamiales","","","","Plantaginaceae","","Digitalideae","Digitalis","purpurea","iNat:94283859","2021-06-24T15:13:13-07:00",,"Caitlin Robinson","false","research",10,2021-06-24 22:13:13,-123.586258,48.998117
"Platanthera transversa",355392,"Platanthera transversa",0,"accepted","Flat Spurred Piperia",,"Plantae","Tracheophyta","Angiospermae","","Liliopsida","","","Asparagales","","","","Orchidaceae","Orchidoideae","Orchideae","Platanthera","transversa","iNat:130409357","2022-08-04T13:42:25-07:00",,"Caitlin Robinson","false","research",24,2022-08-04 20:42:25,-123.533303,48.952592
"Sedum spathulifolium",58886,"Sedum spathulifolium",0,"accepted","Broad-leaved Stonecrop",,"Plantae","Tracheophyta","Angiospermae","","Magnoliopsida","","","Saxifragales","","","","Crassulaceae","Sempervivoideae","Sedeae","Sedum","spathulifolium","iNat:130174137","2022-08-04T13:45:23-07:00",,"Caitlin Robinson","false","research",16,2022-08-04 20:45:23,-123.533255,48.952525
"Platanthera transversa",355392,"Platanthera transversa",0,"accepted","Flat Spurred Piperia",,"Plantae","Tracheophyta","Angiospermae","","Liliopsida","","","Asparagales","","","","Orchidaceae","Orchidoideae","Orchideae","Platanthera","transversa","iNat:130420496","2022-08-04T13:45:53-07:00",,"Caitlin Robinson","false","needs_id",10,2022-08-04 20:45:53,-123.533263,48.952562
"Lysimachia latifolia",496537,"Lysimachia latifolia",0,"accepted","Western Starflower",,"Plantae","Tracheophyta","Angiospermae","","Magnoliopsida","","","Ericales","","","","Primulaceae","Myrsinoideae","","Lysimachia","latifolia","iNat:130173870","2022-08-04T13:52:44-07:00",,"Caitlin Robinson","false","research",20,2022-08-04 20:52:44,-123.533255,48.952667
"Platanthera transversa",355392,"Platanthera transversa",0,"accepted","Flat Spurred Piperia",,"Plantae","Tracheophyta","Angiospermae","","Liliopsida","","","Asparagales","","","","Orchidaceae","Orchidoideae","Orchideae","Platanthera","transversa","iNat:130422512","2022-08-04T13:57:10-07:00",,"Caitlin Robinson","false","research",20,2022-08-04 20:57:10,-123.53322,48.95275
"Osmorhiza berteroi",53166,"Osmorhiza berteroi",0,"accepted","mountain sweet cicely",,"Plantae","Tracheophyta","Angiospermae","","Magnoliopsida","","","Apiales","","","","Apiaceae","Apioideae","Scandiceae","Osmorhiza","berteroi","iNat:130173605","2022-08-04T13:57:46-07:00",,"Caitlin Robinson","false","research",12,2022-08-04 20:57:46,-123.533378,48.952663
"Anisocarpus madioides",53137,"Anisocarpus madioides",0,"accepted","woodland madia",,"Plantae","Tracheophyta","Angiospermae","","Magnoliopsida","","","Asterales","","","","Asteraceae","Asteroideae","Madieae","Anisocarpus","madioides","iNat:90750854","2021-06-10T16:31:03-07:00",,"Caitlin Robinson","false","research",24,2021-06-10 23:31:03,-123.545355,48.985763
"Erythranthe guttata",470643,"Erythranthe guttata",0,"accepted","seep monkeyflower",,"Plantae","Tracheophyta","Angiospermae","","Magnoliopsida","","","Lamiales","","","","Phrymaceae","","","Erythranthe","guttata","iNat:90750700","2021-06-10T17:02:05-07:00",,"Caitlin Robinson","false","needs_id",10,2021-06-11 00:02:05,-123.54905,48.9883
"Anseriformes",6888,"Anseriformes",0,"accepted","Waterfowl",,"Animalia","Chordata","Vertebrata","","Aves","","","Anseriformes","","","","","","","","","iNat:90751080","2021-06-10T17:36:00-07:00",,"Caitlin Robinson","false","needs_id",12,2021-06-11 00:36:00,-123.547455,48.987117
"Peltigera neopolydactyla",147374,"Peltigera neopolydactyla",0,"accepted","carpet pelt lichen",,"Fungi","Ascomycota","Pezizomycotina","","Lecanoromycetes","Lecanoromycetidae","","Peltigerales","","","","Peltigeraceae","","","Peltigera","neopolydactyla","iNat:106922785","2022-02-16T16:35:22-08:00",,"Caitlin Robinson","false","needs_id",30,2022-02-17 00:35:22,-123.563478,49.002511
"Peltigera praetextata",127051,"Peltigera praetextata",0,"accepted","scaly pelt lichen",,"Fungi","Ascomycota","Pezizomycotina","","Lecanoromycetes","Lecanoromycetidae","","Peltigerales","","","","Peltigeraceae","","","Peltigera","praetextata","iNat:106924298","2022-02-16T16:38:33-08:00",,"Caitlin Robinson","false","needs_id",30,2022-02-17 00:38:33,-123.563658,49.002864
"Usnea hirta",182679,"Usnea hirta",0,"accepted","Bristly Beard Lichen",,"Fungi","Ascomycota","Pezizomycotina","","Lecanoromycetes","Lecanoromycetidae","","Lecanorales","","","","Parmeliaceae","Parmelioideae","","Usnea","hirta","iNat:106922615","2022-02-16T16:43:42-08:00",,"Caitlin Robinson","false","needs_id",10,2022-02-17 00:43:42,-123.564683,49.0037
"Peltigera canina",180500,"Peltigera canina",0,"accepted","dog pelt lichen",,"Fungi","Ascomycota","Pezizomycotina","","Lecanoromycetes","Lecanoromycetidae","","Peltigerales","","","","Peltigeraceae","","","Peltigera","canina","iNat:106923509","2022-02-16T16:45:05-08:00",,"Caitlin Robinson","false","needs_id",30,2022-02-17 00:45:05,-123.56623,49.006049
"Peltigera neopolydactyla",147374,"Peltigera neopolydactyla",0,"accepted","carpet pelt lichen",,"Fungi","Ascomycota","Pezizomycotina","","Lecanoromycetes","Lecanoromycetidae","","Peltigerales","","","","Peltigeraceae","","","Peltigera","neopolydactyla","iNat:106923681","2022-02-16T16:50:17-08:00",,"Caitlin Robinson","false","needs_id",16,2022-02-17 00:50:17,-123.565262,49.004397
"Anatidae",6912,"Anatidae",0,"accepted","Ducks, Geese, and Swans",,"Animalia","Chordata","Vertebrata","","Aves","","","Anseriformes","","","","Anatidae","","","","","iNat:106890422","2022-02-16T16:54:52-08:00",,"Caitlin Robinson","false","needs_id",30,2022-02-17 00:54:52,-123.564445,49.000272
"Stictis radiata",352459,"Stictis radiata",0,"accepted","",,"Fungi","Ascomycota","Pezizomycotina","","Lecanoromycetes","Ostropomycetidae","","Ostropales","","","","Stictidaceae","","","Stictis","radiata","iNat:106921804","2022-02-16T17:01:04-08:00",,"Caitlin Robinson","false","needs_id",30,2022-02-17 01:01:04,-123.56688,49.006369
"Lepraria",154184,"Lepraria",0,"accepted","Dust Lichens",,"Fungi","Ascomycota","Pezizomycotina","","Lecanoromycetes","Lecanoromycetidae","","Lecanorales","","","","Stereocaulaceae","","","Lepraria","","iNat:106921780","2022-02-16T17:02:23-08:00",,"Caitlin Robinson","false","needs_id",30,2022-02-17 01:02:23,-123.566612,49.0066
"Cladonia coniocraea",155093,"Cladonia coniocraea",0,"accepted","Common Powderhorn",,"Fungi","Ascomycota","Pezizomycotina","","Lecanoromycetes","Lecanoromycetidae","","Lecanorales","","","","Cladoniaceae","","","Cladonia","coniocraea","iNat:106921690","2022-02-16T17:08:16-08:00",,"Caitlin Robinson","false","needs_id",16,2022-02-17 01:08:16,-123.568458,49.007972
"Stereum hirsutum",55501,"Stereum hirsutum",0,"accepted","hairy curtain crust",,"Fungi","Basidiomycota","Agaricomycotina","","Agaricomycetes","","","Russulales","","","","Stereaceae","","","Stereum","hirsutum","iNat:106904535","2022-02-16T17:09:19-08:00",,"Caitlin Robinson","false","needs_id",16,2022-02-17 01:09:19,-123.568803,49.007978
"Physcia caesia",194681,"Physcia caesia",0,"accepted","Blue-gray Rosette Lichen",,"Fungi","Ascomycota","Pezizomycotina","","Lecanoromycetes","Lecanoromycetidae","","Caliciales","","","","Physciaceae","","","Physcia","caesia","iNat:107323578","2022-02-20T17:33:23-08:00",,"Caitlin Robinson","false","needs_id",16,2022-02-21 01:33:23,-123.570717,49.010222
"Sedum spathulifolium",58886,"Sedum spathulifolium",0,"accepted","Broad-leaved Stonecrop",,"Plantae","Tracheophyta","Angiospermae","","Magnoliopsida","","","Saxifragales","","","","Crassulaceae","Sempervivoideae","Sedeae","Sedum","spathulifolium","iNat:107164084","2022-02-20T17:41:54-08:00",,"Caitlin Robinson","false","research",16,2022-02-21 01:41:54,-123.570838,49.010567
"Lecanora xylophila",117966,"Lecanora xylophila",0,"accepted","Driftwood Rim-lichen",,"Fungi","Ascomycota","Pezizomycotina","","Lecanoromycetes","Lecanoromycetidae","","Lecanorales","","","","Lecanoraceae","","","Lecanora","xylophila","iNat:107678432","2022-02-28T14:46:57-08:00",,"Caitlin Robinson","false","research",24,2022-02-28 22:46:57,-123.573638,49.012469
"Camassia",62219,"Camassia",0,"accepted","camas",,"Plantae","Tracheophyta","Angiospermae","","Liliopsida","","","Asparagales","","","","Asparagaceae","Agavoideae","","Camassia","","iNat:107678206","2022-02-28T14:59:14-08:00",,"Caitlin Robinson","false","needs_id",16,2022-02-28 22:59:14,-123.573013,49.013008
"Primula hendersonii",487175,"Primula hendersonii",0,"accepted","Henderson's shooting star",,"Plantae","Tracheophyta","Angiospermae","","Magnoliopsida","","","Ericales","","","","Primulaceae","Primuloideae","Primuleae","Primula","hendersonii","iNat:107677435","2022-02-28T15:07:46-08:00",,"Caitlin Robinson","false","research",12,2022-02-28 23:07:46,-123.573525,49.013633
"Fritillaria affinis",50618,"Fritillaria affinis",0,"accepted","checker lily",,"Plantae","Tracheophyta","Angiospermae","","Liliopsida","","","Liliales","","","","Liliaceae","Lilioideae","Lilieae","Fritillaria","affinis","iNat:107687934","2022-02-28T15:08:49-08:00",,"Caitlin Robinson","false","research",10,2022-02-28 23:08:49,-123.573547,49.013683
"Toxicoscordion venenosum",59087,"Toxicoscordion venenosum",0,"accepted","Meadow Deathcamas",,"Plantae","Tracheophyta","Angiospermae","","Liliopsida","","","Liliales","","","","Melanthiaceae","","Melanthieae","Toxicoscordion","venenosum","iNat:107677538","2022-02-28T15:10:49-08:00",,"Caitlin Robinson","false","needs_id",10,2022-02-28 23:10:49,-123.573625,49.013675
"Fritillaria affinis",50618,"Fritillaria affinis",0,"accepted","checker lily",,"Plantae","Tracheophyta","Angiospermae","","Liliopsida","","","Liliales","","","","Liliaceae","Lilioideae","Lilieae","Fritillaria","affinis","iNat:107677482","2022-02-28T15:15:06-08:00",,"Caitlin Robinson","false","research",10,2022-02-28 23:15:06,-123.573075,49.013383
