"OID","cell_id","NEAR_DIST","uc","radius","assigned_community","fringe_dist"
11,2859,12147.4356646117,39,60.2132034355964,0,12147.4356646117
11,3561,12142.5643973368,39,60.2132034355964,0,12142.5643973368
11,3562,12123.9950639722,39,60.2132034355964,0,12123.9950639722
11,3563,12105.4708705877,39,60.2132034355964,0,12105.4708705877
11,4264,12119.1883001868,39,60.2132034355964,0,12119.1883001868
11,4265,12100.5829937764,39,60.2132034355964,0,12100.5829937764
11,4266,12082.0228046659,39,60.2132034355964,0,12082.0228046659
11,4267,12063.5079410969,39,60.2132034355964,0,12063.5079410969
11,4967,12095.8409943257,39,60.2132034355964,0,12095.8409943257
11,4968,12077.1996199467,39,60.2132034355964,0,12077.1996199467
11,4969,12058.6033394837,39,60.2132034355964,0,12058.6033394837
11,4970,12040.0523618811,39,60.2132034355964,0,12040.0523618811
11,5666,12147.6793288859,39,60.2132034355964,0,12147.6793288859
11,5671,12053.8451094868,39,60.2132034355964,0,12053.8451094868
11,5672,12035.2126420031,39,60.2132034355964,0,12035.2126420031
11,5673,12016.6254539895,39,60.2132034355964,0,12016.6254539895
11,5674,11998.0837558876,39,60.2132034355964,0,11998.0837558876
11,6368,12143.4707706381,39,60.2132034355964,0,12143.4707706381
11,6369,12124.5348776413,39,60.2132034355964,0,12124.5348776413
11,6370,12105.6429899048,39,60.2132034355964,0,12105.6429899048
11,6375,12011.8508802847,39,60.2132034355964,0,12011.8508802847
11,6376,11993.2273854388,39,60.2132034355964,0,11993.2273854388
11,6377,11974.6493571088,39,60.2132034355964,0,11974.6493571088
11,7048,12568.4242900427,39,60.2132034355964,0,12568.4242900427
11,7071,12120.3922029628,39,60.2132034355964,0,12120.3922029628
11,7072,12101.4200949085,39,60.2132034355964,0,12101.4200949085
11,7073,12082.4919632087,39,60.2132034355964,0,12082.4919632087
11,7077,12007.2233521544,39,60.2132034355964,0,12007.2233521544
11,7078,11988.5182234845,39,60.2132034355964,0,11988.5182234845
11,7079,11969.8583253476,39,60.2132034355964,0,11969.8583253476
11,7080,11951.2438696057,39,60.2132034355964,0,11951.2438696057
11,7750,12566.2041301343,39,60.2132034355964,0,12566.2041301343
11,7751,12546.2011408265,39,60.2132034355964,0,12546.2011408265
11,7752,12526.2373627882,39,60.2132034355964,0,12526.2373627882
11,7764,12289.7996857033,39,60.2132034355964,0,12289.7996857033
11,7773,12116.3957199354,39,60.2132034355964,0,12116.3957199354
11,7774,12097.3435655359,39,60.2132034355964,0,12097.3435655359
11,7775,12078.3351510239,39,60.2132034355964,0,12078.3351510239
11,7776,12059.3706832346,39,60.2132034355964,0,12059.3706832346
11,7779,12002.7430408811,39,60.2132034355964,0,12002.7430408811
11,7780,11983.9564447671,39,60.2132034355964,0,11983.9564447671
11,8454,12524.0099964082,39,60.2132034355964,0,12524.0099964082
11,8455,12504.0106801604,39,60.2132034355964,0,12504.0106801604
11,8466,12286.6577027839,39,60.2132034355964,0,12286.6577027839
11,8467,12267.1433204931,39,60.2132034355964,0,12267.1433204931
11,8468,12247.6706182237,39,60.2132034355964,0,12247.6706182237
11,8476,12093.4135509919,39,60.2132034355964,0,12093.4135509919
11,8477,12074.3250297585,39,60.2132034355964,0,12074.3250297585
11,8478,12055.2802174045,39,60.2132034355964,0,12055.2802174045
11,8479,12036.2793214103,39,60.2132034355964,0,12036.2793214103
11,8481,11998.4101125803,39,60.2132034355964,0,11998.4101125803
11,8482,11979.5422188631,39,60.2132034355964,0,11979.5422188631
11,8483,11960.7190797361,39,60.2132034355964,0,11960.7190797361
11,9157,12501.8510272147,39,60.2132034355964,0,12501.8510272147
11,9158,12481.8160979368,39,60.2132034355964,0,12481.8160979368
11,9159,12461.8204807748,39,60.2132034355964,0,12461.8204807748
11,9170,12244.5181027636,39,60.2132034355964,0,12244.5181027636
11,9171,12225.009256342,39,60.2132034355964,0,12225.009256342
11,9179,12070.4617468096,39,60.2132034355964,0,12070.4617468096
11,9180,12051.3367681164,39,60.2132034355964,0,12051.3367681164
11,9181,12032.2554665562,39,60.2132034355964,0,12032.2554665562
11,9182,12013.2180502569,39,60.2132034355964,0,12013.2180502569
11,9861,12459.6537876614,39,60.2132034355964,0,12459.6537876614
11,9865,12379.7658999783,39,60.2132034355964,0,12379.7658999783
11,9869,12300.5185526247,39,60.2132034355964,0,12300.5185526247
11,9873,12221.9242054968,39,60.2132034355964,0,12221.9242054968
11,9874,12202.3791309493,39,60.2132034355964,0,12202.3791309493
11,9883,12028.3789541874,39,60.2132034355964,0,12028.3789541874
11,9884,12009.2610720852,39,60.2132034355964,0,12009.2610720852
11,9885,11990.1870434004,39,60.2132034355964,0,11990.1870434004
11,10567,12377.4408812022,39,60.2132034355964,0,12377.4408812022
11,10568,12357.4925376947,39,60.2132034355964,0,12357.4925376947
11,10569,12337.5841835526,39,60.2132034355964,0,12337.5841835526
11,10572,12278.1010006099,39,60.2132034355964,0,12278.1010006099
11,11271,12335.2514888291,39,60.2132034355964,0,12335.2514888291
11,15481,12365.204540073,39,60.2132034355964,0,12365.204540073
11,15482,12344.7302495857,39,60.2132034355964,0,12344.7302495857
11,16183,12364.0342095377,39,60.2132034355964,0,12364.0342095377
11,16184,12343.4856554821,39,60.2132034355964,0,12343.4856554821
11,16185,12322.9751688498,39,60.2132034355964,0,12322.9751688498
11,16886,12342.3858665244,39,60.2132034355964,0,12342.3858665244
11,16887,12321.8010992233,39,60.2132034355964,0,12321.8010992233
11,16888,12301.2543458631,39,60.2132034355964,0,12301.2543458631
11,17589,12320.7721030052,39,60.2132034355964,0,12320.7721030052
11,17590,12300.1510528539,39,60.2132034355964,0,12300.1510528539
11,18291,12319.8882177144,39,60.2132034355964,0,12319.8882177144
11,18292,12299.193101285,39,60.2132034355964,0,12299.193101285
11,18293,12278.5356989229,39,60.2132034355964,0,12278.5356989229
11,18995,12277.6490446516,39,60.2132034355964,0,12277.6490446516
11,18996,12256.9552209703,39,60.2132034355964,0,12256.9552209703
11,19698,12256.1401173891,39,60.2132034355964,0,12256.1401173891
11,19699,12235.4098035382,39,60.2132034355964,0,12235.4098035382
11,19725,11710.2664202165,39,60.2132034355964,0,11710.2664202165
11,19726,11690.626848797,39,60.2132034355964,0,11690.626848797
11,19727,11671.0306033449,39,60.2132034355964,0,11671.0306033449
11,20401,12234.6665047704,39,60.2132034355964,0,12234.6665047704
11,20402,12213.8996321659,39,60.2132034355964,0,12213.8996321659
11,20428,11687.7869115293,39,60.2132034355964,0,11687.7869115293
11,20429,11668.1093966779,39,60.2132034355964,0,11668.1093966779
11,20430,11648.4751640296,39,60.2132034355964,0,11648.4751640296
11,21105,12192.4248934001,39,60.2132034355964,0,12192.4248934001
11,21106,12171.6590710141,39,60.2132034355964,0,12171.6590710141
11,21132,11645.6252327015,39,60.2132034355964,0,11645.6252327015
11,21808,12170.9857747955,39,60.2132034355964,0,12170.9857747955
11,21809,12150.1831985338,39,60.2132034355964,0,12150.1831985338
11,22511,12149.5824649173,39,60.2132034355964,0,12149.5824649173
11,22512,12128.7430662597,39,60.2132034355964,0,12128.7430662597
11,23215,12107.3388640627,39,60.2132034355964,0,12107.3388640627
11,26729,12021.9252768886,39,60.2132034355964,0,12021.9252768886
11,27431,12021.9141623839,39,60.2132034355964,0,12021.9141623839
11,27432,12000.7779936113,39,60.2132034355964,0,12000.7779936113
11,27433,11979.6789448942,39,60.2132034355964,0,11979.6789448942
11,28134,12000.8415267757,39,60.2132034355964,0,12000.8415267757
11,28135,11979.6680644046,39,60.2132034355964,0,11979.6680644046
11,28136,11958.5316561871,39,60.2132034355964,0,11958.5316561871
11,28838,11958.5956870838,39,60.2132034355964,0,11958.5956870838
11,57711,10037.2892667456,39,60.2132034355964,0,10037.2892667456
11,58413,10036.7561576662,39,60.2132034355964,0,10036.7561576662
11,58414,10015.8758671432,39,60.2132034355964,0,10015.8758671432
11,59116,10015.4310632673,39,60.2132034355964,0,10015.4310632673
11,59117,9994.50610788511,39,60.2132034355964,0,9994.50610788511
11,59118,9973.62665124548,39,60.2132034355964,0,9973.62665124548
11,59819,9994.14998839136,39,60.2132034355964,0,9994.14998839136
11,59820,9973.18026949653,39,60.2132034355964,0,9973.18026949653
11,59821,9952.25595909333,39,60.2132034355964,0,9952.25595909333
11,60523,9951.89863433249,39,60.2132034355964,0,9951.89863433249
11,60524,9930.92937065893,39,60.2132034355964,0,9930.92937065893
11,60525,9910.0057114828,39,60.2132034355964,0,9910.0057114828
11,61226,9930.66148657732,39,60.2132034355964,0,9930.66148657732
11,61227,9909.64717068826,39,60.2132034355964,0,9909.64717068826
11,61228,9888.67836686595,39,60.2132034355964,0,9888.67836686595
11,61930,9888.40964578645,39,60.2132034355964,0,9888.40964578645
11,61931,9867.39559751517,39,60.2132034355964,0,9867.39559751517
11,61932,9846.42725823802,39,60.2132034355964,0,9846.42725823802
11,62634,9846.15769248213,39,60.2132034355964,0,9846.15769248213
11,62635,9825.14391487309,39,60.2132034355964,0,9825.14391487309
11,62636,9804.17604489174,39,60.2132034355964,0,9804.17604489174
11,63338,9803.90562668681,39,60.2132034355964,0,9803.90562668681
11,63339,9782.89212281869,39,60.2132034355964,0,9782.89212281869
11,64003,10614.2982834566,39,60.2132034355964,0,10614.2982834566
11,64042,9761.6534484192,39,60.2132034355964,0,9761.6534484192
11,64043,9740.64022141328,39,60.2132034355964,0,9740.64022141328
11,64706,10594.8152874743,39,60.2132034355964,0,10594.8152874743
11,64711,10481.943913841,39,60.2132034355964,0,10481.943913841
11,64745,9740.46031767464,39,60.2132034355964,0,9740.46031767464
11,64746,9719.40115769806,39,60.2132034355964,0,9719.40115769806
11,64747,9698.38821071817,39,60.2132034355964,0,9698.38821071817
11,65414,10462.2993500838,39,60.2132034355964,0,10462.2993500838
11,65415,10439.7922714001,39,60.2132034355964,0,10439.7922714001
11,65449,9698.20783435601,39,60.2132034355964,0,9698.20783435601
11,65450,9677.14875454651,39,60.2132034355964,0,9677.14875454651
11,65451,9656.13609079356,39,60.2132034355964,0,9656.13609079356
11,66117,10442.7035082512,39,60.2132034355964,0,10442.7035082512
11,66118,10420.1539816505,39,60.2132034355964,0,10420.1539816505
11,66119,10397.6413102986,39,60.2132034355964,0,10397.6413102986
11,66153,9655.9552371731,39,60.2132034355964,0,9655.9552371731
11,66154,9634.89623898246,39,60.2132034355964,0,9634.89623898246
11,66155,9613.88386170611,39,60.2132034355964,0,9613.88386170611
11,66821,10400.5646349249,39,60.2132034355964,0,10400.5646349249
11,66822,10378.0093472712,39,60.2132034355964,0,10378.0093472712
11,66857,9613.70252612668,39,60.2132034355964,0,9613.70252612668
11,66858,9592.64361103102,39,60.2132034355964,0,9592.64361103102
11,66859,9571.63152351659,39,60.2132034355964,0,9571.63152351659
11,67525,10358.4265503549,39,60.2132034355964,0,10358.4265503549
11,67526,10335.8654573218,39,60.2132034355964,0,10335.8654573218
11,67560,9592.55525804244,39,60.2132034355964,0,9592.55525804244
11,67561,9571.44970122052,39,60.2132034355964,0,9571.44970122052
11,67562,9550.39087070979,39,60.2132034355964,0,9550.39087070979
11,67563,9529.37907629309,39,60.2132034355964,0,9529.37907629309
11,68229,10316.2892656059,39,60.2132034355964,0,10316.2892656059
11,68264,9550.30244079203,39,60.2132034355964,0,9550.30244079203
11,68265,9529.19676245369,39,60.2132034355964,0,9529.19676245369
11,68266,9508.13801804424,39,60.2132034355964,0,9508.13801804424
11,68932,10296.7627468095,39,60.2132034355964,0,10296.7627468095
11,68933,10274.1527919291,39,60.2132034355964,0,10274.1527919291
11,68968,9508.04951000255,39,60.2132034355964,0,9508.04951000255
11,68969,9486.9437098325,39,60.2132034355964,0,9486.9437098325
11,68970,9465.88505305417,39,60.2132034355964,0,9465.88505305417
11,69635,10277.2861840637,39,60.2132034355964,0,10277.2861840637
11,69636,10254.6331639271,39,60.2132034355964,0,10254.6331639271
11,69637,10232.017140754,39,60.2132034355964,0,10232.017140754
11,69672,9465.79646568382,39,60.2132034355964,0,9465.79646568382
11,69673,9444.69054335563,39,60.2132034355964,0,9444.69054335563
11,70339,10235.163723858,39,60.2132034355964,0,10235.163723858
11,70375,9444.69660173773,39,60.2132034355964,0,9444.69660173773
11,70376,9423.54330784126,39,60.2132034355964,0,9423.54330784126
11,70377,9402.43726302771,39,60.2132034355964,0,9402.43726302771
11,71078,9423.64443624919,39,60.2132034355964,0,9423.64443624919
11,71079,9402.44366548553,39,60.2132034355964,0,9402.44366548553
11,71080,9381.2900364805,39,60.2132034355964,0,9381.2900364805
11,71782,9381.39193741508,39,60.2132034355964,0,9381.39193741508
11,71783,9360.19061797697,39,60.2132034355964,0,9360.19061797697
11,72485,9360.38844690995,39,60.2132034355964,0,9360.38844690995
11,72486,9339.13933154726,39,60.2132034355964,0,9339.13933154726
11,72487,9317.93745924855,39,60.2132034355964,0,9317.93745924855
11,73189,9318.13650340673,39,60.2132034355964,0,9318.13650340673
11,73190,9296.88661873939,39,60.2132034355964,0,9296.88661873939
11,73191,9275.68418933527,39,60.2132034355964,0,9275.68418933527
11,73892,9297.18246196566,39,60.2132034355964,0,9297.18246196566
11,73893,9275.88445927619,39,60.2132034355964,0,9275.88445927619
11,73894,9254.63379908797,39,60.2132034355964,0,9254.63379908797
11,73895,9233.4308082814,39,60.2132034355964,0,9233.4308082814
11,74559,10073.6140402527,39,60.2132034355964,0,10073.6140402527
11,74560,10050.767271875,39,60.2132034355964,0,10050.767271875
11,74596,9254.9313122711,39,60.2132034355964,0,9254.9313122711
11,74597,9233.63231469832,39,60.2132034355964,0,9233.63231469832
11,74598,9212.38087269332,39,60.2132034355964,0,9212.38087269332
11,74599,9191.17731612141,39,60.2132034355964,0,9191.17731612141
11,75263,10031.5261130372,39,60.2132034355964,0,10031.5261130372
11,75300,9212.68007062898,39,60.2132034355964,0,9212.68007062898
11,75301,9191.38006986574,39,60.2132034355964,0,9191.38006986574
11,75302,9170.12783965431,39,60.2132034355964,0,9170.12783965431
11,75303,9148.92371289878,39,60.2132034355964,0,9148.92371289878
11,76004,9170.42873734912,39,60.2132034355964,0,9170.42873734912
11,76005,9149.1277249655,39,60.2132034355964,0,9149.1277249655
11,76006,9127.87470007453,39,60.2132034355964,0,9127.87470007453
11,76708,9128.17731273755,39,60.2132034355964,0,9128.17731273755
11,76709,9106.87528019388,39,60.2132034355964,0,9106.87528019388
11,77412,9085.92579711386,39,60.2132034355964,0,9085.92579711386
11,78078,9886.10724605323,39,60.2132034355964,0,9886.10724605323
11,78781,9866.9979963943,39,60.2132034355964,0,9866.9979963943
11,78782,9844.03330413661,39,60.2132034355964,0,9844.03330413661
11,79484,9847.94251780215,39,60.2132034355964,0,9847.94251780215
11,80185,9875.15871332243,39,60.2132034355964,0,9875.15871332243
11,80888,9856.30081146959,39,60.2132034355964,0,9856.30081146959
11,80889,9833.12938147896,39,60.2132034355964,0,9833.12938147896
11,81591,9837.49770783792,39,60.2132034355964,0,9837.49770783792
11,81592,9814.28175856107,39,60.2132034355964,0,9814.28175856107
11,81593,9791.10184347471,39,60.2132034355964,0,9791.10184347471
11,82294,9818.74971724629,39,60.2132034355964,0,9818.74971724629
11,82295,9795.48920843814,39,60.2132034355964,0,9795.48920843814
11,82296,9772.26459184998,39,60.2132034355964,0,9772.26459184998
11,82998,9776.75204868811,39,60.2132034355964,0,9776.75204868811
11,92148,9277.87620459111,39,60.2132034355964,0,9277.87620459111
11,92850,9282.99179418679,39,60.2132034355964,0,9282.99179418679
11,92851,9259.44294806341,39,60.2132034355964,0,9259.44294806341
11,93553,9264.6654143813,39,60.2132034355964,0,9264.6654143813
11,93554,9241.06974012766,39,60.2132034355964,0,9241.06974012766
11,94262,9105.09273528601,39,60.2132034355964,0,9105.09273528601
11,94964,9110.110221958,39,60.2132034355964,0,9110.110221958
11,94965,9086.60371653926,39,60.2132034355964,0,9086.60371653926
11,94966,9063.13465186575,39,60.2132034355964,0,9063.13465186575
11,95668,9068.1756642384,39,60.2132034355964,0,9068.1756642384
11,95669,9044.65865556211,39,60.2132034355964,0,9044.65865556211
11,95670,9021.17920754279,39,60.2132034355964,0,9021.17920754279
11,96372,9026.24396225861,39,60.2132034355964,0,9026.24396225861
11,97120,7988.73832755425,39,60.2132034355964,0,7988.73832755425
11,97823,7968.10236270067,39,60.2132034355964,0,7968.10236270067
11,97824,7946.49255610931,39,60.2132034355964,0,7946.49255610931
11,98526,7947.5253917099,39,60.2132034355964,0,7947.5253917099
11,98527,7925.85936527912,39,60.2132034355964,0,7925.85936527912
11,98528,7904.24679044769,39,60.2132034355964,0,7904.24679044769
11,99230,7905.28549801441,39,60.2132034355964,0,7905.28549801441
11,99231,7883.61640399524,39,60.2132034355964,0,7883.61640399524
11,99933,7884.77141869633,39,60.2132034355964,0,7884.77141869633
11,99934,7863.04567451027,39,60.2132034355964,0,7863.04567451027
11,99935,7841.37348127878,39,60.2132034355964,0,7841.37348127878
11,100637,7842.53507142836,39,60.2132034355964,0,7842.53507142836
11,100638,7820.80592418641,39,60.2132034355964,0,7820.80592418641
11,100639,7799.1305996073,39,60.2132034355964,0,7799.1305996073
11,101340,7822.08506772893,39,60.2132034355964,0,7822.08506772893
11,101341,7800.29883579737,39,60.2132034355964,0,7800.29883579737
11,101342,7778.56625009085,39,60.2132034355964,0,7778.56625009085
11,102044,7779.85269428427,39,60.2132034355964,0,7779.85269428427
11,102045,7758.06271548845,39,60.2132034355964,0,7758.06271548845
11,102046,7736.32665533896,39,60.2132034355964,0,7736.32665533896
11,102748,7737.62047925087,39,60.2132034355964,0,7737.62047925087
11,102749,7715.82671426638,39,60.2132034355964,0,7715.82671426638
11,102750,7694.08714311731,39,60.2132034355964,0,7694.08714311731
11,103451,7717.24002849742,39,60.2132034355964,0,7717.24002849742
11,103452,7695.38842711175,39,60.2132034355964,0,7695.38842711175
11,103453,7673.590835981,39,60.2132034355964,0,7673.590835981
11,104155,7675.01228642286,39,60.2132034355964,0,7675.01228642286
11,104156,7653.15654245456,39,60.2132034355964,0,7653.15654245456
11,104157,7631.35508456981,39,60.2132034355964,0,7631.35508456981
11,104859,7632.78476059864,39,60.2132034355964,0,7632.78476059864
11,104860,7610.92482996508,39,60.2132034355964,0,7610.92482996508
11,105562,7612.4759922794,39,60.2132034355964,0,7612.4759922794
11,105563,7590.55745654112,39,60.2132034355964,0,7590.55745654112
11,105564,7568.69329443414,39,60.2132034355964,0,7568.69329443414
11,106266,7570.25347183394,39,60.2132034355964,0,7570.25347183394
11,106267,7548.33037988424,39,60.2132034355964,0,7548.33037988424
11,106268,7526.46194075973,39,60.2132034355964,0,7526.46194075973
11,106970,7528.03123370449,39,60.2132034355964,0,7528.03123370449
11,106971,7506.10353638839,39,60.2132034355964,0,7506.10353638839
11,107673,7507.7963731362,39,60.2132034355964,0,7507.7963731362
11,107674,7485.80928459751,39,60.2132034355964,0,7485.80928459751
11,107675,7463.87693195037,39,60.2132034355964,0,7463.87693195037
11,121010,7608.87237235303,39,60.2132034355964,0,7608.87237235303
11,121011,7584.82410463122,39,60.2132034355964,0,7584.82410463122
11,121713,7591.21310157708,39,60.2132034355964,0,7591.21310157708
11,121714,7567.10858268652,39,60.2132034355964,0,7567.10858268652
11,121715,7543.04529935188,39,60.2132034355964,0,7543.04529935188
11,122417,7549.47000120735,39,60.2132034355964,0,7549.47000120735
11,122418,7525.35018612627,39,60.2132034355964,0,7525.35018612627
11,122419,7501.27173854215,39,60.2132034355964,0,7501.27173854215
11,123121,7507.73253736318,39,60.2132034355964,0,7507.73253736318
11,123122,7483.59727488239,39,60.2132034355964,0,7483.59727488239
11,123123,7459.50351224955,39,60.2132034355964,0,7459.50351224955
11,123124,7435.45165289044,39,60.2132034355964,0,7435.45165289044
11,123824,7490.19289967354,39,60.2132034355964,0,7490.19289967354
11,123825,7466.0008065095,39,60.2132034355964,0,7466.0008065095
11,123826,7441.84994322536,39,60.2132034355964,0,7441.84994322536
11,123827,7417.74071253292,39,60.2132034355964,0,7417.74071253292
11,124528,7448.48288619756,39,60.2132034355964,0,7448.48288619756
11,124529,7424.2749072705,39,60.2132034355964,0,7424.2749072705
11,124530,7400.10828753783,39,60.2132034355964,0,7400.10828753783
11,124531,7375.98343352982,39,60.2132034355964,0,7375.98343352982
11,125232,7406.77896341932,39,60.2132034355964,0,7406.77896341932
11,125233,7382.55494047933,39,60.2132034355964,0,7382.55494047933
11,125234,7358.37240637651,39,60.2132034355964,0,7358.37240637651
11,125235,7334.23177150114,39,60.2132034355964,0,7334.23177150114
11,125936,7365.08123676357,39,60.2132034355964,0,7365.08123676357
11,125937,7340.8410092555,39,60.2132034355964,0,7340.8410092555
11,125938,7316.64240053364,39,60.2132034355964,0,7316.64240053364
11,125939,7292.48582491126,39,60.2132034355964,0,7292.48582491126
11,126640,7323.38981404316,39,60.2132034355964,0,7323.38981404316
11,126641,7299.13321905315,39,60.2132034355964,0,7299.13321905315
11,126642,7274.91837310246,39,60.2132034355964,0,7274.91837310246
11,127344,7281.7048055184,39,60.2132034355964,0,7281.7048055184
11,127345,7257.43167774216,39,60.2132034355964,0,7257.43167774216
11,128047,7264.35774125632,39,60.2132034355964,0,7264.35774125632
11,128048,7240.02632397901,39,60.2132034355964,0,7240.02632397901
11,128049,7215.73649566234,39,60.2132034355964,0,7215.73649566234
11,128751,7222.70289986759,39,60.2132034355964,0,7222.70289986759
11,128752,7198.35448480369,39,60.2132034355964,0,7198.35448480369
11,128753,7174.04778571073,39,60.2132034355964,0,7174.04778571073
11,129455,7181.05499185028,39,60.2132034355964,0,7181.05499185028
11,131560,7228.22752629926,39,60.2132034355964,0,7228.22752629926
11,131561,7203.52572631548,39,60.2132034355964,0,7203.52572631548
11,131582,6694.52416745264,39,60.2132034355964,0,6694.52416745264
11,132263,7211.496507936,39,60.2132034355964,0,7211.496507936
11,132264,7186.73706761819,39,60.2132034355964,0,7186.73706761819
11,132265,7162.01659840712,39,60.2132034355964,0,7162.01659840712
11,132285,6676.45283556252,39,60.2132034355964,0,6676.45283556252
11,132286,6652.65243796911,39,60.2132034355964,0,6652.65243796911
11,132967,7170.03388147351,39,60.2132034355964,0,7170.03388147351
11,132968,7145.25549055127,39,60.2132034355964,0,7145.25549055127
11,132969,7120.51616671086,39,60.2132034355964,0,7120.51616671086
11,132988,6658.46682769385,39,60.2132034355964,0,6658.46682769385
11,132989,6634.60178002409,39,60.2132034355964,0,6634.60178002409
11,132990,6610.78553237318,39,60.2132034355964,0,6610.78553237318
11,133671,7128.58048195188,39,60.2132034355964,0,7128.58048195188
11,133672,7103.7829527244,39,60.2132034355964,0,7103.7829527244
11,133673,7079.02458620681,39,60.2132034355964,0,7079.02458620681
11,133692,6616.63709838277,39,60.2132034355964,0,6616.63709838277
11,133693,6592.75582483789,39,60.2132034355964,0,6592.75582483789
11,134375,7087.13647332031,39,60.2132034355964,0,7087.13647332031
11,134376,7062.31961542499,39,60.2132034355964,0,7062.31961542499
11,134396,6574.81275550559,39,60.2132034355964,0,6574.81275550559
11,134397,6550.91506994872,39,60.2132034355964,0,6550.91506994872
11,134398,6527.06657298862,39,60.2132034355964,0,6527.06657298862
11,135078,7070.57734110577,39,60.2132034355964,0,7070.57734110577
11,135079,7045.70202334389,39,60.2132034355964,0,7045.70202334389
11,135080,7020.8656437229,39,60.2132034355964,0,7020.8656437229
11,135100,6532.99390472494,39,60.2132034355964,0,6532.99390472494
11,135101,6509.0796178629,39,60.2132034355964,0,6509.0796178629
11,135102,6485.21471538167,39,60.2132034355964,0,6485.21471538167
11,135782,7029.17242967583,39,60.2132034355964,0,7029.17242967583
11,135783,7004.27730372288,39,60.2132034355964,0,7004.27730372288
11,135784,6979.42120656445,39,60.2132034355964,0,6979.42120656445
11,135804,6491.18065441526,39,60.2132034355964,0,6491.18065441526
11,135805,6467.24957371906,39,60.2132034355964,0,6467.24957371906
11,135806,6443.36807418001,39,60.2132034355964,0,6443.36807418001
11,136486,6987.77762244413,39,60.2132034355964,0,6987.77762244413
11,136487,6962.86249019961,39,60.2132034355964,0,6962.86249019961
11,136488,6937.98647689621,39,60.2132034355964,0,6937.98647689621
11,136508,6449.37311574363,39,60.2132034355964,0,6449.37311574363
11,136509,6425.42504538639,39,60.2132034355964,0,6425.42504538639
11,136510,6401.52675393822,39,60.2132034355964,0,6401.52675393822
11,137189,6971.367229392,39,60.2132034355964,0,6971.367229392
11,137190,6946.39310212516,39,60.2132034355964,0,6946.39310212516
11,137191,6921.45776267969,39,60.2132034355964,0,6921.45776267969
11,137192,6896.56163178528,39,60.2132034355964,0,6896.56163178528
11,137198,6748.0324803527,39,60.2132034355964,0,6748.0324803527
11,137212,6407.57140276622,39,60.2132034355964,0,6407.57140276622
11,137213,6383.60614354407,39,60.2132034355964,0,6383.60614354407
11,137893,6930.0136792161,39,60.2132034355964,0,6930.0136792161
11,137894,6905.01905577185,39,60.2132034355964,0,6905.01905577185
11,137895,6880.06330536202,39,60.2132034355964,0,6880.06330536202
11,137896,6855.14685252919,39,60.2132034355964,0,6855.14685252919
11,137900,6755.88270275638,39,60.2132034355964,0,6755.88270275638
11,137901,6731.16930193612,39,60.2132034355964,0,6731.16930193612
11,137902,6706.49786461386,39,60.2132034355964,0,6706.49786461386
11,137916,6365.7756325174,39,60.2132034355964,0,6365.7756325174
11,137917,6341.79298177306,39,60.2132034355964,0,6341.79298177306
11,138597,6888.67100053539,39,60.2132034355964,0,6888.67100053539
11,138598,6863.65567490125,39,60.2132034355964,0,6863.65567490125
11,138599,6838.67930685128,39,60.2132034355964,0,6838.67930685128
11,138604,6714.39702280309,39,60.2132034355964,0,6714.39702280309
11,138605,6689.66359607846,39,60.2132034355964,0,6689.66359607846
11,138606,6664.97224645336,39,60.2132034355964,0,6664.97224645336
11,138619,6348.03598007692,39,60.2132034355964,0,6348.03598007692
11,138620,6323.98592510613,39,60.2132034355964,0,6323.98592510613
11,138621,6299.98567665986,39,60.2132034355964,0,6299.98567665986
11,139301,6847.33939238266,39,60.2132034355964,0,6847.33939238266
11,139302,6822.30315562266,39,60.2132034355964,0,6822.30315562266
11,139303,6797.30596030492,39,60.2132034355964,0,6797.30596030492
11,139308,6672.92093782122,39,60.2132034355964,0,6672.92093782122
11,139309,6648.16727237389,39,60.2132034355964,0,6648.16727237389
11,139310,6623.45579728742,39,60.2132034355964,0,6623.45579728742
11,139311,6598.78698654926,39,60.2132034355964,0,6598.78698654926
11,139323,6306.27046132384,39,60.2132034355964,0,6306.27046132384
11,139324,6282.20240382678,39,60.2132034355964,0,6282.20240382678
11,139325,6258.18434788939,39,60.2132034355964,0,6258.18434788939
11,140005,6806.01905856494,39,60.2132034355964,0,6806.01905856494
11,140006,6780.96169878257,39,60.2132034355964,0,6780.96169878257
11,140007,6755.94346355878,39,60.2132034355964,0,6755.94346355878
11,140011,6656.27058113097,39,60.2132034355964,0,6656.27058113097
11,140012,6631.45463002186,39,60.2132034355964,0,6631.45463002186
11,140013,6606.68050980056,39,60.2132034355964,0,6606.68050980056
11,140014,6581.94869281227,39,60.2132034355964,0,6581.94869281227
11,140015,6557.25965772239,39,60.2132034355964,0,6557.25965772239
11,140027,6264.51146956755,39,60.2132034355964,0,6264.51146956755
11,140028,6240.42519525601,39,60.2132034355964,0,6240.42519525601
11,140029,6216.38911834466,39,60.2132034355964,0,6216.38911834466
11,140709,6764.71020781846,39,60.2132034355964,0,6764.71020781846
11,140710,6739.63151009462,39,60.2132034355964,0,6739.63151009462
11,140711,6714.59201926794,39,60.2132034355964,0,6714.59201926794
11,140715,6614.83501923495,39,60.2132034355964,0,6614.83501923495
11,140716,6589.99828616234,39,60.2132034355964,0,6589.99828616234
11,140717,6565.2034918098,39,60.2132034355964,0,6565.2034918098
11,140718,6540.45111314822,39,60.2132034355964,0,6540.45111314822
11,140719,6515.74163357091,39,60.2132034355964,0,6515.74163357091
11,140731,6222.75913853018,39,60.2132034355964,0,6222.75913853018
11,141413,6723.41305394733,39,60.2132034355964,0,6723.41305394733
11,141414,6698.31280029705,39,60.2132034355964,0,6698.31280029705
11,141415,6673.25183506361,39,60.2132034355964,0,6673.25183506361
11,141419,6573.40983491508,39,60.2132034355964,0,6573.40983491508
11,141420,6548.55209767925,39,60.2132034355964,0,6548.55209767925
11,141421,6523.7364064831,39,60.2132034355964,0,6523.7364064831
11,141422,6498.96324297145,39,60.2132034355964,0,6498.96324297145
11,142116,6707.28877335527,39,60.2132034355964,0,6707.28877335527
11,142117,6682.12781598055,39,60.2132034355964,0,6682.12781598055
11,142118,6657.00578530349,39,60.2132034355964,0,6657.00578530349
11,142119,6631.92312369401,39,60.2132034355964,0,6631.92312369401
11,142123,6531.99522782097,39,60.2132034355964,0,6531.99522782097
11,142124,6507.11626084616,39,60.2132034355964,0,6507.11626084616
11,142125,6482.27944666533,39,60.2132034355964,0,6482.27944666533
11,142126,6457.48527166309,39,60.2132034355964,0,6457.48527166309
11,142138,6163.46745281937,39,60.2132034355964,0,6163.46745281937
11,142139,6139.27501158134,39,60.2132034355964,0,6139.27501158134
11,142140,6115.13276310855,39,60.2132034355964,0,6115.13276310855
11,142141,6091.04130422673,39,60.2132034355964,0,6091.04130422673
11,142143,6043.01318373579,39,60.2132034355964,0,6043.01318373579
11,142144,6019.07775730172,39,60.2132034355964,0,6019.07775730172
11,142145,5995.19559104263,39,60.2132034355964,0,5995.19559104263
11,142820,6666.03775271697,39,60.2132034355964,0,6666.03775271697
11,142821,6640.85471833405,39,60.2132034355964,0,6640.85471833405
11,142822,6615.71068635703,39,60.2132034355964,0,6615.71068635703
11,142823,6590.60610318297,39,60.2132034355964,0,6590.60610318297
11,142827,6490.59140265103,39,60.2132034355964,0,6490.59140265103
11,142828,6465.69097691257,39,60.2132034355964,0,6465.69097691257
11,142829,6440.83281011948,39,60.2132034355964,0,6440.83281011948
11,142840,6170.32751893106,39,60.2132034355964,0,6170.32751893106
11,142841,6146.01678206255,39,60.2132034355964,0,6146.01678206255
11,142842,6121.75524716932,39,60.2132034355964,0,6121.75524716932
11,142843,6097.543501565,39,60.2132034355964,0,6097.543501565
11,142844,6073.3821407074,39,60.2132034355964,0,6073.3821407074
11,142845,6049.27176832314,39,60.2132034355964,0,6049.27176832314
11,142846,6025.21299651727,39,60.2132034355964,0,6025.21299651727
11,142847,6001.20644588529,39,60.2132034355964,0,6001.20644588529
11,142848,5977.25274564131,39,60.2132034355964,0,5977.25274564131
11,142849,5953.35253372702,39,60.2132034355964,0,5953.35253372702
11,143524,6624.799328853,39,60.2132034355964,0,6624.799328853
11,143525,6599.59399097137,39,60.2132034355964,0,6599.59399097137
11,143526,6574.42773019498,39,60.2132034355964,0,6574.42773019498
11,143527,6549.30099699543,39,60.2132034355964,0,6549.30099699543
11,143531,6449.19856930477,39,60.2132034355964,0,6449.19856930477
11,143532,6424.27645227105,39,60.2132034355964,0,6424.27645227105
11,143544,6128.66240887938,39,60.2132034355964,0,6128.66240887938
11,143545,6104.33176833049,39,60.2132034355964,0,6104.33176833049
11,143546,6080.05050881116,39,60.2132034355964,0,6080.05050881116
11,143547,6055.81922430905,39,60.2132034355964,0,6055.81922430905
11,143548,6031.63851713179,39,60.2132034355964,0,6031.63851713179
11,143550,5983.43128622948,39,60.2132034355964,0,5983.43128622948
11,143551,5959.40600973724,39,60.2132034355964,0,5959.40600973724
11,143552,5935.43380527559,39,60.2132034355964,0,5935.43380527559
11,143553,5911.5153184923,39,60.2132034355964,0,5911.5153184923
11,144228,6583.5737406684,39,60.2132034355964,0,6583.5737406684
11,144229,6558.34586956816,39,60.2132034355964,0,6558.34586956816
11,144230,6533.15714921616,39,60.2132034355964,0,6533.15714921616
11,144231,6508.00803420565,39,60.2132034355964,0,6508.00803420565
11,144235,6407.81694304668,39,60.2132034355964,0,6407.81694304668
11,144248,6087.00540188865,39,60.2132034355964,0,6087.00540188865
11,144249,6062.65461815901,39,60.2132034355964,0,6062.65461815901
11,144250,6038.35339485384,39,60.2132034355964,0,6038.35339485384
11,144253,5965.75313779489,39,60.2132034355964,0,5965.75313779489
11,144254,5941.65624937292,39,60.2132034355964,0,5941.65624937292
11,144255,5917.61201127413,39,60.2132034355964,0,5917.61201127413
11,144256,5893.62106789263,39,60.2132034355964,0,5893.62106789263
11,144257,5869.68407271622,39,60.2132034355964,0,5869.68407271622
11,144932,6542.36123301738,39,60.2132034355964,0,6542.36123301738
11,144933,6517.11059569822,39,60.2132034355964,0,6517.11059569822
11,144934,6491.89918166542,39,60.2132034355964,0,6491.89918166542
11,144935,6466.72744966954,39,60.2132034355964,0,6466.72744966954
11,144952,6045.35666786063,39,60.2132034355964,0,6045.35666786063
11,144953,6020.98549723786,39,60.2132034355964,0,6020.98549723786
11,144954,5996.66406675512,39,60.2132034355964,0,5996.66406675512
11,144955,5972.39298408346,39,60.2132034355964,0,5972.39298408346
11,144958,5899.88803015311,39,60.2132034355964,0,5899.88803015311
11,144959,5875.82459032434,39,60.2132034355964,0,5875.82459032434
11,144960,5851.81466892521,39,60.2132034355964,0,5851.81466892521
11,144961,5827.8589274241,39,60.2132034355964,0,5827.8589274241
11,145636,6501.16205688268,39,60.2132034355964,0,6501.16205688268
11,145637,6475.88841701426,39,60.2132034355964,0,6475.88841701426
11,145638,6450.6540718031,39,60.2132034355964,0,6450.6540718031
11,145639,6425.4594842118,39,60.2132034355964,0,6425.4594842118
11,145645,6275.15363298572,39,60.2132034355964,0,6275.15363298572
11,145656,6003.71638137075,39,60.2132034355964,0,6003.71638137075
11,145657,5979.32457585091,39,60.2132034355964,0,5979.32457585091
11,145658,5954.98269046058,39,60.2132034355964,0,5954.98269046058
11,145659,5930.69133987435,39,60.2132034355964,0,5930.69133987435
11,145662,5858.12677686435,39,60.2132034355964,0,5858.12677686435
11,145663,5834.04389070027,39,60.2132034355964,0,5834.04389070027
11,145664,5810.01474768791,39,60.2132034355964,0,5810.01474768791
11,145665,5786.04001740411,39,60.2132034355964,0,5786.04001740411
11,146340,6459.9764695734,39,60.2132034355964,0,6459.9764695734
11,146341,6434.67958743372,39,60.2132034355964,0,6434.67958743372
11,146342,6409.42207010775,39,60.2132034355964,0,6409.42207010775
11,146343,6384.20438480494,39,60.2132034355964,0,6384.20438480494
11,146347,6283.74154363597,39,60.2132034355964,0,6283.74154363597
11,146348,6258.73026365616,39,60.2132034355964,0,6258.73026365616
11,146349,6233.76176266067,39,60.2132034355964,0,6233.76176266067
11,146350,6208.83655674728,39,60.2132034355964,0,6208.83655674728
11,146360,5962.08472184285,39,60.2132034355964,0,5962.08472184285
11,146361,5937.67202902287,39,60.2132034355964,0,5937.67202902287
11,146362,5913.3094365622,39,60.2132034355964,0,5913.3094365622
11,146363,5888.99756625466,39,60.2132034355964,0,5888.99756625466
11,146366,5816.37264203357,39,60.2132034355964,0,5816.37264203357
11,146367,5792.2700603444,39,60.2132034355964,0,5792.2700603444
11,146368,5768.22144750656,39,60.2132034355964,0,5768.22144750656
11,146369,5744.22748135628,39,60.2132034355964,0,5744.22748135628
11,146370,5720.28884954492,39,60.2132034355964,0,5720.28884954492
11,147044,6418.80473490973,39,60.2132034355964,0,6418.80473490973
11,147045,6393.48436733977,39,60.2132034355964,0,6393.48436733977
11,147046,6368.20343345757,39,60.2132034355964,0,6368.20343345757
11,147047,6342.96240477064,39,60.2132034355964,0,6342.96240477064
11,147051,6242.40701188012,39,60.2132034355964,0,6242.40701188012
11,147052,6217.37282301821,39,60.2132034355964,0,6217.37282301821
11,147053,6192.38151463948,39,60.2132034355964,0,6192.38151463948
11,147054,6167.43360802078,39,60.2132034355964,0,6167.43360802078
11,147064,5920.46187370389,39,60.2132034355964,0,5920.46187370389
11,147065,5896.02803668743,39,60.2132034355964,0,5896.02803668743
11,147066,5871.64448046438,39,60.2132034355964,0,5871.64448046438
11,147067,5847.31183405574,39,60.2132034355964,0,5847.31183405574
11,147071,5750.50325146982,39,60.2132034355964,0,5750.50325146982
11,147072,5726.43491587379,39,60.2132034355964,0,5726.43491587379
11,147073,5702.42146202006,39,60.2132034355964,0,5702.42146202006
11,147074,5678.46358617008,39,60.2132034355964,0,5678.46358617008
11,147748,6377.64712344333,39,60.2132034355964,0,6377.64712344333
11,147749,6352.30302378176,39,60.2132034355964,0,6352.30302378176
11,147750,6326.99842534401,39,60.2132034355964,0,6326.99842534401
11,147755,6201.08485027704,39,60.2132034355964,0,6201.08485027704
11,147756,6176.02749754621,39,60.2132034355964,0,6176.02749754621
11,147757,6151.01312583658,39,60.2132034355964,0,6151.01312583658
11,147758,6126.04226166125,39,60.2132034355964,0,6126.04226166125
11,147775,5708.74362072141,39,60.2132034355964,0,5708.74362072141
11,147776,5684.65530458999,39,60.2132034355964,0,5684.65530458999
11,147777,5660.62210633169,39,60.2132034355964,0,5660.62210633169
11,147778,5636.64473097327,39,60.2132034355964,0,5636.64473097327
11,148452,6336.50391265559,39,60.2132034355964,0,6336.50391265559
11,148453,6311.13583068794,39,60.2132034355964,0,6311.13583068794
11,148454,6285.80731608105,39,60.2132034355964,0,6285.80731608105
11,148455,6260.51884907797,39,60.2132034355964,0,6260.51884907797
11,148459,6159.77531012114,39,60.2132034355964,0,6159.77531012114
11,148460,6134.69453455032,39,60.2132034355964,0,6134.69453455032
11,148461,6109.65683951188,39,60.2132034355964,0,6109.65683951188
11,148462,6084.66275681863,39,60.2132034355964,0,6084.66275681863
11,148479,5666.99132933326,39,60.2132034355964,0,5666.99132933326
11,148480,5642.88276992838,39,60.2132034355964,0,5642.88276992838
11,148481,5618.82956557937,39,60.2132034355964,0,5618.82956557937
11,148482,5594.8324302329,39,60.2132034355964,0,5594.8324302329
11,149156,6295.37538718589,39,60.2132034355964,0,6295.37538718589
11,149157,6269.98306908815,39,60.2132034355964,0,6269.98306908815
11,149158,6244.63038302487,39,60.2132034355964,0,6244.63038302487
11,149159,6219.31781366741,39,60.2132034355964,0,6219.31781366741
11,149163,6118.47864941996,39,60.2132034355964,0,6118.47864941996
11,149164,6093.3741879743,39,60.2132034355964,0,6093.3741879743
11,149165,6068.31290548165,39,60.2132034355964,0,6068.31290548165
11,149166,6043.29533912803,39,60.2132034355964,0,6043.29533912803
11,149183,5625.24654329486,39,60.2132034355964,0,5625.24654329486
11,149184,5601.11747279841,39,60.2132034355964,0,5601.11747279841
11,149185,5577.04399556135,39,60.2132034355964,0,5577.04399556135
11,149186,5553.02683460605,39,60.2132034355964,0,5553.02683460605
11,149860,6254.26183906093,39,60.2132034355964,0,6254.26183906093
11,149861,6228.84502734367,39,60.2132034355964,0,6228.84502734367
11,149862,6203.4679107955,39,60.2132034355964,0,6203.4679107955
11,149863,6178.13097856924,39,60.2132034355964,0,6178.13097856924
11,149868,6052.06671861912,39,60.2132034355964,0,6052.06671861912
11,149869,6026.9815803495,39,60.2132034355964,0,6026.9815803495
11,149870,6001.94026092415,39,60.2132034355964,0,6001.94026092415
11,149887,5583.50943353641,39,60.2132034355964,0,5583.50943353641
11,149888,5559.35957891852,39,60.2132034355964,0,5559.35957891852
11,149889,5535.26555675131,39,60.2132034355964,0,5535.26555675131
11,149890,5511.22809929884,39,60.2132034355964,0,5511.22809929884
11,150564,6213.16356792963,39,60.2132034355964,0,6213.16356792963
11,150565,6187.7220013723,39,60.2132034355964,0,6187.7220013723
11,150566,6162.32019151794,39,60.2132034355964,0,6162.32019151794
11,150567,6136.95863204703,39,60.2132034355964,0,6136.95863204703
11,150571,6035.92503329396,39,60.2132034355964,0,6035.92503329396
11,150572,6010.77239437371,39,60.2132034355964,0,6010.77239437371
11,150573,5985.66312772393,39,60.2132034355964,0,5985.66312772393
11,150574,5960.59778146411,39,60.2132034355964,0,5960.59778146411
11,150591,5541.78017610186,39,60.2132034355964,0,5541.78017610186
11,150592,5517.60925898976,39,60.2132034355964,0,5517.60925898976
11,150593,5493.49441447582,39,60.2132034355964,0,5493.49441447582
11,150594,5469.43638423874,39,60.2132034355964,0,5469.43638423874
11,150595,5445.43592129517,39,60.2132034355964,0,5445.43592129517
11,151268,6172.08088130698,39,60.2132034355964,0,6172.08088130698
11,151269,6146.61429490664,39,60.2132034355964,0,6146.61429490664
11,151270,6121.18752507031,39,60.2132034355964,0,6121.18752507031
11,151271,6095.80107004403,39,60.2132034355964,0,6095.80107004403
11,151275,5994.66862947618,39,60.2132034355964,0,5994.66862947618
11,151276,5969.49149045689,39,60.2132034355964,0,5969.49149045689
11,151277,5944.35781845835,39,60.2132034355964,0,5944.35781845835
11,151278,5919.26816717199,39,60.2132034355964,0,5919.26816717199
11,151295,5500.05895234501,39,60.2132034355964,0,5500.05895234501
11,151296,5475.86668889015,39,60.2132034355964,0,5475.86668889015
11,151297,5451.73073910624,39,60.2132034355964,0,5451.73073910624
11,151298,5427.65185424595,39,60.2132034355964,0,5427.65185424595
11,151299,5403.63079716698,39,60.2132034355964,0,5403.63079716698
11,151972,6131.0140948338,39,60.2132034355964,0,6131.0140948338
11,151973,6105.52221974847,39,60.2132034355964,0,6105.52221974847
11,151974,6080.07021933161,39,60.2132034355964,0,6080.07021933161
11,151975,6054.6585964502,39,60.2132034355964,0,6054.6585964502
11,151980,5928.22428965964,39,60.2132034355964,0,5928.22428965964
11,151981,5903.06593090238,39,60.2132034355964,0,5903.06593090238
11,152001,5409.97470623749,39,60.2132034355964,0,5409.97470623749
11,152002,5385.87467923565,39,60.2132034355964,0,5385.87467923565
11,152003,5361.83274173651,39,60.2132034355964,0,5361.83274173651
11,152676,6089.96353254675,39,60.2132034355964,0,6089.96353254675
11,152677,6064.44609602536,39,60.2132034355964,0,6064.44609602536
11,152678,6038.96859045283,39,60.2132034355964,0,6038.96859045283
11,152679,6013.5315233545,39,60.2132034355964,0,6013.5315233545
11,152683,5912.19806639821,39,60.2132034355964,0,5912.19806639821
11,152684,5886.97108260649,39,60.2132034355964,0,5886.97108260649
11,152685,5861.7877511606,39,60.2132034355964,0,5861.7877511606
11,152704,5392.40552876149,39,60.2132034355964,0,5392.40552876149
11,152705,5368.22649690129,39,60.2132034355964,0,5368.22649690129
11,152706,5344.10503439916,39,60.2132034355964,0,5344.10503439916
11,152707,5320.04192432609,39,60.2132034355964,0,5320.04192432609
11,152708,5296.03796207504,39,60.2132034355964,0,5296.03796207504
11,153380,6048.9295271426,39,60.2132034355964,0,6048.9295271426
11,153381,6023.38625247722,39,60.2132034355964,0,6023.38625247722
11,153382,5997.88296312753,39,60.2132034355964,0,5997.88296312753
11,153383,5972.42017132439,39,60.2132034355964,0,5972.42017132439
11,153387,5870.98450547066,39,60.2132034355964,0,5870.98450547066
11,153388,5845.73216803196,39,60.2132034355964,0,5845.73216803196
11,153389,5820.52357335128,39,60.2132034355964,0,5820.52357335128
11,153408,5350.6873181766,39,60.2132034355964,0,5350.6873181766
11,153409,5326.48629776631,39,60.2132034355964,0,5326.48629776631
11,153410,5302.34310041817,39,60.2132034355964,0,5302.34310041817
11,153411,5278.25851959573,39,60.2132034355964,0,5278.25851959573
11,153412,5254.23336136917,39,60.2132034355964,0,5254.23336136917
11,154084,6007.91242027855,39,60.2132034355964,0,6007.91242027855
11,154085,5982.34302673498,39,60.2132034355964,0,5982.34302673498
11,154086,5956.81367087819,39,60.2132034355964,0,5956.81367087819
11,154087,5931.32486969742,39,60.2132034355964,0,5931.32486969742
11,154091,5829.78583776866,39,60.2132034355964,0,5829.78583776866
11,154092,5804.50785305042,39,60.2132034355964,0,5804.50785305042
11,154093,5779.27369989955,39,60.2132034355964,0,5779.27369989955
11,154113,5284.75430136363,39,60.2132034355964,0,5284.75430136363
11,154114,5260.58906367967,39,60.2132034355964,0,5260.58906367967
11,154115,5236.48270774933,39,60.2132034355964,0,5236.48270774933
11,154116,5212.4360505174,39,60.2132034355964,0,5212.4360505174
11,154117,5188.44992202938,39,60.2132034355964,0,5188.44992202938
11,154788,5966.9125628608,39,60.2132034355964,0,5966.9125628608
11,154789,5941.31676561957,39,60.2132034355964,0,5941.31676561957
11,154790,5915.76105636062,39,60.2132034355964,0,5915.76105636062
11,154791,5890.24595686863,39,60.2132034355964,0,5890.24595686863
11,154795,5788.60238377933,39,60.2132034355964,0,5788.60238377933
11,154796,5763.29845345903,39,60.2132034355964,0,5763.29845345903
11,154797,5738.03844181675,39,60.2132034355964,0,5738.03844181675
11,154817,5243.03070631857,39,60.2132034355964,0,5243.03070631857
11,154818,5218.84311650235,39,60.2132034355964,0,5218.84311650235
11,154819,5194.71467475134,39,60.2132034355964,0,5194.71467475134
11,154820,5170.64620909309,39,60.2132034355964,0,5170.64620909309
11,154821,5146.63856097556,39,60.2132034355964,0,5146.63856097556
11,155492,5925.93031535585,39,60.2132034355964,0,5925.93031535585
11,155493,5900.30782545892,39,60.2132034355964,0,5900.30782545892
11,155494,5874.72547166689,39,60.2132034355964,0,5874.72547166689
11,155495,5849.18378060261,39,60.2132034355964,0,5849.18378060261
11,155499,5747.4344730603,39,60.2132034355964,0,5747.4344730603
11,155500,5722.10429403385,39,60.2132034355964,0,5722.10429403385
11,155501,5696.81811900694,39,60.2132034355964,0,5696.81811900694
11,155522,5177.10545736622,39,60.2132034355964,0,5177.10545736622
11,155523,5152.95461255843,39,60.2132034355964,0,5152.95461255843
11,155524,5128.86402249884,39,60.2132034355964,0,5128.86402249884
11,155525,5104.8345402411,39,60.2132034355964,0,5104.8345402411
11,156196,5884.96604812322,39,60.2132034355964,0,5884.96604812322
11,156197,5859.31657240517,39,60.2132034355964,0,5859.31657240517
11,156198,5833.70727864591,39,60.2132034355964,0,5833.70727864591
11,156199,5808.13869835641,39,60.2132034355964,0,5808.13869835641
11,156203,5706.28244455399,39,60.2132034355964,0,5706.28244455399
11,156206,5630.34509439922,39,60.2132034355964,0,5630.34509439922
11,156226,5135.37629116458,39,60.2132034355964,0,5135.37629116458
11,156227,5111.20271937402,39,60.2132034355964,0,5111.20271937402
11,156228,5087.08968218668,39,60.2132034355964,0,5087.08968218668
11,156229,5063.03804450498,39,60.2132034355964,0,5063.03804450498
11,156230,5039.04868551826,39,60.2132034355964,0,5039.04868551826
11,156900,5844.02014173821,39,60.2132034355964,0,5844.02014173821
11,156901,5818.34338276396,39,60.2132034355964,0,5818.34338276396
11,156902,5792.70684924168,39,60.2132034355964,0,5792.70684924168
11,156908,5639.76304161163,39,60.2132034355964,0,5639.76304161163
11,156909,5614.42360522139,39,60.2132034355964,0,5614.42360522139
11,156910,5589.12893849093,39,60.2132034355964,0,5589.12893849093
11,156930,5093.65582946864,39,60.2132034355964,0,5093.65582946864
11,156931,5069.45919988161,39,60.2132034355964,0,5069.45919988161
11,156932,5045.32338591855,39,60.2132034355964,0,5045.32338591855
11,156933,5021.24926455285,39,60.2132034355964,0,5021.24926455285
11,156934,4997.23772739369,39,60.2132034355964,0,4997.23772739369
11,157604,5803.0929873437,39,60.2132034355964,0,5803.0929873437
11,157607,5726.10129623948,39,60.2132034355964,0,5726.10129623948
11,157612,5598.61664600321,39,60.2132034355964,0,5598.61664600321
11,157613,5573.25010143735,39,60.2132034355964,0,5573.25010143735
11,157614,5547.92841211116,39,60.2132034355964,0,5547.92841211116
11,157635,5027.72426552893,39,60.2132034355964,0,5027.72426552893
11,157636,5003.56533801879,39,60.2132034355964,0,5003.56533801879
11,157637,4979.46839754163,39,60.2132034355964,0,4979.46839754163
11,157638,4955.4343483785,39,60.2132034355964,0,4955.4343483785
11,158309,5736.45275185855,39,60.2132034355964,0,5736.45275185855
11,158310,5710.76082164824,39,60.2132034355964,0,5710.76082164824
11,158311,5685.10974282186,39,60.2132034355964,0,5685.10974282186
11,158316,5557.48688603704,39,60.2132034355964,0,5557.48688603704
11,158317,5532.09290801388,39,60.2132034355964,0,5532.09290801388
11,158318,5506.74386869886,39,60.2132034355964,0,5506.74386869886
11,158338,5010.24190086284,39,60.2132034355964,0,5010.24190086284
11,158339,4985.99813479387,39,60.2132034355964,0,4985.99813479387
11,158340,4961.81574964712,39,60.2132034355964,0,4961.81574964712
11,158341,4937.69564726611,39,60.2132034355964,0,4937.69564726611
11,158342,4913.63874485391,39,60.2132034355964,0,4913.63874485391
11,158343,4889.64597523687,39,60.2132034355964,0,4889.64597523687
11,159013,5695.53611721796,39,60.2132034355964,0,5695.53611721796
11,159014,5669.81602103134,39,60.2132034355964,0,5669.81602103134
11,159015,5644.13681707416,39,60.2132034355964,0,5644.13681707416
11,159020,5516.37413643179,39,60.2132034355964,0,5516.37413643179
11,159021,5490.95239434481,39,60.2132034355964,0,5490.95239434481
11,159022,5465.57567220248,39,60.2132034355964,0,5465.57567220248
11,159023,5440.24460001208,39,60.2132034355964,0,5440.24460001208
11,159043,4944.28103348515,39,60.2132034355964,0,4944.28103348515
11,159044,4920.07483909317,39,60.2132034355964,0,4920.07483909317
11,159045,4895.93122443668,39,60.2132034355964,0,4895.93122443668
11,159046,4871.85111990143,39,60.2132034355964,0,4871.85111990143
11,159047,4847.83547188718,39,60.2132034355964,0,4847.83547188718
11,159717,5654.63916001257,39,60.2132034355964,0,5654.63916001257
11,159718,5628.89057994891,39,60.2132034355964,0,5628.89057994891
11,159724,5475.2787830102,39,60.2132034355964,0,5475.2787830102
11,159725,5449.82894082244,39,60.2132034355964,0,5449.82894082244
11,159726,5424.42419747625,39,60.2132034355964,0,5424.42419747625
11,159727,5399.06518959641,39,60.2132034355964,0,5399.06518959641
11,159748,4878.34283206952,39,60.2132034355964,0,4878.34283206952
11,159749,4854.17534697078,39,60.2132034355964,0,4854.17534697078
11,159750,4830.07168359078,39,60.2132034355964,0,4830.07168359078
11,160421,5613.76231287091,39,60.2132034355964,0,5613.76231287091
11,160422,5587.98492634086,39,60.2132034355964,0,5587.98492634086
11,160423,5562.24850537747,39,60.2132034355964,0,5562.24850537747
11,160428,5434.20122309606,39,60.2132034355964,0,5434.20122309606
11,160429,5408.72293925339,39,60.2132034355964,0,5408.72293925339
11,160430,5383.28983068254,39,60.2132034355964,0,5383.28983068254
11,160431,5357.90254070151,39,60.2132034355964,0,5357.90254070151
11,161125,5572.90602090029,39,60.2132034355964,0,5572.90602090029
11,161126,5547.09950056588,39,60.2132034355964,0,5547.09950056588
11,161127,5521.33397805076,39,60.2132034355964,0,5521.33397805076
11,161128,5495.6100299942,39,60.2132034355964,0,5495.6100299942
11,161132,5393.14186594996,39,60.2132034355964,0,5393.14186594996
11,161133,5367.63479327466,39,60.2132034355964,0,5367.63479327466
11,161134,5342.17296971036,39,60.2132034355964,0,5342.17296971036
11,161135,5316.7570453517,39,60.2132034355964,0,5316.7570453517
11,161829,5532.07074213496,39,60.2132034355964,0,5532.07074213496
11,161830,5506.23475584187,39,60.2132034355964,0,5506.23475584187
11,161831,5480.43979650532,39,60.2132034355964,0,5480.43979650532
11,161832,5454.68644616777,39,60.2132034355964,0,5454.68644616777
11,161837,5326.56491879996,39,60.2132034355964,0,5326.56491879996
11,161838,5301.0740246307,39,60.2132034355964,0,5301.0740246307
11,161839,5275.6291076364,39,60.2132034355964,0,5275.6291076364
11,162533,5491.2569479957,39,60.2132034355964,0,5491.2569479957
11,162534,5465.39115870699,39,60.2132034355964,0,5465.39115870699
11,162535,5439.56642226768,39,60.2132034355964,0,5439.56642226768
11,162536,5413.78332617105,39,60.2132034355964,0,5413.78332617105
11,162537,5388.04246819246,39,60.2132034355964,0,5388.04246819246
11,162541,5285.51374448725,39,60.2132034355964,0,5285.51374448725
11,162542,5259.99341814681,39,60.2132034355964,0,5259.99341814681
11,162543,5234.51914416629,39,60.2132034355964,0,5234.51914416629
11,163238,5424.56918950605,39,60.2132034355964,0,5424.56918950605
11,163239,5398.71433061,39,60.2132034355964,0,5398.71433061
11,163240,5372.90114005522,39,60.2132034355964,0,5372.90114005522
11,163241,5347.13022130435,39,60.2132034355964,0,5347.13022130435
11,163245,5244.48171221928,39,60.2132034355964,0,5244.48171221928
11,163246,5218.93158607997,39,60.2132034355964,0,5218.93158607997
11,163247,5193.42758456216,39,60.2132034355964,0,5193.42758456216
11,163248,5167.97039054693,39,60.2132034355964,0,5167.97039054693
11,163942,5383.76934290057,39,60.2132034355964,0,5383.76934290057
11,163943,5357.88401104223,39,60.2132034355964,0,5357.88401104223
11,163944,5332.04037204727,39,60.2132034355964,0,5332.04037204727
11,163945,5306.2390351012,39,60.2132034355964,0,5306.2390351012
11,163950,5177.88897787353,39,60.2132034355964,0,5177.88897787353
11,163951,5152.35487195865,39,60.2132034355964,0,5152.35487195865
11,163952,5126.86765005397,39,60.2132034355964,0,5126.86765005397
11,164647,5317.07596785363,39,60.2132034355964,0,5317.07596785363
11,164648,5291.2015210742,39,60.2132034355964,0,5291.2015210742
11,164649,5265.36940300001,39,60.2132034355964,0,5265.36940300001
11,164654,5136.86605712818,39,60.2132034355964,0,5136.86605712818
11,164655,5111.30146352199,39,60.2132034355964,0,5111.30146352199
11,164656,5085.78382729328,39,60.2132034355964,0,5085.78382729328
11,165351,5276.2907206514,39,60.2132034355964,0,5276.2907206514
11,165352,5250.38510131374,39,60.2132034355964,0,5250.38510131374
11,165353,5224.52183359858,39,60.2132034355964,0,5224.52183359858
11,165354,5198.70154959892,39,60.2132034355964,0,5198.70154959892
11,165358,5095.86330213972,39,60.2132034355964,0,5095.86330213972
11,165359,5070.26783101597,39,60.2132034355964,0,5070.26783101597
11,165360,5044.71938732077,39,60.2132034355964,0,5044.71938732077
11,165361,5019.21868918068,39,60.2132034355964,0,5019.21868918068
11,166055,5235.52880494194,39,60.2132034355964,0,5235.52880494194
11,166056,5209.59164277618,39,60.2132034355964,0,5209.59164277618
11,166057,5183.69685124622,39,60.2132034355964,0,5183.69685124622
11,166058,5157.8450685123,39,60.2132034355964,0,5157.8450685123
11,166759,5194.79077273184,39,60.2132034355964,0,5194.79077273184
11,166760,5168.82169190223,39,60.2132034355964,0,5168.82169190223
11,166761,5142.89499664783,39,60.2132034355964,0,5142.89499664783
11,166762,5117.01133124026,39,60.2132034355964,0,5117.01133124026
11,167463,5154.07719315201,39,60.2132034355964,0,5154.07719315201
11,167464,5128.0758121876,39,60.2132034355964,0,5128.0758121876
11,167465,5102.11682749189,39,60.2132034355964,0,5102.11682749189
11,167466,5076.20088949485,39,60.2132034355964,0,5076.20088949485
11,168168,5087.35458484588,39,60.2132034355964,0,5087.35458484588
11,168169,5061.36291911957,39,60.2132034355964,0,5061.36291911957
11,168170,5035.41431254843,39,60.2132034355964,0,5035.41431254843
11,168872,5046.65860949948,39,60.2132034355964,0,5046.65860949948
11,168873,5020.63386519979,39,60.2132034355964,0,5020.63386519979
11,168874,4994.65218794171,39,60.2132034355964,0,4994.65218794171
11,169576,5005.98850488284,39,60.2132034355964,0,5005.98850488284
11,170282,4913.20374153912,39,60.2132034355964,0,4913.20374153912
11,170984,4924.72848296806,39,60.2132034355964,0,4924.72848296806
11,170985,4898.60205727317,39,60.2132034355964,0,4898.60205727317
11,170986,4872.51869278182,39,60.2132034355964,0,4872.51869278182
7,171088,2647.65334640218,15,36.2132034355964,0,2647.65334640218
11,171688,4884.13990569809,39,60.2132034355964,0,4884.13990569809
11,171690,4831.86064406355,39,60.2132034355964,0,4831.86064406355
7,171790,2638.38748397683,15,36.2132034355964,0,2638.38748397683
7,171791,2622.31630887864,15,36.2132034355964,0,2622.31630887864
7,171792,2606.48842512581,15,36.2132034355964,0,2606.48842512581
11,172393,4817.38356804049,39,60.2132034355964,0,4817.38356804049
11,172394,4791.23028575815,39,60.2132034355964,0,4791.23028575815
11,172395,4765.12074258163,39,60.2132034355964,0,4765.12074258163
11,173097,4776.81722988765,39,60.2132034355964,0,4776.81722988765
11,173098,4750.62833138162,39,60.2132034355964,0,4750.62833138162
11,173099,4724.48315463542,39,60.2132034355964,0,4724.48315463542
11,173801,4736.28048026547,39,60.2132034355964,0,4736.28048026547
11,173802,4710.05551855124,39,60.2132034355964,0,4710.05551855124
11,173803,4683.8742551286,39,60.2132034355964,0,4683.8742551286
11,174505,4695.77408853139,39,60.2132034355964,0,4695.77408853139
11,174506,4669.5126099785,39,60.2132034355964,0,4669.5126099785
11,174507,4643.2947998776,39,60.2132034355964,0,4643.2947998776
11,175209,4655.29885022768,39,60.2132034355964,0,4655.29885022768
11,175210,4629.0003945321,39,60.2132034355964,0,4629.0003945321
11,175211,4602.74557079131,39,60.2132034355964,0,4602.74557079131
11,175912,4641.23433457121,39,60.2132034355964,0,4641.23433457121
11,175913,4614.85558819396,39,60.2132034355964,0,4614.85558819396
11,175914,4588.5196883309,39,60.2132034355964,0,4588.5196883309
11,175915,4562.22737698737,39,60.2132034355964,0,4562.22737698737
11,175916,4535.9794121344,39,60.2132034355964,0,4535.9794121344
11,176616,4600.86176063616,39,60.2132034355964,0,4600.86176063616
11,176617,4574.44515370485,39,60.2132034355964,0,4574.44515370485
11,176618,4548.0713359035,39,60.2132034355964,0,4548.0713359035
11,176619,4521.74105595926,39,60.2132034355964,0,4521.74105595926
11,177321,4534.06842768234,39,60.2132034355964,0,4534.06842768234
11,177322,4507.65621141328,39,60.2132034355964,0,4507.65621141328
11,177323,4481.28747479763,39,60.2132034355964,0,4481.28747479763
11,178025,4493.7263219668,39,60.2132034355964,0,4493.7263219668
11,178026,4467.27521992415,39,60.2132034355964,0,4467.27521992415
11,178027,4440.86753147249,39,60.2132034355964,0,4440.86753147249
11,178028,4414.50403571438,39,60.2132034355964,0,4414.50403571438
11,178729,4453.41978064454,39,60.2132034355964,0,4453.41978064454
11,178730,4426.9292987494,39,60.2132034355964,0,4426.9292987494
11,178731,4400.48215619078,39,60.2132034355964,0,4400.48215619078
11,178732,4374.0791391041,39,60.2132034355964,0,4374.0791391041
11,178733,4347.72105138912,39,60.2132034355964,0,4347.72105138912
11,179434,4386.61941885552,39,60.2132034355964,0,4386.61941885552
11,179435,4360.13231281735,39,60.2132034355964,0,4360.13231281735
11,179436,4333.68925646934,39,60.2132034355964,0,4333.68925646934
11,179437,4307.29106109681,39,60.2132034355964,0,4307.29106109681
11,180138,4346.34658635499,39,60.2132034355964,0,4346.34658635499
11,180139,4319.81900036454,39,60.2132034355964,0,4319.81900036454
11,180140,4293.33537936689,39,60.2132034355964,0,4293.33537936689
11,180141,4266.89654200292,39,60.2132034355964,0,4266.89654200292
11,180842,4306.1118440543,39,60.2132034355964,0,4306.1118440543
11,180843,4279.54325457349,39,60.2132034355964,0,4279.54325457349
11,180844,4253.018536083,39,60.2132034355964,0,4253.018536083
11,180845,4226.53851455247,39,60.2132034355964,0,4226.53851455247
11,180846,4200.10403537621,39,60.2132034355964,0,4200.10403537621
11,181547,4239.30614956046,39,60.2132034355964,0,4239.30614956046
11,181548,4212.73979330889,39,60.2132034355964,0,4212.73979330889
11,181549,4186.21803761201,39,60.2132034355964,0,4186.21803761201
11,181550,4159.74173556758,39,60.2132034355964,0,4159.74173556758
11,182251,4199.10879956647,39,60.2132034355964,0,4199.10879956647
11,182252,4172.50025790523,39,60.2132034355964,0,4172.50025790523
11,182253,4145.93621023642,39,60.2132034355964,0,4145.93621023642
11,182254,4119.41751731903,39,60.2132034355964,0,4119.41751731903
11,182255,4092.94506072767,39,60.2132034355964,0,4092.94506072767
11,182329,2370.18447982922,39,60.2132034355964,0,2370.18447982922
11,182330,2352.49771187374,39,60.2132034355964,0,2352.49771187374
11,182955,4158.95236079229,39,60.2132034355964,0,4158.95236079229
11,182956,4132.301078747,39,60.2132034355964,0,4132.301078747
11,182957,4105.69417353809,39,60.2132034355964,0,4105.69417353809
11,182958,4079.13251353168,39,60.2132034355964,0,4079.13251353168
11,182959,4052.61698837049,39,60.2132034355964,0,4052.61698837049
11,183032,2346.23895749584,39,60.2132034355964,0,2346.23895749584
11,183033,2328.37020496973,39,60.2132034355964,0,2328.37020496973
11,183660,4092.1434486822,39,60.2132034355964,0,4092.1434486822
11,183661,4065.49311266318,39,60.2132034355964,0,4065.49311266318
11,183662,4038.88790119313,39,60.2132034355964,0,4038.88790119313
11,183663,4012.32871191482,39,60.2132034355964,0,4012.32871191482
11,183664,3985.81646482729,39,60.2132034355964,0,3985.81646482729
11,183735,2322.43178940266,39,60.2132034355964,0,2322.43178940266
11,183736,2304.37833957922,39,60.2132034355964,0,2304.37833957922
11,183737,2286.57268253108,39,60.2132034355964,0,2286.57268253108
11,183738,2269.02065177037,39,60.2132034355964,0,2269.02065177037
11,184364,4052.02860658917,39,60.2132034355964,0,4052.02860658917
11,184365,4025.33425888102,39,60.2132034355964,0,4025.33425888102
11,184366,3998.68490346618,39,60.2132034355964,0,3998.68490346618
11,184367,3972.08144592941,39,60.2132034355964,0,3972.08144592941
11,184368,3945.5248146969,39,60.2132034355964,0,3945.5248146969
11,184369,3919.01596170179,39,60.2132034355964,0,3919.01596170179
11,184440,2262.53294029732,39,60.2132034355964,0,2262.53294029732
11,184441,2244.79285472135,39,60.2132034355964,0,2244.79285472135
11,184442,2227.31219410418,39,60.2132034355964,0,2227.31219410418
11,185071,3931.87645345358,39,60.2132034355964,0,3931.87645345358
11,185072,3905.27481314828,39,60.2132034355964,0,3905.27481314828
11,185073,3878.72083182513,39,60.2132034355964,0,3878.72083182513
11,185074,3852.21549505077,39,60.2132034355964,0,3852.21549505077
11,185144,2220.70362645788,39,60.2132034355964,0,2220.70362645788
11,185776,3865.06776508053,39,60.2132034355964,0,3865.06776508053
11,185777,3838.46800863144,39,60.2132034355964,0,3838.46800863144
11,185778,3811.91677395701,39,60.2132034355964,0,3811.91677395701
11,186480,3824.90502883732,39,60.2132034355964,0,3824.90502883732
11,186481,3798.25884098031,39,60.2132034355964,0,3798.25884098031
11,186482,3771.66103856432,39,60.2132034355964,0,3771.66103856432
11,186483,3745.1126524953,39,60.2132034355964,0,3745.1126524953
11,187185,3758.09473397098,39,60.2132034355964,0,3758.09473397098
11,187186,3731.44968396587,39,60.2132034355964,0,3731.44968396587
11,187187,3704.85390958303,39,60.2132034355964,0,3704.85390958303
11,187188,3678.30847967934,39,60.2132034355964,0,3678.30847967934
11,187200,3364.12175854411,39,60.2132034355964,0,3364.12175854411
11,187201,3338.3426150203,39,60.2132034355964,0,3338.3426150203
11,187202,3312.63228524069,39,60.2132034355964,0,3312.63228524069
11,187203,3286.99238395495,39,60.2132034355964,0,3286.99238395495
11,187204,3261.42457220229,39,60.2132034355964,0,3261.42457220229
11,187889,3717.97715181734,39,60.2132034355964,0,3717.97715181734
11,187890,3691.28416446839,39,60.2132034355964,0,3691.28416446839
11,187891,3664.64029706105,39,60.2132034355964,0,3664.64029706105
11,187892,3638.04662880939,39,60.2132034355964,0,3638.04662880939
11,187893,3611.5042686522,39,60.2132034355964,0,3611.5042686522
11,187903,3349.16982487148,39,60.2132034355964,0,3349.16982487148
11,187904,3323.27455885171,39,60.2132034355964,0,3323.27455885171
11,187905,3297.4466051512,39,60.2132034355964,0,3297.4466051512
11,187906,3271.68755793631,39,60.2132034355964,0,3271.68755793631
11,187907,3245.99905766138,39,60.2132034355964,0,3245.99905766138
11,187908,3220.38279254989,39,60.2132034355964,0,3220.38279254989
11,188594,3651.16599669011,39,60.2132034355964,0,3651.16599669011
11,188595,3624.47332107937,39,60.2132034355964,0,3624.47332107937
11,188596,3597.83068351258,39,60.2132034355964,0,3597.83068351258
11,188597,3571.23920389301,39,60.2132034355964,0,3571.23920389301
11,188609,3256.5855454378,39,60.2132034355964,0,3256.5855454378
11,188610,3230.77682886563,39,60.2132034355964,0,3230.77682886563
11,188611,3205.03876316157,39,60.2132034355964,0,3205.03876316157
11,188612,3179.37306415643,39,60.2132034355964,0,3179.37306415643
11,189299,3584.3545535202,39,60.2132034355964,0,3584.3545535202
11,189300,3557.66220460397,39,60.2132034355964,0,3557.66220460397
11,189301,3531.02084681191,39,60.2132034355964,0,3531.02084681191
11,189302,3504.43164307692,39,60.2132034355964,0,3504.43164307692
11,189303,3477.89578958224,39,60.2132034355964,0,3477.89578958224
11,190004,3517.54282231295,39,60.2132034355964,0,3517.54282231295
11,190005,3490.85081591277,39,60.2132034355964,0,3490.85081591277
11,190006,3464.21079072123,39,60.2132034355964,0,3464.21079072123
11,190007,3437.62395523505,39,60.2132034355964,0,3437.62395523505
11,190008,3411.0915531703,39,60.2132034355964,0,3411.0915531703
11,190709,3450.73080307674,39,60.2132034355964,0,3450.73080307674
11,190710,3424.03915593468,39,60.2132034355964,0,3424.03915593468
11,190711,3397.40051929662,39,60.2132034355964,0,3397.40051929662
11,190712,3370.81614994947,39,60.2132034355964,0,3370.81614994947
11,190713,3344.28734203464,39,60.2132034355964,0,3344.28734203464
11,191414,3383.91849581625,39,60.2132034355964,0,3383.91849581625
11,191416,3330.59003692262,39,60.2132034355964,0,3330.59003692262
11,194945,2890.65373137055,39,60.2132034355964,0,2890.65373137055
11,195647,2903.15921448353,39,60.2132034355964,0,2903.15921448353
11,195648,2876.66040606654,39,60.2132034355964,0,2876.66040606654
11,195649,2850.22839567898,39,60.2132034355964,0,2850.22839567898
11,196350,2889.53625009938,39,60.2132034355964,0,2889.53625009938
11,196351,2862.91120756754,39,60.2132034355964,0,2862.91120756754
11,196352,2836.350927218,39,60.2132034355964,0,2836.350927218
11,196353,2809.85724555081,39,60.2132034355964,0,2809.85724555081
7,196434,1199.95787403671,15,36.2132034355964,0,1199.95787403671
11,197055,2822.72220570378,39,60.2132034355964,0,2822.72220570378
11,197056,2796.09924760395,39,60.2132034355964,0,2796.09924760395
11,197057,2769.54265576342,39,60.2132034355964,0,2769.54265576342
7,197136,1177.92564222344,15,36.2132034355964,0,1177.92564222344
7,197137,1170.80376583142,15,36.2132034355964,0,1170.80376583142
7,197138,1164.40509371747,15,36.2132034355964,0,1164.40509371747
11,197759,2782.59477070787,39,60.2132034355964,0,2782.59477070787
11,197760,2755.9079050413,39,60.2132034355964,0,2755.9079050413
11,197761,2729.28713798162,39,60.2132034355964,0,2729.28713798162
11,197767,2571.06522859759,39,60.2132034355964,0,2571.06522859759
7,197840,1141.68884125319,15,36.2132034355964,0,1141.68884125319
7,197841,1135.12602556094,15,36.2132034355964,0,1135.12602556094
7,197842,1129.3156830128,15,36.2132034355964,0,1129.3156830128
7,197843,1124.26948024932,15,36.2132034355964,0,1124.26948024932
11,198470,2556.72101640112,39,60.2132034355964,0,2556.72101640112
11,198471,2530.47382488003,39,60.2132034355964,0,2530.47382488003
7,198544,1105.88080689977,15,36.2132034355964,0,1105.88080689977
7,198545,1099.91595413315,15,36.2132034355964,0,1099.91595413315
7,198546,1094.73421303644,15,36.2132034355964,0,1094.73421303644
7,198547,1090.34674859905,15,36.2132034355964,0,1090.34674859905
11,199173,2542.64777253597,39,60.2132034355964,0,2542.64777253597
11,199174,2516.25364347491,39,60.2132034355964,0,2516.25364347491
11,199175,2489.93821170029,39,60.2132034355964,0,2489.93821170029
7,199249,1065.21994146977,15,36.2132034355964,0,1065.21994146977
7,199250,1060.71037848651,15,36.2132034355964,0,1060.71037848651
7,199251,1057.02632130039,15,36.2132034355964,0,1057.02632130039
7,199252,1054.17642469799,15,36.2132034355964,0,1054.17642469799
11,199876,2528.8500208814,39,60.2132034355964,0,2528.8500208814
11,199877,2502.3102149134,39,60.2132034355964,0,2502.3102149134
11,199878,2475.84644141967,39,60.2132034355964,0,2475.84644141967
11,199879,2449.46116474779,39,60.2132034355964,0,2449.46116474779
11,199880,2423.1569491052,39,60.2132034355964,0,2423.1569491052
7,199953,1031.08989686094,15,36.2132034355964,0,1031.08989686094
7,199954,1027.29960102124,15,36.2132034355964,0,1027.29960102124
7,199955,1024.36698907186,15,36.2132034355964,0,1024.36698907186
7,199956,1022.29944220565,15,36.2132034355964,0,1022.29944220565
7,199957,1021.1022152365,15,36.2132034355964,0,1021.1022152365
11,200580,2488.64819098343,39,60.2132034355964,0,2488.64819098343
11,200581,2462.03742830345,39,60.2132034355964,0,2462.03742830345
11,200582,2435.5024110336,39,60.2132034355964,0,2435.5024110336
11,200583,2409.04564212333,39,60.2132034355964,0,2409.04564212333
7,200658,994.563681094249,15,36.2132034355964,0,994.563681094249
7,200659,992.434035178969,15,36.2132034355964,0,992.434035178969
7,200660,991.200729128338,15,36.2132034355964,0,991.200729128338
7,200661,990.867109899228,15,36.2132034355964,0,990.867109899228
7,200662,991.434085731121,15,36.2132034355964,0,991.434085731121
11,201284,2448.51595639163,39,60.2132034355964,0,2448.51595639163
11,201285,2421.83264990837,39,60.2132034355964,0,2421.83264990837
11,201286,2395.22475044328,39,60.2132034355964,0,2395.22475044328
7,201362,962.571489481698,15,36.2132034355964,0,962.571489481698
7,201363,961.299864986259,15,36.2132034355964,0,961.299864986259
7,201364,960.95586314561,15,36.2132034355964,0,960.95586314561
7,201365,961.540479563652,15,36.2132034355964,0,961.540479563652
7,201366,963.052023100526,15,36.2132034355964,0,963.052023100526
7,201367,965.486140237468,15,36.2132034355964,0,965.486140237468
11,201988,2408.45680211164,39,60.2132034355964,0,2408.45680211164
11,201989,2381.69932987065,39,60.2132034355964,0,2381.69932987065
7,202067,931.044631520674,15,36.2132034355964,0,931.044631520674
7,202068,931.648020910416,15,36.2132034355964,0,931.648020910416
7,202069,933.207991768992,15,36.2132034355964,0,933.207991768992
7,202070,935.719759859144,15,36.2132034355964,0,935.719759859144
7,202071,939.175688639966,15,36.2132034355964,0,939.175688639966
7,202772,903.368422153671,15,36.2132034355964,0,903.368422153671
7,202773,905.962937724796,15,36.2132034355964,0,905.962937724796
7,202774,909.531959080987,15,36.2132034355964,0,909.531959080987
7,202775,914.06407123501,15,36.2132034355964,0,914.06407123501
7,202776,919.545034094999,15,36.2132034355964,0,919.545034094999
7,203477,879.906352167122,15,36.2132034355964,0,879.906352167122
7,203478,884.590286434597,15,36.2132034355964,0,884.590286434597
7,203479,890.252757601961,15,36.2132034355964,0,890.252757601961
7,203480,896.875231720398,15,36.2132034355964,0,896.875231720398
7,203481,904.436621009313,15,36.2132034355964,0,904.436621009313
7,203482,912.913595508644,15,36.2132034355964,0,912.913595508644
7,204183,867.848800930601,15,36.2132034355964,0,867.848800930601
7,204184,875.660913152816,15,36.2132034355964,0,875.660913152816
7,204185,884.413788496964,15,36.2132034355964,0,884.413788496964
7,204186,894.079797699312,15,36.2132034355964,0,894.079797699312
7,204888,856.010314913373,15,36.2132034355964,0,856.010314913373
7,204889,865.993468362033,15,36.2132034355964,0,865.993468362033
7,204890,876.881374979895,15,36.2132034355964,0,876.881374979895
7,204891,888.640779425705,15,36.2132034355964,0,888.640779425705
7,204892,901.237568268793,15,36.2132034355964,0,901.237568268793
7,205593,849.27995629906,15,36.2132034355964,0,849.27995629906
7,205594,861.416301866281,15,36.2132034355964,0,861.416301866281
7,205595,874.405447272684,15,36.2132034355964,0,874.405447272684
7,205596,888.209979380104,15,36.2132034355964,0,888.209979380104
7,206298,847.779459243525,15,36.2132034355964,0,847.779459243525
7,206299,862.010570633596,15,36.2132034355964,0,862.010570633596
7,206300,877.028896912606,15,36.2132034355964,0,877.028896912606
11,209779,851.344563930815,39,60.2132034355964,0,851.344563930815
11,209780,836.754014062826,39,60.2132034355964,0,836.754014062826
11,209781,822.989875189588,39,60.2132034355964,0,822.989875189588
7,209782,804.66476212666,15,36.2132034355964,0,804.66476212666
7,209783,785.158591191007,15,36.2132034355964,0,785.158591191007
11,210483,810.55320295222,39,60.2132034355964,0,810.55320295222
11,210484,796.336252052591,39,60.2132034355964,0,796.336252052591
7,210485,782.539182923986,15,36.2132034355964,0,782.539182923986
7,210486,762.467074450699,15,36.2132034355964,0,762.467074450699
7,210487,743.0543815348,15,36.2132034355964,0,743.0543815348
7,210488,724.354123133829,15,36.2132034355964,0,724.354123133829
11,211151,1593.73266718643,39,60.2132034355964,0,1593.73266718643
11,211152,1566.73259101137,39,60.2132034355964,0,1566.73259101137
11,211153,1539.83881276914,39,60.2132034355964,0,1539.83881276914
11,211187,769.922016529905,39,60.2132034355964,0,769.922016529905
11,211188,756.121736427324,39,60.2132034355964,0,756.121736427324
7,211189,740.288767614617,15,36.2132034355964,0,740.288767614617
7,211190,720.278471336473,15,36.2132034355964,0,720.278471336473
7,211191,700.970762722622,15,36.2132034355964,0,700.970762722622
7,211192,682.42527885689,15,36.2132034355964,0,682.42527885689
11,211854,1581.26916915176,39,60.2132034355964,0,1581.26916915176
11,211855,1554.05241957683,39,60.2132034355964,0,1554.05241957683
11,211856,1526.93517550275,39,60.2132034355964,0,1526.93517550275
11,211857,1499.922833845,39,60.2132034355964,0,1499.922833845
11,211891,729.477789627421,39,60.2132034355964,0,729.477789627421
11,211892,716.144727556239,39,60.2132034355964,0,716.144727556239
7,211893,698.041354188337,15,36.2132034355964,0,698.041354188337
7,211894,678.100669677038,15,36.2132034355964,0,678.100669677038
7,211895,658.91170197987,15,36.2132034355964,0,658.91170197987
11,212558,1541.84831528711,39,60.2132034355964,0,1541.84831528711
11,212559,1514.51242470055,39,60.2132034355964,0,1514.51242470055
11,212560,1487.27432618072,39,60.2132034355964,0,1487.27432618072
11,212561,1460.13949251086,39,60.2132034355964,0,1460.13949251086
11,212562,1433.11378941085,39,60.2132034355964,0,1433.11378941085
7,212597,655.79754480722,15,36.2132034355964,0,655.79754480722
7,212598,635.935841357731,15,36.2132034355964,0,635.935841357731
11,213263,1475.12397060504,39,60.2132034355964,0,1475.12397060504
11,213264,1447.7612765888,39,60.2132034355964,0,1447.7612765888
11,213265,1420.49994314877,39,60.2132034355964,0,1420.49994314877
11,213266,1393.34591976712,39,60.2132034355964,0,1393.34591976712
11,213968,1408.40847664434,39,60.2132034355964,0,1408.40847664434
11,213969,1381.01657811735,39,60.2132034355964,0,1381.01657811735
11,213970,1353.72986218462,39,60.2132034355964,0,1353.72986218462
7,214009,498.779435954031,15,36.2132034355964,0,498.779435954031
11,214673,1341.70319672886,39,60.2132034355964,0,1341.70319672886
11,214674,1314.27935583502,39,60.2132034355964,0,1314.27935583502
11,214675,1286.96479774411,39,60.2132034355964,0,1286.96479774411
7,214711,491.047794896747,15,36.2132034355964,0,491.047794896747
7,214712,473.707000947524,15,36.2132034355964,0,473.707000947524
7,214713,457.661527586334,15,36.2132034355964,0,457.661527586334
7,214714,443.052130262755,15,36.2132034355964,0,443.052130262755
11,215377,1302.57520112135,39,60.2132034355964,0,1302.57520112135
11,215378,1275.00977925743,39,60.2132034355964,0,1275.00977925743
11,215379,1247.55085581897,39,60.2132034355964,0,1247.55085581897
11,215380,1220.20562059672,39,60.2132034355964,0,1220.20562059672
7,215415,449.227240154994,15,36.2132034355964,0,449.227240154994
7,215416,432.273968522587,15,36.2132034355964,0,432.273968522587
7,215417,416.775514226251,15,36.2132034355964,0,416.775514226251
7,215418,402.899800801029,15,36.2132034355964,0,402.899800801029
7,215419,390.819708492035,15,36.2132034355964,0,390.819708492035
11,216082,1235.93839034524,39,60.2132034355964,0,1235.93839034524
11,216085,1153.45340302197,39,60.2132034355964,0,1153.45340302197
7,216120,391.021561967944,15,36.2132034355964,0,391.021561967944
7,216121,376.197050585688,15,36.2132034355964,0,376.197050585688
7,216122,363.229905525086,15,36.2132034355964,0,363.229905525086
11,216787,1169.32240438151,39,60.2132034355964,0,1169.32240438151
11,216788,1141.66704928462,39,60.2132034355964,0,1141.66704928462
11,216789,1114.12649853233,39,60.2132034355964,0,1114.12649853233
7,216824,350.013693715714,15,36.2132034355964,0,350.013693715714
7,216825,336.037613259834,15,36.2132034355964,0,336.037613259834
11,217492,1102.73106966366,39,60.2132034355964,0,1102.73106966366
11,217493,1075.02331484915,39,60.2132034355964,0,1075.02331484915
11,217494,1047.43490959478,39,60.2132034355964,0,1047.43490959478
11,218196,1064.0498828297,39,60.2132034355964,0,1064.0498828297
11,218197,1036.16919469175,39,60.2132034355964,0,1036.16919469175
11,218198,1008.40294695227,39,60.2132034355964,0,1008.40294695227
11,218199,980.760859400767,39,60.2132034355964,0,980.760859400767
11,218901,997.593254420953,39,60.2132034355964,0,997.593254420953
11,218902,969.642905881971,39,60.2132034355964,0,969.642905881971
11,218903,941.81096549558,39,60.2132034355964,0,941.81096549558
11,218904,914.108248881459,39,60.2132034355964,0,914.108248881459
11,219605,959.329067654755,39,60.2132034355964,0,959.329067654755
11,219606,931.188758103412,39,60.2132034355964,0,931.188758103412
11,219607,903.160130959221,39,60.2132034355964,0,903.160130959221
11,219608,875.253915645593,39,60.2132034355964,0,875.253915645593
11,220310,893.080034018159,39,60.2132034355964,0,893.080034018159
11,220311,864.848469080872,39,60.2132034355964,0,864.848469080872
11,220312,836.731311212071,39,60.2132034355964,0,836.731311212071
11,220313,808.740493137983,39,60.2132034355964,0,808.740493137983
11,220314,780.889600842518,39,60.2132034355964,0,780.889600842518
11,221014,855.36292041332,39,60.2132034355964,0,855.36292041332
11,221015,826.923140648451,39,60.2132034355964,0,826.923140648451
11,221016,798.588461268305,39,60.2132034355964,0,798.588461268305
11,221017,770.370479318121,39,60.2132034355964,0,770.370479318121
11,221018,742.28250373395,39,60.2132034355964,0,742.28250373395
11,221719,789.439845224242,39,60.2132034355964,0,789.439845224242
11,221720,760.882497915355,39,60.2132034355964,0,760.882497915355
11,221721,732.430601947955,39,60.2132034355964,0,732.430601947955
11,221722,704.096941006236,39,60.2132034355964,0,704.096941006236
11,221723,675.896384533897,39,60.2132034355964,0,675.896384533897
11,222424,723.681733582027,39,60.2132034355964,0,723.681733582027
11,222425,694.991329367342,39,60.2132034355964,0,694.991329367342
11,222426,666.405401028166,39,60.2132034355964,0,666.405401028166
11,222427,637.937993376107,39,60.2132034355964,0,637.937993376107
11,222428,609.605710702314,39,60.2132034355964,0,609.605710702314
11,223129,658.138122238849,39,60.2132034355964,0,658.138122238849
11,223130,629.296681040631,39,60.2132034355964,0,629.296681040631
11,223131,600.556709618651,39,60.2132034355964,0,600.556709618651
11,223132,571.933504910535,39,60.2132034355964,0,571.933504910535
11,223834,592.880252620002,39,60.2132034355964,0,592.880252620002
11,223835,563.867347617944,39,60.2132034355964,0,563.867347617944
11,223836,534.949820976607,39,60.2132034355964,0,534.949820976607
11,223837,506.144020721079,39,60.2132034355964,0,506.144020721079
11,224538,557.291872282894,39,60.2132034355964,0,557.291872282894
11,224539,528.014190129053,39,60.2132034355964,0,528.014190129053
11,225248,346.496980088698,39,60.2132034355964,0,346.496980088698
11,225249,317.464343251224,39,60.2132034355964,0,317.464343251224
11,225951,340.97770187361,39,60.2132034355964,0,340.97770187361
11,225952,311.430797047398,39,60.2132034355964,0,311.430797047398
11,225953,281.953988943318,39,60.2132034355964,0,281.953988943318
11,225954,252.571821012406,39,60.2132034355964,0,252.571821012406
11,226656,278.375435875541,39,60.2132034355964,0,278.375435875541
11,226657,248.570455959472,39,60.2132034355964,0,248.570455959472
11,226658,218.785812683412,39,60.2132034355964,0,218.785812683412
11,226659,189.031119302191,39,60.2132034355964,0,189.031119302191
11,227359,277.987604494445,39,60.2132034355964,0,277.987604494445
11,227360,248.135873903882,39,60.2132034355964,0,248.135873903882
11,227361,218.291770760536,39,60.2132034355964,0,218.291770760536
11,227362,188.458918712615,39,60.2132034355964,0,188.458918712615
11,227363,158.64366518109,39,60.2132034355964,0,158.64366518109
11,228064,221.866527597437,39,60.2132034355964,0,221.866527597437
11,228065,192.588051437418,39,60.2132034355964,0,192.588051437418
11,228066,163.527215665382,39,60.2132034355964,0,163.527215665382
11,228067,134.824827787092,39,60.2132034355964,0,134.824827787092
11,228068,106.77035791829,39,60.2132034355964,0,106.77035791829
11,228768,201.129173932542,39,60.2132034355964,0,201.129173932542
11,228769,173.504701841556,39,60.2132034355964,0,173.504701841556
11,228770,146.766547115918,39,60.2132034355964,0,146.766547115918
11,228771,121.501267403513,39,60.2132034355964,0,121.501267403513
11,228772,98.8448149726166,39,60.2132034355964,0,98.8448149726166
11,228773,81.0162807796803,39,60.2132034355964,0,81.0162807796803
11,228774,71.7117765343857,39,60.2132034355964,0,71.7117765343857
11,228775,74.2099782651815,39,60.2132034355964,0,74.2099782651815
11,229472,187.765828613933,39,60.2132034355964,0,187.765828613933
11,229473,163.37838918637,39,60.2132034355964,0,163.37838918637
11,229474,141.119099231356,39,60.2132034355964,0,141.119099231356
11,229475,122.156918509809,39,60.2132034355964,0,122.156918509809
11,229476,108.238790501791,39,60.2132034355964,0,108.238790501791
11,229477,101.462156768485,39,60.2132034355964,0,101.462156768485
11,229478,103.242981361226,39,60.2132034355964,0,103.242981361226
11,229479,113.178034979512,39,60.2132034355964,0,113.178034979512
11,230177,163.878112912648,39,60.2132034355964,0,163.878112912648
11,230178,147.863861607671,39,60.2132034355964,0,147.863861607671
11,230179,136.590729275766,39,60.2132034355964,0,136.590729275766
11,230180,131.285769051171,39,60.2132034355964,0,131.285769051171
11,230181,132.666872517379,39,60.2132034355964,0,132.666872517379
11,230182,140.537059341241,39,60.2132034355964,0,140.537059341241
11,230183,153.90403214303,39,60.2132034355964,0,153.90403214303
11,230184,171.487192664649,39,60.2132034355964,0,171.487192664649
11,230185,192.132463322541,39,60.2132034355964,0,192.132463322541
11,230186,214.959367680081,39,60.2132034355964,0,214.959367680081
11,230187,239.344513454515,39,60.2132034355964,0,239.344513454515
8,230306,3564.61077634747,12,33.2132034355964,0,3564.61077634747
11,230882,165.492635532525,39,60.2132034355964,0,165.492635532525
11,230883,161.141957885789,39,60.2132034355964,0,161.141957885789
11,230884,162.269154380167,39,60.2132034355964,0,162.269154380167
11,230885,168.764498728532,39,60.2132034355964,0,168.764498728532
11,230886,180.047947212532,39,60.2132034355964,0,180.047947212532
11,230887,195.291321505422,39,60.2132034355964,0,195.291321505422
11,230888,213.648699764146,39,60.2132034355964,0,213.648699764146
11,230889,234.389554508232,39,60.2132034355964,0,234.389554508232
11,230890,256.93732564577,39,60.2132034355964,0,256.93732564577
11,230891,280.857161295842,39,60.2132034355964,0,280.857161295842
8,230892,296.29953146987,12,33.2132034355964,0,296.29953146987
8,230893,303.681505194069,12,33.2132034355964,0,303.681505194069
8,230894,313.746854827684,12,33.2132034355964,0,313.746854827684
8,230969,2377.70066009834,12,33.2132034355964,0,2377.70066009834
8,230970,2407.35949753297,12,33.2132034355964,0,2407.35949753297
8,230971,2437.02372979592,12,33.2132034355964,0,2437.02372979592
8,231008,3537.15062670047,12,33.2132034355964,0,3537.15062670047
8,231009,3566.93030518167,12,33.2132034355964,0,3566.93030518167
8,231010,3596.71164201129,12,33.2132034355964,0,3596.71164201129
11,231587,191.967318572836,39,60.2132034355964,0,191.967318572836
11,231588,197.488330164335,39,60.2132034355964,0,197.488330164335
11,231589,207.213583092055,39,60.2132034355964,0,207.213583092055
11,231590,220.587707725892,39,60.2132034355964,0,220.587707725892
11,231591,236.993763412235,39,60.2132034355964,0,236.993763412235
11,231592,255.849155379764,39,60.2132034355964,0,255.849155379764
11,231593,276.653530675936,39,60.2132034355964,0,276.653530675936
11,231594,299.000336247586,39,60.2132034355964,0,299.000336247586
11,231595,322.569163793232,39,60.2132034355964,0,322.569163793232
8,231596,332.393775259196,12,33.2132034355964,0,332.393775259196
8,231597,341.614238033839,12,33.2132034355964,0,341.614238033839
8,231598,353.12965198758,12,33.2132034355964,0,353.12965198758
8,231673,2411.15607937502,12,33.2132034355964,0,2411.15607937502
8,231674,2440.77432846354,12,33.2132034355964,0,2440.77432846354
8,231675,2470.39887536354,12,33.2132034355964,0,2470.39887536354
8,231676,2500.02949618896,12,33.2132034355964,0,2500.02949618896
8,231712,3569.49898592818,12,33.2132034355964,0,3569.49898592818
8,231713,3599.25922845266,12,33.2132034355964,0,3599.25922845266
8,231714,3629.02143476538,12,33.2132034355964,0,3629.02143476538
8,231715,3658.78555694193,12,33.2132034355964,0,3658.78555694193
11,232292,235.046949091171,39,60.2132034355964,0,235.046949091171
11,232293,246.918138014535,39,60.2132034355964,0,246.918138014535
11,232294,261.678647234162,39,60.2132034355964,0,261.678647234162
11,232295,278.870060944033,39,60.2132034355964,0,278.870060944033
11,232296,298.072065610448,39,60.2132034355964,0,298.072065610448
11,232297,318.921699852646,39,60.2132034355964,0,318.921699852646
11,232298,341.116979802085,39,60.2132034355964,0,341.116979802085
8,232299,361.300678939616,12,33.2132034355964,0,361.300678939616
8,232300,369.801135581002,12,33.2132034355964,0,369.801135581002
8,232301,380.464435211063,12,33.2132034355964,0,380.464435211063
8,232377,2444.88514634842,12,33.2132034355964,0,2444.88514634842
8,232378,2474.46063688978,12,33.2132034355964,0,2474.46063688978
8,232379,2504.04335332338,12,33.2132034355964,0,2504.04335332338
8,232380,2533.63304254147,12,33.2132034355964,0,2533.63304254147
8,232416,3602.05340670694,12,33.2132034355964,0,3602.05340670694
8,232417,3631.79287461061,12,33.2132034355964,0,3631.79287461061
11,232997,287.358275461531,39,60.2132034355964,0,287.358275461531
11,232998,303.096725500165,39,60.2132034355964,0,303.096725500165
8,233004,408.160771441679,12,33.2132034355964,0,408.160771441679
8,233005,419.977596963822,12,33.2132034355964,0,419.977596963822
8,233081,2478.87669662775,12,33.2132034355964,0,2478.87669662775
8,233082,2508.40749127333,12,33.2132034355964,0,2508.40749127333
8,233083,2537.94645810715,12,33.2132034355964,0,2537.94645810715
8,233084,2567.49331506781,12,33.2132034355964,0,2567.49331506781
8,233707,436.149788219949,12,33.2132034355964,0,436.149788219949
8,233708,447.227746331269,12,33.2132034355964,0,447.227746331269
8,233709,459.98293768247,12,33.2132034355964,0,459.98293768247
8,233786,2542.60446149727,12,33.2132034355964,0,2542.60446149727
8,233787,2572.09796838014,12,33.2132034355964,0,2572.09796838014
8,233788,2601.60029532336,12,33.2132034355964,0,2601.60029532336
8,233789,2631.11114562927,12,33.2132034355964,0,2631.11114562927
8,234410,464.37856724982,12,33.2132034355964,0,464.37856724982
8,234411,474.798405391122,12,33.2132034355964,0,474.798405391122
8,234412,486.83183335504,12,33.2132034355964,0,486.83183335504
8,234413,500.362446970722,12,33.2132034355964,0,500.362446970722
8,234414,515.272315260521,12,33.2132034355964,0,515.272315260521
8,234490,2577.04159617518,12,33.2132034355964,0,2577.04159617518
8,234491,2606.48812549322,12,33.2132034355964,0,2606.48812549322
8,234492,2635.94441220294,12,33.2132034355964,0,2635.94441220294
8,234497,2783.36136050225,12,33.2132034355964,0,2783.36136050225
8,235115,514.019025438902,12,33.2132034355964,0,514.019025438902
8,235116,526.851947741117,12,33.2132034355964,0,526.851947741117
8,235117,541.032380682331,12,33.2132034355964,0,541.032380682331
8,235118,556.457316276058,12,33.2132034355964,0,556.457316276058
8,235162,1679.96940477159,12,33.2132034355964,0,1679.96940477159
8,235163,1708.67784201243,12,33.2132034355964,0,1708.67784201243
8,235164,1737.42579130877,12,33.2132034355964,0,1737.42579130877
8,235165,1766.21132329522,12,33.2132034355964,0,1766.21132329522
8,235199,2758.80401407435,12,33.2132034355964,0,2758.80401407435
8,235200,2788.25236370684,12,33.2132034355964,0,2788.25236370684
8,235201,2817.70980495225,12,33.2132034355964,0,2817.70980495225
8,235819,553.690134349172,12,33.2132034355964,0,553.690134349172
8,235820,567.200060434831,12,33.2132034355964,0,567.200060434831
8,235821,581.931875428463,12,33.2132034355964,0,581.931875428463
8,235822,597.795251004208,12,33.2132034355964,0,597.795251004208
8,235823,614.702588256243,12,33.2132034355964,0,614.702588256243
8,235866,1717.14704958497,12,33.2132034355964,0,1717.14704958497
8,235867,1745.75569198133,12,33.2132034355964,0,1745.75569198133
8,235868,1774.40624931294,12,33.2132034355964,0,1774.40624931294
8,235869,1803.0967235371,12,33.2132034355964,0,1803.0967235371
8,235902,2764.06202573835,12,33.2132034355964,0,2764.06202573835
8,235903,2793.45510393881,12,33.2132034355964,0,2793.45510393881
8,235904,2822.85841099022,12,33.2132034355964,0,2822.85841099022
8,235905,2852.27163055495,12,33.2132034355964,0,2852.27163055495
8,236524,607.810878461292,12,33.2132034355964,0,607.810878461292
8,236525,623.01574560361,12,33.2132034355964,0,623.01574560361
8,236526,639.25647402716,12,33.2132034355964,0,639.25647402716
8,236527,656.45618659514,12,33.2132034355964,0,656.45618659514
8,236528,674.541529686628,12,33.2132034355964,0,674.541529686628
8,236570,1754.55603654006,12,33.2132034355964,0,1754.55603654006
8,236571,1783.06534657515,12,33.2132034355964,0,1783.06534657515
8,236572,1811.61884509123,12,33.2132034355964,0,1811.61884509123
8,236573,1840.21447515388,12,33.2132034355964,0,1840.21447515388
8,236606,2798.96784282202,12,33.2132034355964,0,2798.96784282202
8,236607,2828.31399697646,12,33.2132034355964,0,2828.31399697646
8,236608,2857.67122158033,12,33.2132034355964,0,2857.67122158033
8,236609,2887.03917891633,12,33.2132034355964,0,2887.03917891633
8,237228,648.635082271155,12,33.2132034355964,0,648.635082271155
8,237229,664.249802934535,12,33.2132034355964,0,664.249802934535
8,237230,680.8184824756,12,33.2132034355964,0,680.8184824756
8,237231,698.273217373339,12,33.2132034355964,0,698.273217373339
8,237232,716.549259127534,12,33.2132034355964,0,716.549259127534
8,237274,1792.18188703349,12,33.2132034355964,0,1792.18188703349
8,237275,1820.59256255861,12,33.2132034355964,0,1820.59256255861
8,237276,1849.04957100595,12,33.2132034355964,0,1849.04957100595
8,237309,2804.78875247441,12,33.2132034355964,0,2804.78875247441
8,237310,2834.07479010597,12,33.2132034355964,0,2834.07479010597
8,237311,2863.37310880943,12,33.2132034355964,0,2863.37310880943
8,237312,2892.68333541723,12,33.2132034355964,0,2892.68333541723
8,237313,2922.00511158862,12,33.2132034355964,0,2922.00511158862
8,237932,689.634798531576,12,33.2132034355964,0,689.634798531576
8,237933,705.607738602145,12,33.2132034355964,0,705.607738602145
8,237934,722.463902533189,12,33.2132034355964,0,722.463902533189
8,237935,740.142948628729,12,33.2132034355964,0,740.142948628729
8,237936,758.587346718217,12,33.2132034355964,0,758.587346718217
8,237978,1830.01123255812,12,33.2132034355964,0,1830.01123255812
8,237979,1858.3241673622,12,33.2132034355964,0,1858.3241673622
8,238013,2840.13893317887,12,33.2132034355964,0,2840.13893317887
8,238014,2869.37549011537,12,33.2132034355964,0,2869.37549011537
8,238015,2898.62517942954,12,33.2132034355964,0,2898.62517942954
8,238016,2927.88760754045,12,33.2132034355964,0,2927.88760754045
8,238637,747.068998393432,12,33.2132034355964,0,747.068998393432
8,238638,764.179116167922,12,33.2132034355964,0,764.179116167922
8,238639,782.05693442909,12,33.2132034355964,0,782.05693442909
8,238640,800.651028640941,12,33.2132034355964,0,800.651028640941
8,238641,819.912668832371,12,33.2132034355964,0,819.912668832371
8,238682,1868.03171800055,12,33.2132034355964,0,1868.03171800055
8,238683,1896.24796782217,12,33.2132034355964,0,1896.24796782217
8,238716,2846.50448744144,12,33.2132034355964,0,2846.50448744144
8,238717,2875.67648384134,12,33.2132034355964,0,2875.67648384134
8,238718,2904.86288421098,12,33.2132034355964,0,2904.86288421098
8,238719,2934.06325869925,12,33.2132034355964,0,2934.06325869925
8,239342,805.953304050573,12,33.2132034355964,0,805.953304050573
8,239343,824.00843916119,12,33.2132034355964,0,824.00843916119
8,239344,842.736489537459,12,33.2132034355964,0,842.736489537459
8,239345,862.093601226383,12,33.2132034355964,0,862.093601226383
8,239346,882.038359280573,12,33.2132034355964,0,882.038359280573
8,239385,1878.16550958726,12,33.2132034355964,0,1878.16550958726
8,239386,1906.23191389474,12,33.2132034355964,0,1906.23191389474
8,239387,1934.35266719891,12,33.2132034355964,0,1934.35266719891
8,239420,2882.27413158159,12,33.2132034355964,0,2882.27413158159
8,239421,2911.3945481031,12,33.2132034355964,0,2911.3945481031
8,239422,2940.53021802531,12,33.2132034355964,0,2940.53021802531
8,239423,2969.68069239347,12,33.2132034355964,0,2969.68069239347
8,239424,2998.84553948576,12,33.2132034355964,0,2998.84553948576
8,239426,3057.2167062987,12,33.2132034355964,0,3057.2167062987
8,240047,865.992026878813,12,33.2132034355964,0,865.992026878813
8,240048,884.840638112576,12,33.2132034355964,0,884.840638112576
8,240049,904.283933397545,12,33.2132034355964,0,904.283933397545
8,240050,924.284384080885,12,33.2132034355964,0,924.284384080885
8,240051,944.806607837698,12,33.2132034355964,0,944.806607837698
8,240052,965.817344469695,12,33.2132034355964,0,965.817344469695
8,240053,987.285405870331,12,33.2132034355964,0,987.285405870331
8,240054,1009.18160680485,12,33.2132034355964,0,1009.18160680485
8,240055,1031.47868203137,12,33.2132034355964,0,1031.47868203137
8,240089,1916.63070441875,12,33.2132034355964,0,1916.63070441875
8,240090,1944.60123686662,12,33.2132034355964,0,1944.60123686662
8,240091,1972.62778971435,12,33.2132034355964,0,1972.62778971435
8,240092,2000.70800870692,12,33.2132034355964,0,2000.70800870692
8,240093,2028.83966553765,12,33.2132034355964,0,2028.83966553765
8,240094,2057.02064983004,12,33.2132034355964,0,2057.02064983004
8,240125,2947.2865679488,12,33.2132034355964,0,2947.2865679488
8,240126,2976.37102749192,12,33.2132034355964,0,2976.37102749192
8,240127,3005.47110880497,12,33.2132034355964,0,3005.47110880497
8,240128,3034.58636246985,12,33.2132034355964,0,3034.58636246985
8,240129,3063.71635593014,12,33.2132034355964,0,3063.71635593014
8,240130,3092.86067270121,12,33.2132034355964,0,3092.86067270121
8,240752,926.960943455023,12,33.2132034355964,0,926.960943455023
8,240753,946.482423578152,12,33.2132034355964,0,946.482423578152
8,240754,966.533542261831,12,33.2132034355964,0,966.533542261831
8,240755,987.082023551259,12,33.2132034355964,0,987.082023551259
8,240756,1008.09745403753,12,33.2132034355964,0,1008.09745403753
8,240757,1029.55123970552,12,33.2132034355964,0,1029.55123970552
8,240758,1051.41654744565,12,33.2132034355964,0,1051.41654744565
8,240795,2011.06361194003,12,33.2132034355964,0,2011.06361194003
8,240796,2039.05255308246,12,33.2132034355964,0,2039.05255308246
8,240797,2067.09445837004,12,33.2132034355964,0,2067.09445837004
8,240798,2095.18720119473,12,33.2132034355964,0,2095.18720119473
8,240799,2123.32876373205,12,33.2132034355964,0,2123.32876373205
8,240830,3012.37912544895,12,33.2132034355964,0,3012.37912544895
8,240831,3041.42840588624,12,33.2132034355964,0,3041.42840588624
8,240832,3070.49364489129,12,33.2132034355964,0,3070.49364489129
8,240833,3099.57439352094,12,33.2132034355964,0,3099.57439352094
8,240834,3128.67021929354,12,33.2132034355964,0,3128.67021929354
8,240835,3157.78070544762,12,33.2132034355964,0,3157.78070544762
8,241460,1050.37773604185,12,33.2132034355964,0,1050.37773604185
8,241461,1071.81837758351,12,33.2132034355964,0,1071.81837758351
8,241462,1093.65516183927,12,33.2132034355964,0,1093.65516183927
8,241463,1115.86483224515,12,33.2132034355964,0,1115.86483224515
8,241464,1138.42556498066,12,33.2132034355964,0,1138.42556498066
8,241500,2077.55010512445,12,33.2132034355964,0,2077.55010512445
8,241501,2105.503497354,12,33.2132034355964,0,2105.503497354
8,241502,2133.50913934646,12,33.2132034355964,0,2133.50913934646
8,241503,2161.56500023143,12,33.2132034355964,0,2161.56500023143
8,241534,3048.54858881749,12,33.2132034355964,0,3048.54858881749
8,241535,3077.5467389546,12,33.2132034355964,0,3077.5467389546
8,241536,3106.56161931485,12,33.2132034355964,0,3106.56161931485
8,241537,3135.59276546572,12,33.2132034355964,0,3135.59276546572
8,241538,3164.63972976118,12,33.2132034355964,0,3164.63972976118
8,241539,3193.70208059585,12,33.2132034355964,0,3193.70208059585
8,242166,1135.89705285782,12,33.2132034355964,0,1135.89705285782
8,242169,1203.40994339655,12,33.2132034355964,0,1203.40994339655
8,242204,2116.19232116839,12,33.2132034355964,0,2116.19232116839
8,242205,2144.05849965282,12,33.2132034355964,0,2144.05849965282
8,242206,2171.97824610713,12,33.2132034355964,0,2171.97824610713
8,242207,2199.94952101981,12,33.2132034355964,0,2199.94952101981
8,242239,3113.82050889791,12,33.2132034355964,0,3113.82050889791
8,242240,3142.78475782135,12,33.2132034355964,0,3142.78475782135
8,242241,3171.76601407935,12,33.2132034355964,0,3171.76601407935
8,242242,3200.76381569164,12,33.2132034355964,0,3200.76381569164
8,242243,3229.77771701042,12,33.2132034355964,0,3229.77771701042
8,242871,1200.27623185017,12,33.2132034355964,0,1200.27623185017
8,242872,1222.74017147368,12,33.2132034355964,0,1222.74017147368
8,242873,1245.51586609585,12,33.2132034355964,0,1245.51586609585
8,242874,1268.58652445138,12,33.2132034355964,0,1268.58652445138
8,242907,2127.24805710397,12,33.2132034355964,0,2127.24805710397
8,242908,2154.97142572047,12,33.2132034355964,0,2154.97142572047
8,242909,2182.75173722924,12,33.2132034355964,0,2182.75173722924
8,242910,2210.58684483265,12,33.2132034355964,0,2210.58684483265
8,242911,2238.47470438799,12,33.2132034355964,0,2238.47470438799
8,242912,2266.41336858408,12,33.2132034355964,0,2266.41336858408
8,242943,3150.24435092627,12,33.2132034355964,0,3150.24435092627
8,242944,3179.15776116118,12,33.2132034355964,0,3179.15776116118
8,242945,3208.08890485822,12,33.2132034355964,0,3208.08890485822
8,242946,3237.03730653487,12,33.2132034355964,0,3237.03730653487
8,242947,3266.0025072907,12,33.2132034355964,0,3266.0025072907
8,242948,3294.98406410036,12,33.2132034355964,0,3294.98406410036
8,243575,1242.48982109675,12,33.2132034355964,0,1242.48982109675
8,243576,1264.91007747234,12,33.2132034355964,0,1264.91007747234
8,243577,1287.6334159358,12,33.2132034355964,0,1287.6334159358
8,243578,1310.64407249303,12,33.2132034355964,0,1310.64407249303
8,243610,2138.66501495985,12,33.2132034355964,0,2138.66501495985
8,243611,2166.2424229273,12,33.2132034355964,0,2166.2424229273
8,243612,2193.88016643282,12,33.2132034355964,0,2193.88016643282
8,243613,2221.57599364303,12,33.2132034355964,0,2221.57599364303
8,243614,2249.32775901601,12,33.2132034355964,0,2249.32775901601
8,243615,2277.13341737407,12,33.2132034355964,0,2277.13341737407
8,243648,3215.67554838793,12,33.2132034355964,0,3215.67554838793
8,243649,3244.55641650649,12,33.2132034355964,0,3244.55641650649
8,243650,3273.45523998908,12,33.2132034355964,0,3273.45523998908
8,243651,3302.37154745822,12,33.2132034355964,0,3302.37154745822
8,243652,3331.30488361777,12,33.2132034355964,0,3331.30488361777
8,244280,1307.08731581749,12,33.2132034355964,0,1307.08731581749
8,244281,1329.7614989672,12,33.2132034355964,0,1329.7614989672
8,244282,1352.7157158481,12,33.2132034355964,0,1352.7157158481
8,244314,2177.86593195781,12,33.2132034355964,0,2177.86593195781
8,244315,2205.35816057933,12,33.2132034355964,0,2205.35816057933
8,244316,2232.91177299656,12,33.2132034355964,0,2232.91177299656
8,244317,2260.52452458454,12,33.2132034355964,0,2260.52452458454
8,244318,2288.19427436077,12,33.2132034355964,0,2288.19427436077
8,244319,2315.91897934448,12,33.2132034355964,0,2315.91897934448
8,244320,2343.69668925956,12,33.2132034355964,0,2343.69668925956
8,244351,3223.52189955688,12,33.2132034355964,0,3223.52189955688
8,244352,3252.33324695963,12,33.2132034355964,0,3252.33324695963
8,244353,3281.16373138842,12,33.2132034355964,0,3281.16373138842
8,244354,3310.01285278898,12,33.2132034355964,0,3310.01285278898
8,244355,3338.88012806747,12,33.2132034355964,0,3338.88012806747
8,244356,3367.76509039993,12,33.2132034355964,0,3367.76509039993
8,244984,1349.27120959073,12,33.2132034355964,0,1349.27120959073
8,244985,1371.8991553511,12,33.2132034355964,0,1371.8991553511
8,244986,1394.80018937945,12,33.2132034355964,0,1394.80018937945
8,245019,2244.58893116733,12,33.2132034355964,0,2244.58893116733
8,245020,2272.05991965159,12,33.2132034355964,0,2272.05991965159
8,245021,2299.5910217659,12,33.2132034355964,0,2299.5910217659
8,245022,2327.18010403163,12,33.2132034355964,0,2327.18010403163
8,245023,2354.82512856526,12,33.2132034355964,0,2354.82512856526
8,245024,2382.52414803235,12,33.2132034355964,0,2382.52414803235
8,245025,2410.27530089464,12,33.2132034355964,0,2410.27530089464
8,245056,3289.12618327984,12,33.2132034355964,0,3289.12618327984
8,245057,3317.90622640057,12,33.2132034355964,0,3317.90622640057
8,245058,3346.70557189851,12,33.2132034355964,0,3346.70557189851
8,245059,3375.52372572354,12,33.2132034355964,0,3375.52372572354
8,245060,3404.36021023091,12,33.2132034355964,0,3404.36021023091
8,245688,1391.46116385817,12,33.2132034355964,0,1391.46116385817
8,245689,1414.04553945005,12,33.2132034355964,0,1414.04553945005
8,245690,1436.89637579723,12,33.2132034355964,0,1436.89637579723
8,245724,2311.31869092609,12,33.2132034355964,0,2311.31869092609
8,245725,2338.76957988272,12,33.2132034355964,0,2338.76957988272
8,245726,2366.27935681081,12,33.2132034355964,0,2366.27935681081
8,245727,2393.84599151291,12,33.2132034355964,0,2393.84599151291
8,245728,2421.46754213809,12,33.2132034355964,0,2421.46754213809
8,245729,2449.14215065007,12,33.2132034355964,0,2449.14215065007
8,245760,3326.04987366844,12,33.2132034355964,0,3326.04987366844
8,245761,3354.77946424748,12,33.2132034355964,0,3354.77946424748
8,245762,3383.52900609936,12,33.2132034355964,0,3383.52900609936
8,245763,3412.29799493635,12,33.2132034355964,0,3412.29799493635
8,245764,3441.08594300186,12,33.2132034355964,0,3441.08594300186
8,246392,1433.6566536315,12,33.2132034355964,0,1433.6566536315
8,246393,1456.19990335578,12,33.2132034355964,0,1456.19990335578
8,246394,1479.00328472168,12,33.2132034355964,0,1479.00328472168
8,246395,1502.05495024401,12,33.2132034355964,0,1502.05495024401
8,246396,1525.34364342265,12,33.2132034355964,0,1525.34364342265
8,246429,2378.05466637693,12,33.2132034355964,0,2378.05466637693
8,246430,2405.48650789608,12,33.2132034355964,0,2405.48650789608
8,246431,2432.97605467341,12,33.2132034355964,0,2432.97605467341
8,246432,2460.52137261438,12,33.2132034355964,0,2460.52137261438
8,246464,3363.10001574058,12,33.2132034355964,0,3363.10001574058
8,246465,3391.77918513077,12,33.2132034355964,0,3391.77918513077
8,246466,3420.47893793597,12,33.2132034355964,0,3420.47893793597
8,246467,3449.19876035148,12,33.2132034355964,0,3449.19876035148
8,247097,1498.36158319717,12,33.2132034355964,0,1498.36158319717
8,247098,1521.12003519223,12,33.2132034355964,0,1521.12003519223
8,247099,1544.12133531829,12,33.2132034355964,0,1544.12133531829
8,247100,1567.35479205427,12,33.2132034355964,0,1567.35479205427
8,247134,2444.79637210632,12,33.2132034355964,0,2444.79637210632
8,247135,2472.21013863254,12,33.2132034355964,0,2472.21013863254
8,247136,2499.68046902199,12,33.2132034355964,0,2499.68046902199
8,247137,2527.20551875121,12,33.2132034355964,0,2527.20551875121
8,247138,2554.78351919517,12,33.2132034355964,0,2554.78351919517
8,247168,3400.27248020482,12,33.2132034355964,0,3400.27248020482
8,247169,3428.90129879285,12,33.2132034355964,0,3428.90129879285
8,247170,3457.55131604356,12,33.2132034355964,0,3457.55131604356
8,247171,3486.22200932326,12,33.2132034355964,0,3486.22200932326
8,247801,1540.52998766304,12,33.2132034355964,0,1540.52998766304
8,247802,1563.24584098462,12,33.2132034355964,0,1563.24584098462
8,247803,1586.1993237635,12,33.2132034355964,0,1586.1993237635
8,247814,1851.78034039759,12,33.2132034355964,0,1851.78034039759
8,247815,1876.91528600379,12,33.2132034355964,0,1876.91528600379
8,247816,1902.18752267939,12,33.2132034355964,0,1902.18752267939
8,247839,2511.54337425538,12,33.2132034355964,0,2511.54337425538
8,247840,2538.93996636609,12,33.2132034355964,0,2538.93996636609
8,247841,2566.39202064352,12,33.2132034355964,0,2566.39202064352
8,247842,2593.89777616674,12,33.2132034355964,0,2593.89777616674
8,247843,2621.45554254311,12,33.2132034355964,0,2621.45554254311
8,247844,2649.06369659627,12,33.2132034355964,0,2649.06369659627
8,247845,2676.72067919955,12,33.2132034355964,0,2676.72067919955
8,247873,3466.14187694494,12,33.2132034355964,0,3466.14187694494
8,247874,3494.74224780685,12,33.2132034355964,0,3494.74224780685
8,247875,3523.36388479705,12,33.2132034355964,0,3523.36388479705
8,248505,1582.70458836903,12,33.2132034355964,0,1582.70458836903
8,248508,1651.41898792186,12,33.2132034355964,0,1651.41898792186
8,248517,1868.23766982068,12,33.2132034355964,0,1868.23766982068
8,248518,1893.15426140426,12,33.2132034355964,0,1893.15426140426
8,248519,1918.21269740276,12,33.2132034355964,0,1918.21269740276
8,248520,1943.40749096541,12,33.2132034355964,0,1943.40749096541
8,248543,2550.97118076101,12,33.2132034355964,0,2550.97118076101
8,248544,2578.29528385579,12,33.2132034355964,0,2578.29528385579
8,248545,2605.6755371337,12,33.2132034355964,0,2605.6755371337
8,248546,2633.11018896794,12,33.2132034355964,0,2633.11018896794
8,248547,2660.59755657646,12,33.2132034355964,0,2660.59755657646
8,248548,2688.13602282885,12,33.2132034355964,0,2688.13602282885
8,248549,2715.72403324871,12,33.2132034355964,0,2715.72403324871
8,248577,3503.49714603769,12,33.2132034355964,0,3503.49714603769
8,248578,3532.04799235202,12,33.2132034355964,0,3532.04799235202
8,248579,3560.62067854263,12,33.2132034355964,0,3560.62067854263
8,249211,1670.38663752182,12,33.2132034355964,0,1670.38663752182
8,249212,1693.46997234369,12,33.2132034355964,0,1693.46997234369
8,249221,1909.72367572146,12,33.2132034355964,0,1909.72367572146
8,249222,1934.56763309506,12,33.2132034355964,0,1934.56763309506
8,249223,1959.55228930008,12,33.2132034355964,0,1959.55228930008
8,249224,1984.67233065424,12,33.2132034355964,0,1984.67233065424
8,249225,2009.92268102849,12,33.2132034355964,0,2009.92268102849
8,249226,2035.29849050004,12,33.2132034355964,0,2035.29849050004
8,249249,2645.05175117895,12,33.2132034355964,0,2645.05175117895
8,249250,2672.41644227619,12,33.2132034355964,0,2672.41644227619
8,249251,2699.83450482745,12,33.2132034355964,0,2699.83450482745
8,249252,2727.30432917654,12,33.2132034355964,0,2727.30432917654
8,249253,2754.82436689226,12,33.2132034355964,0,2754.82436689226
8,249254,2782.39312802325,12,33.2132034355964,0,2782.39312802325
8,249281,3540.96348035923,12,33.2132034355964,0,3540.96348035923
8,249282,3569.46495387339,12,33.2132034355964,0,3569.46495387339
8,249283,3597.98882466991,12,33.2132034355964,0,3597.98882466991
8,249284,3626.53456426427,12,33.2132034355964,0,3626.53456426427
8,249914,1689.67090211784,12,33.2132034355964,0,1689.67090211784
8,249915,1712.49443914344,12,33.2132034355964,0,1712.49443914344
8,249916,1735.53233863843,12,33.2132034355964,0,1735.53233863843
8,249917,1758.77617693134,12,33.2132034355964,0,1758.77617693134
8,249925,1951.24403780092,12,33.2132034355964,0,1951.24403780092
8,249926,1976.01798234582,12,33.2132034355964,0,1976.01798234582
8,249927,2000.93145453745,12,33.2132034355964,0,2000.93145453745
8,249928,2025.9793070662,12,33.2132034355964,0,2025.9793070662
8,249929,2051.15661694885,12,33.2132034355964,0,2051.15661694885
8,249930,2076.45867513507,12,33.2132034355964,0,2076.45867513507
8,249953,2684.51658912404,12,33.2132034355964,0,2684.51658912404
8,249954,2711.81246090597,12,33.2132034355964,0,2711.81246090597
8,249955,2739.16231292875,12,33.2132034355964,0,2739.16231292875
8,249956,2766.5645442711,12,33.2132034355964,0,2766.5645442711
8,249957,2794.0176138056,12,33.2132034355964,0,2794.0176138056
8,249958,2821.52003758148,12,33.2132034355964,0,2821.52003758148
8,249986,3606.98967525677,12,33.2132034355964,0,3606.98967525677
8,249987,3635.46489344985,12,33.2132034355964,0,3635.46489344985
8,249988,3663.96251523088,12,33.2132034355964,0,3663.96251523088
8,249989,3692.48202188763,12,33.2132034355964,0,3692.48202188763
8,250618,1731.82656593521,12,33.2132034355964,0,1731.82656593521
8,250619,1754.61077640358,12,33.2132034355964,0,1754.61077640358
8,250620,1777.60528695345,12,33.2132034355964,0,1777.60528695345
8,250621,1800.80204161367,12,33.2132034355964,0,1800.80204161367
8,250631,2042.34779484397,12,33.2132034355964,0,2042.34779484397
8,250632,2067.32590139242,12,33.2132034355964,0,2067.32590139242
8,250658,2751.29439403266,12,33.2132034355964,0,2751.29439403266
8,250659,2778.57712800181,12,33.2132034355964,0,2778.57712800181
8,250660,2805.91281530324,12,33.2132034355964,0,2805.91281530324
8,250661,2833.29992325395,12,33.2132034355964,0,2833.29992325395
8,250662,2860.73697503557,12,33.2132034355964,0,2860.73697503557
8,250691,3673.04558540204,12,33.2132034355964,0,3673.04558540204
8,250692,3701.49526156198,12,33.2132034355964,0,3701.49526156198
8,250693,3729.96733595916,12,33.2132034355964,0,3729.96733595916
8,250694,3758.46129956183,12,33.2132034355964,0,3758.46129956183
8,251323,1796.73505709029,12,33.2132034355964,0,1796.73505709029
8,251324,1819.68809121799,12,33.2132034355964,0,1819.68809121799
8,251325,1842.83979233871,12,33.2132034355964,0,1842.83979233871
8,251326,1866.18276652695,12,33.2132034355964,0,1866.18276652695
8,251327,1889.70992559641,12,33.2132034355964,0,1889.70992559641
8,251362,2790.85860056273,12,33.2132034355964,0,2790.85860056273
8,251363,2818.07530441419,12,33.2132034355964,0,2818.07530441419
8,251364,2845.34549416758,12,33.2132034355964,0,2845.34549416758
8,251365,2872.66764660112,12,33.2132034355964,0,2872.66764660112
8,251366,2900.04029304809,12,33.2132034355964,0,2900.04029304809
8,251396,3739.12965135925,12,33.2132034355964,0,3739.12965135925
8,252028,1861.78009084373,12,33.2132034355964,0,1861.78009084373
8,252029,1884.88864149106,12,33.2132034355964,0,1884.88864149106
8,252030,1908.18530325452,12,33.2132034355964,0,1908.18530325452
8,252031,1931.66327004973,12,33.2132034355964,0,1931.66327004973
8,252032,1955.31601096206,12,33.2132034355964,0,1955.31601096206
8,252066,2830.50163558606,12,33.2132034355964,0,2830.50163558606
8,252067,2857.65339057917,12,33.2132034355964,0,2857.65339057917
8,252068,2884.8591245952,12,33.2132034355964,0,2884.8591245952
8,252069,2912.11732477823,12,33.2132034355964,0,2912.11732477823
8,252070,2939.42653152034,12,33.2132034355964,0,2939.42653152034
8,252733,1926.94787000696,12,33.2132034355964,0,1926.94787000696
8,252734,1950.20009654522,12,33.2132034355964,0,1950.20009654522
8,252735,1973.63082302329,12,33.2132034355964,0,1973.63082302329
8,252736,1997.233767189,12,33.2132034355964,0,1997.233767189
8,252770,2870.220237828,12,33.2132034355964,0,2870.220237828
8,252771,2897.30811670594,12,33.2132034355964,0,2897.30811670594
8,252772,2924.45043019678,12,33.2132034355964,0,2924.45043019678
8,252773,2951.64567661252,12,33.2132034355964,0,2951.64567661252
8,252774,2978.89240623155,12,33.2132034355964,0,2978.89240623155
8,252775,3006.18921918951,12,33.2132034355964,0,3006.18921918951
8,253438,1992.22637818819,12,33.2132034355964,0,1992.22637818819
8,253439,2015.61170415708,12,33.2132034355964,0,2015.61170415708
8,253440,2039.16675083704,12,33.2132034355964,0,2039.16675083704
8,253474,2910.01131800672,12,33.2132034355964,0,2910.01131800672
8,253475,2937.03638341642,12,33.2132034355964,0,2937.03638341642
8,253476,2964.11630334442,12,33.2132034355964,0,2964.11630334442
8,253477,2991.24958799201,12,33.2132034355964,0,2991.24958799201
8,253478,3018.43479823881,12,33.2132034355964,0,3018.43479823881
8,253479,3045.6705436452,12,33.2132034355964,0,3045.6705436452
8,254142,2034.2634432567,12,33.2132034355964,0,2034.2634432567
8,254143,2057.60510466611,12,33.2132034355964,0,2057.60510466611
8,254144,2081.11404837146,12,33.2132034355964,0,2081.11404837146
8,254178,2949.87194803095,12,33.2132034355964,0,2949.87194803095
8,254179,2976.83525118018,12,33.2132034355964,0,2976.83525118018
8,254180,3003.85379485286,12,33.2132034355964,0,3003.85379485286
8,254181,3030.92610175428,12,33.2132034355964,0,3030.92610175428
8,254182,3058.05074402106,12,33.2132034355964,0,3058.05074402106
8,254183,3085.22634129103,12,33.2132034355964,0,3085.22634129103
8,254184,3112.45155885957,12,33.2132034355964,0,3112.45155885957
8,254846,2076.31064373221,12,33.2132034355964,0,2076.31064373221
8,254847,2099.61028023403,12,33.2132034355964,0,2099.61028023403
8,254848,2123.07481815488,12,33.2132034355964,0,2123.07481815488
8,254883,3016.70193049746,12,33.2132034355964,0,3016.70193049746
8,254884,3043.66010434763,12,33.2132034355964,0,3043.66010434763
8,254885,3070.67240828666,12,33.2132034355964,0,3070.67240828666
8,254886,3097.73742627168,12,33.2132034355964,0,3097.73742627168
8,254887,3124.85378859796,12,33.2132034355964,0,3124.85378859796
8,254888,3152.0201701391,12,33.2132034355964,0,3152.0201701391
8,254889,3179.23528866329,12,33.2132034355964,0,3179.23528866329
8,255550,2118.36738289125,12,33.2132034355964,0,2118.36738289125
8,255551,2141.62654474175,12,33.2132034355964,0,2141.62654474175
8,255552,2165.04828353459,12,33.2132034355964,0,2165.04828353459
8,255553,2188.62737978928,12,33.2132034355964,0,2188.62737978928
8,255554,2212.35880221474,12,33.2132034355964,0,2212.35880221474
8,255588,3083.5325713282,12,33.2132034355964,0,3083.5325713282
8,255589,3110.48583675791,12,33.2132034355964,0,3110.48583675791
8,255590,3137.49216531224,12,33.2132034355964,0,3137.49216531224
8,255591,3164.55019846531,12,33.2132034355964,0,3164.55019846531
8,255592,3191.65862120276,12,33.2132034355964,0,3191.65862120276
8,255593,3218.81616040476,12,33.2132034355964,0,3218.81616040476
8,255594,3246.02158328239,12,33.2132034355964,0,3246.02158328239
8,256254,2160.43311035036,12,33.2132034355964,0,2160.43311035036
8,256255,2183.6532646992,12,33.2132034355964,0,2183.6532646992
8,256256,2207.03372670671,12,33.2132034355964,0,2207.03372670671
8,256257,2230.56945542455,12,33.2132034355964,0,2230.56945542455
8,256258,2254.2555876329,12,33.2132034355964,0,2254.2555876329
8,256293,3150.36384693941,12,33.2132034355964,0,3150.36384693941
8,256294,3177.31241108956,12,33.2132034355964,0,3177.31241108956
8,256295,3204.31301238256,12,33.2132034355964,0,3204.31301238256
8,256296,3231.36434638708,12,33.2132034355964,0,3231.36434638708
8,256297,3258.46514956954,12,33.2132034355964,0,3258.46514956954
8,256298,3285.61419782121,12,33.2132034355964,0,3285.61419782121
10,256373,4901.78716687834,32,53.2132034355964,0,4901.78716687834
10,256374,4889.10417908306,32,53.2132034355964,0,4889.10417908306
8,256959,2225.68985430785,12,33.2132034355964,0,2225.68985430785
8,256960,2249.03048327469,12,33.2132034355964,0,2249.03048327469
8,256961,2272.52433335527,12,33.2132034355964,0,2272.52433335527
8,256962,2296.16670138561,12,33.2132034355964,0,2296.16670138561
8,256999,3244.13979309273,12,33.2132034355964,0,3244.13979309273
8,257000,3271.13490033528,12,33.2132034355964,0,3271.13490033528
8,257001,3298.17980391863,12,33.2132034355964,0,3298.17980391863
8,257002,3325.2732888366,12,33.2132034355964,0,3325.2732888366
10,257076,4874.75465275158,32,53.2132034355964,0,4874.75465275158
10,257077,4862.00107985289,32,53.2132034355964,0,4862.00107985289
10,257078,4849.39830138815,32,53.2132034355964,0,4849.39830138815
10,257079,4836.94749605236,32,53.2132034355964,0,4836.94749605236
8,257664,2291.03793737757,12,33.2132034355964,0,2291.03793737757
8,257665,2314.49132361247,12,33.2132034355964,0,2314.49132361247
8,257666,2338.09137912527,12,33.2132034355964,0,2338.09137912527
8,257667,2361.83370724611,12,33.2132034355964,0,2361.83370724611
8,257704,3310.96795128579,12,33.2132034355964,0,3310.96795128579
8,257705,3337.9577839384,12,33.2132034355964,0,3337.9577839384
8,257706,3364.99651018955,12,33.2132034355964,0,3364.99651018955
8,257707,3392.08296082782,12,33.2132034355964,0,3392.08296082782
10,257780,4834.93109780478,32,53.2132034355964,0,4834.93109780478
10,257781,4822.25750521235,32,53.2132034355964,0,4822.25750521235
10,257782,4809.73637440794,32,53.2132034355964,0,4809.73637440794
10,257783,4797.36889916704,32,53.2132034355964,0,4797.36889916704
10,257784,4785.15627088311,32,53.2132034355964,0,4785.15627088311
8,258368,2333.05551736027,12,33.2132034355964,0,2333.05551736027
8,258369,2356.46978518242,12,33.2132034355964,0,2356.46978518242
8,258370,2380.02891011172,12,33.2132034355964,0,2380.02891011172
8,258371,2403.72863288368,12,33.2132034355964,0,2403.72863288368
8,258372,2427.56483563591,12,33.2132034355964,0,2427.56483563591
8,258373,2451.53353739703,12,33.2132034355964,0,2451.53353739703
8,258408,3350.86127475566,12,33.2132034355964,0,3350.86127475566
8,258409,3377.79685667219,12,33.2132034355964,0,3377.79685667219
8,258410,3404.78162150918,12,33.2132034355964,0,3404.78162150918
8,258411,3431.81440907222,12,33.2132034355964,0,3431.81440907222
10,258486,4770.11949747765,32,53.2132034355964,0,4770.11949747765
10,258487,4757.83685851147,32,53.2132034355964,0,4757.83685851147
10,258488,4745.71079528711,32,53.2132034355964,0,4745.71079528711
8,259073,2398.45912175711,12,33.2132034355964,0,2398.45912175711
8,259074,2421.9786326223,12,33.2132034355964,0,2421.9786326223
8,259075,2445.6370964908,12,33.2132034355964,0,2445.6370964908
8,259076,2469.43051963319,12,33.2132034355964,0,2469.43051963319
8,259077,2493.35503840859,12,33.2132034355964,0,2493.35503840859
8,259078,2517.4069151661,12,33.2132034355964,0,2517.4069151661
8,259113,3417.69488992202,12,33.2132034355964,0,3417.69488992202
8,259114,3444.62648251384,12,33.2132034355964,0,3444.62648251384
8,259115,3471.60637457602,12,33.2132034355964,0,3471.60637457602
10,259189,4742.90217896217,32,53.2132034355964,0,4742.90217896217
10,259190,4730.5488054902,32,53.2132034355964,0,4730.5488054902
10,259191,4718.35254733729,32,53.2132034355964,0,4718.35254733729
10,259192,4706.31462598341,32,53.2132034355964,0,4706.31462598341
8,259778,2463.93992981332,12,33.2132034355964,0,2463.93992981332
8,259779,2487.5584196336,12,33.2132034355964,0,2487.5584196336
8,259780,2511.31037244802,12,33.2132034355964,0,2511.31037244802
8,259781,2535.1920370595,12,33.2132034355964,0,2535.1920370595
8,259782,2559.19978217356,12,33.2132034355964,0,2559.19978217356
8,259817,3457.64984681026,12,33.2132034355964,0,3457.64984681026
8,259818,3484.52904766344,12,33.2132034355964,0,3484.52904766344
8,259819,3511.45680409528,12,33.2132034355964,0,3511.45680409528
10,259893,4703.29265765146,32,53.2132034355964,0,4703.29265765146
10,259894,4691.02547028974,32,53.2132034355964,0,4691.02547028974
10,259895,4678.91717706849,32,53.2132034355964,0,4678.91717706849
10,259896,4666.96901472288,32,53.2132034355964,0,4666.96901472288
10,259897,4655.18221624687,32,53.2132034355964,0,4655.18221624687
8,260482,2505.91222598885,12,33.2132034355964,0,2505.91222598885
8,260483,2529.49196864741,12,33.2132034355964,0,2529.49196864741
8,260484,2553.20370250524,12,33.2132034355964,0,2553.20370250524
8,260485,2577.04378415366,12,33.2132034355964,0,2577.04378415366
8,260487,2625.09498478672,12,33.2132034355964,0,2625.09498478672
8,260488,2649.29937415466,12,33.2132034355964,0,2649.29937415466
8,260489,2673.61864530998,12,33.2132034355964,0,2673.61864530998
8,260521,3497.65978068429,12,33.2132034355964,0,3497.65978068429
8,260522,3524.4873611562,12,33.2132034355964,0,3524.4873611562
8,260523,3551.36373359014,12,33.2132034355964,0,3551.36373359014
10,260597,4663.73011208145,32,53.2132034355964,0,4663.73011208145
10,260598,4651.5507021285,32,53.2132034355964,0,4651.5507021285
10,260599,4639.5319987899,32,53.2132034355964,0,4639.5319987899
10,260600,4627.67525419599,32,53.2132034355964,0,4627.67525419599
10,260601,4615.98171638562,32,53.2132034355964,0,4615.98171638562
8,261190,2642.83286629138,12,33.2132034355964,0,2642.83286629138
8,261191,2666.87640159667,12,33.2132034355964,0,2666.87640159667
8,261192,2691.03696094381,12,33.2132034355964,0,2691.03696094381
8,261193,2715.31142053234,12,33.2132034355964,0,2715.31142053234
8,261201,2913.2630584353,12,33.2132034355964,0,2913.2630584353
8,261202,2938.43697338624,12,33.2132034355964,0,2938.43697338624
8,261203,2963.69837314305,12,33.2132034355964,0,2963.69837314305
8,261204,2989.04503962071,12,33.2132034355964,0,2989.04503962071
8,261225,3537.72283033455,12,33.2132034355964,0,3537.72283033455
8,261226,3564.49955221043,12,33.2132034355964,0,3564.49955221043
8,261227,3591.32528358405,12,33.2132034355964,0,3591.32528358405
10,261303,4600.19830481404,32,53.2132034355964,0,4600.19830481404
8,261895,2708.67358373927,12,33.2132034355964,0,2708.67358373927
8,261896,2732.79151698201,12,33.2132034355964,0,2732.79151698201
8,261897,2757.02237540566,12,33.2132034355964,0,2757.02237540566
8,261904,2929.56328018412,12,33.2132034355964,0,2929.56328018412
8,261905,2954.59845069011,12,33.2132034355964,0,2954.59845069011
8,261906,2979.72297506733,12,33.2132034355964,0,2979.72297506733
8,261907,3004.93461203181,12,33.2132034355964,0,3004.93461203181
8,261908,3030.23118724113,12,33.2132034355964,0,3030.23118724113
8,261929,3577.83721548983,12,33.2132034355964,0,3577.83721548983
8,261930,3604.5638306311,12,33.2132034355964,0,3604.5638306311
8,261931,3631.33965481661,12,33.2132034355964,0,3631.33965481661
8,262599,2750.48581773804,12,33.2132034355964,0,2750.48581773804
8,262600,2774.56228135654,12,33.2132034355964,0,2774.56228135654
8,262601,2798.75070226481,12,33.2132034355964,0,2798.75070226481
8,262602,2823.04820265153,12,33.2132034355964,0,2823.04820265153
8,262608,2970.97316657816,12,33.2132034355964,0,2970.97316657816
8,262609,2995.96050754469,12,33.2132034355964,0,2995.96050754469
8,262610,3021.03677398049,12,33.2132034355964,0,3021.03677398049
8,262611,3046.19976978451,12,33.2132034355964,0,3046.19976978451
8,262612,3071.44736335124,12,33.2132034355964,0,3071.44736335124
8,262633,3618.00123259622,12,33.2132034355964,0,3618.00123259622
8,263303,2792.31243259524,12,33.2132034355964,0,2792.31243259524
8,263304,2816.34853800029,12,33.2132034355964,0,2816.34853800029
8,263305,2840.4956405789,12,33.2132034355964,0,2840.4956405789
8,263306,2864.75093353082,12,33.2132034355964,0,2864.75093353082
8,263312,3012.40752734939,12,33.2132034355964,0,3012.40752734939
8,263313,3037.34814440783,12,33.2132034355964,0,3037.34814440783
8,263314,3062.37724981448,12,33.2132034355964,0,3062.37724981448
8,263315,3087.49269154547,12,33.2132034355964,0,3087.49269154547
8,263316,3112.69237973184,12,33.2132034355964,0,3112.69237973184
8,263340,3738.24671052876,12,33.2132034355964,0,3738.24671052876
8,264007,2834.15279669742,12,33.2132034355964,0,2834.15279669742
8,264008,2858.14961247022,12,33.2132034355964,0,2858.14961247022
8,264009,2882.25647357796,12,33.2132034355964,0,2882.25647357796
8,264010,2906.47064180725,12,33.2132034355964,0,2906.47064180725
8,264015,3029.0606220974,12,33.2132034355964,0,3029.0606220974
8,264016,3053.8653710299,12,33.2132034355964,0,3053.8653710299
8,264018,3103.7433412403,12,33.2132034355964,0,3103.7433412403
8,264042,3725.05241138082,12,33.2132034355964,0,3725.05241138082
8,264043,3751.68282196917,12,33.2132034355964,0,3751.68282196917
8,264044,3778.36188917837,12,33.2132034355964,0,3778.36188917837
8,264045,3805.08858955206,12,33.2132034355964,0,3805.08858955206
8,264712,2899.96486896948,12,33.2132034355964,0,2899.96486896948
8,264713,2924.03252517448,12,33.2132034355964,0,2924.03252517448
8,264714,2948.20661163807,12,33.2132034355964,0,2948.20661163807
8,264715,2972.48453168677,12,33.2132034355964,0,2972.48453168677
8,264719,3070.5851318366,12,33.2132034355964,0,3070.5851318366
8,264746,3765.30860858862,12,33.2132034355964,0,3765.30860858862
8,264747,3791.89195108179,12,33.2132034355964,0,3791.89195108179
8,264748,3818.52409562458,12,33.2132034355964,0,3818.52409562458
8,264749,3845.20402819834,12,33.2132034355964,0,3845.20402819834
8,264750,3871.93076093971,12,33.2132034355964,0,3871.93076093971
8,264751,3898.70333135921,12,33.2132034355964,0,3898.70333135921
8,265416,2941.79370764255,12,33.2132034355964,0,2941.79370764255
8,265417,2965.82315713322,12,33.2132034355964,0,2965.82315713322
8,265418,2989.9581668732,12,33.2132034355964,0,2989.9581668732
8,265419,3014.19620116859,12,33.2132034355964,0,3014.19620116859
8,265450,3805.60901369593,12,33.2132034355964,0,3805.60901369593
8,265451,3832.14597278773,12,33.2132034355964,0,3832.14597278773
8,265452,3858.73186518893,12,33.2132034355964,0,3858.73186518893
8,265453,3885.36568641168,12,33.2132034355964,0,3885.36568641168
8,265454,3912.04645753057,12,33.2132034355964,0,3912.04645753057
8,265455,3938.77322445065,12,33.2132034355964,0,3938.77322445065
8,265456,3965.5450571678,12,33.2132034355964,0,3965.5450571678
8,266120,2983.63556208279,12,33.2132034355964,0,2983.63556208279
8,266121,3007.6277664701,12,33.2132034355964,0,3007.6277664701
8,266122,3031.72466836855,12,33.2132034355964,0,3031.72466836855
8,266123,3055.92379105893,12,33.2132034355964,0,3055.92379105893
8,266124,3080.22272531387,12,33.2132034355964,0,3080.22272531387
8,266155,3872.4434908394,12,33.2132034355964,0,3872.4434908394
8,266156,3898.98379198209,12,33.2132034355964,0,3898.98379198209
8,266157,3925.57214927551,12,33.2132034355964,0,3925.57214927551
8,266158,3952.20759283354,12,33.2132034355964,0,3952.20759283354
8,266159,3978.88917703884,12,33.2132034355964,0,3978.88917703884
8,266160,4005.61597985779,12,33.2132034355964,0,4005.61597985779
8,266825,3049.44578307192,12,33.2132034355964,0,3049.44578307192
8,266826,3073.50551148696,12,33.2132034355964,0,3073.50551148696
8,266827,3097.66666263877,12,33.2132034355964,0,3097.66666263877
8,266860,3939.27852605114,12,33.2132034355964,0,3939.27852605114
8,266861,3965.82205770701,12,33.2132034355964,0,3965.82205770701
8,266862,3992.41279920189,12,33.2132034355964,0,3992.41279920189
8,266863,4019.04981348935,12,33.2132034355964,0,4019.04981348935
8,266864,4045.73218659378,12,33.2132034355964,0,4045.73218659378
8,266865,4072.45902695258,12,33.2132034355964,0,4072.45902695258
8,267529,3091.27666749074,12,33.2132034355964,0,3091.27666749074
8,267530,3115.30012383318,12,33.2132034355964,0,3115.30012383318
8,267531,3139.42421093351,12,33.2132034355964,0,3139.42421093351
8,267565,4006.11410579584,12,33.2132034355964,0,4006.11410579584
8,267566,4032.66076206186,12,33.2132034355964,0,4032.66076206186
8,267567,4059.25381110426,12,33.2132034355964,0,4059.25381110426
8,267568,4085.89234707791,12,33.2132034355964,0,4085.89234707791
8,267569,4112.57548607818,12,33.2132034355964,0,4112.57548607818
8,268233,3133.1199089291,12,33.2132034355964,0,3133.1199089291
8,268234,3157.10796313379,12,33.2132034355964,0,3157.10796313379
8,268235,3181.19586251749,12,33.2132034355964,0,3181.19586251749
8,268236,3205.38135612077,12,33.2132034355964,0,3205.38135612077
8,268270,4072.95021742639,12,33.2132034355964,0,4072.95021742639
8,268271,4099.49989766475,12,33.2132034355964,0,4099.49989766475
8,268272,4126.09518136974,12,33.2132034355964,0,4126.09518136974
8,268273,4152.73519237027,12,33.2132034355964,0,4152.73519237027
8,268274,4179.41907537924,12,33.2132034355964,0,4179.41907537924
8,268938,3198.92851529408,12,33.2132034355964,0,3198.92851529408
8,268939,3222.98107350549,12,33.2132034355964,0,3222.98107350549
8,268940,3247.13049655582,12,33.2132034355964,0,3247.13049655582
8,268973,4086.81964828986,12,33.2132034355964,0,4086.81964828986
8,268974,4113.27994954565,12,33.2132034355964,0,4113.27994954565
8,268975,4139.78684911365,12,33.2132034355964,0,4139.78684911365
8,268976,4166.33945759648,12,33.2132034355964,0,4166.33945759648
8,268977,4192.93690661329,12,33.2132034355964,0,4192.93690661329
8,269642,3240.76129260234,12,33.2132034355964,0,3240.76129260234
8,269643,3264.77932768512,12,33.2132034355964,0,3264.77932768512
8,269644,3288.89350363024,12,33.2132034355964,0,3288.89350363024
8,269645,3313.10172117218,12,33.2132034355964,0,3313.10172117218
8,269678,4153.64878869266,12,33.2132034355964,0,4153.64878869266
8,269679,4180.11348736356,12,33.2132034355964,0,4180.11348736356
8,269680,4206.62398977837,12,33.2132034355964,0,4206.62398977837
8,269681,4233.17943538624,12,33.2132034355964,0,4233.17943538624
8,269682,4259.77898366424,12,33.2132034355964,0,4259.77898366424
8,269683,4286.42181356521,12,33.2132034355964,0,4286.42181356521
8,270346,3282.60583206729,12,33.2132034355964,0,3282.60583206729
8,270347,3306.59013478326,12,33.2132034355964,0,3306.59013478326
8,270348,3330.66986005158,12,33.2132034355964,0,3330.66986005158
8,270349,3354.84295315976,12,33.2132034355964,0,3354.84295315976
8,270382,4194.05560906007,12,33.2132034355964,0,4194.05560906007
8,270383,4220.4786782116,12,33.2132034355964,0,4220.4786782116
8,270384,4246.94763575846,12,33.2132034355964,0,4246.94763575846
8,270385,4273.46162903267,12,33.2132034355964,0,4273.46162903267
8,270386,4300.01982495709,12,33.2132034355964,0,4300.01982495709
8,271050,3324.46169388422,12,33.2132034355964,0,3324.46169388422
8,271051,3348.41302887011,12,33.2132034355964,0,3348.41302887011
8,271052,3372.45907400406,12,33.2132034355964,0,3372.45907400406
8,271053,3396.59781779566,12,33.2132034355964,0,3396.59781779566
8,271054,3420.82729788779,12,33.2132034355964,0,3420.82729788779
8,271086,4234.49932677238,12,33.2132034355964,0,4234.49932677238
8,271087,4260.88132936148,12,33.2132034355964,0,4260.88132936148
8,271088,4287.30929526777,12,33.2132034355964,0,4287.30929526777
8,271089,4313.78237971793,12,33.2132034355964,0,4313.78237971793
8,271755,3390.24756687862,12,33.2132034355964,0,3390.24756687862
8,271756,3414.2606775956,12,33.2132034355964,0,3414.2606775956
8,271757,3438.36582261707,12,33.2132034355964,0,3438.36582261707
8,271758,3462.56107981245,12,33.2132034355964,0,3462.56107981245
8,271759,3486.84457331186,12,33.2132034355964,0,3486.84457331186
8,271760,3511.21447239105,12,33.2132034355964,0,3511.21447239105
8,271761,3535.66899037814,12,33.2132034355964,0,3535.66899037814
10,271877,3894.13231247169,32,53.2132034355964,0,3894.13231247169
10,271878,3886.90345001964,32,53.2132034355964,0,3886.90345001964
10,271879,3879.89154536355,32,53.2132034355964,0,3879.89154536355
8,272459,3432.09332721624,12,33.2132034355964,0,3432.09332721624
8,272460,3456.07422543694,12,33.2132034355964,0,3456.07422543694
8,272461,3480.14649865223,12,33.2132034355964,0,3480.14649865223
8,272462,3504.3082638033,12,33.2132034355964,0,3504.3082638033
8,272463,3528.55768250282,12,33.2132034355964,0,3528.55768250282
8,272464,3552.89295997737,12,33.2132034355964,0,3552.89295997737
8,272465,3577.31234402107,12,33.2132034355964,0,3577.31234402107
8,272466,3601.81412396721,12,33.2132034355964,0,3601.81412396721
8,272467,3626.39662969323,12,33.2132034355964,0,3626.39662969323
10,272580,3865.14294435334,32,53.2132034355964,0,3865.14294435334
10,272581,3857.85972272662,32,53.2132034355964,0,3857.85972272662
8,273165,3521.93939903929,12,33.2132034355964,0,3521.93939903929
8,273166,3546.06838058568,12,33.2132034355964,0,3546.06838058568
8,273167,3570.28443600877,12,33.2132034355964,0,3570.28443600877
8,273168,3594.58580550852,12,33.2132034355964,0,3594.58580550852
8,273169,3618.97077043113,12,33.2132034355964,0,3618.97077043113
8,273170,3643.43765230576,12,33.2132034355964,0,3643.43765230576
8,273171,3667.98481187442,12,33.2132034355964,0,3667.98481187442
8,273872,3636.29251907292,12,33.2132034355964,0,3636.29251907292
8,273873,3660.64375896216,12,33.2132034355964,0,3660.64375896216
8,273874,3685.07643751275,12,33.2132034355964,0,3685.07643751275
8,273875,3709.58894557377,12,33.2132034355964,0,3709.58894557377
8,273876,3734.17971105649,12,33.2132034355964,0,3734.17971105649
8,274577,3702.33082177813,12,33.2132034355964,0,3702.33082177813
8,274578,3726.72997206555,12,33.2132034355964,0,3726.72997206555
8,274579,3751.20850388839,12,33.2132034355964,0,3751.20850388839
8,274580,3775.76487333775,12,33.2132034355964,0,3775.76487333775
10,274701,3703.81927007732,32,53.2132034355964,0,3703.81927007732
10,274703,3694.65559058751,32,53.2132034355964,0,3694.65559058751
8,275282,3768.39777070048,12,33.2132034355964,0,3768.39777070048
8,275283,3792.84298284691,12,33.2132034355964,0,3792.84298284691
8,275284,3817.36561264186,12,33.2132034355964,0,3817.36561264186
8,275285,3841.96417765311,12,33.2132034355964,0,3841.96417765311
10,275403,3679.27658273936,32,53.2132034355964,0,3679.27658273936
10,275404,3674.30201188387,32,53.2132034355964,0,3674.30201188387
10,275405,3669.56433874429,32,53.2132034355964,0,3669.56433874429
10,275406,3665.0644820041,32,53.2132034355964,0,3665.0644820041
10,275407,3660.80331863452,32,53.2132034355964,0,3660.80331863452
10,275408,3656.78168306742,32,53.2132034355964,0,3656.78168306742
8,275986,3810.07936921684,12,33.2132034355964,0,3810.07936921684
8,275987,3834.49190018986,12,33.2132034355964,0,3834.49190018986
8,275988,3858.98142893537,12,33.2132034355964,0,3858.98142893537
8,275989,3883.54649881735,12,33.2132034355964,0,3883.54649881735
10,276109,3635.47861704052,32,53.2132034355964,0,3635.47861704052
10,276110,3631.18271192751,32,53.2132034355964,0,3631.18271192751
10,276111,3627.12821235729,32,53.2132034355964,0,3627.12821235729
10,276112,3623.31592873127,32,53.2132034355964,0,3623.31592873127
10,276113,3619.74662634841,32,53.2132034355964,0,3619.74662634841
8,276690,3851.77432335338,12,33.2132034355964,0,3851.77432335338
8,276691,3876.15479421859,12,33.2132034355964,0,3876.15479421859
8,276692,3900.61184334316,12,33.2132034355964,0,3900.61184334316
8,276693,3925.14403927599,12,33.2132034355964,0,3925.14403927599
10,276817,3586.68325823265,32,53.2132034355964,0,3586.68325823265
10,276818,3583.57644436604,32,53.2132034355964,0,3583.57644436604
10,276819,3580.71662506529,32,53.2132034355964,0,3580.71662506529
10,276820,3578.10439256485,32,53.2132034355964,0,3578.10439256485
8,277395,3917.83122272743,12,33.2132034355964,0,3917.83122272743
8,277396,3942.25639705219,12,33.2132034355964,0,3942.25639705219
8,277397,3966.75632387602,12,33.2132034355964,0,3966.75632387602
10,277522,3550.93177626187,32,53.2132034355964,0,3550.93177626187
8,278098,3935.20261492371,12,33.2132034355964,0,3935.20261492371
8,278099,3959.52076197481,12,33.2132034355964,0,3959.52076197481
8,278100,3983.9146502808,12,33.2132034355964,0,3983.9146502808
8,278101,4008.3828970187,12,33.2132034355964,0,4008.3828970187
10,278133,4665.66591688226,32,53.2132034355964,0,4665.66591688226
10,278134,4645.99103982591,32,53.2132034355964,0,4645.99103982591
8,278803,4001.22300575963,12,33.2132034355964,0,4001.22300575963
8,278804,4025.58618130695,12,33.2132034355964,0,4025.58618130695
8,278805,4050.02332168997,12,33.2132034355964,0,4050.02332168997
10,278837,4623.46687128015,32,53.2132034355964,0,4623.46687128015
10,278839,4584.25532095932,32,53.2132034355964,0,4584.25532095932
8,279507,4042.93756450946,12,33.2132034355964,0,4042.93756450946
8,279508,4067.27058555952,12,33.2132034355964,0,4067.27058555952
8,279509,4091.67717851998,12,33.2132034355964,0,4091.67717851998
8,279510,4116.15603466208,12,33.2132034355964,0,4116.15603466208
10,279541,4581.2693557249,32,53.2132034355964,0,4581.2693557249
10,279542,4561.62224054165,32,53.2132034355964,0,4561.62224054165
10,279543,4542.08698045571,32,53.2132034355964,0,4542.08698045571
8,280211,4084.66406445541,12,33.2132034355964,0,4084.66406445541
8,280212,4108.9674747628,12,33.2132034355964,0,4108.9674747628
8,280213,4133.34406490533,12,33.2132034355964,0,4133.34406490533
8,280214,4157.79254774932,12,33.2132034355964,0,4157.79254774932
10,280245,4539.07341607012,32,53.2132034355964,0,4539.07341607012
10,280246,4519.44058394708,32,53.2132034355964,0,4519.44058394708
10,280247,4499.92078082657,32,53.2132034355964,0,4499.92078082657
8,280916,4150.67647612533,12,33.2132034355964,0,4150.67647612533
8,280917,4175.02359419389,12,33.2132034355964,0,4175.02359419389
8,280918,4199.44223502514,12,33.2132034355964,0,4199.44223502514
8,280919,4223.93115819688,12,33.2132034355964,0,4223.93115819688
10,280949,4496.87909989076,32,53.2132034355964,0,4496.87909989076
10,280950,4477.26082926616,32,53.2132034355964,0,4477.26082926616
10,280951,4457.75678606323,32,53.2132034355964,0,4457.75678606323
8,281620,4192.3972315833,12,33.2132034355964,0,4192.3972315833
8,281621,4216.71539490376,12,33.2132034355964,0,4216.71539490376
8,281622,4241.10471175892,12,33.2132034355964,0,4241.10471175892
8,281623,4265.56396163658,12,33.2132034355964,0,4265.56396163658
10,281653,4454.68645655994,32,53.2132034355964,0,4454.68645655994
10,281654,4435.0830340201,32,53.2132034355964,0,4435.0830340201
10,281655,4415.5950625988,32,53.2132034355964,0,4415.5950625988
8,282324,4234.12939708877,12,33.2132034355964,0,4234.12939708877
8,282325,4258.41910999656,12,33.2132034355964,0,4258.41910999656
8,282326,4282.77960807135,12,33.2132034355964,0,4282.77960807135
8,282327,4307.20969028643,12,33.2132034355964,0,4307.20969028643
10,282357,4412.49553733737,32,53.2132034355964,0,4412.49553733737
10,282358,4392.90725793604,32,53.2132034355964,0,4392.90725793604
10,282359,4373.43567942667,32,53.2132034355964,0,4373.43567942667
8,283029,4300.13439617561,12,33.2132034355964,0,4300.13439617561
8,283030,4324.46656823624,12,33.2132034355964,0,4324.46656823624
8,283031,4348.86797613647,12,33.2132034355964,0,4348.86797613647
8,283032,4373.33746095377,12,33.2132034355964,0,4373.33746095377
10,283061,4370.30639546271,32,53.2132034355964,0,4370.30639546271
10,283062,4350.73356305707,32,53.2132034355964,0,4350.73356305707
10,283063,4331.2787082186,32,53.2132034355964,0,4331.2787082186
8,283733,4341.86092324956,12,33.2132034355964,0,4341.86092324956
8,283734,4366.16525000679,12,33.2132034355964,0,4366.16525000679
8,283735,4390.53846503466,12,33.2132034355964,0,4390.53846503466
8,283742,4562.98672192589,12,33.2132034355964,0,4562.98672192589
10,283765,4328.11908625084,32,53.2132034355964,0,4328.11908625084
10,283766,4308.56201384946,32,53.2132034355964,0,4308.56201384946
10,283767,4289.12422346186,32,53.2132034355964,0,4289.12422346186
8,284437,4383.59837350746,12,33.2132034355964,0,4383.59837350746
8,284438,4407.87532399303,12,33.2132034355964,0,4407.87532399303
8,284440,4456.6337263932,12,33.2132034355964,0,4456.6337263932
8,284442,4505.65741543025,12,33.2132034355964,0,4505.65741543025
8,284443,4530.26605291815,12,33.2132034355964,0,4530.26605291815
8,284444,4554.9378254646,12,33.2132034355964,0,4554.9378254646
8,284445,4579.67171270308,12,33.2132034355964,0,4579.67171270308
8,284446,4604.46671364155,12,33.2132034355964,0,4604.46671364155
10,284469,4285.93366718679,32,53.2132034355964,0,4285.93366718679
10,284470,4266.392677323,32,53.2132034355964,0,4266.392677323
10,284471,4246.97230259817,32,53.2132034355964,0,4246.97230259817
8,285142,4449.5964730693,12,33.2132034355964,0,4449.5964730693
8,285143,4473.9147008478,12,33.2132034355964,0,4473.9147008478
8,285144,4498.30001845635,12,33.2132034355964,0,4498.30001845635
8,285145,4522.75134071093,12,33.2132034355964,0,4522.75134071093
8,285146,4547.26760286322,12,33.2132034355964,0,4547.26760286322
8,285147,4571.8477601998,12,33.2132034355964,0,4571.8477601998
8,285148,4596.4907876667,12,33.2132034355964,0,4596.4907876667
10,285173,4243.75019804151,32,53.2132034355964,0,4243.75019804151
10,285174,4224.22562316697,32,53.2132034355964,0,4224.22562316697
10,285175,4204.82302616936,32,53.2132034355964,0,4204.82302616936
8,285846,4491.32839180681,12,33.2132034355964,0,4491.32839180681
8,285847,4515.61980314371,12,33.2132034355964,0,4515.61980314371
8,285848,4539.97797659053,12,33.2132034355964,0,4539.97797659053
8,285849,4564.4018433106,12,33.2132034355964,0,4564.4018433106
8,285850,4588.8903543635,12,33.2132034355964,0,4588.8903543635
8,285851,4613.44248034096,12,33.2132034355964,0,4613.44248034096
8,285852,4638.05721097903,12,33.2132034355964,0,4638.05721097903
8,285853,4662.73355480219,12,33.2132034355964,0,4662.73355480219
10,285854,4680.62915534791,32,53.2132034355964,0,4680.62915534791
10,285877,4201.56874098416,32,53.2132034355964,0,4201.56874098416
10,285878,4182.06092386872,32,53.2132034355964,0,4182.06092386872
10,285879,4162.67647797258,32,53.2132034355964,0,4162.67647797258
8,286555,4655.04986761042,12,33.2132034355964,0,4655.04986761042
8,286556,4679.63673978142,12,33.2132034355964,0,4679.63673978142
10,286557,4660.38618091623,32,53.2132034355964,0,4660.38618091623
10,286558,4638.37506659962,32,53.2132034355964,0,4638.37506659962
10,286581,4159.38936070163,32,53.2132034355964,0,4159.38936070163
10,286582,4139.89865487226,32,53.2132034355964,0,4139.89865487226
10,286583,4120.53274523028,32,53.2132034355964,0,4120.53274523028
10,287259,4662.44187472221,32,53.2132034355964,0,4662.44187472221
10,287260,4640.24771041671,32,53.2132034355964,0,4640.24771041671
10,287261,4618.14049327127,32,53.2132034355964,0,4618.14049327127
10,287262,4596.12147792858,32,53.2132034355964,0,4596.12147792858
10,287285,4117.21212453271,32,53.2132034355964,0,4117.21212453271
10,287286,4097.73889472001,32,53.2132034355964,0,4097.73889472001
10,287287,4078.3919187635,32,53.2132034355964,0,4078.3919187635
10,287963,4620.21511037463,32,53.2132034355964,0,4620.21511037463
10,287964,4598.01145780321,32,53.2132034355964,0,4598.01145780321
10,287965,4575.89546410139,32,53.2132034355964,0,4575.89546410139
10,287966,4553.86840642316,32,53.2132034355964,0,4553.86840642316
10,287989,4075.03710259301,32,53.2132034355964,0,4075.03710259301
10,287990,4055.58172521177,32,53.2132034355964,0,4055.58172521177
10,287991,4036.25409317878,32,53.2132034355964,0,4036.25409317878
10,288666,4600.28976387466,32,53.2132034355964,0,4600.28976387466
10,288667,4577.98935232024,32,53.2132034355964,0,4577.98935232024
10,288668,4555.77604259365,32,53.2132034355964,0,4555.77604259365
10,288669,4533.65111500089,32,53.2132034355964,0,4533.65111500089
10,288670,4511.61586981678,32,53.2132034355964,0,4511.61586981678
10,288671,4489.67162752494,32,53.2132034355964,0,4489.67162752494
10,288693,4032.86436793383,32,53.2132034355964,0,4032.86436793383
10,288694,4013.42723158614,32,53.2132034355964,0,4013.42723158614
10,288695,3994.11936707301,32,53.2132034355964,0,3994.11936707301
10,289370,4558.07558594563,32,53.2132034355964,0,4558.07558594563
10,289371,4535.76463184839,32,53.2132034355964,0,4535.76463184839
10,289372,4513.54149149502,32,53.2132034355964,0,4513.54149149502
10,289373,4491.40746837182,32,53.2132034355964,0,4491.40746837182
10,289374,4469.36388651214,32,53.2132034355964,0,4469.36388651214
10,289397,3990.69399668804,32,53.2132034355964,0,3990.69399668804
10,289398,3971.27550269124,32,53.2132034355964,0,3971.27550269124
10,289399,3951.98784323476,32,53.2132034355964,0,3951.98784323476
10,290075,4493.54098142147,32,53.2132034355964,0,4493.54098142147
10,290076,4471.30783222187,32,53.2132034355964,0,4471.30783222187
10,290077,4449.16454747337,32,53.2132034355964,0,4449.16454747337
10,290078,4427.1124756121,32,53.2132034355964,0,4427.1124756121
10,290101,3948.52606823896,32,53.2132034355964,0,3948.52606823896
10,290102,3929.12663118318,32,53.2132034355964,0,3929.12663118318
10,290103,3909.85962887684,32,53.2132034355964,0,3909.85962887684
10,290110,3778.86719420187,32,53.2132034355964,0,3778.86719420187
10,290779,4451.31843473367,32,53.2132034355964,0,4451.31843473367
10,290780,4429.07509355043,32,53.2132034355964,0,4429.07509355043
10,290781,4406.92237645015,32,53.2132034355964,0,4406.92237645015
10,290782,4384.8616569594,32,53.2132034355964,0,4384.8616569594
10,290785,4319.24555121847,32,53.2132034355964,0,4319.24555121847
10,290805,3906.36066538989,32,53.2132034355964,0,3906.36066538989
10,290806,3886.98071372764,32,53.2132034355964,0,3886.98071372764
10,290807,3867.7348358791,32,53.2132034355964,0,3867.7348358791
10,290812,3773.58785301751,32,53.2132034355964,0,3773.58785301751
10,290813,3755.18955609571,32,53.2132034355964,0,3755.18955609571
10,290814,3736.93995014516,32,53.2132034355964,0,3736.93995014516
10,291483,4409.09702677335,32,53.2132034355964,0,4409.09702677335
10,291484,4386.84330535927,32,53.2132034355964,0,4386.84330535927
10,291485,4364.68098038637,32,53.2132034355964,0,4364.68098038637
10,291486,4342.6114511669,32,53.2132034355964,0,4342.6114511669
10,291487,4320.63613968496,32,53.2132034355964,0,4320.63613968496
10,291488,4298.75649086945,32,53.2132034355964,0,4298.75649086945
10,291489,4276.97397286344,32,53.2132034355964,0,4276.97397286344
10,291509,3864.197874554,32,53.2132034355964,0,3864.197874554
10,291510,3844.83785122986,32,53.2132034355964,0,3844.83785122986
10,291511,3825.61358103439,32,53.2132034355964,0,3825.61358103439
10,291516,3731.60144260791,32,53.2132034355964,0,3731.60144260791
10,291517,3713.23580982781,32,53.2132034355964,0,3713.23580982781
10,291518,3695.0208812581,32,53.2132034355964,0,3695.0208812581
10,292187,4366.87679387446,32,53.2132034355964,0,4366.87679387446
10,292188,4344.61249869366,32,53.2132034355964,0,4344.61249869366
10,292189,4322.44038534262,32,53.2132034355964,0,4322.44038534262
10,292190,4300.36187965459,32,53.2132034355964,0,4300.36187965459
10,292191,4278.37843081405,32,53.2132034355964,0,4278.37843081405
10,292192,4256.49151164001,32,53.2132034355964,0,4256.49151164001
10,292193,4234.7026188639,32,53.2132034355964,0,4234.7026188639
10,292213,3822.03778595662,32,53.2132034355964,0,3822.03778595662
10,292214,3802.69814905267,32,53.2132034355964,0,3802.69814905267
10,292215,3783.49598633197,32,53.2132034355964,0,3783.49598633197
10,292220,3689.62187239298,32,53.2132034355964,0,3689.62187239298
10,292221,3671.28968736418,32,53.2132034355964,0,3671.28968736418
10,292222,3653.11027292202,32,53.2132034355964,0,3653.11027292202
10,292891,4324.65777379401,32,53.2132034355964,0,4324.65777379401
10,292892,4302.38270580972,32,53.2132034355964,0,4302.38270580972
10,292893,4280.20061840639,32,53.2132034355964,0,4280.20061840639
10,292894,4258.11296469478,32,53.2132034355964,0,4258.11296469478
10,292895,4236.12122184499,32,53.2132034355964,0,4236.12122184499
10,292896,4214.22689137559,32,53.2132034355964,0,4214.22689137559
10,292917,3779.88049383357,32,53.2132034355964,0,3779.88049383357
10,292918,3760.56171727846,32,53.2132034355964,0,3760.56171727846
10,292919,3741.38217923916,32,53.2132034355964,0,3741.38217923916
10,293596,4260.15396024846,32,53.2132034355964,0,4260.15396024846
10,293597,4237.96170774989,32,53.2132034355964,0,4237.96170774989
10,293598,4215.86472945632,32,53.2132034355964,0,4215.86472945632
10,293599,4193.86453133367,32,53.2132034355964,0,4193.86453133367
10,293600,4171.96264444697,32,53.2132034355964,0,4171.96264444697
10,293621,3737.72609667799,32,53.2132034355964,0,3737.72609667799
10,293622,3718.42867097086,32,53.2132034355964,0,3718.42867097086
10,293623,3699.27229301799,32,53.2132034355964,0,3699.27229301799
10,294300,4217.92629688891,32,53.2132034355964,0,4217.92629688891
10,294301,4195.72368267582,32,53.2132034355964,0,4195.72368267582
10,294302,4173.61719803761,32,53.2132034355964,0,4173.61719803761
10,294303,4151.60837858626,32,53.2132034355964,0,4151.60837858626
10,294304,4129.69878581612,32,53.2132034355964,0,4129.69878581612
10,294325,3695.57469746104,32,53.2132034355964,0,3695.57469746104
10,294326,3676.29913045436,32,53.2132034355964,0,3676.29913045436
10,294327,3657.16646705682,32,53.2132034355964,0,3657.16646705682
10,294328,3638.17896180183,32,53.2132034355964,0,3638.17896180183
10,295004,4175.69975202475,32,53.2132034355964,0,4175.69975202475
10,295005,4153.48657367884,32,53.2132034355964,0,4153.48657367884
10,295006,4131.37039552668,32,53.2132034355964,0,4131.37039552668
10,295007,4109.35278371068,32,53.2132034355964,0,4109.35278371068
10,295008,4087.43533105834,32,53.2132034355964,0,4087.43533105834
10,295009,4065.61965742563,32,53.2132034355964,0,4065.61965742563
10,295029,3653.42640390019,32,53.2132034355964,0,3653.42640390019
10,295030,3634.17322162829,32,53.2132034355964,0,3634.17322162829
10,295031,3615.06484722572,32,53.2132034355964,0,3615.06484722572
10,295032,3596.10358906019,32,53.2132034355964,0,3596.10358906019
10,295708,4133.47436342756,32,53.2132034355964,0,4133.47436342756
10,295709,4111.25041250554,32,53.2132034355964,0,4111.25041250554
10,295710,4089.12434805078,32,53.2132034355964,0,4089.12434805078
10,295711,4067.09776764483,32,53.2132034355964,0,4067.09776764483
10,295712,4045.17229640783,32,53.2132034355964,0,4045.17229640783
10,295713,4023.34958734006,32,53.2132034355964,0,4023.34958734006
10,295733,3611.28132873881,32,53.2132034355964,0,3611.28132873881
10,295734,3592.05107628813,32,53.2132034355964,0,3592.05107628813
10,295735,3572.96758625267,32,53.2132034355964,0,3572.96758625267
10,295736,3554.03322276858,32,53.2132034355964,0,3554.03322276858
10,295737,3535.25038194854,32,53.2132034355964,0,3535.25038194854
10,296412,4091.25017042607,32,53.2132034355964,0,4091.25017042607
10,296413,4069.01523222084,32,53.2132034355964,0,4069.01523222084
10,296414,4046.87908282051,32,53.2132034355964,0,4046.87908282051
10,296415,4024.84335220682,32,53.2132034355964,0,4024.84335220682
10,296416,4002.90969877451,32,53.2132034355964,0,4002.90969877451
10,296417,3981.07980969812,32,53.2132034355964,0,3981.07980969812
10,296438,3549.93283246661,32,53.2132034355964,0,3549.93283246661
10,296439,3530.87484413239,32,53.2132034355964,0,3530.87484413239
10,296440,3511.96804695686,32,53.2132034355964,0,3511.96804695686
10,296441,3493.21489587746,32,53.2132034355964,0,3493.21489587746
10,297116,4049.02721399632,32,53.2132034355964,0,4049.02721399632
10,297117,4026.78106727614,32,53.2132034355964,0,4026.78106727614
10,297118,4004.63462820265,32,53.2132034355964,0,4004.63462820265
10,297119,3982.58956014243,32,53.2132034355964,0,3982.58956014243
10,297120,3960.64755579652,32,53.2132034355964,0,3960.64755579652
10,297121,3938.81033758443,32,53.2132034355964,0,3938.81033758443
10,297143,3488.78678857008,32,53.2132034355964,0,3488.78678857008
10,297144,3469.90825455835,32,53.2132034355964,0,3469.90825455835
10,297145,3451.18554871578,32,53.2132034355964,0,3451.18554871578
10,297821,3984.54795358269,32,53.2132034355964,0,3984.54795358269
10,297822,3962.39101376562,32,53.2132034355964,0,3962.39101376562
10,297823,3940.33641516759,32,53.2132034355964,0,3940.33641516759
10,297824,3918.38588587021,32,53.2132034355964,0,3918.38588587021
10,297847,3446.70359543569,32,53.2132034355964,0,3446.70359543569
10,297848,3427.85404794974,32,53.2132034355964,0,3427.85404794974
10,297849,3409.16257174315,32,53.2132034355964,0,3409.16257174315
10,297850,3390.63178100781,32,53.2132034355964,0,3390.63178100781
10,298525,3942.31592858795,32,53.2132034355964,0,3942.31592858795
10,298526,3920.14827035553,32,53.2132034355964,0,3920.14827035553
10,298527,3898.08394203266,32,53.2132034355964,0,3898.08394203266
10,298551,3404.62544928139,32,53.2132034355964,0,3404.62544928139
10,298552,3385.80563953372,32,53.2132034355964,0,3385.80563953372
10,298553,3367.14620775541,32,53.2132034355964,0,3367.14620775541
10,298554,3348.64983493451,32,53.2132034355964,0,3348.64983493451
10,299229,3900.08503136245,32,53.2132034355964,0,3900.08503136245
10,299256,3343.76325236917,32,53.2132034355964,0,3343.76325236917
10,299257,3325.13671177944,32,53.2132034355964,0,3325.13671177944
10,299258,3306.67567243856,32,53.2132034355964,0,3306.67567243856
10,299259,3288.38292172663,32,53.2132034355964,0,3288.38292172663
10,299960,3301.7271208431,32,53.2132034355964,0,3301.7271208431
10,299961,3283.13435185506,32,53.2132034355964,0,3283.13435185506
10,299962,3264.70959815882,32,53.2132034355964,0,3264.70959815882
10,299963,3246.45572038981,32,53.2132034355964,0,3246.45572038981
10,299964,3228.37561705074,32,53.2132034355964,0,3228.37561705074
10,300665,3241.1394098692,32,53.2132034355964,0,3241.1394098692
10,300666,3222.75193254894,32,53.2132034355964,0,3222.75193254894
10,300667,3204.53799619942,32,53.2132034355964,0,3204.53799619942
10,300668,3186.50057668504,32,53.2132034355964,0,3186.50057668504
10,300669,3168.64268846281,32,53.2132034355964,0,3168.64268846281
10,301370,3180.80301290123,32,53.2132034355964,0,3180.80301290123
10,301371,3162.63013054927,32,53.2132034355964,0,3162.63013054927
10,301372,3144.63659170147,32,53.2132034355964,0,3144.63659170147
10,301373,3126.82549249244,32,53.2132034355964,0,3126.82549249244
10,301374,3109.19996824855,32,53.2132034355964,0,3109.19996824855
10,302075,3120.73252523687,32,53.2132034355964,0,3120.73252523687
10,302076,3102.78411424401,32,53.2132034355964,0,3102.78411424401
10,302077,3085.02114258315,32,53.2132034355964,0,3085.02114258315
10,302078,3067.44683178567,32,53.2132034355964,0,3067.44683178567
10,302079,3050.06444301223,32,53.2132034355964,0,3050.06444301223
10,302080,3032.87727616836,32,53.2132034355964,0,3032.87727616836
10,302780,3060.94362105822,32,53.2132034355964,0,3060.94362105822
10,302781,3043.23017287394,32,53.2132034355964,0,3043.23017287394
10,302782,3025.70857049351,32,53.2132034355964,0,3025.70857049351
10,302783,3008.38216600285,32,53.2132034355964,0,3008.38216600285
10,302784,2991.25435136721,32,53.2132034355964,0,2991.25435136721
10,302785,2974.32855735958,32,53.2132034355964,0,2974.32855735958
10,303488,2949.65037736847,32,53.2132034355964,0,2949.65037736847
10,304149,3786.39296986126,32,53.2132034355964,0,3786.39296986126
10,304150,3763.30596675765,32,53.2132034355964,0,3763.30596675765
10,304201,2764.89883170762,32,53.2132034355964,0,2764.89883170762
10,304202,2750.15730985671,32,53.2132034355964,0,2750.15730985671
10,304203,2735.66323993083,32,53.2132034355964,0,2735.66323993083
10,304204,2721.42057566106,32,53.2132034355964,0,2721.42057566106
10,304851,3790.81494165034,32,53.2132034355964,0,3790.81494165034
10,304852,3767.5175643567,32,53.2132034355964,0,3767.5175643567
10,304853,3744.3140542732,32,53.2132034355964,0,3744.3140542732
10,304901,2785.0815912391,32,53.2132034355964,0,2785.0815912391
10,304902,2769.47888978536,32,53.2132034355964,0,2769.47888978536
10,304903,2754.11249510068,32,53.2132034355964,0,2754.11249510068
10,304904,2738.98638440604,32,53.2132034355964,0,2738.98638440604
10,304905,2724.10456037429,32,53.2132034355964,0,2724.10456037429
10,304906,2709.47104825627,32,53.2132034355964,0,2709.47104825627
10,304907,2695.0898928274,32,53.2132034355964,0,2695.0898928274
10,304908,2680.96515514626,32,53.2132034355964,0,2680.96515514626
10,304909,2667.1009091136,32,53.2132034355964,0,2667.1009091136
10,305554,3772.19897915348,32,53.2132034355964,0,3772.19897915348
10,305555,3748.78578564761,32,53.2132034355964,0,3748.78578564761
10,305556,3725.46548340394,32,53.2132034355964,0,3725.46548340394
10,305557,3702.23982778343,32,53.2132034355964,0,3702.23982778343
10,305603,2775.66319758169,32,53.2132034355964,0,2775.66319758169
10,305604,2759.68315173219,32,53.2132034355964,0,2759.68315173219
10,305605,2743.935947267,32,53.2132034355964,0,2743.935947267
10,305606,2728.42561574882,32,53.2132034355964,0,2728.42561574882
10,305607,2713.15621958144,32,53.2132034355964,0,2713.15621958144
10,305608,2698.13184930924,32,53.2132034355964,0,2698.13184930924
10,305609,2683.35662070524,32,53.2132034355964,0,2683.35662070524
10,305610,2668.83467167278,32,53.2132034355964,0,2668.83467167278
10,305611,2654.57015895197,32,53.2132034355964,0,2654.57015895197
10,305612,2640.56725460492,32,53.2132034355964,0,2640.56725460492
10,305613,2626.83014232373,32,53.2132034355964,0,2626.83014232373
10,306257,3753.72904565877,32,53.2132034355964,0,3753.72904565877
10,306258,3730.19979746608,32,53.2132034355964,0,3730.19979746608
10,306259,3706.76244079034,32,53.2132034355964,0,3706.76244079034
10,306260,3683.4187297322,32,53.2132034355964,0,3683.4187297322
10,306261,3660.17045604427,32,53.2132034355964,0,3660.17045604427
10,306279,3260.30894623769,32,53.2132034355964,0,3260.30894623769
10,306280,3239.26995248553,32,53.2132034355964,0,3239.26995248553
10,306281,3218.37128187056,32,53.2132034355964,0,3218.37128187056
10,306307,2734.37600186098,32,53.2132034355964,0,2734.37600186098
10,306308,2718.4821202184,32,53.2132034355964,0,2718.4821202184
10,306309,2702.82563980394,32,53.2132034355964,0,2702.82563980394
10,306310,2687.41070981911,32,53.2132034355964,0,2687.41070981911
10,306311,2672.24151044953,32,53.2132034355964,0,2672.24151044953
10,306312,2657.32224992264,32,53.2132034355964,0,2657.32224992264
10,306313,2642.65716136908,32,53.2132034355964,0,2642.65716136908
10,306314,2628.2504994764,32,53.2132034355964,0,2628.2504994764
10,306315,2614.10653690726,32,53.2132034355964,0,2614.10653690726
10,306960,3735.40730731264,32,53.2132034355964,0,3735.40730731264
10,306961,3711.7617898748,32,53.2132034355964,0,3711.7617898748
10,306981,3260.50849305859,32,53.2132034355964,0,3260.50849305859
10,306982,3239.19462293814,32,53.2132034355964,0,3239.19462293814
10,306983,3218.01747503115,32,53.2132034355964,0,3218.01747503115
10,306984,3196.97976632605,32,53.2132034355964,0,3196.97976632605
10,306985,3176.08426767605,32,53.2132034355964,0,3176.08426767605
10,307014,2646.43596136245,32,53.2132034355964,0,2646.43596136245
10,307015,2631.37031211778,32,53.2132034355964,0,2631.37031211778
10,307016,2616.55969430533,32,53.2132034355964,0,2616.55969430533
10,307017,2602.00846284354,32,53.2132034355964,0,2602.00846284354
10,307018,2587.72099346611,32,53.2132034355964,0,2587.72099346611
10,307019,2573.70167887069,32,53.2132034355964,0,2573.70167887069
10,307020,2559.95492462161,32,53.2132034355964,0,2559.95492462161
10,307663,3717.23595541581,32,53.2132034355964,0,3717.23595541581
10,307685,3218.21978414895,32,53.2132034355964,0,3218.21978414895
10,307686,3196.90358121654,32,53.2132034355964,0,3196.90358121654
10,307687,3175.72589152371,32,53.2132034355964,0,3175.72589152371
10,307688,3154.68950462637,32,53.2132034355964,0,3154.68950462637
10,307718,2605.503270497,32,53.2132034355964,0,2605.503270497
10,307719,2590.5446895783,32,53.2132034355964,0,2590.5446895783
10,307720,2575.84642145797,32,53.2132034355964,0,2575.84642145797
10,307721,2561.41294743012,32,53.2132034355964,0,2561.41294743012
10,307722,2547.24876871046,32,53.2132034355964,0,2547.24876871046
10,307723,2533.35840224592,32,53.2132034355964,0,2533.35840224592
10,307724,2519.7463762991,32,53.2132034355964,0,2519.7463762991
10,307725,2506.41722576605,32,53.2132034355964,0,2506.41722576605
10,307832,3073.70819064325,32,53.2132034355964,0,3073.70819064325
10,308388,3197.38717492248,32,53.2132034355964,0,3197.38717492248
10,308389,3175.9310349958,32,53.2132034355964,0,3175.9310349958
10,308390,3154.6124394847,32,53.2132034355964,0,3154.6124394847
10,308391,3133.4341957805,32,53.2132034355964,0,3133.4341957805
10,308392,3112.39916894279,32,53.2132034355964,0,3112.39916894279
10,308423,2549.76683770875,32,53.2132034355964,0,2549.76683770875
10,308424,2535.18481141289,32,53.2132034355964,0,2535.18481141289
10,308425,2520.87319020359,32,53.2132034355964,0,2520.87319020359
10,308426,2506.83660534153,32,53.2132034355964,0,2506.83660534153
10,308427,2493.0797023784,32,53.2132034355964,0,2493.0797023784
10,308428,2479.60713635468,32,53.2132034355964,0,2479.60713635468
10,308429,2466.42356675699,32,53.2132034355964,0,2466.42356675699
10,308430,2453.53365217962,32,53.2132034355964,0,2453.53365217962
10,308534,3031.44312361843,32,53.2132034355964,0,3031.44312361843
10,308535,3051.8884835236,32,53.2132034355964,0,3051.8884835236
10,308536,3072.48884971643,32,53.2132034355964,0,3072.48884971643
10,309093,3133.64224857864,32,53.2132034355964,0,3133.64224857864
10,309094,3112.32119830857,32,53.2132034355964,0,3112.32119830857
10,309095,3091.14238786337,32,53.2132034355964,0,3091.14238786337
10,309096,3070.10876092588,32,53.2132034355964,0,3070.10876092588
10,309128,2494.57739627396,32,53.2132034355964,0,2494.57739627396
10,309129,2480.39193093624,32,53.2132034355964,0,2480.39193093624
10,309130,2466.48746144585,32,53.2132034355964,0,2466.48746144585
10,309131,2452.86876641012,32,53.2132034355964,0,2452.86876641012
10,309132,2439.54063183096,32,53.2132034355964,0,2439.54063183096
10,309133,2426.50784561617,32,53.2132034355964,0,2426.50784561617
10,309134,2413.77519182649,32,53.2132034355964,0,2413.77519182649
10,309238,3030.20692098388,32,53.2132034355964,0,3030.20692098388
10,309797,3091.35342803926,32,53.2132034355964,0,3091.35342803926
10,309798,3070.02985827724,32,53.2132034355964,0,3070.02985827724
10,309799,3048.85046784187,32,53.2132034355964,0,3048.85046784187
10,309800,3027.81828230989,32,53.2132034355964,0,3027.81828230989
10,309833,2439.97208714251,32,53.2132034355964,0,2439.97208714251
10,309834,2426.20448711678,32,53.2132034355964,0,2426.20448711678
10,309835,2412.72898842063,32,53.2132034355964,0,2412.72898842063
10,309836,2399.55051224259,32,53.2132034355964,0,2399.55051224259
10,309837,2386.67397878829,32,53.2132034355964,0,2386.67397878829
10,310501,3049.06457669452,32,53.2132034355964,0,3049.06457669452
10,310502,3027.73842002256,32,53.2132034355964,0,3027.73842002256
10,310503,3006.55843578917,32,53.2132034355964,0,3006.55843578917
10,310504,2985.52773493296,32,53.2132034355964,0,2985.52773493296
10,310538,2385.99103986202,32,53.2132034355964,0,2385.99103986202
10,310539,2372.66398596621,32,53.2132034355964,0,2372.66398596621
10,310540,2359.64066732698,32,53.2132034355964,0,2359.64066732698
10,311205,3006.77569804761,32,53.2132034355964,0,3006.77569804761
10,311206,2985.44688420541,32,53.2132034355964,0,2985.44688420541
10,311207,2964.26629177889,32,53.2132034355964,0,2964.26629177889
10,311208,2943.23712073643,32,53.2132034355964,0,2943.23712073643
10,311910,2943.15525152455,32,53.2132034355964,0,2943.15525152455
10,311911,2921.97403589361,32,53.2132034355964,0,2921.97403589361
10,311912,2900.9464417788,32,53.2132034355964,0,2900.9464417788
10,311913,2880.07583397845,32,53.2132034355964,0,2880.07583397845
10,312614,2900.86352272316,32,53.2132034355964,0,2900.86352272316
10,312615,2879.68166821892,32,53.2132034355964,0,2879.68166821892
10,312616,2858.65570023421,32,53.2132034355964,0,2858.65570023421
10,312617,2837.78908378924,32,53.2132034355964,0,2837.78908378924
10,312618,2817.08535991908,32,53.2132034355964,0,2817.08535991908
10,313319,2837.3891888448,32,53.2132034355964,0,2837.3891888448
10,313320,2816.36489840983,32,53.2132034355964,0,2816.36489840983
10,313321,2795.5023970736,32,53.2132034355964,0,2795.5023970736
10,313322,2774.80533409314,32,53.2132034355964,0,2774.80533409314
10,314023,2795.09659786513,32,53.2132034355964,0,2795.09659786513
10,314024,2774.07403875697,32,53.2132034355964,0,2774.07403875697
10,314025,2753.21578199948,32,53.2132034355964,0,2753.21578199948
10,314026,2732.52559011984,32,53.2132034355964,0,2732.52559011984
10,314728,2731.7831238726,32,53.2132034355964,0,2731.7831238726
10,314729,2710.92924724858,32,53.2132034355964,0,2710.92924724858
10,314730,2690.24614665214,32,53.2132034355964,0,2690.24614665214
10,315432,2689.49215652301,32,53.2132034355964,0,2689.49215652301
10,315433,2668.64280204761,32,53.2132034355964,0,2668.64280204761
10,315434,2647.96702353656,32,53.2132034355964,0,2647.96702353656
10,315435,2627.46891865026,32,53.2132034355964,0,2627.46891865026
10,316136,2647.20113964703,32,53.2132034355964,0,2647.20113964703
10,316137,2626.35645621845,32,53.2132034355964,0,2626.35645621845
10,316138,2605.68824191105,32,53.2132034355964,0,2605.68824191105
10,316139,2585.20072924197,32,53.2132034355964,0,2585.20072924197
10,316140,2564.89824836434,32,53.2132034355964,0,2564.89824836434
10,316841,2584.07022023033,32,53.2132034355964,0,2584.07022023033
10,316842,2563.40982430124,32,53.2132034355964,0,2563.40982430124
10,316843,2542.9332627379,32,53.2132034355964,0,2542.9332627379
10,316844,2522.64501214758,32,53.2132034355964,0,2522.64501214758
10,318257,2339.95520234947,32,53.2132034355964,0,2339.95520234947
10,318960,2317.01552210096,32,53.2132034355964,0,2317.01552210096
10,318961,2297.84612143188,32,53.2132034355964,0,2297.84612143188
10,319663,2294.23645333597,32,53.2132034355964,0,2294.23645333597
10,319664,2274.87500667239,32,53.2132034355964,0,2274.87500667239
10,319669,2181.64232680447,32,53.2132034355964,0,2181.64232680447
10,320366,2271.62282773255,32,53.2132034355964,0,2271.62282773255
10,320367,2252.06687016314,32,53.2132034355964,0,2252.06687016314
10,320368,2232.74019518587,32,53.2132034355964,0,2232.74019518587
10,320369,2213.64880819563,32,53.2132034355964,0,2213.64880819563
10,320371,2176.19659167403,32,53.2132034355964,0,2176.19659167403
10,320372,2157.84844193986,32,53.2132034355964,0,2157.84844193986
10,320373,2139.7609367556,32,53.2132034355964,0,2139.7609367556
10,321070,2229.42671395575,32,53.2132034355964,0,2229.42671395575
10,321071,2209.90194309179,32,53.2132034355964,0,2209.90194309179
10,321072,2190.61142337062,32,53.2132034355964,0,2190.61142337062
10,321074,2152.75825006943,32,53.2132034355964,0,2152.75825006943
10,321075,2134.20850625569,32,53.2132034355964,0,2134.20850625569
10,321076,2115.91883068396,32,53.2132034355964,0,2115.91883068396
10,321077,2097.89602527468,32,53.2132034355964,0,2097.89602527468
10,321078,2080.14702668393,32,53.2132034355964,0,2080.14702668393
10,321779,2092.23266467504,32,53.2132034355964,0,2092.23266467504
10,321780,2074.00394150168,32,53.2132034355964,0,2074.00394150168
10,321781,2056.04860598091,32,53.2132034355964,0,2056.04860598091
10,321782,2038.37388266408,32,53.2132034355964,0,2038.37388266408
10,321783,2020.98713391921,32,53.2132034355964,0,2020.98713391921
10,322484,2032.10469248193,32,53.2132034355964,0,2032.10469248193
10,322485,2014.21977629947,32,53.2132034355964,0,2014.21977629947
10,322486,1996.62260766927,32,53.2132034355964,0,1996.62260766927
10,322487,1979.32086127628,32,53.2132034355964,0,1979.32086127628
10,322488,1962.32235132347,32,53.2132034355964,0,1962.32235132347
10,323189,1972.41072623384,32,53.2132034355964,0,1972.41072623384
10,323190,1954.89461027809,32,53.2132034355964,0,1954.89461027809
10,323191,1937.68173739756,32,53.2132034355964,0,1937.68173739756
10,323192,1920.78026005729,32,53.2132034355964,0,1920.78026005729
10,323193,1904.19847002187,32,53.2132034355964,0,1904.19847002187
10,323894,1913.19142113389,32,53.2132034355964,0,1913.19142113389
10,323895,1896.071558522,32,53.2132034355964,0,1896.071558522
10,323896,1879.27167264943,32,53.2132034355964,0,1879.27167264943
10,323897,1862.80042077997,32,53.2132034355964,0,1862.80042077997
10,323898,1846.66659664166,32,53.2132034355964,0,1846.66659664166
10,324598,1871.51470637265,32,53.2132034355964,0,1871.51470637265
10,324599,1854.49228079599,32,53.2132034355964,0,1854.49228079599
10,324600,1837.79886711472,32,53.2132034355964,0,1837.79886711472
10,324601,1821.44351147254,32,53.2132034355964,0,1821.44351147254
10,324602,1805.43540124797,32,53.2132034355964,0,1805.43540124797
10,325302,1829.86628280879,32,53.2132034355964,0,1829.86628280879
10,325303,1812.94603830269,32,53.2132034355964,0,1812.94603830269
10,325304,1796.3643297894,32,53.2132034355964,0,1796.3643297894
10,325305,1780.13061756192,32,53.2132034355964,0,1780.13061756192
10,325306,1764.25450786807,32,53.2132034355964,0,1764.25450786807
10,325307,1748.74574029107,32,53.2132034355964,0,1748.74574029107
10,326007,1771.43516356592,32,53.2132034355964,0,1771.43516356592
10,326008,1754.97077941737,32,53.2132034355964,0,1754.97077941737
10,326009,1738.86488458128,32,53.2132034355964,0,1738.86488458128
10,326010,1723.12753137411,32,53.2132034355964,0,1723.12753137411
10,326011,1707.76890833087,32,53.2132034355964,0,1707.76890833087
10,326712,1713.62119461988,32,53.2132034355964,0,1713.62119461988
10,326713,1697.64976013721,32,53.2132034355964,0,1697.64976013721
10,328117,1680.42585698516,32,53.2132034355964,0,1680.42585698516
10,328820,1655.91245419122,32,53.2132034355964,0,1655.91245419122
10,328821,1638.83296746856,32,53.2132034355964,0,1638.83296746856
10,329523,1631.57912605822,32,53.2132034355964,0,1631.57912605822
10,329524,1614.24210736178,32,53.2132034355964,0,1614.24210736178
10,329525,1597.27690718077,32,53.2132034355964,0,1597.27690718077
10,330227,1589.83365816022,32,53.2132034355964,0,1589.83365816022
10,330228,1572.60506947956,32,53.2132034355964,0,1572.60506947956
10,330229,1555.76063665255,32,53.2132034355964,0,1555.76063665255
10,330230,1539.31297098119,32,53.2132034355964,0,1539.31297098119
10,330931,1548.11798142815,32,53.2132034355964,0,1548.11798142815
10,330932,1531.0040675813,32,53.2132034355964,0,1531.0040675813
10,330933,1514.2874380945,32,53.2132034355964,0,1514.2874380945
10,330934,1497.98139343855,32,53.2132034355964,0,1497.98139343855
10,330935,1482.09948542694,32,53.2132034355964,0,1482.09948542694
10,331636,1489.44213087709,32,53.2132034355964,0,1489.44213087709
10,331637,1472.86095980569,32,53.2132034355964,0,1472.86095980569
10,331638,1456.70511151912,32,53.2132034355964,0,1456.70511151912
10,331639,1440.98889178662,32,53.2132034355964,0,1440.98889178662
10,332341,1431.48526806287,32,53.2132034355964,0,1431.48526806287
10,332342,1415.48897276622,32,53.2132034355964,0,1415.48897276622
10,332343,1399.94886703497,32,53.2132034355964,0,1399.94886703497
10,333045,1390.16490795871,32,53.2132034355964,0,1390.16490795871
10,333046,1374.33839873906,32,53.2132034355964,0,1374.33839873906
10,333047,1358.98581513792,32,53.2132034355964,0,1358.98581513792
10,333048,1344.12339679693,32,53.2132034355964,0,1344.12339679693
10,333749,1348.90497505002,32,53.2132034355964,0,1348.90497505002
10,333750,1333.25947117448,32,53.2132034355964,0,1333.25947117448
10,333751,1318.10692336864,32,53.2132034355964,0,1318.10692336864
10,333752,1303.46452333051,32,53.2132034355964,0,1303.46452333051
10,334399,2556.56733474982,32,53.2132034355964,0,2556.56733474982
10,334452,1323.65880147117,32,53.2132034355964,0,1323.65880147117
10,334453,1307.71120005008,32,53.2132034355964,0,1307.71120005008
10,334454,1292.25903385454,32,53.2132034355964,0,1292.25903385454
10,334455,1277.32028334234,32,53.2132034355964,0,1277.32028334234
10,334456,1262.91316792421,32,53.2132034355964,0,1262.91316792421
10,334457,1249.05608401501,32,53.2132034355964,0,1249.05608401501
10,334458,1235.7675348272,32,53.2132034355964,0,1235.7675348272
10,334459,1223.06605180331,32,53.2132034355964,0,1223.06605180331
10,335102,2543.69409635372,32,53.2132034355964,0,2543.69409635372
10,335103,2516.6654304577,32,53.2132034355964,0,2516.6654304577
10,335156,1282.35164503561,32,53.2132034355964,0,1282.35164503561
10,335157,1266.59004940707,32,53.2132034355964,0,1266.59004940707
10,335158,1251.34481356043,32,53.2132034355964,0,1251.34481356043
10,335159,1236.63503469572,32,53.2132034355964,0,1236.63503469572
10,335160,1222.48004200069,32,53.2132034355964,0,1222.48004200069
10,335161,1208.89932359408,32,53.2132034355964,0,1208.89932359408
10,335162,1195.91244392264,32,53.2132034355964,0,1195.91244392264
10,335163,1183.53895158337,32,53.2132034355964,0,1183.53895158337
10,335805,2531.10888110235,32,53.2132034355964,0,2531.10888110235
10,335860,1241.11107055964,32,53.2132034355964,0,1241.11107055964
10,335861,1225.54884527076,32,53.2132034355964,0,1225.54884527076
10,335862,1210.52556432746,32,53.2132034355964,0,1210.52556432746
10,335863,1196.06153633465,32,53.2132034355964,0,1196.06153633465
10,335864,1182.17728897776,32,53.2132034355964,0,1182.17728897776
10,335865,1168.89348253776,32,53.2132034355964,0,1168.89348253776
10,335866,1156.23081239397,32,53.2132034355964,0,1156.23081239397
10,335867,1144.20990059097,32,53.2132034355964,0,1144.20990059097
10,335868,1132.85117679238,32,53.2132034355964,0,1132.85117679238
10,336565,1184.59590927601,32,53.2132034355964,0,1184.59590927601
10,336566,1169.81124026028,32,53.2132034355964,0,1169.81124026028
10,336567,1155.61157146079,32,53.2132034355964,0,1155.61157146079
10,336568,1142.01872446995,32,53.2132034355964,0,1142.01872446995
10,336569,1129.05461633837,32,53.2132034355964,0,1129.05461633837
10,336570,1116.74114413478,32,53.2132034355964,0,1116.74114413478
10,336571,1105.10005701917,32,53.2132034355964,0,1105.10005701917
10,336572,1094.15281644621,32,53.2132034355964,0,1094.15281644621
10,336573,1083.92044548643,32,53.2132034355964,0,1083.92044548643
3,336683,2226.38759463418,50,71.2132034355964,0,2226.38759463418
10,337273,1089.40105697203,32,53.2132034355964,0,1089.40105697203
10,337274,1077.46455942711,32,53.2132034355964,0,1077.46455942711
10,337275,1066.23355651046,32,53.2132034355964,0,1066.23355651046
10,337276,1055.73056389957,32,53.2132034355964,0,1055.73056389957
10,337277,1045.97751237441,32,53.2132034355964,0,1045.97751237441
3,337385,2188.5660485094,50,71.2132034355964,0,2188.5660485094
3,337386,2198.06665225564,50,71.2132034355964,0,2198.06665225564
3,337387,2207.93159371703,50,71.2132034355964,0,2207.93159371703
10,337978,1038.4252509714,32,53.2132034355964,0,1038.4252509714
10,337979,1027.63802405994,32,53.2132034355964,0,1027.63802405994
10,337980,1017.61570893659,32,53.2132034355964,0,1017.61570893659
10,337981,1008.38111326856,32,53.2132034355964,0,1008.38111326856
10,337982,999.956061063075,32,53.2132034355964,0,999.956061063075
10,338682,999.651032596425,32,53.2132034355964,0,999.651032596425
10,338683,989.345187126838,32,53.2132034355964,0,989.345187126838
10,338684,979.8441392256,32,53.2132034355964,0,979.8441392256
10,338685,971.171509374459,32,53.2132034355964,0,971.171509374459
10,338686,963.349671527242,32,53.2132034355964,0,963.349671527242
10,338690,940.960042363801,32,53.2132034355964,0,940.960042363801
10,338691,937.666741525232,32,53.2132034355964,0,937.666741525232
10,338692,935.318641194455,32,53.2132034355964,0,935.318641194455
3,338792,2141.55451968391,50,71.2132034355964,0,2141.55451968391
10,339387,951.391611425594,32,53.2132034355964,0,951.391611425594
10,339388,942.457145297651,32,53.2132034355964,0,942.457145297651
10,339389,934.394926324764,32,53.2132034355964,0,934.394926324764
10,339390,927.227707279391,32,53.2132034355964,0,927.227707279391
10,339391,920.976383594788,32,53.2132034355964,0,920.976383594788
10,339392,915.659714261336,32,53.2132034355964,0,915.659714261336
10,339393,911.294058299129,32,53.2132034355964,0,911.294058299129
10,339394,907.893134818081,32,53.2132034355964,0,907.893134818081
10,339395,905.467814445368,32,53.2132034355964,0,905.467814445368
10,339396,904.025949258464,32,53.2132034355964,0,904.025949258464
10,339397,903.572247281401,32,53.2132034355964,0,903.572247281401
3,339494,2103.48351455939,50,71.2132034355964,0,2103.48351455939
3,339495,2113.36679911187,50,71.2132034355964,0,2113.36679911187
3,339496,2123.62540099035,50,71.2132034355964,0,2123.62540099035
10,340092,905.502380219283,32,53.2132034355964,0,905.502380219283
10,340093,898.104577217332,32,53.2132034355964,0,898.104577217332
10,340094,891.649060710261,32,53.2132034355964,0,891.649060710261
10,340095,886.156424184058,32,53.2132034355964,0,886.156424184058
10,340096,881.644664017416,32,53.2132034355964,0,881.644664017416
10,340097,878.128899347734,32,53.2132034355964,0,878.128899347734
10,340098,875.621127520511,32,53.2132034355964,0,875.621127520511
10,340099,874.130024002593,32,53.2132034355964,0,874.130024002593
10,340100,873.660794345238,32,53.2132034355964,0,873.660794345238
10,340101,874.215084004355,32,53.2132034355964,0,874.215084004355
10,340102,875.790949620933,32,53.2132034355964,0,875.790949620933
10,340103,878.382892926546,32,53.2132034355964,0,878.382892926546
10,340106,892.149277249738,32,53.2132034355964,0,892.149277249738
10,340107,898.683944047736,32,53.2132034355964,0,898.683944047736
10,340108,906.159077917242,32,53.2132034355964,0,906.159077917242
10,340109,914.551618283092,32,53.2132034355964,0,914.551618283092
10,340112,944.975923182794,32,53.2132034355964,0,944.975923182794
10,340113,956.773569160163,32,53.2132034355964,0,956.773569160163
10,340114,969.350697475893,32,53.2132034355964,0,969.350697475893
3,340202,2129.0305899252,50,71.2132034355964,0,2129.0305899252
3,340203,2140.88633036763,50,71.2132034355964,0,2140.88633036763
10,340797,862.361866810738,32,53.2132034355964,0,862.361866810738
10,340798,856.681444565148,32,53.2132034355964,0,856.681444565148
10,340799,852.013591458013,32,53.2132034355964,0,852.013591458013
10,340800,848.375021455024,32,53.2132034355964,0,848.375021455024
10,340801,845.779018694088,32,53.2132034355964,0,845.779018694088
10,340802,844.235200836496,32,53.2132034355964,0,844.235200836496
10,340803,843.749343486313,32,53.2132034355964,0,843.749343486313
10,340804,844.323273023845,32,53.2132034355964,0,844.323273023845
10,340805,845.954832447088,32,53.2132034355964,0,845.954832447088
10,340806,848.637921698747,32,53.2132034355964,0,848.637921698747
10,340807,852.362610737786,32,53.2132034355964,0,852.362610737786
10,340808,857.115320511382,32,53.2132034355964,0,857.115320511382
10,340809,862.879064273003,32,53.2132034355964,0,862.879064273003
10,340810,869.633739513387,32,53.2132034355964,0,869.633739513387
10,340811,877.356459297458,32,53.2132034355964,0,877.356459297458
10,340812,886.021911058559,32,53.2132034355964,0,886.021911058559
10,340813,895.60273085299,32,53.2132034355964,0,895.60273085299
10,340814,906.06988173086,32,53.2132034355964,0,906.06988173086
10,340815,917.3930259589,32,53.2132034355964,0,917.3930259589
10,340816,929.540882375699,32,53.2132034355964,0,929.540882375699
10,340817,942.481561817906,32,53.2132034355964,0,942.481561817906
10,340818,956.182875371303,32,53.2132034355964,0,956.182875371303
3,340905,2101.5267068482,50,71.2132034355964,0,2101.5267068482
10,341504,815.941990279335,32,53.2132034355964,0,815.941990279335
10,341505,814.341601132886,32,53.2132034355964,0,814.341601132886
10,341506,813.837894931355,32,53.2132034355964,0,813.837894931355
10,341507,814.432906490121,32,53.2132034355964,0,814.432906490121
10,341508,816.124232686424,32,53.2132034355964,0,816.124232686424
10,341509,818.905080725994,32,53.2132034355964,0,818.905080725994
10,341510,822.764403311611,32,53.2132034355964,0,822.764403311611
10,341511,827.687114512296,32,53.2132034355964,0,827.687114512296
10,341512,833.654376681198,32,53.2132034355964,0,833.654376681198
10,341513,840.643946058572,32,53.2132034355964,0,840.643946058572
10,341514,848.630562957529,32,53.2132034355964,0,848.630562957529
10,341515,857.586371616365,32,53.2132034355964,0,857.586371616365
10,341516,867.481354976184,32,53.2132034355964,0,867.481354976184
10,341517,878.28377062138,32,53.2132034355964,0,878.28377062138
10,341518,889.96057569664,32,53.2132034355964,0,889.96057569664
10,341519,902.477830700401,32,53.2132034355964,0,902.477830700401
10,341520,915.801074234302,32,53.2132034355964,0,915.801074234302
10,342213,793.189699924752,32,53.2132034355964,0,793.189699924752
10,342214,798.294832716212,32,53.2132034355964,0,798.294832716212
10,342215,804.480175948781,32,53.2132034355964,0,804.480175948781
10,342216,811.721036271882,32,53.2132034355964,0,811.721036271882
10,342217,819.989452148954,32,53.2132034355964,0,819.989452148954
10,342218,829.25468718817,32,53.2132034355964,0,829.25468718817
10,342219,839.483736880459,32,53.2132034355964,0,839.483736880459
10,342220,850.64183204727,32,53.2132034355964,0,850.64183204727
10,342221,862.692924536299,32,53.2132034355964,0,862.692924536299
4,354295,2271.59281313885,8,29.2132034355964,0,2271.59281313885
4,354997,2229.71882113361,8,29.2132034355964,0,2229.71882113361
4,354998,2253.74049270134,8,29.2132034355964,0,2253.74049270134
4,354999,2277.90164253025,8,29.2132034355964,0,2277.90164253025
4,355701,2236.14576932397,8,29.2132034355964,0,2236.14576932397
10,358329,1467.47902718458,32,53.2132034355964,0,1467.47902718458
4,358511,2118.63918329655,8,29.2132034355964,0,2118.63918329655
10,359031,1495.7110312654,32,53.2132034355964,0,1495.7110312654
10,359032,1465.83090079472,32,53.2132034355964,0,1465.83090079472
10,359033,1435.95200997272,32,53.2132034355964,0,1435.95200997272
4,359214,2102.04174576549,8,29.2132034355964,0,2102.04174576549
4,359215,2127.08570770482,8,29.2132034355964,0,2127.08570770482
4,359216,2152.25399758413,8,29.2132034355964,0,2152.25399758413
10,359733,1524.59432057058,32,53.2132034355964,0,1524.59432057058
10,359734,1494.69290924095,32,53.2132034355964,0,1494.69290924095
10,359735,1464.79184791829,32,53.2132034355964,0,1464.79184791829
10,359736,1434.89115848144,32,53.2132034355964,0,1434.89115848144
4,359917,2085.74121270496,8,29.2132034355964,0,2085.74121270496
4,359918,2110.97870261799,8,29.2132034355964,0,2110.97870261799
4,359919,2136.33689390801,8,29.2132034355964,0,2136.33689390801
10,360436,1524.18277290145,32,53.2132034355964,0,1524.18277290145
10,360437,1494.27296379354,32,53.2132034355964,0,1494.27296379354
10,360438,1464.36316507807,32,53.2132034355964,0,1464.36316507807
10,360439,1434.45337740101,32,53.2132034355964,0,1434.45337740101
10,360440,1404.54360147285,32,53.2132034355964,0,1404.54360147285
4,360621,2095.17492142703,8,29.2132034355964,0,2095.17492142703
10,361139,1524.35816053994,32,53.2132034355964,0,1524.35816053994
10,361140,1494.45169919197,32,53.2132034355964,0,1494.45169919197
10,361141,1464.54538825236,32,53.2132034355964,0,1464.54538825236
10,361142,1434.6392371229,32,53.2132034355964,0,1434.6392371229
10,361143,1404.73325601681,32,53.2132034355964,0,1404.73325601681
10,361144,1374.82745602471,32,53.2132034355964,0,1374.82745602471
10,361842,1525.12028099515,32,53.2132034355964,0,1525.12028099515
10,361843,1495.22890074272,32,53.2132034355964,0,1495.22890074272
10,361844,1465.33828953292,32,53.2132034355964,0,1465.33828953292
10,361845,1435.44849540326,32,53.2132034355964,0,1435.44849540326
10,361846,1405.55957048667,32,53.2132034355964,0,1405.55957048667
10,361847,1375.67157143505,32,53.2132034355964,0,1375.67157143505
10,362545,1526.46825545233,32,53.2132034355964,0,1526.46825545233
10,362546,1496.60363607664,32,53.2132034355964,0,1496.60363607664
10,362547,1466.74087854493,32,53.2132034355964,0,1466.74087854493
10,362548,1436.88009893832,32,53.2132034355964,0,1436.88009893832
10,362549,1407.02142319243,32,53.2132034355964,0,1407.02142319243
10,362550,1377.16498814697,32,53.2132034355964,0,1377.16498814697
10,363249,1498.57426073037,32,53.2132034355964,0,1498.57426073037
10,363250,1468.7514086208,32,53.2132034355964,0,1468.7514086208
10,363251,1438.93219020256,32,53.2132034355964,0,1438.93219020256
10,363252,1409.11683616583,32,53.2132034355964,0,1409.11683616583
10,363253,1379.30559710675,32,53.2132034355964,0,1379.30559710675
10,363953,1471.36738762299,32,53.2132034355964,0,1471.36738762299
10,363956,1382.09039116573,32,53.2132034355964,0,1382.09039116573
10,363957,1352.34475874387,32,53.2132034355964,0,1352.34475874387
10,363958,1322.60656113783,32,53.2132034355964,0,1322.60656113783
10,364659,1385.51548602055,32,53.2132034355964,0,1385.51548602055
10,364660,1355.84483690621,32,53.2132034355964,0,1355.84483690621
10,364661,1326.18496563038,32,53.2132034355964,0,1326.18496563038
10,364662,1296.53661185934,32,53.2132034355964,0,1296.53661185934
10,364663,1266.90058420725,32,53.2132034355964,0,1266.90058420725
10,365363,1359.99393033206,32,53.2132034355964,0,1359.99393033206
10,365364,1330.42639934505,32,53.2132034355964,0,1330.42639934505
10,365365,1300.87455535117,32,53.2132034355964,0,1300.87455535117
10,365366,1271.33949227251,32,53.2132034355964,0,1271.33949227251
10,365367,1241.82240744001,32,53.2132034355964,0,1241.82240744001
10,366065,1394.26682088875,32,53.2132034355964,0,1394.26682088875
10,366066,1364.78611980928,32,53.2132034355964,0,1364.78611980928
10,366067,1335.32454429493,32,53.2132034355964,0,1335.32454429493
10,366068,1305.88338879888,32,53.2132034355964,0,1305.88338879888
10,366069,1276.46406626812,32,53.2132034355964,0,1276.46406626812
10,366768,1399.58117342589,32,53.2132034355964,0,1399.58117342589
10,366769,1370.21465786177,32,53.2132034355964,0,1370.21465786177
10,366771,1311.5554258341,32,53.2132034355964,0,1311.5554258341
10,366772,1282.26608543208,32,53.2132034355964,0,1282.26608543208
10,366773,1253.00610655451,32,53.2132034355964,0,1253.00610655451
10,367471,1405.51213004202,32,53.2132034355964,0,1405.51213004202
10,367472,1376.2720145105,32,53.2132034355964,0,1376.2720145105
10,367475,1288.73640002107,32,53.2132034355964,0,1288.73640002107
10,367476,1259.62657127315,32,53.2132034355964,0,1259.62657127315
10,368174,1412.05192110338,32,53.2132034355964,0,1412.05192110338
10,368175,1382.94992705449,32,53.2132034355964,0,1382.94992705449
10,368176,1353.88319408694,32,53.2132034355964,0,1353.88319408694
10,368177,1324.85404304019,32,53.2132034355964,0,1324.85404304019
10,368178,1295.86499958197,32,53.2132034355964,0,1295.86499958197
10,368179,1266.91881688052,32,53.2132034355964,0,1266.91881688052
10,368878,1390.2394531395,32,53.2132034355964,0,1390.2394531395
10,368879,1361.32821604433,32,53.2132034355964,0,1361.32821604433
10,368880,1332.46111605217,32,53.2132034355964,0,1332.46111605217
10,368881,1303.64108521405,32,53.2132034355964,0,1303.64108521405
10,368882,1274.87131569758,32,53.2132034355964,0,1274.87131569758
10,369582,1369.38625445017,32,53.2132034355964,0,1369.38625445017
10,369583,1340.69251125471,32,53.2132034355964,0,1340.69251125471
10,369584,1312.05314468859,32,53.2132034355964,0,1312.05314468859
10,369585,1283.4717948307,32,53.2132034355964,0,1283.4717948307
10,369586,1254.95242565728,32,53.2132034355964,0,1254.95242565728
10,370285,1378.04655562396,32,53.2132034355964,0,1378.04655562396
10,370286,1349.53680468162,32,53.2132034355964,0,1349.53680468162
10,370287,1321.08902933556,32,53.2132034355964,0,1321.08902933556
10,370288,1292.70732115932,32,53.2132034355964,0,1292.70732115932
10,370289,1264.39612916465,32,53.2132034355964,0,1264.39612916465
10,370290,1236.16029835396,32,53.2132034355964,0,1236.16029835396
10,370989,1358.98203010912,32,53.2132034355964,0,1358.98203010912
10,370990,1330.73603163388,32,53.2132034355964,0,1330.73603163388
10,370991,1302.56438679474,32,53.2132034355964,0,1302.56438679474
10,370992,1274.47202627009,32,53.2132034355964,0,1274.47202627009
10,370993,1246.46431071179,32,53.2132034355964,0,1246.46431071179
10,370994,1218.54707670938,32,53.2132034355964,0,1218.54707670938
4,371157,1648.78863793048,8,29.2132034355964,0,1648.78863793048
4,371158,1676.33827467401,8,29.2132034355964,0,1676.33827467401
10,371692,1369.01574959575,32,53.2132034355964,0,1369.01574959575
10,371693,1340.98096252682,32,53.2132034355964,0,1340.98096252682
10,371694,1313.02899390232,32,53.2132034355964,0,1313.02899390232
10,371695,1285.16524756922,32,53.2132034355964,0,1285.16524756922
10,371696,1257.39558852671,32,53.2132034355964,0,1257.39558852671
10,371697,1229.7263908286,32,53.2132034355964,0,1229.7263908286
10,371698,1202.16459119135,32,53.2132034355964,0,1202.16459119135
4,371859,1609.60850983753,8,29.2132034355964,0,1609.60850983753
4,371860,1637.27100920852,8,29.2132034355964,0,1637.27100920852
4,371861,1665.01137795006,8,29.2132034355964,0,1665.01137795006
10,372396,1351.81022756339,32,53.2132034355964,0,1351.81022756339
10,372397,1324.08673787844,32,53.2132034355964,0,1324.08673787844
10,372398,1296.46051806057,32,53.2132034355964,0,1296.46051806057
10,372399,1268.93792114977,32,53.2132034355964,0,1268.93792114977
10,372400,1241.52583862056,32,53.2132034355964,0,1241.52583862056
10,372401,1214.23175529788,32,53.2132034355964,0,1214.23175529788
10,372402,1187.06381065881,32,53.2132034355964,0,1187.06381065881
4,372563,1626.22204391785,8,29.2132034355964,0,1626.22204391785
4,372564,1654.14786514746,8,29.2132034355964,0,1654.14786514746
10,373100,1335.72288800358,32,53.2132034355964,0,1335.72288800358
10,373101,1308.34224487917,32,53.2132034355964,0,1308.34224487917
10,373102,1281.07479209197,32,53.2132034355964,0,1281.07479209197
10,373103,1253.92791385369,32,53.2132034355964,0,1253.92791385369
10,373104,1226.90961376576,32,53.2132034355964,0,1226.90961376576
10,373105,1200.02857656541,32,53.2132034355964,0,1200.02857656541
10,373151,611.089557984525,32,53.2132034355964,0,611.089557984525
4,373267,1643.75692373975,8,29.2132034355964,0,1643.75692373975
4,373276,1899.19538647691,8,29.2132034355964,0,1899.19538647691
4,373277,1927.80914746243,8,29.2132034355964,0,1927.80914746243
4,373278,1956.46181913467,8,29.2132034355964,0,1956.46181913467
4,373279,1985.15171664032,8,29.2132034355964,0,1985.15171664032
10,373803,1347.9224648189,32,53.2132034355964,0,1347.9224648189
10,373804,1320.79460102548,32,53.2132034355964,0,1320.79460102548
10,373805,1293.78946960192,32,53.2132034355964,0,1293.78946960192
10,373806,1266.91491894262,32,53.2132034355964,0,1266.91491894262
10,373807,1240.17943808515,32,53.2132034355964,0,1240.17943808515
10,373808,1213.59221820699,32,53.2132034355964,0,1213.59221820699
10,373809,1187.16322052562,32,53.2132034355964,0,1187.16322052562
10,373854,637.308559671703,32,53.2132034355964,0,637.308559671703
10,373855,651.939680128518,32,53.2132034355964,0,651.939680128518
4,373978,1861.92191443371,8,29.2132034355964,0,1861.92191443371
4,373979,1890.62662626394,8,29.2132034355964,0,1890.62662626394
4,373980,1919.36828715236,8,29.2132034355964,0,1919.36828715236
4,373981,1948.14526173075,8,29.2132034355964,0,1948.14526173075
4,373982,1976.95600789734,8,29.2132034355964,0,1976.95600789734
4,373983,2005.79907039608,8,29.2132034355964,0,2005.79907039608
10,374506,1360.67031359676,32,53.2132034355964,0,1360.67031359676
10,374507,1333.80160442814,32,53.2132034355964,0,1333.80160442814
10,374508,1307.06509168006,32,53.2132034355964,0,1307.06509168006
10,374509,1280.46905626558,32,53.2132034355964,0,1280.46905626558
10,374510,1254.02243618855,32,53.2132034355964,0,1254.02243618855
10,374511,1227.7348871517,32,53.2132034355964,0,1227.7348871517
10,374512,1201.61684910355,32,53.2132034355964,0,1201.61684910355
10,374513,1175.67961929238,32,53.2132034355964,0,1175.67961929238
4,374682,1882.49418521012,8,29.2132034355964,0,1882.49418521012
4,374683,1911.35829396294,8,29.2132034355964,0,1911.35829396294
4,374684,1940.25422699265,8,29.2132034355964,0,1940.25422699265
4,374685,1969.18058332089,8,29.2132034355964,0,1969.18058332089
10,375209,1373.95117342626,32,53.2132034355964,0,1373.95117342626
10,375210,1347.34719184356,32,53.2132034355964,0,1347.34719184356
10,375211,1320.88474502562,32,53.2132034355964,0,1320.88474502562
10,375212,1294.572512371,32,53.2132034355964,0,1294.572512371
10,375213,1268.41984208646,32,53.2132034355964,0,1268.41984208646
10,375214,1242.43681033968,32,53.2132034355964,0,1242.43681033968
10,375215,1216.6342858277,32,53.2132034355964,0,1216.6342858277
10,375216,1191.0240002145,32,53.2132034355964,0,1191.0240002145
10,375261,704.171310608617,32,53.2132034355964,0,704.171310608617
10,375262,718.686308294446,32,53.2132034355964,0,718.686308294446
4,375384,1845.85267166214,8,29.2132034355964,0,1845.85267166214
4,375385,1874.80374126166,8,29.2132034355964,0,1874.80374126166
4,375387,1932.79392678215,8,29.2132034355964,0,1932.79392678215
4,375388,1961.83044011884,8,29.2132034355964,0,1961.83044011884
4,375389,1990.89295660959,8,29.2132034355964,0,1990.89295660959
10,375912,1387.74974153514,32,53.2132034355964,0,1387.74974153514
10,375913,1361.41528722089,32,53.2132034355964,0,1361.41528722089
10,375914,1335.23153756601,32,53.2132034355964,0,1335.23153756601
10,375915,1309.20753474677,32,53.2132034355964,0,1309.20753474677
10,375916,1283.35299690009,32,53.2132034355964,0,1283.35299690009
10,375917,1257.67837532682,32,53.2132034355964,0,1257.67837532682
10,375918,1232.19491655087,32,53.2132034355964,0,1232.19491655087
10,375919,1206.91472957983,32,53.2132034355964,0,1206.91472957983
4,376086,1809.45788428272,8,29.2132034355964,0,1809.45788428272
4,376087,1838.4954747657,8,29.2132034355964,0,1838.4954747657
4,376088,1867.56075473761,8,29.2132034355964,0,1867.56075473761
4,376089,1896.65245121673,8,29.2132034355964,0,1896.65245121673
4,376090,1925.76936701532,8,29.2132034355964,0,1925.76936701532
4,376091,1954.91037526273,8,29.2132034355964,0,1954.91037526273
4,376092,1984.07441439005,8,29.2132034355964,0,1984.07441439005
10,376617,1350.08866438335,32,53.2132034355964,0,1350.08866438335
10,376618,1324.35650102473,32,53.2132034355964,0,1324.35650102473
10,376619,1298.8034212398,32,53.2132034355964,0,1298.8034212398
10,376620,1273.44020564829,32,53.2132034355964,0,1273.44020564829
10,376621,1248.27842760218,32,53.2132034355964,0,1248.27842760218
4,376791,1860.77045078461,8,29.2132034355964,0,1860.77045078461
4,376792,1889.96682704772,8,29.2132034355964,0,1889.96682704772
4,376793,1919.18533236073,8,29.2132034355964,0,1919.18533236073
4,376794,1948.42497118229,8,29.2132034355964,0,1948.42497118229
4,376795,1977.6848061506,8,29.2132034355964,0,1977.6848061506
10,377320,1365.43946698515,32,53.2132034355964,0,1365.43946698515
10,377321,1340.00198063064,32,53.2132034355964,0,1340.00198063064
10,377322,1314.75287902958,32,53.2132034355964,0,1314.75287902958
10,377323,1289.70322651359,32,53.2132034355964,0,1289.70322651359
10,377324,1264.86487293397,32,53.2132034355964,0,1264.86487293397
10,377325,1240.25051333191,32,53.2132034355964,0,1240.25051333191
10,377326,1215.87375150686,32,53.2132034355964,0,1215.87375150686
10,377327,1191.74916745408,32,53.2132034355964,0,1191.74916745408
10,377328,1167.89238862154,32,53.2132034355964,0,1167.89238862154
10,378023,1381.26748597789,32,53.2132034355964,0,1381.26748597789
10,378024,1356.12678901982,32,53.2132034355964,0,1356.12678901982
10,378025,1331.18343301196,32,53.2132034355964,0,1331.18343301196
10,378026,1306.44872119627,32,53.2132034355964,0,1306.44872119627
10,378027,1281.93473089128,32,53.2132034355964,0,1281.93473089128
10,378028,1257.65436896339,32,53.2132034355964,0,1257.65436896339
10,378029,1233.62143044243,32,53.2132034355964,0,1233.62143044243
10,378030,1209.85066015708,32,53.2132034355964,0,1209.85066015708
10,378031,1186.35781722344,32,53.2132034355964,0,1186.35781722344
10,378032,1163.15974202072,32,53.2132034355964,0,1163.15974202072
10,378033,1140.27442521591,32,53.2132034355964,0,1140.27442521591
10,378726,1397.55650732166,32,53.2132034355964,0,1397.55650732166
10,378727,1372.71403475739,32,53.2132034355964,0,1372.71403475739
10,378728,1348.07749230331,32,53.2132034355964,0,1348.07749230331
10,378729,1323.65837861276,32,53.2132034355964,0,1323.65837861276
10,378730,1299.46895125353,32,53.2132034355964,0,1299.46895125353
10,378731,1275.52227783315,32,53.2132034355964,0,1275.52227783315
10,378732,1251.83228957153,32,53.2132034355964,0,1251.83228957153
10,378733,1228.41383709312,32,53.2132034355964,0,1228.41383709312
10,378734,1205.28274819661,32,53.2132034355964,0,1205.28274819661
10,378735,1182.45588713705,32,53.2132034355964,0,1182.45588713705
10,378736,1159.95121489859,32,53.2132034355964,0,1159.95121489859
10,378737,1137.78784966867,32,53.2132034355964,0,1137.78784966867
10,379430,1389.74715975929,32,53.2132034355964,0,1389.74715975929
10,379431,1365.41785241826,32,53.2132034355964,0,1365.41785241826
10,379432,1341.31433264105,32,53.2132034355964,0,1341.31433264105
10,379433,1317.4489932431,32,53.2132034355964,0,1317.4489932431
10,379434,1293.8350143065,32,53.2132034355964,0,1293.8350143065
10,379435,1270.48641169525,32,53.2132034355964,0,1270.48641169525
10,379436,1247.41808707568,32,53.2132034355964,0,1247.41808707568
10,379437,1224.64587911625,32,53.2132034355964,0,1224.64587911625
10,379438,1202.18661534571,32,53.2132034355964,0,1202.18661534571
10,379439,1180.05816408051,32,53.2132034355964,0,1180.05816408051
10,379440,1158.27948558161,32,53.2132034355964,0,1158.27948558161
10,379441,1136.87068149513,32,53.2132034355964,0,1136.87068149513
10,379442,1115.85304130275,32,53.2132034355964,0,1115.85304130275
10,379443,1095.24908433695,32,53.2132034355964,0,1095.24908433695
10,380134,1383.18772828164,32,53.2132034355964,0,1383.18772828164
10,380135,1359.39919381495,32,53.2132034355964,0,1359.39919381495
10,380136,1335.85685529726,32,53.2132034355964,0,1335.85685529726
10,380137,1312.57396011195,32,53.2132034355964,0,1312.57396011195
10,380138,1289.56456097181,32,53.2132034355964,0,1289.56456097181
10,380139,1266.84356030627,32,53.2132034355964,0,1266.84356030627
10,380140,1244.4267551358,32,53.2132034355964,0,1244.4267551358
10,380141,1222.33088185409,32,53.2132034355964,0,1222.33088185409
10,380142,1200.57366030055,32,53.2132034355964,0,1200.57366030055
10,380143,1179.17383625684,32,53.2132034355964,0,1179.17383625684
10,380144,1158.15122141104,32,53.2132034355964,0,1158.15122141104
10,380145,1137.52672954892,32,53.2132034355964,0,1137.52672954892
10,380146,1117.32240756896,32,53.2132034355964,0,1117.32240756896
10,380147,1097.56145965342,32,53.2132034355964,0,1097.56145965342
10,380148,1078.26826263977,32,53.2132034355964,0,1078.26826263977
10,380837,1401.37078075544,32,53.2132034355964,0,1401.37078075544
10,380838,1377.89607404243,32,53.2132034355964,0,1377.89607404243
10,380839,1354.67509736205,32,53.2132034355964,0,1354.67509736205
10,380840,1331.72112351101,32,53.2132034355964,0,1331.72112351101
10,380841,1309.04819813859,32,53.2132034355964,0,1309.04819813859
10,380842,1286.67117871659,32,53.2132034355964,0,1286.67117871659
10,380843,1264.60577338717,32,53.2132034355964,0,1264.60577338717
10,380844,1242.86857908523,32,53.2132034355964,0,1242.86857908523
10,380845,1221.47711829942,32,53.2132034355964,0,1221.47711829942
10,380846,1200.44987360308,32,53.2132034355964,0,1200.44987360308
10,380847,1179.806319019,32,53.2132034355964,0,1179.806319019
10,380848,1159.56694701976,32,53.2132034355964,0,1159.56694701976
10,380849,1139.75328983964,32,53.2132034355964,0,1139.75328983964
10,380850,1120.38793355023,32,53.2132034355964,0,1120.38793355023
10,380851,1101.49452311359,32,53.2132034355964,0,1101.49452311359
10,380852,1083.09775649262,32,53.2132034355964,0,1083.09775649262
10,381523,1843.68778901688,32,53.2132034355964,0,1843.68778901688
10,381524,1817.55883721327,32,53.2132034355964,0,1817.55883721327
10,381540,1419.95113724353,32,53.2132034355964,0,1419.95113724353
10,381541,1396.78860501387,32,53.2132034355964,0,1396.78860501387
10,381542,1373.88685651357,32,53.2132034355964,0,1373.88685651357
10,381543,1351.25915144611,32,53.2132034355964,0,1351.25915144611
10,381544,1328.91948842126,32,53.2132034355964,0,1328.91948842126
10,381545,1306.88263876724,32,53.2132034355964,0,1306.88263876724
10,381546,1285.16417970333,32,53.2132034355964,0,1285.16417970333
10,381547,1263.78052625589,32,53.2132034355964,0,1263.78052625589
10,381548,1242.74896128473,32,53.2132034355964,0,1242.74896128473
10,381549,1222.08766276339,32,53.2132034355964,0,1222.08766276339
10,381550,1201.81572741553,32,53.2132034355964,0,1201.81572741553
10,381551,1181.95318956767,32,53.2132034355964,0,1181.95318956767
10,381552,1162.52103399119,32,53.2132034355964,0,1162.52103399119
10,381553,1143.54120131311,32,53.2132034355964,0,1143.54120131311
10,381554,1125.03658438722,32,53.2132034355964,0,1125.03658438722
10,381555,1107.03101393147,32,53.2132034355964,0,1107.03101393147
10,381556,1089.54923151142,32,53.2132034355964,0,1089.54923151142
10,382226,1858.33330136376,32,53.2132034355964,0,1858.33330136376
10,382227,1832.41305605361,32,53.2132034355964,0,1832.41305605361
10,382228,1806.6161958412,32,53.2132034355964,0,1806.6161958412
10,382244,1416.06095096669,32,53.2132034355964,0,1416.06095096669
10,382245,1393.47585666596,32,53.2132034355964,0,1393.47585666596
10,382246,1371.17133555625,32,53.2132034355964,0,1371.17133555625
10,382247,1349.16130313828,32,53.2132034355964,0,1349.16130313828
10,382248,1327.46040784944,32,53.2132034355964,0,1327.46040784944
10,382249,1306.08405894358,32,53.2132034355964,0,1306.08405894358
10,382250,1285.04845268057,32,53.2132034355964,0,1285.04845268057
10,382251,1264.3705962048,32,53.2132034355964,0,1264.3705962048
10,382252,1244.06832828888,32,53.2132034355964,0,1244.06832828888
10,382253,1224.16033609121,32,53.2132034355964,0,1224.16033609121
10,382254,1204.66616685552,32,53.2132034355964,0,1204.66616685552
10,382255,1185.60623344061,32,53.2132034355964,0,1185.60623344061
10,382256,1167.00181237521,32,53.2132034355964,0,1167.00181237521
10,382257,1148.87503302234,32,53.2132034355964,0,1148.87503302234
10,382258,1131.24885636421,32,53.2132034355964,0,1131.24885636421
10,382948,1413.42641309641,32,53.2132034355964,0,1413.42641309641
10,382949,1391.44161288031,32,53.2132034355964,0,1391.44161288031
10,382950,1369.75721592763,32,53.2132034355964,0,1369.75721592763
10,382951,1348.38771531991,32,53.2132034355964,0,1348.38771531991
10,382952,1327.34832006604,32,53.2132034355964,0,1327.34832006604
10,382953,1306.65497605593,32,53.2132034355964,0,1306.65497605593
10,382954,1286.32438437689,32,53.2132034355964,0,1286.32438437689
10,382955,1266.37401621668,32,53.2132034355964,0,1266.37401621668
10,382956,1246.82212355169,32,53.2132034355964,0,1246.82212355169
10,382957,1227.6877446362,32,53.2132034355964,0,1227.6877446362
10,382958,1208.99070327321,32,53.2132034355964,0,1208.99070327321
10,382959,1190.75160071277,32,53.2132034355964,0,1190.75160071277
10,382960,1172.99179891503,32,53.2132034355964,0,1172.99179891503
10,382961,1155.73339389843,32,53.2132034355964,0,1155.73339389843
6,383047,195.72863866118,25,46.2132034355964,0,195.72863866118
2,383118,1818.43391321764,39,60.2132034355964,0,1818.43391321764
2,383119,1848.23088421534,39,60.2132034355964,0,1848.23088421534
10,383652,1412.05456204155,32,53.2132034355964,0,1412.05456204155
10,383653,1390.69149447695,32,53.2132034355964,0,1390.69149447695
10,383654,1369.64853914011,32,53.2132034355964,0,1369.64853914011
10,383655,1348.94067699989,32,53.2132034355964,0,1348.94067699989
10,383656,1328.58357685707,32,53.2132034355964,0,1328.58357685707
10,383657,1308.59360867564,32,53.2132034355964,0,1308.59360867564
10,383658,1288.98785330774,32,53.2132034355964,0,1288.98785330774
10,383659,1269.78410788101,32,53.2132034355964,0,1269.78410788101
10,383660,1251.00088594009,32,53.2132034355964,0,1251.00088594009
10,383661,1232.65741143258,32,53.2132034355964,0,1232.65741143258
10,383662,1214.77360551038,32,53.2132034355964,0,1214.77360551038
10,383663,1197.3700650482,32,53.2132034355964,0,1197.3700650482
10,383664,1180.46803177896,32,53.2132034355964,0,1180.46803177896
10,383694,1009.91709861126,32,53.2132034355964,0,1009.91709861126
10,383695,1017.45664750364,32,53.2132034355964,0,1017.45664750364
6,383749,159.111901416,25,46.2132034355964,0,159.111901416
6,383750,188.536392469441,25,46.2132034355964,0,188.536392469441
12,383751,188.758916580209,218,239.213203435596,12,0
2,383820,1786.16615148295,39,60.2132034355964,0,1786.16615148295
2,383821,1815.99992098473,39,60.2132034355964,0,1815.99992098473
2,383822,1845.83634296214,39,60.2132034355964,0,1845.83634296214
2,383823,1875.67529083316,39,60.2132034355964,0,1875.67529083316
10,384356,1411.94908851515,32,53.2132034355964,0,1411.94908851515
10,384357,1391.22758894306,32,53.2132034355964,0,1391.22758894306
10,384358,1370.84562620012,32,53.2132034355964,0,1370.84562620012
10,384359,1350.81856978024,32,53.2132034355964,0,1350.81856978024
10,384360,1331.16243825354,32,53.2132034355964,0,1331.16243825354
10,384361,1311.8939044484,32,53.2132034355964,0,1311.8939044484
10,384362,1293.03029624413,32,53.2132034355964,0,1293.03029624413
10,384363,1274.58959216127,32,53.2132034355964,0,1274.58959216127
10,384364,1256.59041093275,32,53.2132034355964,0,1256.59041093275
10,384365,1239.05199415473,32,53.2132034355964,0,1239.05199415473
10,384366,1221.99418106458,32,53.2132034355964,0,1221.99418106458
10,384367,1205.43737450888,32,53.2132034355964,0,1205.43737450888
10,384368,1189.40249711306,32,53.2132034355964,0,1189.40249711306
10,384396,1032.4771245876,32,53.2132034355964,0,1032.4771245876
10,384397,1038.99231348264,32,53.2132034355964,0,1038.99231348264
10,384398,1046.32241356889,32,53.2132034355964,0,1046.32241356889
10,384399,1054.45043021358,32,53.2132034355964,0,1054.45043021358
6,384452,156.019892992093,25,46.2132034355964,0,156.019892992093
6,384453,185.934494150952,25,46.2132034355964,0,185.934494150952
12,384454,168.57017837886,218,239.213203435596,12,0
2,384524,1814.05593154725,39,60.2132034355964,0,1814.05593154725
2,384525,1843.92396863815,39,60.2132034355964,0,1843.92396863815
2,384526,1873.79352937775,39,60.2132034355964,0,1873.79352937775
2,384527,1903.66454204246,39,60.2132034355964,0,1903.66454204246
10,385059,1433.51561478317,32,53.2132034355964,0,1433.51561478317
10,385060,1413.11028629233,32,53.2132034355964,0,1413.11028629233
10,385061,1393.04842170049,32,53.2132034355964,0,1393.04842170049
10,385062,1373.34507308066,32,53.2132034355964,0,1373.34507308066
10,385063,1354.01589166881,32,53.2132034355964,0,1354.01589166881
10,385064,1335.07712908546,32,53.2132034355964,0,1335.07712908546
10,385065,1316.54563419106,32,53.2132034355964,0,1316.54563419106
10,385066,1298.43884484176,32,53.2132034355964,0,1298.43884484176
10,385067,1280.77477382333,32,53.2132034355964,0,1280.77477382333
10,385068,1263.57198818316,32,53.2132034355964,0,1263.57198818316
10,385069,1246.84958113082,32,53.2132034355964,0,1246.84958113082
10,385070,1230.62713573308,32,53.2132034355964,0,1230.62713573308
10,385071,1214.9246795702,32,53.2132034355964,0,1214.9246795702
10,385072,1199.76262962668,32,53.2132034355964,0,1199.76262962668
10,385100,1068.11371230781,32,53.2132034355964,0,1068.11371230781
10,385101,1075.24534421612,32,53.2132034355964,0,1075.24534421612
9,385102,1073.85368873806,10,31.2132034355964,0,1073.85368873806
6,385155,158.610246776827,25,46.2132034355964,0,158.610246776827
12,385156,178.174428655726,218,239.213203435596,12,0
12,385157,151.628740763321,218,239.213203435596,12,0
12,385158,126.595192558129,218,239.213203435596,12,0
12,385159,104.169718661581,218,239.213203435596,12,0
2,385228,1842.49526260577,39,60.2132034355964,0,1842.49526260577
2,385229,1872.38777455896,39,60.2132034355964,0,1872.38777455896
2,385230,1902.28102098672,39,60.2132034355964,0,1902.28102098672
10,385763,1435.28274278582,32,53.2132034355964,0,1435.28274278582
10,385764,1415.53504833249,32,53.2132034355964,0,1415.53504833249
10,385765,1396.14897649662,32,53.2132034355964,0,1396.14897649662
10,385766,1377.13979911023,32,53.2132034355964,0,1377.13979911023
10,385767,1358.52333738236,32,53.2132034355964,0,1358.52333738236
10,385768,1340.31595541448,32,53.2132034355964,0,1340.31595541448
10,385769,1322.53454876285,32,53.2132034355964,0,1322.53454876285
10,385770,1305.19652742683,32,53.2132034355964,0,1305.19652742683
10,385771,1288.31979258023,32,53.2132034355964,0,1288.31979258023
10,385772,1271.92270634177,32,53.2132034355964,0,1271.92270634177
10,385773,1256.02405393924,32,53.2132034355964,0,1256.02405393924
10,385774,1240.64299758276,32,53.2132034355964,0,1240.64299758276
10,385775,1225.79902147237,32,53.2132034355964,0,1225.79902147237
9,385804,1084.11859672679,10,31.2132034355964,0,1084.11859672679
9,385805,1058.28287176406,10,31.2132034355964,0,1058.28287176406
9,385806,1032.66753116064,10,31.2132034355964,0,1032.66753116064
9,385807,1007.2893881662,10,31.2132034355964,0,1007.2893881662
6,385858,166.618148149263,25,46.2132034355964,0,166.618148149263
12,385859,167.663167138065,218,239.213203435596,12,0
12,385860,139.12598085482,218,239.213203435596,12,0
12,385861,111.31517802904,218,239.213203435596,12,0
12,385862,84.9472103534147,218,239.213203435596,12,0
12,385863,61.8944069397365,218,239.213203435596,12,0
12,385864,47.283570623058,218,239.213203435596,12,0
12,385865,49.2999378102169,218,239.213203435596,12,0
10,386467,1438.29219369149,32,53.2132034355964,0,1438.29219369149
10,386468,1419.21690833799,32,53.2132034355964,0,1419.21690833799
10,386469,1400.52076429369,32,53.2132034355964,0,1400.52076429369
10,386470,1382.21914664134,32,53.2132034355964,0,1382.21914664134
10,386471,1364.32793246151,32,53.2132034355964,0,1364.32793246151
10,386472,1346.86347677623,32,53.2132034355964,0,1346.86347677623
10,386473,1329.84259319567,32,53.2132034355964,0,1329.84259319567
10,386474,1313.28252867108,32,53.2132034355964,0,1313.28252867108
10,386475,1297.20093176643,32,53.2132034355964,0,1297.20093176643
10,386476,1281.61581391331,32,53.2132034355964,0,1281.61581391331
10,386477,1266.54550309114,32,53.2132034355964,0,1266.54550309114
10,386478,1252.00858949316,32,53.2132034355964,0,1252.00858949316
9,386508,1043.33739607438,10,31.2132034355964,0,1043.33739607438
9,386509,1017.34567742147,10,31.2132034355964,0,1017.34567742147
9,386510,991.575327782602,10,31.2132034355964,0,991.575327782602
6,386558,110.480985535084,25,46.2132034355964,0,110.480985535084
12,386563,132.326095720643,218,239.213203435596,12,0
12,386564,102.6897681234,218,239.213203435596,12,0
12,386565,73.281104962265,218,239.213203435596,12,0
12,386566,44.5532401780738,218,239.213203435596,12,0
12,386567,19.7433805469032,218,239.213203435596,12,0
12,386568,24.1774676005672,218,239.213203435596,12,0
12,386569,50.6876494104265,218,239.213203435596,12,0
3,386570,67.5419717015816,50,71.2132034355964,3,0
10,387158,1711.46250321385,32,53.2132034355964,0,1711.46250321385
10,387171,1442.53620224336,32,53.2132034355964,0,1442.53620224336
10,387172,1424.14612651666,32,53.2132034355964,0,1424.14612651666
10,387173,1406.15193844893,32,53.2132034355964,0,1406.15193844893
10,387175,1371.41321672552,32,53.2132034355964,0,1371.41321672552
10,387176,1354.70072845681,32,53.2132034355964,0,1354.70072845681
10,387177,1338.44817075832,32,53.2132034355964,0,1338.44817075832
10,387178,1322.67249815654,32,53.2132034355964,0,1322.67249815654
10,387179,1307.39097381288,32,53.2132034355964,0,1307.39097381288
10,387180,1292.62112348775,32,53.2132034355964,0,1292.62112348775
9,387212,1002.68221204222,10,31.2132034355964,0,1002.68221204222
5,387260,120.038879688975,16,37.2132034355964,0,120.038879688975
5,387261,134.441459391362,16,37.2132034355964,0,134.441459391362
6,387262,152.476322017301,25,46.2132034355964,0,152.476322017301
6,387263,172.91283270743,25,46.2132034355964,0,172.91283270743
12,387264,191.712496243537,218,239.213203435596,12,0
12,387265,161.891134408565,218,239.213203435596,12,0
12,387266,132.112626970481,218,239.213203435596,12,0
12,387267,102.414362427722,218,239.213203435596,12,0
12,387268,72.894483184407,218,239.213203435596,12,0
12,387269,43.9142157735864,218,239.213203435596,12,0
12,387270,18.2554002073,218,239.213203435596,12,0
12,387271,22.9784583424243,218,239.213203435596,12,0
12,387272,50.126919715503,218,239.213203435596,12,0
2,387273,75.3770415219182,39,60.2132034355964,0,75.3770415219182
2,387274,46.6263150925247,39,60.2132034355964,2,0
2,387275,21.3606179643533,39,60.2132034355964,2,0
2,387276,22.988836655203,39,60.2132034355964,2,0
10,387860,1753.68329251133,32,53.2132034355964,0,1753.68329251133
10,387861,1731.36706540697,32,53.2132034355964,0,1731.36706540697
10,387862,1709.28298972501,32,53.2132034355964,0,1709.28298972501
10,387875,1448.00392321647,32,53.2132034355964,0,1448.00392321647
10,387878,1396.17212064608,32,53.2132034355964,0,1396.17212064608
10,387879,1379.75947114347,32,53.2132034355964,0,1379.75947114347
10,387881,1348.32644819744,32,53.2132034355964,0,1348.32644819744
10,387882,1333.3388976057,32,53.2132034355964,0,1333.3388976057
10,387883,1318.85959066935,32,53.2132034355964,0,1318.85959066935
10,387884,1304.90544600382,32,53.2132034355964,0,1304.90544600382
10,387903,1160.67502234817,32,53.2132034355964,0,1160.67502234817
10,387904,1160.32154693144,32,53.2132034355964,0,1160.32154693144
10,387905,1160.73910769413,32,53.2132034355964,0,1160.73910769413
10,387906,1161.92687337716,32,53.2132034355964,0,1161.92687337716
5,387961,141.311176696438,16,37.2132034355964,0,141.311176696438
5,387963,148.085966349798,16,37.2132034355964,0,148.085966349798
5,387964,159.983269434972,16,37.2132034355964,0,159.983269434972
5,387965,176.209439847912,16,37.2132034355964,0,176.209439847912
6,387966,194.605703576162,25,46.2132034355964,0,194.605703576162
12,387967,196.180348403521,218,239.213203435596,12,0
12,387968,167.157801485353,218,239.213203435596,12,0
12,387969,138.516029173745,218,239.213203435596,12,0
12,387970,110.5513831769,218,239.213203435596,12,0
12,387971,83.9433413067391,218,239.213203435596,12,0
12,387972,60.5088342347238,218,239.213203435596,12,0
12,387973,45.4545018104669,218,239.213203435596,12,0
12,387974,47.5485298700883,218,239.213203435596,12,0
12,387975,65.1580531811399,218,239.213203435596,12,0
2,387976,86.9153110191371,39,60.2132034355964,0,86.9153110191371
2,387977,63.6126347809071,39,60.2132034355964,0,63.6126347809071
2,387978,48.2578574992609,39,60.2132034355964,2,0
2,387979,49.0003245861251,39,60.2132034355964,2,0
2,387980,65.2931872481376,39,60.2132034355964,0,65.2931872481376
10,388564,1751.55625772005,32,53.2132034355964,0,1751.55625772005
10,388565,1729.72984574532,32,53.2132034355964,0,1729.72984574532
10,388566,1708.14840199066,32,53.2132034355964,0,1708.14840199066
10,388582,1405.00808761682,32,53.2132034355964,0,1405.00808761682
10,388584,1374.15256720992,32,53.2132034355964,0,1374.15256720992
10,388585,1359.44969265551,32,53.2132034355964,0,1359.44969265551
10,388586,1345.25137593145,32,53.2132034355964,0,1345.25137593145
10,388587,1331.57375714963,32,53.2132034355964,0,1331.57375714963
10,388588,1318.43304179966,32,53.2132034355964,0,1318.43304179966
10,388603,1196.10783570588,32,53.2132034355964,0,1196.10783570588
10,388604,1193.51778741476,32,53.2132034355964,0,1193.51778741476
10,388606,1190.57760917656,32,53.2132034355964,0,1190.57760917656
10,388607,1190.23301241104,32,53.2132034355964,0,1190.23301241104
10,388608,1190.64008537439,32,53.2132034355964,0,1190.64008537439
10,388609,1191.79805784211,32,53.2132034355964,0,1191.79805784211
10,388610,1193.70474454926,32,53.2132034355964,0,1193.70474454926
9,388611,1167.91358993731,10,31.2132034355964,0,1167.91358993731
5,388661,199.403999637925,16,37.2132034355964,0,199.403999637925
5,388662,185.681135604744,16,37.2132034355964,0,185.681135604744
5,388663,176.019742960686,16,37.2132034355964,0,176.019742960686
5,388664,171.10918283188,16,37.2132034355964,0,171.10918283188
5,388665,171.358372225813,16,37.2132034355964,0,171.358372225813
5,388667,186.826605524478,16,37.2132034355964,0,186.826605524478
5,388668,200.896316664409,16,37.2132034355964,0,200.896316664409
5,388669,218.18436312226,16,37.2132034355964,0,218.18436312226
12,388670,204.961387875652,218,239.213203435596,12,0
12,388671,177.381271083096,218,239.213203435596,12,0
12,388672,150.695149250151,218,239.213203435596,12,0
12,388673,125.474732714588,218,239.213203435596,12,0
12,388674,102.804459813203,218,239.213203435596,12,0
12,388675,84.7559628028022,218,239.213203435596,12,0
12,388676,74.7553166653375,218,239.213203435596,12,0
12,388677,76.0467578180921,218,239.213203435596,12,0
12,388678,88.1352894437161,218,239.213203435596,12,0
2,388679,105.906740707403,39,60.2132034355964,0,105.906740707403
2,388680,87.7981485293476,39,60.2132034355964,0,87.7981485293476
2,388681,77.3999945593338,39,60.2132034355964,0,77.3999945593338
2,388682,77.8650791118055,39,60.2132034355964,0,77.8650791118055
2,388683,89.0233062013771,39,60.2132034355964,0,89.0233062013771
2,388684,107.597837634782,39,60.2132034355964,0,107.597837634782
2,388685,130.458450835777,39,60.2132034355964,0,130.458450835777
2,388686,155.728890191158,39,60.2132034355964,0,155.728890191158
2,388687,182.410345647211,39,60.2132034355964,0,182.410345647211
2,388688,209.965588305054,39,60.2132034355964,0,209.965588305054
2,388689,238.091430882086,39,60.2132034355964,0,238.091430882086
10,389268,1750.44900899005,32,53.2132034355964,0,1750.44900899005
10,389269,1729.1260677504,32,53.2132034355964,0,1729.1260677504
10,389270,1708.0608307559,32,53.2132034355964,0,1708.0608307559
10,389271,1687.26295023422,32,53.2132034355964,0,1687.26295023422
10,389286,1415.05384493033,32,53.2132034355964,0,1415.05384493033
10,389287,1400.14132806616,32,53.2132034355964,0,1400.14132806616
10,389288,1385.71415211921,32,53.2132034355964,0,1385.71415211921
10,389289,1371.78763025563,32,53.2132034355964,0,1371.78763025563
10,389290,1358.37716116691,32,53.2132034355964,0,1358.37716116691
10,389291,1345.49817530721,32,53.2132034355964,0,1345.49817530721
10,389292,1333.16607586898,32,53.2132034355964,0,1333.16607586898
10,389293,1321.39617460545,32,53.2132034355964,0,1321.39617460545
10,389306,1225.87599499268,32,53.2132034355964,0,1225.87599499268
10,389307,1223.34895923646,32,53.2132034355964,0,1223.34895923646
10,389308,1221.54943222026,32,53.2132034355964,0,1221.54943222026
10,389309,1220.480631956,32,53.2132034355964,0,1220.480631956
10,389310,1220.14447871082,32,53.2132034355964,0,1220.14447871082
10,389311,1220.54157782801,32,53.2132034355964,0,1220.54157782801
9,389312,1213.98009960046,10,31.2132034355964,0,1213.98009960046
9,389313,1185.69167333159,10,31.2132034355964,0,1185.69167333159
9,389314,1157.48518031106,10,31.2132034355964,0,1157.48518031106
9,389315,1129.36675952768,10,31.2132034355964,0,1129.36675952768
5,389365,213.486321330153,16,37.2132034355964,0,213.486321330153
5,389366,205.138627279151,16,37.2132034355964,0,205.138627279151
5,389367,200.940911156228,16,37.2132034355964,0,200.940911156228
5,389372,242.287870419618,16,37.2132034355964,0,242.287870419618
12,389373,217.533917990727,218,239.213203435596,12,0
12,389374,191.770418994187,218,239.213203435596,12,0
12,389375,167.394023828851,218,239.213203435596,12,0
12,389376,145.105486849851,218,239.213203435596,12,0
12,389377,126.017549975924,218,239.213203435596,12,0
12,389378,111.782024393871,218,239.213203435596,12,0
12,389379,104.403048525296,218,239.213203435596,12,0
2,389383,114.716415579484,39,60.2132034355964,0,114.716415579484
2,389384,106.96771027767,39,60.2132034355964,0,106.96771027767
2,389385,107.304719455766,39,60.2132034355964,0,107.304719455766
2,389386,115.656782463558,39,60.2132034355964,0,115.656782463558
2,389387,130.493894795799,39,60.2132034355964,0,130.493894795799
2,389388,149.902630278759,39,60.2132034355964,0,149.902630278759
2,389389,172.345343096795,39,60.2132034355964,0,172.345343096795
2,389390,196.786718925382,39,60.2132034355964,0,196.786718925382
2,389391,222.569281213551,39,60.2132034355964,0,222.569281213551
2,389392,249.277222928024,39,60.2132034355964,0,249.277222928024
2,389393,276.642656756316,39,60.2132034355964,0,276.642656756316
10,389972,1750.36348986086,32,53.2132034355964,0,1750.36348986086
10,389973,1729.55682207528,32,53.2132034355964,0,1729.55682207528
10,389974,1709.02044541275,32,53.2132034355964,0,1709.02044541275
10,389975,1688.76422060761,32,53.2132034355964,0,1688.76422060761
10,389989,1440.92590505484,32,53.2132034355964,0,1440.92590505484
10,389990,1426.28384015187,32,53.2132034355964,0,1426.28384015187
10,389991,1412.12370188866,32,53.2132034355964,0,1412.12370188866
10,389992,1398.46012961704,32,53.2132034355964,0,1398.46012961704
10,389993,1385.3078166102,32,53.2132034355964,0,1385.3078166102
10,389994,1372.6814587995,32,53.2132034355964,0,1372.6814587995
10,389995,1360.59569889114,32,53.2132034355964,0,1360.59569889114
10,389996,1349.06506599652,32,53.2132034355964,0,1349.06506599652
10,389997,1338.10391101837,32,53.2132034355964,0,1338.10391101837
10,390009,1255.65096627124,32,53.2132034355964,0,1255.65096627124
10,390010,1253.18395967637,32,53.2132034355964,0,1253.18395967637
10,390011,1251.42732606872,32,53.2132034355964,0,1251.42732606872
10,390012,1250.38405940797,32,53.2132034355964,0,1250.38405940797
10,390013,1250.0559457722,32,53.2132034355964,0,1250.0559457722
9,390014,1233.27248976018,10,31.2132034355964,0,1233.27248976018
9,390015,1204.69397981619,10,31.2132034355964,0,1204.69397981619
9,390016,1176.18207862804,10,31.2132034355964,0,1176.18207862804
9,390017,1147.74175023679,10,31.2132034355964,0,1147.74175023679
9,390018,1119.37845006376,10,31.2132034355964,0,1119.37845006376
9,390019,1091.09818521254,10,31.2132034355964,0,1091.09818521254
9,390020,1062.90758354473,10,31.2132034355964,0,1062.90758354473
9,390021,1034.81397295548,10,31.2132034355964,0,1034.81397295548
9,390022,1006.82547254668,10,31.2132034355964,0,1006.82547254668
12,390080,151.596445812505,218,239.213203435596,12,0
12,390081,139.986650296655,218,239.213203435596,12,0
12,390082,134.167914382716,218,239.213203435596,12,0
12,390083,134.89174677716,218,239.213203435596,12,0
2,390085,154.623255730518,39,60.2132034355964,0,154.623255730518
2,390086,142.830636273463,39,60.2132034355964,0,142.830636273463
2,390087,136.685099637593,39,60.2132034355964,0,136.685099637593
2,390088,136.949000093303,39,60.2132034355964,0,136.949000093303
2,390092,192.207546341331,39,60.2132034355964,0,192.207546341331
2,390093,214.396559739451,39,60.2132034355964,0,214.396559739451
2,390094,238.281378088415,39,60.2132034355964,0,238.281378088415
2,390095,263.40108545326,39,60.2132034355964,0,263.40108545326
2,390096,289.434335989739,39,60.2132034355964,0,289.434335989739
10,390676,1751.29985825677,32,53.2132034355964,0,1751.29985825677
10,390677,1731.02134474552,32,53.2132034355964,0,1731.02134474552
10,390678,1711.025492485,32,53.2132034355964,0,1711.025492485
10,390679,1691.32232688825,32,53.2132034355964,0,1691.32232688825
10,390692,1466.95157970462,32,53.2132034355964,0,1466.95157970462
10,390693,1452.57180212573,32,53.2132034355964,0,1452.57180212573
10,390694,1438.67035175627,32,53.2132034355964,0,1438.67035175627
10,390695,1425.26122492317,32,53.2132034355964,0,1425.26122492317
10,390696,1412.3584442615,32,53.2132034355964,0,1412.3584442615
10,390697,1399.97600995302,32,53.2132034355964,0,1399.97600995302
10,390698,1388.12784691078,32,53.2132034355964,0,1388.12784691078
10,390699,1376.82774807134,32,53.2132034355964,0,1376.82774807134
10,390700,1366.08931403039,32,53.2132034355964,0,1366.08931403039
10,390701,1355.92588939194,32,53.2132034355964,0,1355.92588939194
10,390712,1285.43227617626,32,53.2132034355964,0,1285.43227617626
10,390713,1283.02252164816,32,53.2132034355964,0,1283.02252164816
10,390714,1281.30678724695,32,53.2132034355964,0,1281.30678724695
10,390715,1280.2878631796,32,53.2132034355964,0,1280.2878631796
9,390716,1253.69640823621,10,31.2132034355964,0,1253.69640823621
9,390717,1224.86354538761,10,31.2132034355964,0,1224.86354538761
9,390719,1167.3616463979,10,31.2132034355964,0,1167.3616463979
9,390720,1138.70088317967,10,31.2132034355964,0,1138.70088317967
9,390721,1110.10645657421,10,31.2132034355964,0,1110.10645657421
9,390722,1081.58362792793,10,31.2132034355964,0,1081.58362792793
9,390723,1053.13821465889,10,31.2132034355964,0,1053.13821465889
9,390724,1024.77666340234,10,31.2132034355964,0,1024.77666340234
9,390725,996.506134569694,10,31.2132034355964,0,996.506134569694
12,390785,163.986144217807,218,239.213203435596,12,0
12,390786,164.578888807453,218,239.213203435596,12,0
12,390787,170.502089485476,218,239.213203435596,12,0
12,390788,181.233857568412,218,239.213203435596,12,0
2,390789,171.553836594378,39,60.2132034355964,0,171.553836594378
2,390790,166.472025941125,39,60.2132034355964,0,166.472025941125
2,390791,166.688775784924,39,60.2132034355964,0,166.688775784924
2,390792,172.184077387677,39,60.2132034355964,0,172.184077387677
2,390793,182.481673107287,39,60.2132034355964,0,182.481673107287
2,390797,256.531360429991,39,60.2132034355964,0,256.531360429991
2,390798,280.018790979436,39,60.2132034355964,0,280.018790979436
10,391380,1753.25648511644,32,53.2132034355964,0,1753.25648511644
10,391381,1733.51702402239,32,53.2132034355964,0,1733.51702402239
10,391382,1714.07231168862,32,53.2132034355964,0,1714.07231168862
10,391383,1694.93249245422,32,53.2132034355964,0,1694.93249245422
10,391384,1676.10801126172,32,53.2132034355964,0,1676.10801126172
10,391385,1657.609611461,32,53.2132034355964,0,1657.609611461
10,391398,1452.18379619728,32,53.2132034355964,0,1452.18379619728
10,391399,1439.52228080066,32,53.2132034355964,0,1439.52228080066
10,391400,1427.37544573404,32,53.2132034355964,0,1427.37544573404
10,391401,1415.75653854309,32,53.2132034355964,0,1415.75653854309
10,391402,1404.67865967775,32,53.2132034355964,0,1404.67865967775
10,391403,1394.15470614333,32,53.2132034355964,0,1394.15470614333
10,391404,1384.19731236426,32,53.2132034355964,0,1384.19731236426
10,391415,1315.2194941176,32,53.2132034355964,0,1315.2194941176
10,391416,1312.86440231062,32,53.2132034355964,0,1312.86440231062
9,391417,1304.29036458599,10,31.2132034355964,0,1304.29036458599
9,391418,1275.19749889047,10,31.2132034355964,0,1275.19749889047
9,391419,1246.14370459752,10,31.2132034355964,0,1246.14370459752
9,391420,1217.13177970043,10,31.2132034355964,0,1217.13177970043
9,391421,1188.16479122869,10,31.2132034355964,0,1188.16479122869
9,391422,1159.24610777643,10,31.2132034355964,0,1159.24610777643
9,391423,1130.37943673384,10,31.2132034355964,0,1130.37943673384
9,391424,1101.56886707586,10,31.2132034355964,0,1101.56886707586
9,391425,1072.8189186216,10,31.2132034355964,0,1072.8189186216
9,391426,1044.13459894593,10,31.2132034355964,0,1044.13459894593
9,391427,1015.52146929983,10,31.2132034355964,0,1015.52146929983
9,391428,986.985721186188,10,31.2132034355964,0,986.985721186188
9,391429,958.534265624583,10,31.2132034355964,0,958.534265624583
12,391490,199.376011638547,218,239.213203435596,12,0
12,391491,208.627809551037,218,239.213203435596,12,0
2,391492,200.624626052322,39,60.2132034355964,0,200.624626052322
2,391493,196.296836233745,39,60.2132034355964,0,196.296836233745
2,391494,196.480688250265,39,60.2132034355964,0,196.480688250265
2,391495,201.163812348823,39,60.2132034355964,0,201.163812348823
2,391496,210.045479706954,39,60.2132034355964,0,210.045479706954
2,391497,222.623748272104,39,60.2132034355964,0,222.623748272104
10,392085,1737.03942369922,32,53.2132034355964,0,1737.03942369922
10,392086,1718.15536928762,32,53.2132034355964,0,1718.15536928762
10,392087,1699.5880216443,32,53.2132034355964,0,1699.5880216443
10,392088,1681.34787310574,32,53.2132034355964,0,1681.34787310574
10,392089,1663.44568719912,32,53.2132034355964,0,1663.44568719912
10,392090,1645.89249190393,32,53.2132034355964,0,1645.89249190393
10,392091,1628.69957092721,32,53.2132034355964,0,1628.69957092721
10,392092,1611.87845278516,32,53.2132034355964,0,1611.87845278516
10,392104,1443.47623015447,32,53.2132034355964,0,1443.47623015447
10,392105,1432.6126551116,32,53.2132034355964,0,1432.6126551116
10,392106,1422.2953522221,32,53.2132034355964,0,1422.2953522221
10,392107,1412.536291614,32,53.2132034355964,0,1412.536291614
10,392108,1403.34711960474,32,53.2132034355964,0,1403.34711960474
10,392118,1345.01222757184,32,53.2132034355964,0,1345.01222757184
9,392119,1326.99595576183,10,31.2132034355964,0,1326.99595576183
9,392120,1297.72223310986,10,31.2132034355964,0,1297.72223310986
9,392121,1268.4785756733,10,31.2132034355964,0,1268.4785756733
9,392122,1239.26711184683,10,31.2132034355964,0,1239.26711184683
9,392123,1210.09017309039,10,31.2132034355964,0,1210.09017309039
9,392124,1180.95031836524,10,31.2132034355964,0,1180.95031836524
9,392125,1151.85036216804,10,31.2132034355964,0,1151.85036216804
9,392126,1122.79340670749,10,31.2132034355964,0,1122.79340670749
9,392127,1093.78287900839,10,31.2132034355964,0,1093.78287900839
9,392128,1064.82257377595,10,31.2132034355964,0,1064.82257377595
9,392129,1035.91670310816,10,31.2132034355964,0,1035.91670310816
9,392130,1007.06995431585,10,31.2132034355964,0,1007.06995431585
9,392131,978.287557388075,10,31.2132034355964,0,978.287557388075
9,392132,949.575364018431,10,31.2132034355964,0,949.575364018431
9,392133,920.939940447292,10,31.2132034355964,0,920.939940447292
9,392138,779.209861389736,10,31.2132034355964,0,779.209861389736
2,392197,226.304147719682,39,60.2132034355964,0,226.304147719682
2,392198,230.381847871858,39,60.2132034355964,0,230.381847871858
2,392199,238.176488360325,39,60.2132034355964,0,238.176488360325
2,392200,249.339725297538,39,60.2132034355964,0,249.339725297538
2,392201,263.443680586315,39,60.2132034355964,0,263.443680586315
2,392202,280.044393435815,39,60.2132034355964,0,280.044393435815
10,392790,1723.26730797593,32,53.2132034355964,0,1723.26730797593
10,392791,1705.2803612034,32,53.2132034355964,0,1705.2803612034
10,392792,1687.63197181101,32,53.2132034355964,0,1687.63197181101
10,392793,1670.33287121257,32,53.2132034355964,0,1670.33287121257
10,392794,1653.39402304327,32,53.2132034355964,0,1653.39402304327
10,392795,1636.82661165487,32,53.2132034355964,0,1636.82661165487
10,392796,1620.64202840133,32,53.2132034355964,0,1620.64202840133
10,392797,1604.85185553846,32,53.2132034355964,0,1604.85185553846
10,392798,1589.46784762852,32,53.2132034355964,0,1589.46784762852
10,392808,1460.62496752236,32,53.2132034355964,0,1460.62496752236
10,392809,1450.50687236425,32,53.2132034355964,0,1450.50687236425
10,392810,1440.93884125257,32,53.2132034355964,0,1440.93884125257
10,392811,1431.931900653,32,53.2132034355964,0,1431.931900653
9,392824,1262.43278087267,10,31.2132034355964,0,1262.43278087267
9,392825,1233.07794158314,10,31.2132034355964,0,1233.07794158314
9,392826,1203.75083733323,10,31.2132034355964,0,1203.75083733323
9,392827,1174.45354582281,10,31.2132034355964,0,1174.45354582281
9,392828,1145.18835515264,10,31.2132034355964,0,1145.18835515264
9,392829,1115.95779078838,10,31.2132034355964,0,1115.95779078838
9,392830,1086.76464675409,10,31.2132034355964,0,1086.76464675409
9,392831,1057.61202178038,10,31.2132034355964,0,1057.61202178038
9,392832,1028.50336137694,10,31.2132034355964,0,1028.50336137694
9,392833,999.442506943658,10,31.2132034355964,0,999.442506943658
9,392835,941.481916474728,10,31.2132034355964,0,941.481916474728
9,392839,826.363214759559,10,31.2132034355964,0,826.363214759559
9,392840,797.792965045788,10,31.2132034355964,0,797.792965045788
9,392841,769.325192637498,10,31.2132034355964,0,769.325192637498
9,392842,740.971709017616,10,31.2132034355964,0,740.971709017616
2,392901,259.757782935661,39,60.2132034355964,0,259.757782935661
2,392902,266.695274061502,39,60.2132034355964,0,266.695274061502
2,392903,276.710421677609,39,60.2132034355964,0,276.710421677609
2,392904,289.483972908829,39,60.2132034355964,0,289.483972908829
2,392905,304.669178820667,39,60.2132034355964,0,304.669178820667
2,392906,321.924946721881,39,60.2132034355964,0,321.924946721881
2,392907,340.937030795689,39,60.2132034355964,0,340.937030795689
10,393497,1678.25823163578,32,53.2132034355964,0,1678.25823163578
10,393498,1661.93861505484,32,53.2132034355964,0,1661.93861505484
10,393499,1646.00088226011,32,53.2132034355964,0,1646.00088226011
10,393500,1630.45623204653,32,53.2132034355964,0,1630.45623204653
10,393501,1615.31601269585,32,53.2132034355964,0,1615.31601269585
10,393502,1600.5917009527,32,53.2132034355964,0,1600.5917009527
10,393513,1469.40127496322,32,53.2132034355964,0,1469.40127496322
10,393514,1460.56981744876,32,53.2132034355964,0,1460.56981744876
9,393528,1227.58659126294,10,31.2132034355964,0,1227.58659126294
9,393529,1198.12491972513,10,31.2132034355964,0,1198.12491972513
9,393530,1168.68644283336,10,31.2132034355964,0,1168.68644283336
9,393531,1139.272958622,10,31.2132034355964,0,1139.272958622
9,393532,1109.88645410983,10,31.2132034355964,0,1109.88645410983
9,393533,1080.5291305546,10,31.2132034355964,0,1080.5291305546
9,393534,1051.20343279904,10,31.2132034355964,0,1051.20343279904
9,393535,1021.91208353289,10,31.2132034355964,0,1021.91208353289
9,393542,818.143807288785,10,31.2132034355964,0,818.143807288785
9,393543,789.275929158105,10,31.2132034355964,0,789.275929158105
9,393544,760.489243511454,10,31.2132034355964,0,760.489243511454
9,393545,731.793332064238,10,31.2132034355964,0,731.793332064238
2,393608,330.168363546624,39,60.2132034355964,0,330.168363546624
2,393609,346.155411927132,39,60.2132034355964,0,346.155411927132
2,393610,363.903867243718,39,60.2132034355964,0,363.903867243718
2,393611,383.169041613917,39,60.2132034355964,0,383.169041613917
10,394204,1641.30222586565,32,53.2132034355964,0,1641.30222586565
10,394205,1626.81305452513,32,53.2132034355964,0,1626.81305452513
10,394206,1612.74862200108,32,53.2132034355964,0,1612.74862200108
9,394231,1222.80246221224,10,31.2132034355964,0,1222.80246221224
9,394232,1193.22251138205,10,31.2132034355964,0,1193.22251138205
9,394233,1163.65985818275,10,31.2132034355964,0,1163.65985818275
9,394234,1134.11585529621,10,31.2132034355964,0,1134.11585529621
9,394235,1104.59199921521,10,31.2132034355964,0,1104.59199921521
9,394236,1075.08994974389,10,31.2132034355964,0,1075.08994974389
9,394237,1045.61155271111,10,31.2132034355964,0,1045.61155271111
9,394238,1016.15886656506,10,31.2132034355964,0,1016.15886656506
9,394245,810.945010236741,10,31.2132034355964,0,810.945010236741
9,394246,781.811206844662,10,31.2132034355964,0,781.811206844662
9,394247,752.738945779933,10,31.2132034355964,0,752.738945779933
9,394248,723.735643500108,10,31.2132034355964,0,723.735643500108
9,394249,694.809935652671,10,31.2132034355964,0,694.809935652671
9,394250,665.971932985673,10,31.2132034355964,0,665.971932985673
9,394251,637.233542902233,10,31.2132034355964,0,637.233542902233
2,394313,387.818751169774,39,60.2132034355964,0,387.818751169774
2,394317,467.668597594336,39,60.2132034355964,0,467.668597594336
2,394318,490.17003249003,39,60.2132034355964,0,490.17003249003
2,394320,537.347448271886,39,60.2132034355964,0,537.347448271886
2,394321,561.840863589976,39,60.2132034355964,0,561.840863589976
10,394908,1653.15971070925,32,53.2132034355964,0,1653.15971070925
10,394909,1639.32125819855,32,53.2132034355964,0,1639.32125819855
10,394910,1625.91544716562,32,53.2132034355964,0,1625.91544716562
10,394911,1612.95306514371,32,53.2132034355964,0,1612.95306514371
9,394935,1189.05256132266,10,31.2132034355964,0,1189.05256132266
9,394936,1159.38342361236,10,31.2132034355964,0,1159.38342361236
9,394937,1129.72742984354,10,31.2132034355964,0,1129.72742984354
9,394938,1100.08564301299,10,31.2132034355964,0,1100.08564301299
9,394939,1070.45924332667,10,31.2132034355964,0,1070.45924332667
9,394940,1040.84954470825,10,31.2132034355964,0,1040.84954470825
9,394949,775.429189208391,10,31.2132034355964,0,775.429189208391
9,394950,746.108132257359,10,31.2132034355964,0,746.108132257359
9,394951,716.836436030666,10,31.2132034355964,0,716.836436030666
9,394952,687.620404346914,10,31.2132034355964,0,687.620404346914
9,394953,658.467446715833,10,31.2132034355964,0,658.467446715833
9,394954,629.386327900792,10,31.2132034355964,0,629.386327900792
9,394959,485.50922593275,10,31.2132034355964,0,485.50922593275
9,394960,457.174212520008,10,31.2132034355964,0,457.174212520008
9,394961,429.054222893619,10,31.2132034355964,0,429.054222893619
2,395020,488.345202764768,39,60.2132034355964,0,488.345202764768
2,395021,509.935188519882,39,60.2132034355964,0,509.935188519882
2,395022,532.331484724361,39,60.2132034355964,0,532.331484724361
2,395023,555.436563861351,39,60.2132034355964,0,555.436563861351
2,395024,579.165604147298,39,60.2132034355964,0,579.165604147298
2,395025,603.44500270478,39,60.2132034355964,0,603.44500270478
2,395026,628.210951240309,39,60.2132034355964,0,628.210951240309
10,395612,1666.00709810204,32,53.2132034355964,0,1666.00709810204
10,395613,1652.81767578076,32,53.2132034355964,0,1652.81767578076
10,395614,1640.06786222897,32,53.2132034355964,0,1640.06786222897
10,395615,1627.76798744857,32,53.2132034355964,0,1627.76798744857
9,395638,1185.62279795195,10,31.2132034355964,0,1185.62279795195
9,395639,1155.86546529665,10,31.2132034355964,0,1155.86546529665
9,395640,1126.11666880667,10,31.2132034355964,0,1126.11666880667
9,395641,1096.37710333431,10,31.2132034355964,0,1096.37710333431
9,395642,1066.64754100255,10,31.2132034355964,0,1066.64754100255
9,395643,1036.92884220472,10,31.2132034355964,0,1036.92884220472
9,395644,1007.2219685471,10,31.2132034355964,0,1007.2219685471
9,395645,977.527998124066,10,31.2132034355964,0,977.527998124066
9,395646,947.848143622628,10,31.2132034355964,0,947.848143622628
9,395647,918.18377392056,10,31.2132034355964,0,918.18377392056
9,395650,829.300186337992,10,31.2132034355964,0,829.300186337992
9,395653,740.626871695131,10,31.2132034355964,0,740.626871695131
9,395654,711.129428373752,10,31.2132034355964,0,711.129428373752
9,395655,681.668678902658,10,31.2132034355964,0,681.668678902658
9,395656,652.249595457975,10,31.2132034355964,0,652.249595457975
9,395657,622.878081834057,10,31.2132034355964,0,622.878081834057
9,395660,535.127231117839,10,31.2132034355964,0,535.127231117839
9,395661,506.033216170971,10,31.2132034355964,0,506.033216170971
9,395662,477.041194589125,10,31.2132034355964,0,477.041194589125
9,395663,448.170960558731,10,31.2132034355964,0,448.170960558731
9,395664,419.447662439234,10,31.2132034355964,0,419.447662439234
2,395723,509.938771311391,39,60.2132034355964,0,509.938771311391
2,395724,530.651039540585,39,60.2132034355964,0,530.651039540585
2,395725,552.207899596908,39,60.2132034355964,0,552.207899596908
2,395726,574.514287305475,39,60.2132034355964,0,574.514287305475
2,395727,597.486260585813,39,60.2132034355964,0,597.486260585813
2,395728,621.049965937066,39,60.2132034355964,0,621.049965937066
2,395729,645.140567721662,39,60.2132034355964,0,645.140567721662
2,395730,669.701207536824,39,60.2132034355964,0,669.701207536824
10,396316,1679.8216842698,32,53.2132034355964,0,1679.8216842698
10,396317,1667.27831767947,32,53.2132034355964,0,1667.27831767947
10,396318,1655.18059461461,32,53.2132034355964,0,1655.18059461461
10,396319,1643.53835595452,32,53.2132034355964,0,1643.53835595452
9,396343,1123.29107149789,10,31.2132034355964,0,1123.29107149789
9,396344,1093.47449763917,10,31.2132034355964,0,1093.47449763917
9,396345,1063.66364765854,10,31.2132034355964,0,1063.66364765854
9,396346,1033.85901669142,10,31.2132034355964,0,1033.85901669142
9,396347,1004.06115855541,10,31.2132034355964,0,1004.06115855541
9,396348,974.270694689846,10,31.2132034355964,0,974.270694689846
9,396349,944.488324769893,10,31.2132034355964,0,944.488324769893
9,396350,914.714839397192,10,31.2132034355964,0,914.714839397192
9,396351,884.951135309992,10,31.2132034355964,0,884.951135309992
9,396352,855.198233776452,10,31.2132034355964,0,855.198233776452
9,396353,825.457302900574,10,31.2132034355964,0,825.457302900574
9,396354,795.729684922095,10,31.2132034355964,0,795.729684922095
9,396355,766.01692978456,10,31.2132034355964,0,766.01692978456
9,396357,706.643506520196,10,31.2132034355964,0,706.643506520196
9,396358,676.987406566745,10,31.2132034355964,0,676.987406566745
9,396359,647.355454673707,10,31.2132034355964,0,647.355454673707
9,396362,558.642899396302,10,31.2132034355964,0,558.642899396302
9,396363,529.150220544986,10,31.2132034355964,0,529.150220544986
9,396364,499.708170303437,10,31.2132034355964,0,499.708170303437
9,396365,470.326256696108,10,31.2132034355964,0,470.326256696108
9,396366,441.01649937076,10,31.2132034355964,0,441.01649937076
2,396427,552.21060165035,39,60.2132034355964,0,552.21060165035
2,396428,572.956990235506,39,60.2132034355964,0,572.956990235506
2,396429,594.485449524023,39,60.2132034355964,0,594.485449524023
2,396430,616.71408260543,39,60.2132034355964,0,616.71408260543
2,396431,639.569888772845,39,60.2132034355964,0,639.569888772845
2,396432,662.988007821909,39,60.2132034355964,0,662.988007821909
2,396433,686.910931165135,39,60.2132034355964,0,686.910931165135
2,396434,711.287725987992,39,60.2132034355964,0,711.287725987992
10,397020,1694.57982344422,32,53.2132034355964,0,1694.57982344422
10,397021,1682.67833353502,32,53.2132034355964,0,1682.67833353502
10,397022,1671.22760102057,32,53.2132034355964,0,1671.22760102057
10,397023,1660.2369526132,32,53.2132034355964,0,1660.2369526132
10,397024,1649.71558378331,32,53.2132034355964,0,1649.71558378331
9,397047,1091.38425624477,10,31.2132034355964,0,1091.38425624477
9,397048,1061.51454417482,10,31.2132034355964,0,1061.51454417482
9,397049,1031.64766394065,10,31.2132034355964,0,1031.64766394065
9,397050,1001.78386882403,10,31.2132034355964,0,1001.78386882403
9,397051,971.923443214103,10,31.2132034355964,0,971.923443214103
9,397052,942.066707514523,10,31.2132034355964,0,942.066707514523
9,397053,912.214024042839,10,31.2132034355964,0,912.214024042839
9,397054,882.365804086481,10,31.2132034355964,0,882.365804086481
9,397055,852.522516476712,10,31.2132034355964,0,852.522516476712
9,397056,822.68469797984,10,31.2132034355964,0,822.68469797984
9,397057,792.85296606669,10,31.2132034355964,0,792.85296606669
9,397058,763.028034628842,10,31.2132034355964,0,763.028034628842
9,397059,733.210733538245,10,31.2132034355964,0,733.210733538245
9,397060,703.402033153398,10,31.2132034355964,0,703.402033153398
9,397063,614.040060243084,10,31.2132034355964,0,614.040060243084
9,397064,584.279560953238,10,31.2132034355964,0,584.279560953238
9,397065,554.53607406418,10,31.2132034355964,0,554.53607406418
9,397066,524.812492090193,10,31.2132034355964,0,524.812492090193
9,397067,495.112399966763,10,31.2132034355964,0,495.112399966763
9,397068,465.440294425245,10,31.2132034355964,0,465.440294425245
2,397131,594.487387988079,39,60.2132034355964,0,594.487387988079
2,397132,615.263054805137,39,60.2132034355964,0,615.263054805137
2,397133,636.766897155186,39,60.2132034355964,0,636.766897155186
2,397134,658.927627734971,39,60.2132034355964,0,658.927627734971
2,397135,681.681185338264,39,60.2132034355964,0,681.681185338264
2,397136,704.970170195826,39,60.2132034355964,0,704.970170195826
2,397137,728.743250985869,39,60.2132034355964,0,728.743250985869
2,397138,752.954575934338,39,60.2132034355964,0,752.954575934338
10,397724,1710.25709793499,32,53.2132034355964,0,1710.25709793499
10,397725,1698.99218799325,32,53.2132034355964,0,1698.99218799325
10,397726,1688.18224799733,32,53.2132034355964,0,1688.18224799733
10,397727,1677.8360717928,32,53.2132034355964,0,1677.8360717928
10,397728,1667.96228942037,32,53.2132034355964,0,1667.96228942037
10,397729,1658.56933765763,32,53.2132034355964,0,1658.56933765763
10,397730,1649.66542985887,32,53.2132034355964,0,1649.66542985887
9,397751,1060.20530707944,10,31.2132034355964,0,1060.20530707944
9,397752,1030.30031163479,10,31.2132034355964,0,1030.30031163479
9,397753,1000.39613307724,10,31.2132034355964,0,1000.39613307724
9,397754,970.492846923892,10,31.2132034355964,0,970.492846923892
9,397755,940.590538285437,10,31.2132034355964,0,940.590538285437
9,397756,910.689303457006,10,31.2132034355964,0,910.689303457006
9,397757,880.789251797005,10,31.2132034355964,0,880.789251797005
9,397758,850.890508039104,10,31.2132034355964,0,850.890508039104
9,397759,820.993215073105,10,31.2132034355964,0,820.993215073105
9,397760,791.097537389019,10,31.2132034355964,0,791.097537389019
9,397761,761.203665303165,10,31.2132034355964,0,761.203665303165
9,397762,731.311820236959,10,31.2132034355964,0,731.311820236959
9,397763,701.422261345468,10,31.2132034355964,0,701.422261345468
9,397766,611.770652497952,10,31.2132034355964,0,611.770652497952
9,397767,581.893933063495,10,31.2132034355964,0,581.893933063495
9,397768,552.02175624121,10,31.2132034355964,0,552.02175624121
9,397769,522.154901670505,10,31.2132034355964,0,522.154901670505
9,397770,492.294338040554,10,31.2132034355964,0,492.294338040554
2,397833,597.492070908582,39,60.2132034355964,0,597.492070908582
2,397834,616.717268955924,39,60.2132034355964,0,616.717268955924
2,397835,636.768165861124,39,60.2132034355964,0,636.768165861124
2,397836,657.569233218155,39,60.2132034355964,0,657.569233218155
2,397837,679.051535668367,39,60.2132034355964,0,679.051535668367
2,397838,701.152459815674,39,60.2132034355964,0,701.152459815674
2,397839,723.815341028781,39,60.2132034355964,0,723.815341028781
2,397840,746.989033456613,39,60.2132034355964,0,746.989033456613
10,398429,1716.19382926664,32,53.2132034355964,0,1716.19382926664
10,398430,1706.01748343028,32,53.2132034355964,0,1706.01748343028
10,398431,1696.30769358382,32,53.2132034355964,0,1696.30769358382
10,398432,1687.07251540751,32,53.2132034355964,0,1687.07251540751
10,398433,1678.31978376002,32,53.2132034355964,0,1678.31978376002
9,398434,1658.11329992335,10,31.2132034355964,0,1658.11329992335
9,398435,1628.19457921511,10,31.2132034355964,0,1628.19457921511
9,398442,1418.76355215444,10,31.2132034355964,0,1418.76355215444
9,398443,1388.8448370655,10,31.2132034355964,0,1388.8448370655
9,398456,999.901655083001,10,31.2132034355964,0,999.901655083001
9,398457,969.98296166192,10,31.2132034355964,0,969.98296166192
9,398458,940.064270962653,10,31.2132034355964,0,940.064270962653
9,398459,910.145583259816,10,31.2132034355964,0,910.145583259816
9,398460,880.226898854339,10,31.2132034355964,0,880.226898854339
9,398461,850.308218100615,10,31.2132034355964,0,850.308218100615
9,398462,820.389541394048,10,31.2132034355964,0,820.389541394048
9,398463,790.470869199221,10,31.2132034355964,0,790.470869199221
9,398464,760.55220204847,10,31.2132034355964,0,760.55220204847
9,398465,730.633540558872,10,31.2132034355964,0,730.633540558872
9,398468,640.877598019523,10,31.2132034355964,0,640.877598019523
9,398469,610.958967904583,10,31.2132034355964,0,610.958967904583
9,398470,581.040348733539,10,31.2132034355964,0,581.040348733539
9,398471,551.121742286642,10,31.2132034355964,0,551.121742286642
9,398472,521.203150753645,10,31.2132034355964,0,521.203150753645
9,398473,491.284576865508,10,31.2132034355964,0,491.284576865508
2,398537,639.573700768203,39,60.2132034355964,0,639.573700768203
2,398538,658.929556958526,39,60.2132034355964,0,658.929556958526
2,398539,679.052210931711,39,60.2132034355964,0,679.052210931711
2,398541,721.33882392306,39,60.2132034355964,0,721.33882392306
2,398542,743.386674943296,39,60.2132034355964,0,743.386674943296
2,398543,765.968602413072,39,60.2132034355964,0,765.968602413072
10,399134,1724.70599733173,32,53.2132034355964,0,1724.70599733173
10,399135,1715.62364468623,32,53.2132034355964,0,1715.62364468623
9,399136,1688.27199716986,10,31.2132034355964,0,1688.27199716986
9,399137,1658.35744314763,10,31.2132034355964,0,1658.35744314763
9,399138,1628.44304572653,10,31.2132034355964,0,1628.44304572653
9,399144,1448.96049309908,10,31.2132034355964,0,1448.96049309908
9,399145,1419.04748068611,10,31.2132034355964,0,1419.04748068611
9,399146,1389.1347182588,10,31.2132034355964,0,1389.1347182588
9,399147,1359.22222231894,10,31.2132034355964,0,1359.22222231894
9,399148,1329.31001086037,10,31.2132034355964,0,1329.31001086037
9,399149,1299.39810352953,10,31.2132034355964,0,1299.39810352953
9,399167,761.076656808298,10,31.2132034355964,0,761.076656808298
9,399168,731.17929148081,10,31.2132034355964,0,731.17929148081
9,399169,701.283755859973,10,31.2132034355964,0,701.283755859973
9,399170,671.390294362265,10,31.2132034355964,0,671.390294362265
9,399171,641.499196950244,10,31.2132034355964,0,641.499196950244
9,399172,611.610810237977,10,31.2132034355964,0,611.610810237977
9,399173,581.725552050371,10,31.2132034355964,0,581.725552050371
9,399174,551.843930663685,10,31.2132034355964,0,551.843930663685
2,399240,662.991886175881,39,60.2132034355964,0,662.991886175881
2,399241,681.683224488303,39,60.2132034355964,0,681.683224488303
2,399242,701.153269550537,39,60.2132034355964,0,701.153269550537
2,399243,721.338968651292,39,60.2132034355964,0,721.338968651292
9,399838,1718.94319507799,10,31.2132034355964,0,1718.94319507799
9,399839,1689.04172887407,10,31.2132034355964,0,1689.04172887407
9,399840,1659.14089112395,10,31.2132034355964,0,1659.14089112395
9,399841,1629.24071642659,10,31.2132034355964,0,1629.24071642659
9,399842,1599.34124197462,10,31.2132034355964,0,1599.34124197462
9,399843,1569.44250778591,10,31.2132034355964,0,1569.44250778591
9,399850,1360.17619642237,10,31.2132034355964,0,1360.17619642237
9,399851,1330.28527331449,10,31.2132034355964,0,1330.28527331449
9,399852,1300.39563681808,10,31.2132034355964,0,1300.39563681808
9,399853,1270.5073777386,10,31.2132034355964,0,1270.5073777386
9,399854,1240.62059563066,10,31.2132034355964,0,1240.62059563066
9,399859,1091.2130869531,10,31.2132034355964,0,1091.2130869531
9,399860,1061.33790626475,10,31.2132034355964,0,1061.33790626475
9,399869,792.60970118693,10,31.2132034355964,0,792.60970118693
9,399870,762.774604037326,10,31.2132034355964,0,762.774604037326
9,399871,732.946338772735,10,31.2132034355964,0,732.946338772735
9,399872,703.125774872007,10,31.2132034355964,0,703.125774872007
9,399873,673.313935596297,10,31.2132034355964,0,673.313935596297
9,399874,643.512033502054,10,31.2132034355964,0,643.512033502054
9,399875,613.721516217466,10,31.2132034355964,0,613.721516217466
2,399945,723.815793668037,39,60.2132034355964,0,723.815793668037
2,399946,743.386479426282,39,60.2132034355964,0,743.386479426282
2,399947,763.628007267474,39,60.2132034355964,0,763.628007267474
2,399948,784.488451304661,39,60.2132034355964,0,784.488451304661
9,400545,1600.71229201862,10,31.2132034355964,0,1600.71229201862
9,400546,1570.83949197894,10,31.2132034355964,0,1570.83949197894
9,400547,1540.96848367726,10,31.2132034355964,0,1540.96848367726
9,400548,1511.09937336729,10,31.2132034355964,0,1511.09937336729
9,400549,1481.23227586834,10,31.2132034355964,0,1481.23227586834
9,400550,1451.3673154468,10,31.2132034355964,0,1451.3673154468
9,400555,1302.07971590395,10,31.2132034355964,0,1302.07971590395
9,400556,1272.23085884626,10,31.2132034355964,0,1272.23085884626
9,400557,1242.38537509071,10,31.2132034355964,0,1242.38537509071
9,400558,1212.54351372555,10,31.2132034355964,0,1212.54351372555
9,400559,1182.7055489546,10,31.2132034355964,0,1182.7055489546
9,400562,1093.21822456724,10,31.2132034355964,0,1093.21822456724
9,400563,1063.39921526207,10,31.2132034355964,0,1063.39921526207
9,400564,1033.58598381079,10,31.2132034355964,0,1033.58598381079
9,400565,1003.77904503707,10,31.2132034355964,0,1003.77904503707
9,400573,765.638236452909,10,31.2132034355964,0,765.638236452909
9,400575,706.230980539727,10,31.2132034355964,0,706.230980539727
2,400649,765.967624268254,39,60.2132034355964,0,765.967624268254
2,400650,785.627673312863,39,60.2132034355964,0,785.627673312863
2,400651,805.918985632299,39,60.2132034355964,0,805.918985632299
2,400652,826.795084896492,39,60.2132034355964,0,826.795084896492
2,400672,1319.54976160861,39,60.2132034355964,0,1319.54976160861
2,400673,1346.43567181466,39,60.2132034355964,0,1346.43567181466
2,400674,1373.44697529588,39,60.2132034355964,0,1373.44697529588
2,400675,1400.57641712473,39,60.2132034355964,0,1400.57641712473
9,401250,1542.97105802512,10,31.2132034355964,0,1542.97105802512
9,401251,1513.14131674156,10,31.2132034355964,0,1513.14131674156
9,401252,1483.31517317055,10,31.2132034355964,0,1483.31517317055
9,401253,1453.4928487954,10,31.2132034355964,0,1453.4928487954
9,401254,1423.67458361982,10,31.2132034355964,0,1423.67458361982
9,401255,1393.86063815824,10,31.2132034355964,0,1393.86063815824
9,401256,1364.05129565655,10,31.2132034355964,0,1364.05129565655
9,401259,1274.65411505554,10,31.2132034355964,0,1274.65411505554
9,401260,1244.86656782595,10,31.2132034355964,0,1244.86656782595
9,401261,1215.08548274406,10,31.2132034355964,0,1215.08548274406
9,401262,1185.31134690183,10,31.2132034355964,0,1185.31134690183
9,401263,1155.54469746475,10,31.2132034355964,0,1155.54469746475
9,401264,1125.78612827654,10,31.2132034355964,0,1125.78612827654
9,401265,1096.03629749779,10,31.2132034355964,0,1096.03629749779
9,401266,1066.29593654183,10,31.2132034355964,0,1066.29593654183
9,401267,1036.56586051117,10,31.2132034355964,0,1036.56586051117
9,401268,1006.84698048227,10,31.2132034355964,0,1006.84698048227
9,401269,977.140318009808,10,31.2132034355964,0,977.140318009808
9,401270,947.447022315161,10,31.2132034355964,0,947.447022315161
2,401352,789.036588882701,39,60.2132034355964,0,789.036588882701
2,401353,808.135720162043,39,60.2132034355964,0,808.135720162043
2,401354,827.875646524286,39,60.2132034355964,0,827.875646524286
2,401355,848.211630618129,39,60.2132034355964,0,848.211630618129
2,401356,869.101832253475,39,60.2132034355964,0,869.101832253475
2,401375,1333.07543517415,39,60.2132034355964,0,1333.07543517415
2,401376,1359.69406341866,39,60.2132034355964,0,1359.69406341866
2,401377,1386.44722820246,39,60.2132034355964,0,1386.44722820246
2,401378,1413.32728953704,39,60.2132034355964,0,1413.32728953704
2,401379,1440.32714283201,39,60.2132034355964,0,1440.32714283201
2,401380,1467.44017583939,39,60.2132034355964,0,1467.44017583939
2,401381,1494.66022935353,39,60.2132034355964,0,1494.66022935353
2,401382,1521.98156132381,39,60.2132034355964,0,1521.98156132381
2,401383,1549.39881407877,39,60.2132034355964,0,1549.39881407877
9,401957,1426.46858696337,10,31.2132034355964,0,1426.46858696337
9,401958,1396.7141213112,10,31.2132034355964,0,1396.7141213112
9,401959,1366.96684428655,10,31.2132034355964,0,1366.96684428655
9,401960,1337.22723563869,10,31.2132034355964,0,1337.22723563869
9,401961,1307.49581862821,10,31.2132034355964,0,1307.49581862821
9,401965,1188.66435808297,10,31.2132034355964,0,1188.66435808297
9,401966,1158.98366701745,10,31.2132034355964,0,1158.98366701745
9,401967,1129.31556011122,10,31.2132034355964,0,1129.31556011122
9,401968,1099.66105589854,10,31.2132034355964,0,1099.66105589854
9,401970,1040.39750766007,10,31.2132034355964,0,1040.39750766007
9,401971,1010.79112900671,10,31.2132034355964,0,1010.79112900671
9,401972,981.203724350094,10,31.2132034355964,0,981.203724350094
9,401973,951.637063454898,10,31.2132034355964,0,951.637063454898
9,401974,922.093141757694,10,31.2132034355964,0,922.093141757694
2,402056,831.110845109628,39,60.2132034355964,0,831.110845109628
2,402057,850.317678485218,39,60.2132034355964,0,850.317678485218
2,402058,870.129428161651,39,60.2132034355964,0,870.129428161651
2,402059,890.505720973352,39,60.2132034355964,0,890.505720973352
2,402079,1373.4759799034,39,60.2132034355964,0,1373.4759799034
2,402080,1399.96593985133,39,60.2132034355964,0,1399.96593985133
2,402081,1426.59144396862,39,60.2132034355964,0,1426.59144396862
2,402082,1453.34504270514,39,60.2132034355964,0,1453.34504270514
2,402083,1480.2197905006,39,60.2132034355964,0,1480.2197905006
2,402084,1507.20920681156,39,60.2132034355964,0,1507.20920681156
2,402085,1534.30724038042,39,60.2132034355964,0,1534.30724038042
2,402086,1561.50823646659,39,60.2132034355964,0,1561.50823646659
2,402087,1588.80690679758,39,60.2132034355964,0,1588.80690679758
2,402088,1616.19830203509,39,60.2132034355964,0,1616.19830203509
2,402089,1643.67778648264,39,60.2132034355964,0,1643.67778648264
2,402090,1671.24101491029,39,60.2132034355964,0,1671.24101491029
2,402091,1698.88391125722,39,60.2132034355964,0,1698.88391125722
2,402092,1726.60264907699,39,60.2132034355964,0,1726.60264907699
2,402093,1754.39363357317,39,60.2132034355964,0,1754.39363357317
9,402662,1370.52915440978,10,31.2132034355964,0,1370.52915440978
9,402663,1340.86839667449,10,31.2132034355964,0,1340.86839667449
9,402664,1311.21938308555,10,31.2132034355964,0,1311.21938308555
9,402665,1281.58292873319,10,31.2132034355964,0,1281.58292873319
9,402666,1251.95992553053,10,31.2132034355964,0,1251.95992553053
9,402667,1222.35135141895,10,31.2132034355964,0,1222.35135141895
9,402668,1192.75828095047,10,31.2132034355964,0,1192.75828095047
9,402669,1163.181897429,10,31.2132034355964,0,1163.181897429
9,402670,1133.62350695337,10,31.2132034355964,0,1133.62350695337
9,402671,1104.08455464509,10,31.2132034355964,0,1104.08455464509
9,402672,1074.56664352592,10,31.2132034355964,0,1074.56664352592
9,402673,1045.07155651396,10,31.2132034355964,0,1045.07155651396
9,402690,550.701268064016,10,31.2132034355964,0,550.701268064016
9,402691,522.473655661285,10,31.2132034355964,0,522.473655661285
9,402692,494.445016538378,10,31.2132034355964,0,494.445016538378
2,402761,892.511549909613,39,60.2132034355964,0,892.511549909613
2,402762,912.388227059607,39,60.2132034355964,0,912.388227059607
2,402784,1440.35470012542,39,60.2132034355964,0,1440.35470012542
2,402785,1466.85743732818,39,60.2132034355964,0,1466.85743732818
2,402786,1493.48919655312,39,60.2132034355964,0,1493.48919655312
2,402787,1520.24319715416,39,60.2132034355964,0,1520.24319715416
2,402788,1547.11309743905,39,60.2132034355964,0,1547.11309743905
2,402789,1574.09296216695,39,60.2132034355964,0,1574.09296216695
2,402790,1601.17723263495,39,60.2132034355964,0,1601.17723263495
2,402791,1628.36069916126,39,60.2132034355964,0,1628.36069916126
2,402792,1655.63847573129,39,60.2132034355964,0,1655.63847573129
2,402793,1683.00597668568,39,60.2132034355964,0,1683.00597668568
2,402794,1710.45889523373,39,60.2132034355964,0,1710.45889523373
2,402795,1737.9931836732,39,60.2132034355964,0,1737.9931836732
9,403370,1227.06233116293,10,31.2132034355964,0,1227.06233116293
9,403371,1197.58551715148,10,31.2132034355964,0,1197.58551715148
9,403372,1168.1312024409,10,31.2132034355964,0,1168.1312024409
9,403373,1138.7011329773,10,31.2132034355964,0,1138.7011329773
9,403374,1109.29723846736,10,31.2132034355964,0,1109.29723846736
9,403375,1079.92165697589,10,31.2132034355964,0,1079.92165697589
9,403376,1050.57676351849,10,31.2132034355964,0,1050.57676351849
9,403377,1021.26520345552,10,31.2132034355964,0,1021.26520345552
9,403378,991.989931624686,10,31.2132034355964,0,991.989931624686
9,403379,962.754258369348,10,31.2132034355964,0,962.754258369348
9,403380,933.561903940084,10,31.2132034355964,0,933.561903940084
9,403381,904.417063017942,10,31.2132034355964,0,904.417063017942
9,403382,875.324481656476,10,31.2132034355964,0,875.324481656476
9,403383,846.289549391821,10,31.2132034355964,0,846.289549391821
9,403384,817.31841014062,10,31.2132034355964,0,817.31841014062
9,403385,788.418096329251,10,31.2132034355964,0,788.418096329251
9,403390,645.311230166377,10,31.2132034355964,0,645.311230166377
9,403391,617.059371851236,10,31.2132034355964,0,617.059371851236
9,403392,588.972225090633,10,31.2132034355964,0,588.972225090633
9,403393,561.074526595135,10,31.2132034355964,0,561.074526595135
9,403394,533.396002789764,10,31.2132034355964,0,533.396002789764
9,403395,505.97262388323,10,31.2132034355964,0,505.97262388323
9,403396,478.848227917931,10,31.2132034355964,0,478.848227917931
2,403490,1533.74983533805,39,60.2132034355964,0,1533.74983533805
2,403491,1560.38731030401,39,60.2132034355964,0,1560.38731030401
2,403492,1587.14168492958,39,60.2132034355964,0,1587.14168492958
2,403493,1614.00714590591,39,60.2132034355964,0,1614.00714590591
2,403494,1640.97823725672,39,60.2132034355964,0,1640.97823725672
2,403495,1668.04983509809,39,60.2132034355964,0,1668.04983509809
9,404075,1173.82208159646,10,31.2132034355964,0,1173.82208159646
9,404076,1144.5381944213,10,31.2132034355964,0,1144.5381944213
9,404077,1115.28804183339,10,31.2132034355964,0,1115.28804183339
9,404078,1086.07434945923,10,31.2132034355964,0,1086.07434945923
9,404079,1056.90014068362,10,31.2132034355964,0,1056.90014068362
9,404080,1027.76877785229,10,31.2132034355964,0,1027.76877785229
9,404081,998.684010392563,10,31.2132034355964,0,998.684010392563
9,404082,969.650031211027,10,31.2132034355964,0,969.650031211027
9,404083,940.671543091141,10,31.2132034355964,0,940.671543091141
9,404084,911.753837100296,10,31.2132034355964,0,911.753837100296
9,404085,882.90288565318,10,31.2132034355964,0,882.90288565318
9,404086,854.125453348765,10,31.2132034355964,0,854.125453348765
9,404087,825.429229653078,10,31.2132034355964,0,825.429229653078
9,404091,711.652507215722,10,31.2132034355964,0,711.652507215722
9,404092,683.523303814827,10,31.2132034355964,0,683.523303814827
9,404093,655.552638035155,10,31.2132034355964,0,655.552638035155
9,404094,627.76170173455,10,31.2132034355964,0,627.76170173455
9,404095,600.175462381213,10,31.2132034355964,0,600.175462381213
9,404096,572.823494345073,10,31.2132034355964,0,572.823494345073
9,404097,545.741023066241,10,31.2132034355964,0,545.741023066241
9,404098,518.970241336493,10,31.2132034355964,0,518.970241336493
9,404099,492.561972836008,10,31.2132034355964,0,492.561972836008
9,404100,466.57777629067,10,31.2132034355964,0,466.57777629067
9,404780,1122.04450123869,10,31.2132034355964,0,1122.04450123869
9,404781,1093.01125036327,10,31.2132034355964,0,1093.01125036327
9,404782,1064.02710126656,10,31.2132034355964,0,1064.02710126656
9,404783,1035.09617871402,10,31.2132034355964,0,1035.09617871402
9,404784,1006.22307382772,10,31.2132034355964,0,1006.22307382772
9,404785,977.41291047899,10,31.2132034355964,0,977.41291047899
9,404794,722.192338813982,10,31.2132034355964,0,722.192338813982
9,404795,694.490013713521,10,31.2132034355964,0,694.490013713521
9,404796,666.979259214467,10,31.2132034355964,0,666.979259214467
9,404797,639.684792277563,10,31.2132034355964,0,639.684792277563
9,404798,612.635522062273,10,31.2132034355964,0,612.635522062273
9,404799,585.865411580074,10,31.2132034355964,0,585.865411580074
9,404800,559.414538831138,10,31.2132034355964,0,559.414538831138
9,404801,533.330404345821,10,31.2132034355964,0,533.330404345821
9,404802,507.669540470423,10,31.2132034355964,0,507.669540470423
9,404808,367.488675733471,10,31.2132034355964,0,367.488675733471
9,404809,347.659900142881,10,31.2132034355964,0,347.659900142881
9,404810,329.358822142084,10,31.2132034355964,0,329.358822142084
9,404811,312.853655022045,10,31.2132034355964,0,312.853655022045
9,405485,1071.94161716217,10,31.2132034355964,0,1071.94161716217
9,405486,1043.23004709965,10,31.2132034355964,0,1043.23004709965
9,405487,1014.58828571868,10,31.2132034355964,0,1014.58828571868
9,405488,986.022416397429,10,31.2132034355964,0,986.022416397429
9,405489,957.539231332673,10,31.2132034355964,0,957.539231332673
9,405491,900.852263519457,10,31.2132034355964,0,900.852263519457
9,405492,872.666630469251,10,31.2132034355964,0,872.666630469251
9,405493,844.600291836461,10,31.2132034355964,0,844.600291836461
9,405494,816.665547083143,10,31.2132034355964,0,816.665547083143
9,405503,574.321671006567,10,31.2132034355964,0,574.321671006567
9,405504,548.94619275513,10,31.2132034355964,0,548.94619275513
9,405505,524.050399382804,10,31.2132034355964,0,524.050399382804
9,405511,389.804728316359,10,31.2132034355964,0,389.804728316359
9,405512,371.169946762162,10,31.2132034355964,0,371.169946762162
9,405513,354.085992866166,10,31.2132034355964,0,354.085992866166
9,405514,338.787557494569,10,31.2132034355964,0,338.787557494569
9,405515,325.526474630222,10,31.2132034355964,0,325.526474630222
9,405516,314.560518918797,10,31.2132034355964,0,314.560518918797
9,406191,995.456582292019,10,31.2132034355964,0,995.456582292019
9,406193,939.151706268372,10,31.2132034355964,0,939.151706268372
9,406194,911.168227372981,10,31.2132034355964,0,911.168227372981
9,406195,883.311676116358,10,31.2132034355964,0,883.311676116358
9,406196,855.59445017143,10,31.2132034355964,0,855.59445017143
9,406197,828.030540846069,10,31.2132034355964,0,828.030540846069
9,406198,800.63578323142,10,31.2132034355964,0,800.63578323142
9,406204,641.025629742834,10,31.2132034355964,0,641.025629742834
9,406205,615.491275900303,10,31.2132034355964,0,615.491275900303
9,406206,590.368978566074,10,31.2132034355964,0,590.368978566074
9,406207,565.713636405651,10,31.2132034355964,0,565.713636405651
9,406208,541.589026291689,10,31.2132034355964,0,541.589026291689
9,406209,518.069296334112,10,31.2132034355964,0,518.069296334112
9,406210,495.240634068209,10,31.2132034355964,0,495.240634068209
9,406211,473.203067279321,10,31.2132034355964,0,473.203067279321
9,406213,431.981434388701,10,31.2132034355964,0,431.981434388701
9,406214,413.082218425268,10,31.2132034355964,0,413.082218425268
9,406215,395.54550449725,10,31.2132034355964,0,395.54550449725
9,406216,379.560193515635,10,31.2132034355964,0,379.560193515635
9,406217,365.329990969809,10,31.2132034355964,0,365.329990969809
9,406218,353.067177075195,10,31.2132034355964,0,353.067177075195
9,406219,342.982839484514,10,31.2132034355964,0,342.982839484514
9,406900,840.307045598517,10,31.2132034355964,0,840.307045598517
9,406904,733.75033710615,10,31.2132034355964,0,733.75033710615
9,406905,707.766844640458,10,31.2132034355964,0,707.766844640458
9,406906,682.106027375879,10,31.2132034355964,0,682.106027375879
9,406907,656.805706302915,10,31.2132034355964,0,656.805706302915
9,406908,631.909183443236,10,31.2132034355964,0,631.909183443236
9,406909,607.466108890795,10,31.2132034355964,0,607.466108890795
9,406910,583.533467611731,10,31.2132034355964,0,583.533467611731
9,406911,560.176685733249,10,31.2132034355964,0,560.176685733249
9,406912,537.470843579102,10,31.2132034355964,0,537.470843579102
9,406913,515.501962365067,10,31.2132034355964,0,515.501962365067
9,406914,494.368299702536,10,31.2132034355964,0,494.368299702536
9,406915,474.181542604002,10,31.2132034355964,0,474.181542604002
9,406916,455.067722419602,10,31.2132034355964,0,455.067722419602
9,406917,437.1675944942,10,31.2132034355964,0,437.1675944942
9,406918,420.636133031606,10,31.2132034355964,0,420.636133031606
9,406919,405.64070825645,10,31.2132034355964,0,405.64070825645
9,406920,392.357476068114,10,31.2132034355964,0,392.357476068114
9,406921,380.965577061732,10,31.2132034355964,0,380.965577061732
9,406922,371.638977819854,10,31.2132034355964,0,371.638977819854
9,407616,536.666241073424,10,31.2132034355964,0,536.666241073424
9,407617,516.399343682195,10,31.2132034355964,0,516.399343682195
9,407618,497.107932618032,10,31.2132034355964,0,497.107932618032
9,407619,478.909905782344,10,31.2132034355964,0,478.909905782344
9,407620,461.934503700987,10,31.2132034355964,0,461.934503700987
9,407621,446.321252275347,10,31.2132034355964,0,446.321252275347
9,407622,432.217793971013,10,31.2132034355964,0,432.217793971013
9,407623,419.776332454403,10,31.2132034355964,0,419.776332454403
9,407624,409.148510717061,10,31.2132034355964,0,409.148510717061
9,408321,520.743556399143,10,31.2132034355964,0,520.743556399143
9,408322,503.400593225029,10,31.2132034355964,0,503.400593225029
9,408323,487.279036361811,10,31.2132034355964,0,487.279036361811
9,408324,472.503923357912,10,31.2132034355964,0,472.503923357912
9,408325,459.205239724987,10,31.2132034355964,0,459.205239724987
