"OID","cell_id","NEAR_DIST","uc","radius","assigned_community","fringe_dist"
31,2859,21098.6679594891,50,71.2132034355964,0,21098.6679594891
31,3561,21096.046937727,50,71.2132034355964,0,21096.046937727
31,3562,21076.2627953423,50,71.2132034355964,0,21076.2627953423
31,3563,21056.5024392877,50,71.2132034355964,0,21056.5024392877
31,4264,21073.6815494636,50,71.2132034355964,0,21073.6815494636
31,4265,21053.876283539,50,71.2132034355964,0,21053.876283539
31,4266,21034.0947897558,50,71.2132034355964,0,21034.0947897558
31,4267,21014.3371352436,50,71.2132034355964,0,21014.3371352436
31,4967,21051.3349003882,50,71.2132034355964,0,21051.3349003882
31,4968,21031.5084836419,50,71.2132034355964,0,21031.5084836419
31,4969,21011.7058247024,50,71.2132034355964,0,21011.7058247024
31,4970,20991.9269908022,50,71.2132034355964,0,20991.9269908022
31,5666,21108.6335220711,50,71.2132034355964,0,21108.6335220711
31,5671,21009.1594554158,50,71.2132034355964,0,21009.1594554158
31,5672,20989.3356039176,50,71.2132034355964,0,20989.3356039176
31,5673,20969.5355630813,50,71.2132034355964,0,20969.5355630813
31,5674,20949.7594004227,50,71.2132034355964,0,20949.7594004227
31,6368,21106.3956418395,50,71.2132034355964,0,21106.3956418395
31,6369,21086.4092037384,50,71.2132034355964,0,21086.4092037384
31,6370,21066.4461597436,50,71.2132034355964,0,21066.4461597436
31,6375,20966.9841873995,50,71.2132034355964,0,20966.9841873995
31,6376,20947.162912104,50,71.2132034355964,0,20947.162912104
31,6377,20927.3655005656,50,71.2132034355964,0,20927.3655005656
31,7048,21550.688029101,50,71.2132034355964,0,21550.688029101
31,7071,21084.2115070047,50,71.2132034355964,0,21084.2115070047
31,7072,21064.2039117653,50,71.2132034355964,0,21064.2039117653
31,7073,21044.2196953612,50,71.2132034355964,0,21044.2196953612
31,7077,20964.5179540638,50,71.2132034355964,0,20964.5179540638
31,7078,20944.6516353468,50,71.2132034355964,0,20944.6516353468
31,7079,20924.8090980961,50,71.2132034355964,0,20924.8090980961
31,7080,20904.9904100324,50,71.2132034355964,0,20904.9904100324
31,7750,21549.575690924,50,71.2132034355964,0,21549.575690924
31,7751,21529.0057639905,50,71.2132034355964,0,21529.0057639905
31,7752,21508.4576506038,50,71.2132034355964,0,21508.4576506038
31,7764,21263.6046986487,50,71.2132034355964,0,21263.6046986487
31,7773,21082.098560849,50,71.2132034355964,0,21082.098560849
31,7774,21062.0464852057,50,71.2132034355964,0,21062.0464852057
31,7775,21042.017706389,50,71.2132034355964,0,21042.017706389
31,7776,21022.0122909896,50,71.2132034355964,0,21022.0122909896
31,7779,20962.136893819,50,71.2132034355964,0,20962.136893819
31,7780,20942.2256014931,50,71.2132034355964,0,20942.2256014931
31,8454,21507.3432397999,50,71.2132034355964,0,21507.3432397999
31,8455,21486.7742991248,50,71.2132034355964,0,21486.7742991248
31,8466,21261.9725261705,50,71.2132034355964,0,21261.9725261705
31,8467,21241.6700733896,50,71.2132034355964,0,21241.6700733896
31,8468,21221.3902446264,50,71.2132034355964,0,21221.3902446264
31,8476,21059.973906816,50,71.2132034355964,0,21059.973906816
31,8477,21039.9006368479,50,71.2132034355964,0,21039.9006368479
31,8478,21019.8506480465,50,71.2132034355964,0,21019.8506480465
31,8479,20999.8240070973,50,71.2132034355964,0,20999.8240070973
31,8481,20959.8410363775,50,71.2132034355964,0,20959.8410363775
31,8482,20939.8848408629,50,71.2132034355964,0,20939.8848408629
31,8483,20919.9522617077,50,71.2132034355964,0,20919.9522617077
31,9157,21485.7005162378,50,71.2132034355964,0,21485.7005162378
31,9158,21465.1107252102,50,71.2132034355964,0,21465.1107252102
31,9159,21444.5427750704,50,71.2132034355964,0,21444.5427750704
31,9170,21219.7549378761,50,71.2132034355964,0,21219.7549378761
31,9171,21199.4540349951,50,71.2132034355964,0,21199.4540349951
31,9179,21037.8685130583,50,71.2132034355964,0,21037.8685130583
31,9180,21017.7740225384,50,71.2132034355964,0,21017.7740225384
31,9181,20997.7027973761,50,71.2132034355964,0,20997.7027973761
31,9182,20977.6549043546,50,71.2132034355964,0,20977.6549043546
31,9861,21443.4669888029,50,71.2132034355964,0,21443.4669888029
31,9865,21361.2431924528,50,71.2132034355964,0,21361.2431924528
31,9869,21279.372616148,50,71.2132034355964,0,21279.372616148
31,9873,21197.8593525577,50,71.2132034355964,0,21197.8593525577
31,9874,21177.5373506824,50,71.2132034355964,0,21177.5373506824
31,9883,20995.6667030886,50,71.2132034355964,0,20995.6667030886
31,9884,20975.5742152236,50,71.2132034355964,0,20975.5742152236
31,9885,20955.5050436392,50,71.2132034355964,0,20955.5050436392
31,10567,21360.0795507009,50,71.2132034355964,0,21360.0795507009
31,10568,21339.5355893371,50,71.2132034355964,0,21339.5355893371
31,10569,21319.0136863404,50,71.2132034355964,0,21319.0136863404
31,10572,21257.5809660782,50,71.2132034355964,0,21257.5809660782
31,11271,21317.8478510492,50,71.2132034355964,0,21317.8478510492
31,15481,21354.2818187972,50,71.2132034355964,0,21354.2818187972
31,15482,21333.4386982663,50,71.2132034355964,0,21333.4386982663
31,16183,21353.7890909021,50,71.2132034355964,0,21353.7890909021
31,16184,21332.9035464152,50,71.2132034355964,0,21332.9035464152
31,16185,21312.0394053,50,71.2132034355964,0,21312.0394053
31,16886,21332.4523781576,50,71.2132034355964,0,21332.4523781576
31,16887,21311.5458105451,50,71.2132034355964,0,21311.5458105451
31,16888,21290.6606267559,50,71.2132034355964,0,21290.6606267559
31,17589,21311.1362856184,50,71.2132034355964,0,21311.1362856184
31,17590,21290.2086729916,50,71.2132034355964,0,21290.2086729916
31,18291,21310.8108360406,50,71.2132034355964,0,21310.8108360406
31,18292,21289.8408752235,50,71.2132034355964,0,21289.8408752235
31,18293,21268.892195749,50,71.2132034355964,0,21268.892195749
31,18995,21268.5662090951,50,71.2132034355964,0,21268.5662090951
31,18996,21247.596440997,50,71.2132034355964,0,21247.596440997
31,19698,21247.3123495488,50,71.2132034355964,0,21247.3123495488
31,19699,21226.3214711087,50,71.2132034355964,0,21226.3214711087
31,19725,20688.2247315887,50,71.2132034355964,0,20688.2247315887
31,19726,20667.8318202827,50,71.2132034355964,0,20667.8318202827
31,19727,20647.4619873145,50,71.2132034355964,0,20647.4619873145
31,20401,21226.0793590835,50,71.2132034355964,0,21226.0793590835
31,20402,21205.0673486422,50,71.2132034355964,0,21205.0673486422
31,20428,20666.4142716693,50,71.2132034355964,0,20666.4142716693
31,20429,20645.9997070128,50,71.2132034355964,0,20645.9997070128
31,20430,20625.6082025385,50,71.2132034355964,0,20625.6082025385
31,21105,21183.8341363485,50,71.2132034355964,0,21183.8341363485
31,21106,21162.8222357832,50,71.2132034355964,0,21162.8222357832
31,21132,20624.187863842,50,71.2132034355964,0,20624.187863842
31,21808,21162.6218971677,50,71.2132034355964,0,21162.6218971677
31,21809,21141.5888008908,50,71.2132034355964,0,21141.5888008908
31,22511,21141.4306942294,50,71.2132034355964,0,21141.4306942294
31,22512,21120.3763806142,50,71.2132034355964,0,21120.3763806142
31,23215,21099.1850383361,50,71.2132034355964,0,21099.1850383361
31,26729,21014.7287970337,50,71.2132034355964,0,21014.7287970337
31,27431,21014.9111397214,50,71.2132034355964,0,21014.9111397214
31,27432,20993.686631487,50,71.2132034355964,0,20993.686631487
31,27433,20972.4831962372,50,71.2132034355964,0,20972.4831962372
31,28134,20993.9118884972,50,71.2132034355964,0,20993.9118884972
31,28135,20972.6660141149,50,71.2132034355964,0,20972.6660141149
31,28136,20951.4411907993,50,71.2132034355964,0,20951.4411907993
31,28838,20951.667009772,50,71.2132034355964,0,20951.667009772
31,57711,19029.0085995987,50,71.2132034355964,0,19029.0085995987
31,58413,19028.9328186621,50,71.2132034355964,0,19028.9328186621
31,58414,19007.8332558039,50,71.2132034355964,0,19007.8332558039
31,59116,19007.8045743248,50,71.2132034355964,0,19007.8045743248
31,59117,18986.6814179889,50,71.2132034355964,0,18986.6814179889
31,59118,18965.5818023091,50,71.2132034355964,0,18965.5818023091
31,59819,18986.6999408831,50,71.2132034355964,0,18986.6999408831
31,59820,18965.5531647987,50,71.2132034355964,0,18965.5531647987
31,59821,18944.4299032068,50,71.2132034355964,0,18944.4299032068
31,60523,18944.4485751451,50,71.2132034355964,0,18944.4485751451
31,60524,18923.3016412537,50,71.2132034355964,0,18923.3016412537
31,60525,18902.1782743165,50,71.2132034355964,0,18902.1782743165
31,61226,18923.3677282005,50,71.2132034355964,0,18923.3677282005
31,61227,18902.1970957108,50,71.2132034355964,0,18902.1970957108
31,61228,18881.0500036877,50,71.2132034355964,0,18881.0500036877
31,61930,18881.1163461075,50,71.2132034355964,0,18881.1163461075
31,61931,18859.9455025829,50,71.2132034355964,0,18859.9455025829
31,61932,18838.798252106,50,71.2132034355964,0,18838.798252106
31,62634,18838.8648508858,50,71.2132034355964,0,18838.8648508858
31,62635,18817.6937957672,50,71.2132034355964,0,18817.6937957672
31,62636,18796.5463865075,50,71.2132034355964,0,18796.5463865075
31,63338,18796.6132425458,50,71.2132034355964,0,18796.6132425458
31,63339,18775.4419752648,50,71.2132034355964,0,18775.4419752648
31,64003,19597.746630883,50,71.2132034355964,0,19597.746630883
31,64042,18754.3615210939,50,71.2132034355964,0,18754.3615210939
31,64043,18733.1900410807,50,71.2132034355964,0,18733.1900410807
31,64706,19577.6017844474,50,71.2132034355964,0,19577.6017844474
31,64711,19467.5073107726,50,71.2132034355964,0,19467.5073107726
31,64745,18733.3051048702,50,71.2132034355964,0,18733.3051048702
31,64746,18712.109686536,50,71.2132034355964,0,18712.109686536
31,64747,18690.9379932189,50,71.2132034355964,0,18690.9379932189
31,65414,19447.2729633901,50,71.2132034355964,0,19447.2729633901
31,65415,19425.2940024731,50,71.2132034355964,0,19425.2940024731
31,65449,18691.0534245029,50,71.2132034355964,0,18691.0534245029
31,65450,18669.8577388825,50,71.2132034355964,0,18669.8577388825
31,65451,18648.6858316811,50,71.2132034355964,0,18648.6858316811
31,66117,19427.0635949118,50,71.2132034355964,0,19427.0635949118
31,66118,19405.0616252718,50,71.2132034355964,0,19405.0616252718
31,66119,19383.0807364424,50,71.2132034355964,0,19383.0807364424
31,66153,18648.8016318692,50,71.2132034355964,0,18648.8016318692
31,66154,18627.6056781379,50,71.2132034355964,0,18627.6056781379
31,66155,18606.4335564747,50,71.2132034355964,0,18606.4335564747
31,66821,19384.8542854777,50,71.2132034355964,0,19384.8542854777
31,66822,19362.850338306,50,71.2132034355964,0,19362.850338306
31,66857,18606.5497269812,50,71.2132034355964,0,18606.5497269812
31,66858,18585.353504314,50,71.2132034355964,0,18585.353504314
31,66859,18564.1811675998,50,71.2132034355964,0,18564.1811675998
31,67525,19342.6450363533,50,71.2132034355964,0,19342.6450363533
31,67526,19320.6391035755,50,71.2132034355964,0,19320.6391035755
31,67560,18585.5180604684,50,71.2132034355964,0,18585.5180604684
31,67561,18564.2977098541,50,71.2132034355964,0,18564.2977098541
31,67562,18543.1012174145,50,71.2132034355964,0,18543.1012174145
31,67563,18521.928665063,50,71.2132034355964,0,18521.928665063
31,68229,19300.4358486829,50,71.2132034355964,0,19300.4358486829
31,68264,18543.2662557288,50,71.2132034355964,0,18543.2662557288
31,68265,18522.0455804984,50,71.2132034355964,0,18522.0455804984
31,68266,18500.8488174508,50,71.2132034355964,0,18500.8488174508
31,68932,19280.2578281042,50,71.2132034355964,0,19280.2578281042
31,68933,19258.2267236258,50,71.2132034355964,0,19258.2267236258
31,68968,18501.014339864,50,71.2132034355964,0,18501.014339864
31,68969,18479.7933389321,50,71.2132034355964,0,18479.7933389321
31,68970,18458.5963044282,50,71.2132034355964,0,18458.5963044282
31,69635,19260.1051211505,50,71.2132034355964,0,19260.1051211505
31,69636,19238.0508190683,50,71.2132034355964,0,19238.0508190683
31,69637,19216.0176623449,50,71.2132034355964,0,19216.0176623449
31,69672,18458.7623128989,50,71.2132034355964,0,18458.7623128989
31,69673,18437.5409851654,50,71.2132034355964,0,18437.5409851654
31,70339,19217.9002881721,50,71.2132034355964,0,19217.9002881721
31,70375,18437.755823028,50,71.2132034355964,0,18437.755823028
31,70376,18416.5101748537,50,71.2132034355964,0,18416.5101748537
31,70377,18395.2885192149,50,71.2132034355964,0,18395.2885192149
31,71078,18416.7739532759,50,71.2132034355964,0,18416.7739532759
31,71079,18395.5039575516,50,71.2132034355964,0,18395.5039575516
31,71080,18374.2579257493,50,71.2132034355964,0,18374.2579257493
31,71782,18374.5224176072,50,71.2132034355964,0,18374.5224176072
31,71783,18353.2519824093,50,71.2132034355964,0,18353.2519824093
31,72485,18353.5656396519,50,71.2132034355964,0,18353.5656396519
31,72486,18332.2707739301,50,71.2132034355964,0,18332.2707739301
31,72487,18310.9998976314,50,71.2132034355964,0,18310.9998976314
31,73189,18311.3143853351,50,71.2132034355964,0,18311.3143853351
31,73190,18290.0190222862,50,71.2132034355964,0,18290.0190222862
31,73191,18268.7477032468,50,71.2132034355964,0,18268.7477032468
31,73892,18290.3829019379,50,71.2132034355964,0,18290.3829019379
31,73893,18269.0630249941,50,71.2132034355964,0,18269.0630249941
31,73894,18247.7671627186,50,71.2132034355964,0,18247.7671627186
31,73895,18226.495399293,50,71.2132034355964,0,18226.495399293
31,74559,19053.1628392316,50,71.2132034355964,0,19053.1628392316
31,74560,19031.0086091677,50,71.2132034355964,0,19031.0086091677
31,74596,18248.1319914617,50,71.2132034355964,0,18248.1319914617
31,74597,18226.8115586821,50,71.2132034355964,0,18226.8115586821
31,74598,18205.5151952727,50,71.2132034355964,0,18205.5151952727
31,74599,18184.2429857972,50,71.2132034355964,0,18184.2429857972
31,75263,19010.9677002521,50,71.2132034355964,0,19010.9677002521
31,75300,18205.8809772469,50,71.2132034355964,0,18205.8809772469
31,75301,18184.5599864621,50,71.2132034355964,0,18184.5599864621
31,75302,18163.2631199913,50,71.2132034355964,0,18163.2631199913
31,75303,18141.9904627954,50,71.2132034355964,0,18141.9904627954
31,76004,18163.6298593714,50,71.2132034355964,0,18163.6298593714
31,76005,18142.3083083887,50,71.2132034355964,0,18142.3083083887
31,76006,18121.0109369203,50,71.2132034355964,0,18121.0109369203
31,76708,18121.3786379044,50,71.2132034355964,0,18121.3786379044
31,76709,18100.0565245226,50,71.2132034355964,0,18100.0565245226
31,77412,18079.1273129236,50,71.2132034355964,0,18079.1273129236
31,78078,18864.3757453502,50,71.2132034355964,0,18864.3757453502
31,78781,18844.3946529005,50,71.2132034355964,0,18844.3946529005
31,78782,18822.183701691,50,71.2132034355964,0,18822.183701691
31,79484,18824.4398800454,50,71.2132034355964,0,18824.4398800454
31,80185,18849.0914645011,50,71.2132034355964,0,18849.0914645011
31,80888,18829.2369425168,50,71.2132034355964,0,18829.2369425168
31,80889,18806.9127867334,50,71.2132034355964,0,18806.9127867334
31,81591,18809.4090292164,50,71.2132034355964,0,18809.4090292164
31,81592,18787.0611918409,50,71.2132034355964,0,18787.0611918409
31,81593,18764.7343181509,50,71.2132034355964,0,18764.7343181509
31,82294,18789.6078088367,50,71.2132034355964,0,18789.6078088367
31,82295,18767.2362716194,50,71.2132034355964,0,18767.2362716194
31,82296,18744.8856640026,50,71.2132034355964,0,18744.8856640026
31,82998,18747.4381106928,50,71.2132034355964,0,18747.4381106928
31,92148,18244.1443723081,50,71.2132034355964,0,18244.1443723081
31,92850,18246.9645013333,50,71.2132034355964,0,18246.9645013333
31,92851,18224.4639033315,50,71.2132034355964,0,18224.4639033315
31,93553,18227.3362841758,50,71.2132034355964,0,18227.3362841758
31,93554,18204.8113047287,50,71.2132034355964,0,18204.8113047287
31,94262,18072.7588322782,50,71.2132034355964,0,18072.7588322782
31,94964,18075.5069626386,50,71.2132034355964,0,18075.5069626386
31,94965,18053.0395966989,50,71.2132034355964,0,18053.0395966989
31,94966,18030.593756007,50,71.2132034355964,0,18030.593756007
31,95668,18033.3484117928,50,71.2132034355964,0,18033.3484117928
31,95669,18010.8779099336,50,71.2132034355964,0,18010.8779099336
31,95670,17988.4289762095,50,71.2132034355964,0,17988.4289762095
31,96372,17991.190187693,50,71.2132034355964,0,17991.190187693
31,97120,16981.6639908665,50,71.2132034355964,0,16981.6639908665
31,97823,16960.8816204189,50,71.2132034355964,0,16960.8816204189
31,97824,16939.4128748077,50,71.2132034355964,0,16939.4128748077
31,98526,16940.1265690786,50,71.2132034355964,0,16940.1265690786
31,98527,16918.6313705382,50,71.2132034355964,0,16918.6313705382
31,98528,16897.1616719378,50,71.2132034355964,0,16897.1616719378
31,99230,16897.8772558117,50,71.2132034355964,0,16897.8772558117
31,99231,16876.3810383615,50,71.2132034355964,0,16876.3810383615
31,99933,16877.1506316714,50,71.2132034355964,0,16877.1506316714
31,99934,16855.6278651283,50,71.2132034355964,0,16855.6278651283
31,99935,16834.130624132,50,71.2132034355964,0,16834.130624132
31,100637,16834.9022537934,50,71.2132034355964,0,16834.9022537934
31,100638,16813.3783973099,50,71.2132034355964,0,16813.3783973099
31,100639,16791.8801280907,50,71.2132034355964,0,16791.8801280907
31,101340,16814.2043062773,50,71.2132034355964,0,16814.2043062773
31,101341,16792.6538040686,50,71.2132034355964,0,16792.6538040686
31,101342,16771.1288526349,50,71.2132034355964,0,16771.1288526349
31,102044,16771.9569468462,50,71.2132034355964,0,16771.9569468462
31,102045,16750.4052828166,50,71.2132034355964,0,16750.4052828166
31,102046,16728.8792313855,50,71.2132034355964,0,16728.8792313855
31,102748,16729.7095215948,50,71.2132034355964,0,16729.7095215948
31,102749,16708.1566903599,50,71.2132034355964,0,16708.1566903599
31,102750,16686.6295338495,50,71.2132034355964,0,16686.6295338495
31,103451,16709.0416722989,50,71.2132034355964,0,16709.0416722989
31,103452,16687.4620308879,50,71.2132034355964,0,16687.4620308879
31,103453,16665.9080270257,50,71.2132034355964,0,16665.9080270257
31,104155,16666.79535683,50,71.2132034355964,0,16666.79535683
31,104156,16645.2144750999,50,71.2132034355964,0,16645.2144750999
31,104157,16623.6592931476,50,71.2132034355964,0,16623.6592931476
31,104859,16624.5489824602,50,71.2132034355964,0,16624.5489824602
31,104860,16602.966854605,50,71.2132034355964,0,16602.966854605
31,105562,16603.9116538786,50,71.2132034355964,0,16603.9116538786
31,105563,16582.3025496159,50,71.2132034355964,0,16582.3025496159
31,105564,16560.719169782,50,71.2132034355964,0,16560.719169782
31,106266,16561.666483489,50,71.2132034355964,0,16561.666483489
31,106267,16540.0560587223,50,71.2132034355964,0,16540.0560587223
31,106268,16518.4714210133,50,71.2132034355964,0,16518.4714210133
31,106970,16519.4212617263,50,71.2132034355964,0,16519.4212617263
31,106971,16497.8095102084,50,71.2132034355964,0,16497.8095102084
31,107673,16498.8148850315,50,71.2132034355964,0,16498.8148850315
31,107674,16477.1759890732,50,71.2132034355964,0,16477.1759890732
31,107675,16455.5629045138,50,71.2132034355964,0,16455.5629045138
31,121010,16561.1404528336,50,71.2132034355964,0,16561.1404528336
31,121011,16538.5009292515,50,71.2132034355964,0,16538.5009292515
31,121713,16541.6702210384,50,71.2132034355964,0,16541.6702210384
31,121714,16519.0038909482,50,71.2132034355964,0,16519.0038909482
31,121715,16496.3605548033,50,71.2132034355964,0,16496.3605548033
31,122417,16499.5380390694,50,71.2132034355964,0,16499.5380390694
31,122418,16476.8678296705,50,71.2132034355964,0,16476.8678296705
31,122419,16454.2206627093,50,71.2132034355964,0,16454.2206627093
31,123121,16457.4063810199,50,71.2132034355964,0,16457.4063810199
31,123122,16434.7322737307,50,71.2132034355964,0,16434.7322737307
31,123123,16412.0812575697,50,71.2132034355964,0,16412.0812575697
31,123124,16389.453428275,50,71.2132034355964,0,16389.453428275
31,123824,16437.9763199385,50,71.2132034355964,0,16437.9763199385
31,123825,16415.2752518051,50,71.2132034355964,0,16415.2752518051
31,123826,16392.5972279102,50,71.2132034355964,0,16392.5972279102
31,123827,16369.9423440268,50,71.2132034355964,0,16369.9423440268
31,124528,16395.8497086033,50,71.2132034355964,0,16395.8497086033
31,124529,16373.1446563943,50,71.2132034355964,0,16373.1446563943
31,124530,16350.4626970378,50,71.2132034355964,0,16350.4626970378
31,124531,16327.8039267761,50,71.2132034355964,0,16327.8039267761
31,125232,16353.7236552762,50,71.2132034355964,0,16353.7236552762
31,125233,16331.0145998011,50,71.2132034355964,0,16331.0145998011
31,125234,16308.3286859913,50,71.2132034355964,0,16308.3286859913
31,125235,16285.6660105535,50,71.2132034355964,0,16285.6660105535
31,125936,16311.5981651678,50,71.2132034355964,0,16311.5981651678
31,125937,16288.8850870991,50,71.2132034355964,0,16288.8850870991
31,125938,16266.1951997001,50,71.2132034355964,0,16266.1951997001
31,125939,16243.5286001559,50,71.2132034355964,0,16243.5286001559
31,126640,16269.4732435443,50,71.2132034355964,0,16269.4732435443
31,126641,16246.7561234071,50,71.2132034355964,0,16246.7561234071
31,126642,16224.0622431467,50,71.2132034355964,0,16224.0622431467
31,127344,16227.3488957219,50,71.2132034355964,0,16227.3488957219
31,127345,16204.6277139033,50,71.2132034355964,0,16204.6277139033
31,128047,16207.9736310493,50,71.2132034355964,0,16207.9736310493
31,128048,16185.2251270781,50,71.2132034355964,0,16185.2251270781
31,128049,16162.4998638129,50,71.2132034355964,0,16162.4998638129
31,128751,16165.8545976858,50,71.2132034355964,0,16165.8545976858
31,128752,16143.1019430417,50,71.2132034355964,0,16143.1019430417
31,128753,16120.3725784241,50,71.2132034355964,0,16120.3725784241
31,129455,16123.7361746718,50,71.2132034355964,0,16123.7361746718
31,131560,16157.4202003782,50,71.2132034355964,0,16157.4202003782
31,131561,16134.4890923154,50,71.2132034355964,0,16134.4890923154
31,131582,15658.3555117159,50,71.2132034355964,0,15658.3555117159
31,132263,16138.2938657101,50,71.2132034355964,0,16138.2938657101
31,132264,16115.3354182278,50,71.2132034355964,0,16115.3354182278
31,132265,16092.3997181847,50,71.2132034355964,0,16092.3997181847
31,132285,15638.61608601,50,71.2132034355964,0,15638.61608601
31,132286,15616.1813027046,50,71.2132034355964,0,15616.1813027046
31,132967,16096.2145365054,50,71.2132034355964,0,16096.2145365054
31,132968,16073.2514280779,50,71.2132034355964,0,16073.2514280779
31,132969,16050.3111137087,50,71.2132034355964,0,16050.3111137087
31,132988,15618.9089961962,50,71.2132034355964,0,15618.9089961962
31,132989,15596.445743957,50,71.2132034355964,0,15596.445743957
31,132990,15574.0074408912,50,71.2132034355964,0,15574.0074408912
31,133671,16054.1360291318,50,71.2132034355964,0,16054.1360291318
31,133672,16031.1682370713,50,71.2132034355964,0,16031.1682370713
31,133673,16008.2232858581,50,71.2132034355964,0,16008.2232858581
31,133692,15576.7426184339,50,71.2132034355964,0,15576.7426184339
31,133693,15554.2757708202,50,71.2132034355964,0,15554.2757708202
31,134375,16012.0583509748,50,71.2132034355964,0,16012.0583509748
31,134376,15989.0858524201,50,71.2132034355964,0,15989.0858524201
31,134396,15534.5766318891,50,71.2132034355964,0,15534.5766318891
31,134397,15512.1061705411,50,71.2132034355964,0,15512.1061705411
31,134398,15489.6607739356,50,71.2132034355964,0,15489.6607739356
31,135078,15992.9815736811,50,71.2132034355964,0,15992.9815736811
31,135079,15969.9815094936,50,71.2132034355964,0,15969.9815094936
31,135080,15947.00428142,50,71.2132034355964,0,15947.00428142
31,135100,15492.4110406897,50,71.2132034355964,0,15492.4110406897
31,135101,15469.9369471076,50,71.2132034355964,0,15469.9369471076
31,135102,15447.4879764386,50,71.2132034355964,0,15447.4879764386
31,135782,15950.9103759748,50,71.2132034355964,0,15950.9103759748
31,135783,15927.9055122297,50,71.2132034355964,0,15927.9055122297
31,135784,15904.923531436,50,71.2132034355964,0,15904.923531436
31,135804,15450.2458490109,50,71.2132034355964,0,15450.2458490109
31,135805,15427.7681045443,50,71.2132034355964,0,15427.7681045443
31,135806,15405.3155414276,50,71.2132034355964,0,15405.3155414276
31,136486,15908.8400536542,50,71.2132034355964,0,15908.8400536542
31,136487,15885.8303668011,50,71.2132034355964,0,15885.8303668011
31,136488,15862.8436099136,50,71.2132034355964,0,15862.8436099136
31,136508,15408.0810610707,50,71.2132034355964,0,15408.0810610707
31,136509,15385.599646926,50,71.2132034355964,0,15385.599646926
31,136510,15363.1434728293,50,71.2132034355964,0,15363.1434728293
31,137189,15889.8080255958,50,71.2132034355964,0,15889.8080255958
31,137190,15866.7706145913,50,71.2132034355964,0,15866.7706145913
31,137191,15843.7560809056,50,71.2132034355964,0,15843.7560809056
31,137192,15820.7645243816,50,71.2132034355964,0,15820.7645243816
31,137198,15683.3033575251,50,71.2132034355964,0,15683.3033575251
31,137212,15365.9166811357,50,71.2132034355964,0,15365.9166811357
31,137213,15343.4315783694,50,71.2132034355964,0,15343.4315783694
31,137893,15847.7443953606,50,71.2132034355964,0,15847.7443953606
31,137894,15824.7020667451,50,71.2132034355964,0,15824.7020667451
31,137895,15801.682662329,50,71.2132034355964,0,15801.682662329
31,137896,15778.6862824423,50,71.2132034355964,0,15778.6862824423
31,137900,15686.93303188,50,71.2132034355964,0,15686.93303188
31,137901,15664.053296688,50,71.2132034355964,0,15664.053296688
31,137902,15641.1971982816,50,71.2132034355964,0,15641.1971982816
31,137916,15323.752713518,50,71.2132034355964,0,15323.752713518
31,137917,15301.2639030341,50,71.2132034355964,0,15301.2639030341
31,138597,15805.6816886387,50,71.2132034355964,0,15805.6816886387
31,138598,15782.6344181603,50,71.2132034355964,0,15782.6344181603
31,138599,15759.6101189322,50,71.2132034355964,0,15759.6101189322
31,138604,15644.836737729,50,71.2132034355964,0,15644.836737729
31,138605,15621.9524006021,50,71.2132034355964,0,15621.9524006021
31,138606,15599.0917508685,50,71.2132034355964,0,15599.0917508685
31,138619,15304.1070056878,50,71.2132034355964,0,15304.1070056878
31,138620,15281.5891625741,50,71.2132034355964,0,15281.5891625741
31,138621,15259.0966251306,50,71.2132034355964,0,15259.0966251306
31,139301,15763.6199137448,50,71.2132034355964,0,15763.6199137448
31,139302,15740.5676769651,50,71.2132034355964,0,15740.5676769651
31,139303,15717.538458667,50,71.2132034355964,0,15717.538458667
31,139308,15602.7412081744,50,71.2132034355964,0,15602.7412081744
31,139309,15579.8522459834,50,71.2132034355964,0,15579.8522459834
31,139310,15556.9870220005,50,71.2132034355964,0,15556.9870220005
31,139311,15534.1456410468,50,71.2132034355964,0,15534.1456410468
31,139323,15261.9476813637,50,71.2132034355964,0,15261.9476813637
31,139324,15239.4260327156,50,71.2132034355964,0,15239.4260327156
31,139325,15216.9297489159,50,71.2132034355964,0,15216.9297489159
31,140005,15721.5590790762,50,71.2132034355964,0,15721.5590790762
31,140006,15698.5018513792,50,71.2132034355964,0,15698.5018513792
31,140007,15675.4676895674,50,71.2132034355964,0,15675.4676895674
31,140011,15583.5637452837,50,71.2132034355964,0,15583.5637452837
31,140012,15560.6464503508,50,71.2132034355964,0,15560.6464503508
31,140013,15537.7528397949,50,71.2132034355964,0,15537.7528397949
31,140014,15514.8830184587,50,71.2132034355964,0,15514.8830184587
31,140015,15492.0370917008,50,71.2132034355964,0,15492.0370917008
31,140027,15219.7888024035,50,71.2132034355964,0,15219.7888024035
31,140028,15197.2633284015,50,71.2132034355964,0,15197.2633284015
31,140029,15174.7632786902,50,71.2132034355964,0,15174.7632786902
31,140709,15679.4991931242,50,71.2132034355964,0,15679.4991931242
31,140710,15656.4369497035,50,71.2132034355964,0,15656.4369497035
31,140711,15633.3978197502,50,71.2132034355964,0,15633.3978197502
31,140715,15541.4744889402,50,71.2132034355964,0,15541.4744889402
31,140716,15518.5524714724,50,71.2132034355964,0,15518.5524714724
31,140717,15495.6541890659,50,71.2132034355964,0,15495.6541890659
31,140718,15472.7797471003,50,71.2132034355964,0,15472.7797471003
31,140719,15449.9292514664,50,71.2132034355964,0,15449.9292514664
31,140731,15177.6303734707,50,71.2132034355964,0,15177.6303734707
31,141413,15637.4402644681,50,71.2132034355964,0,15637.4402644681
31,141414,15614.3729803319,50,71.2132034355964,0,15614.3729803319
31,141415,15591.3288574266,50,71.2132034355964,0,15591.3288574266
31,141419,15499.3860426977,50,71.2132034355964,0,15499.3860426977
31,141420,15476.4592788276,50,71.2132034355964,0,15476.4592788276
31,141421,15453.5563009097,50,71.2132034355964,0,15453.5563009097
31,141422,15430.6772148549,50,71.2132034355964,0,15430.6772148549
31,142116,15618.4777581219,50,71.2132034355964,0,15618.4777581219
31,142117,15595.3823017799,50,71.2132034355964,0,15595.3823017799
31,142118,15572.3099517509,50,71.2132034355964,0,15572.3099517509
31,142119,15549.2608108932,50,71.2132034355964,0,15549.2608108932
31,142123,15457.298414108,50,71.2132034355964,0,15457.298414108
31,142124,15434.3668797903,50,71.2132034355964,0,15434.3668797903
31,142125,15411.4591825135,50,71.2132034355964,0,15411.4591825135
31,142126,15388.5754287303,50,71.2132034355964,0,15388.5754287303
31,142138,15115.8774449047,50,71.2132034355964,0,15115.8774449047
31,142139,15093.3148846025,50,71.2132034355964,0,15093.3148846025
31,142140,15070.7778140225,50,71.2132034355964,0,15070.7778140225
31,142141,15048.2663476874,50,71.2132034355964,0,15048.2663476874
31,142143,15003.3206886376,50,71.2132034355964,0,15003.3206886376
31,142144,14980.886727758,50,71.2132034355964,0,14980.886727758
31,142145,14958.4788348032,50,71.2132034355964,0,14958.4788348032
31,142820,15576.4259090402,50,71.2132034355964,0,15576.4259090402
31,142821,15553.3253138285,50,71.2132034355964,0,15553.3253138285
31,142822,15530.2478725366,50,71.2132034355964,0,15530.2478725366
31,142823,15507.1936885352,50,71.2132034355964,0,15507.1936885352
31,142827,15415.2116108089,50,71.2132034355964,0,15415.2116108089
31,142828,15392.2752818089,50,71.2132034355964,0,15392.2752818089
31,142829,15369.3628411434,50,71.2132034355964,0,15369.3628411434
31,142840,15118.933604792,50,71.2132034355964,0,15118.933604792
31,142841,15096.3163222345,50,71.2132034355964,0,15096.3163222345
31,142842,15073.7243607158,50,71.2132034355964,0,15073.7243607158
31,142843,15051.157834261,50,71.2132034355964,0,15051.157834261
31,142844,15028.6168574455,50,71.2132034355964,0,15028.6168574455
31,142845,15006.1015454074,50,71.2132034355964,0,15006.1015454074
31,142846,14983.6120138448,50,71.2132034355964,0,14983.6120138448
31,142847,14961.148379014,50,71.2132034355964,0,14961.148379014
31,142848,14938.7107577427,50,71.2132034355964,0,14938.7107577427
31,142849,14916.2992674231,50,71.2132034355964,0,14916.2992674231
31,143524,15534.3750692976,50,71.2132034355964,0,15534.3750692976
31,143525,15511.2693094775,50,71.2132034355964,0,15511.2693094775
31,143526,15488.1867513584,50,71.2132034355964,0,15488.1867513584
31,143527,15465.1274988299,50,71.2132034355964,0,15465.1274988299
31,143531,15373.1256405199,50,71.2132034355964,0,15373.1256405199
31,143532,15350.1844924172,50,71.2132034355964,0,15350.1844924172
31,143544,15076.7891629555,50,71.2132034355964,0,15076.7891629555
31,143545,15054.1677747914,50,71.2132034355964,0,15054.1677747914
31,143546,15031.5717666415,50,71.2132034355964,0,15031.5717666415
31,143547,15009.0012531312,50,71.2132034355964,0,15009.0012531312
31,143548,14986.4563494539,50,71.2132034355964,0,14986.4563494539
31,143550,14941.4438351697,50,71.2132034355964,0,14941.4438351697
31,143551,14918.9764577675,50,71.2132034355964,0,14918.9764577675
31,143552,14896.5351566121,50,71.2132034355964,0,14896.5351566121
31,143553,14874.1200497305,50,71.2132034355964,0,14874.1200497305
31,144228,15492.3252480455,50,71.2132034355964,0,15492.3252480455
31,144229,15469.214297681,50,71.2132034355964,0,15469.214297681
31,144230,15446.1265969767,50,71.2132034355964,0,15446.1265969767
31,144231,15423.0622503473,50,71.2132034355964,0,15423.0622503473
31,144235,15331.0405110425,50,71.2132034355964,0,15331.0405110425
31,144248,15034.6452592642,50,71.2132034355964,0,15034.6452592642
31,144249,15012.0197438976,50,71.2132034355964,0,15012.0197438976
31,144250,14989.419667777,50,71.2132034355964,0,14989.419667777
31,144253,14921.7732301439,50,71.2132034355964,0,14921.7732301439
31,144254,14899.2760690928,50,71.2132034355964,0,14899.2760690928
31,144255,14876.8049291744,50,71.2132034355964,0,14876.8049291744
31,144256,14854.3599284808,50,71.2132034355964,0,14854.3599284808
31,144257,14831.9411856798,50,71.2132034355964,0,14831.9411856798
31,144932,15450.2764545372,50,71.2132034355964,0,15450.2764545372
31,144933,15427.1602874948,50,71.2132034355964,0,15427.1602874948
31,144934,15404.0674182536,50,71.2132034355964,0,15404.0674182536
31,144935,15380.99795175,50,71.2132034355964,0,15380.99795175
31,144952,14992.5018992253,50,71.2132034355964,0,14992.5018992253
31,144953,14969.8722348795,50,71.2132034355964,0,14969.8722348795
31,144954,14947.2680692829,50,71.2132034355964,0,14947.2680692829
31,144955,14924.6895182921,50,71.2132034355964,0,14924.6895182921
31,144958,14857.1087201016,50,71.2132034355964,0,14857.1087201016
31,144959,14834.6337975576,50,71.2132034355964,0,14834.6337975576
31,144960,14812.1850775106,50,71.2132034355964,0,14812.1850775106
31,144961,14789.7626792792,50,71.2132034355964,0,14789.7626792792
31,145636,15408.2286981242,50,71.2132034355964,0,15408.2286981242
31,145637,15385.1072880742,50,71.2132034355964,0,15385.1072880742
31,145638,15362.0092241423,50,71.2132034355964,0,15362.0092241423
31,145639,15338.9346117986,50,71.2132034355964,0,15338.9346117986
31,145645,15200.9853940847,50,71.2132034355964,0,15200.9853940847
31,145656,14950.3590884012,50,71.2132034355964,0,14950.3590884012
31,145657,14927.7252531304,50,71.2132034355964,0,14927.7252531304
31,145658,14905.1169763744,50,71.2132034355964,0,14905.1169763744
31,145659,14882.5343746117,50,71.2132034355964,0,14882.5343746117
31,145662,14814.9417927346,50,71.2132034355964,0,14814.9417927346
31,145663,14792.4630672894,50,71.2132034355964,0,14792.4630672894
31,145664,14770.0106079147,50,71.2132034355964,0,14770.0106079147
31,145665,14747.5845345758,50,71.2132034355964,0,14747.5845345758
31,146340,15366.1819882655,50,71.2132034355964,0,15366.1819882655
31,146341,15343.0553086733,50,71.2132034355964,0,15343.0553086733
31,146342,15319.9520237004,50,71.2132034355964,0,15319.9520237004
31,146343,15296.8722393457,50,71.2132034355964,0,15296.8722393457
31,146347,15204.7902468277,50,71.2132034355964,0,15204.7902468277
31,146348,15181.8295743072,50,71.2132034355964,0,15181.8295743072
31,146349,15158.8930496819,50,71.2132034355964,0,15158.8930496819
31,146350,15135.980782728,50,71.2132034355964,0,15135.980782728
31,146360,14908.216832424,50,71.2132034355964,0,14908.216832424
31,146361,14885.5788041005,50,71.2132034355964,0,14885.5788041005
31,146362,14862.9663943259,50,71.2132034355964,0,14862.9663943259
31,146363,14840.3797202087,50,71.2132034355964,0,14840.3797202087
31,146366,14772.7752915805,50,71.2132034355964,0,14772.7752915805
31,146367,14750.2927427953,50,71.2132034355964,0,14750.2927427953
31,146368,14727.8365239499,50,71.2132034355964,0,14727.8365239499
31,146369,14705.4067556701,50,71.2132034355964,0,14705.4067556701
31,146370,14683.0035591723,50,71.2132034355964,0,14683.0035591723
31,147044,15324.1363345161,50,71.2132034355964,0,15324.1363345161
31,147045,15301.0043586486,50,71.2132034355964,0,15301.0043586486
31,147046,15277.8958260782,50,71.2132034355964,0,15277.8958260782
31,147047,15254.8108433421,50,71.2132034355964,0,15254.8108433421
31,147051,15162.7085603784,50,71.2132034355964,0,15162.7085603784
31,147052,15139.7429437838,50,71.2132034355964,0,15139.7429437838
31,147053,15116.8015276179,50,71.2132034355964,0,15116.8015276179
31,147054,15093.8844222318,50,71.2132034355964,0,15093.8844222318
31,147064,14866.0751369827,50,71.2132034355964,0,14866.0751369827
31,147065,14843.4328932998,50,71.2132034355964,0,14843.4328932998
31,147066,14820.8163284733,50,71.2132034355964,0,14820.8163284733
31,147067,14798.2255602415,50,71.2132034355964,0,14798.2255602415
31,147071,14708.1228285479,50,71.2132034355964,0,14708.1228285479
31,147072,14685.6628299261,50,71.2132034355964,0,14685.6628299261
31,147073,14663.2293467021,50,71.2132034355964,0,14663.2293467021
31,147074,14640.8225007601,50,71.2132034355964,0,14640.8225007601
31,147748,15282.0917465436,50,71.2132034355964,0,15282.0917465436
31,147749,15258.9544474583,50,71.2132034355964,0,15258.9544474583
31,147750,15235.8406405296,50,71.2132034355964,0,15235.8406405296
31,147755,15120.6277550751,50,71.2132034355964,0,15120.6277550751
31,147756,15097.6571688208,50,71.2132034355964,0,15097.6571688208
31,147757,15074.7108357438,50,71.2132034355964,0,15074.7108357438
31,147758,15051.7888667673,50,71.2132034355964,0,15051.7888667673
31,147775,14665.9533290737,50,71.2132034355964,0,14665.9533290737
31,147776,14643.4895301984,50,71.2132034355964,0,14643.4895301984
31,147777,14621.0523118618,50,71.2132034355964,0,14621.0523118618
31,147778,14598.6417966235,50,71.2132034355964,0,14598.6417966235
31,148452,15240.0482341163,50,71.2132034355964,0,15240.0482341163
31,148453,15216.905584664,50,71.2132034355964,0,15216.905584664
31,148454,15193.7864764117,50,71.2132034355964,0,15193.7864764117
31,148455,15170.6910169887,50,71.2132034355964,0,15170.6910169887
31,148459,15078.5478392528,50,71.2132034355964,0,15078.5478392528
31,148460,15055.5722575558,50,71.2132034355964,0,15055.5722575558
31,148461,15032.6209819958,50,71.2132034355964,0,15032.6209819958
31,148462,15009.6941240703,50,71.2132034355964,0,15009.6941240703
31,148479,14623.7842489506,50,71.2132034355964,0,14623.7842489506
31,148480,14601.3166291743,50,71.2132034355964,0,14601.3166291743
31,148481,14578.8756553907,50,71.2132034355964,0,14578.8756553907
31,148482,14556.4614508384,50,71.2132034355964,0,14556.4614508384
31,149156,15198.005807112,50,71.2132034355964,0,15198.005807112
31,149157,15174.8577799346,50,71.2132034355964,0,15174.8577799346
31,149158,15151.7333431868,50,71.2132034355964,0,15151.7333431868
31,149159,15128.6326050423,50,71.2132034355964,0,15128.6326050423
31,149163,15036.4688213431,50,71.2132034355964,0,15036.4688213431
31,149164,15013.4882182153,50,71.2132034355964,0,15013.4882182153
31,149165,14990.5319743953,50,71.2132034355964,0,14990.5319743953
31,149166,14967.6002019669,50,71.2132034355964,0,14967.6002019669
31,149183,14581.6155928062,50,71.2132034355964,0,14581.6155928062
31,149184,14559.144131313,50,71.2132034355964,0,14559.144131313
31,149185,14536.6993815792,50,71.2132034355964,0,14536.6993815792
31,149186,14514.281467524,50,71.2132034355964,0,14514.281467524
31,149860,15155.96447552,50,71.2132034355964,0,15155.96447552
31,149861,15132.8110430504,50,71.2132034355964,0,15132.8110430504
31,149862,15109.6812504185,50,71.2132034355964,0,15109.6812504185
31,149863,15086.575206354,50,71.2132034355964,0,15086.575206354
31,149868,14971.4050591183,50,71.2132034355964,0,14971.4050591183
31,149869,14948.4438210617,50,71.2132034355964,0,14948.4438210617
31,149870,14925.5071083712,50,71.2132034355964,0,14925.5071083712
31,149887,14539.447365328,50,71.2132034355964,0,14539.447365328
31,149888,14516.972041127,50,71.2132034355964,0,14516.972041127
31,149889,14494.5234947648,50,71.2132034355964,0,14494.5234947648
31,149890,14472.1018508495,50,71.2132034355964,0,14472.1018508495
31,150564,15113.9242494395,50,71.2132034355964,0,15113.9242494395
31,150565,15090.7653838918,50,71.2132034355964,0,15090.7653838918
31,150566,15067.6302077773,50,71.2132034355964,0,15067.6302077773
31,150567,15044.5188303862,50,71.2132034355964,0,15044.5188303862
31,150571,14952.3135134526,50,71.2132034355964,0,14952.3135134526
31,150572,14929.3227886772,50,71.2132034355964,0,14929.3227886772
31,150573,14906.3565302013,50,71.2132034355964,0,14906.3565302013
31,150574,14883.4148512819,50,71.2132034355964,0,14883.4148512819
31,150591,14497.2795712538,50,71.2132034355964,0,14497.2795712538
31,150592,14474.8003631766,50,71.2132034355964,0,14474.8003631766
31,150593,14452.347999334,50,71.2132034355964,0,14452.347999334
31,150594,14429.9226050346,50,71.2132034355964,0,14429.9226050346
31,150595,14407.5243062105,50,71.2132034355964,0,14407.5243062105
31,151268,15071.8851390799,50,71.2132034355964,0,15071.8851390799
31,151269,15048.7208124541,50,71.2132034355964,0,15048.7208124541
31,151270,15025.5802250451,50,71.2132034355964,0,15025.5802250451
31,151271,15002.4634867013,50,71.2132034355964,0,15002.4634867013
31,151275,14910.2372408091,50,71.2132034355964,0,14910.2372408091
31,151276,14887.2414154027,50,71.2132034355964,0,14887.2414154027
31,151277,14864.2701101121,50,71.2132034355964,0,14864.2701101121
31,151278,14841.3234387918,50,71.2132034355964,0,14841.3234387918
31,151295,14455.1122153774,50,71.2132034355964,0,14455.1122153774
31,151296,14432.6291020776,50,71.2132034355964,0,14432.6291020776
31,151297,14410.1728997313,50,71.2132034355964,0,14410.1728997313
31,151298,14387.743734343,50,71.2132034355964,0,14387.743734343
31,151299,14365.3417325578,50,71.2132034355964,0,14365.3417325578
31,151972,15029.8471547654,50,71.2132034355964,0,15029.8471547654
31,151973,15006.6773388469,50,71.2132034355964,0,15006.6773388469
31,151974,14983.5313121106,50,71.2132034355964,0,14983.5313121106
31,151975,14960.4091849756,50,71.2132034355964,0,14960.4091849756
31,151980,14845.1609478984,50,71.2132034355964,0,14845.1609478984
31,151981,14822.1845691881,50,71.2132034355964,0,14822.1845691881
31,152001,14367.9982004469,50,71.2132034355964,0,14367.9982004469
31,152002,14345.5652430966,50,71.2132034355964,0,14345.5652430966
31,152003,14323.159517806,50,71.2132034355964,0,14323.159517806
31,152676,14987.8103069397,50,71.2132034355964,0,14987.8103069397
31,152677,14964.6349732877,50,71.2132034355964,0,14964.6349732877
31,152678,14941.4834789752,50,71.2132034355964,0,14941.4834789752
31,152679,14918.355934989,50,71.2132034355964,0,14918.355934989
31,152683,14826.0875022125,50,71.2132034355964,0,14826.0875022125
31,152684,14803.0813948639,50,71.2132034355964,0,14803.0813948639
31,152685,14780.0999159211,50,71.2132034355964,0,14780.0999159211
31,152704,14348.2878491755,50,71.2132034355964,0,14348.2878491755
31,152705,14325.8239060288,50,71.2132034355964,0,14325.8239060288
31,152706,14303.3871356613,50,71.2132034355964,0,14303.3871356613
31,152707,14280.9776661457,50,71.2132034355964,0,14280.9776661457
31,152708,14258.5956262053,50,71.2132034355964,0,14258.5956262053
31,153380,14945.7746061573,50,71.2132034355964,0,14945.7746061573
31,153381,14922.5937261136,50,71.2132034355964,0,14922.5937261136
31,153382,14899.4367357515,50,71.2132034355964,0,14899.4367357515
31,153383,14876.3037466316,50,71.2132034355964,0,14876.3037466316
31,153387,14784.0140541892,50,71.2132034355964,0,14784.0140541892
31,153388,14761.0027651029,50,71.2132034355964,0,14761.0027651029
31,153389,14738.0161588933,50,71.2132034355964,0,14738.0161588933
31,153408,14306.1178668775,50,71.2132034355964,0,14306.1178668775
31,153409,14283.6500210745,50,71.2132034355964,0,14283.6500210745
31,153410,14261.2094164564,50,71.2132034355964,0,14261.2094164564
31,153411,14238.7961818217,50,71.2132034355964,0,14238.7961818217
31,153412,14216.4104466261,50,71.2132034355964,0,14216.4104466261
31,154084,14903.7400630973,50,71.2132034355964,0,14903.7400630973
31,154085,14880.5536077754,50,71.2132034355964,0,14880.5536077754
31,154086,14857.3910926646,50,71.2132034355964,0,14857.3910926646
31,154087,14834.2526299105,50,71.2132034355964,0,14834.2526299105
31,154091,14741.9415658107,50,71.2132034355964,0,14741.9415658107
31,154092,14718.9250675146,50,71.2132034355964,0,14718.9250675146
31,154093,14695.933306792,50,71.2132034355964,0,14695.933306792
31,154113,14241.4765502367,50,71.2132034355964,0,14241.4765502367
31,154114,14219.0320899546,50,71.2132034355964,0,14219.0320899546
31,154115,14196.6150691297,50,71.2132034355964,0,14196.6150691297
31,154116,14174.225617951,50,71.2132034355964,0,14174.225617951
31,154117,14151.8638672688,50,71.2132034355964,0,14151.8638672688
31,154788,14861.7066885561,50,71.2132034355964,0,14861.7066885561
31,154789,14838.5146288404,50,71.2132034355964,0,14838.5146288404
31,154790,14815.3465600601,50,71.2132034355964,0,14815.3465600601
31,154791,14792.2025949429,50,71.2132034355964,0,14792.2025949429
31,154795,14699.8700462988,50,71.2132034355964,0,14699.8700462988
31,154796,14676.8483111045,50,71.2132034355964,0,14676.8483111045
31,154797,14653.8513683996,50,71.2132034355964,0,14653.8513683996
31,154817,14199.3034982254,50,71.2132034355964,0,14199.3034982254
31,154818,14176.8551606837,50,71.2132034355964,0,14176.8551606837
31,154819,14154.4343324128,50,71.2132034355964,0,14154.4343324128
31,154820,14132.0411443423,50,71.2132034355964,0,14132.0411443423
31,154821,14109.6757280796,50,71.2132034355964,0,14109.6757280796
31,155492,14819.6744934496,50,71.2132034355964,0,14819.6744934496
31,155493,14796.4768000002,50,71.2132034355964,0,14796.4768000002
31,155494,14773.3031483996,50,71.2132034355964,0,14773.3031483996
31,155495,14750.1536519601,50,71.2132034355964,0,14750.1536519601
31,155499,14657.7995049842,50,71.2132034355964,0,14657.7995049842
31,155500,14634.7725049787,50,71.2132034355964,0,14634.7725049787
31,155501,14611.7703525985,50,71.2132034355964,0,14611.7703525985
31,155522,14134.6786332216,50,71.2132034355964,0,14134.6786332216
31,155523,14112.253976064,50,71.2132034355964,0,14112.253976064
31,155524,14089.8570300204,50,71.2132034355964,0,14089.8570300204
31,155525,14067.4879274444,50,71.2132034355964,0,14067.4879274444
31,156196,14777.6434888258,50,71.2132034355964,0,14777.6434888258
31,156197,14754.4401320687,50,71.2132034355964,0,14754.4401320687
31,156198,14731.2608682616,50,71.2132034355964,0,14731.2608682616
31,156199,14708.1058113115,50,71.2132034355964,0,14708.1058113115
31,156203,14615.7299513053,50,71.2132034355964,0,14615.7299513053
31,156206,14546.7078995663,50,71.2132034355964,0,14546.7078995663
31,156226,14092.5025122011,50,71.2132034355964,0,14092.5025122011
31,156227,14070.0740045384,50,71.2132034355964,0,14070.0740045384
31,156228,14047.6732792494,50,71.2132034355964,0,14047.6732792494
31,156229,14025.3004694556,50,71.2132034355964,0,14025.3004694556
31,156230,14002.9557089608,50,71.2132034355964,0,14002.9557089608
31,156900,14735.6136858534,50,71.2132034355964,0,14735.6136858534
31,156901,14712.4046359773,50,71.2132034355964,0,14712.4046359773
31,156902,14689.2197303459,50,71.2132034355964,0,14689.2197303459
31,156908,14550.623780529,50,71.2132034355964,0,14550.623780529
31,156909,14527.6111248336,50,71.2132034355964,0,14527.6111248336
31,156910,14504.623546515,50,71.2132034355964,0,14504.623546515
31,156930,14050.3268023156,50,71.2132034355964,0,14050.3268023156
31,156931,14027.8944223347,50,71.2132034355964,0,14027.8944223347
31,156932,14005.4898963491,50,71.2132034355964,0,14005.4898963491
31,156933,13983.1133582461,50,71.2132034355964,0,13983.1133582461
31,156934,13960.7649426037,50,71.2132034355964,0,13960.7649426037
31,157604,14693.5850958271,50,71.2132034355964,0,14693.5850958271
31,157607,14624.0134790133,50,71.2132034355964,0,14624.0134790133
31,157612,14508.5508809512,50,71.2132034355964,0,14508.5508809512
31,157613,14485.5329311566,50,71.2132034355964,0,14485.5329311566
31,157614,14462.5401151908,50,71.2132034355964,0,14462.5401151908
31,157635,13985.7152340127,50,71.2132034355964,0,13985.7152340127
31,157636,13963.3068856894,50,71.2132034355964,0,13963.3068856894
31,157637,13940.9265980012,50,71.2132034355964,0,13940.9265980012
31,157638,13918.57450631,50,71.2132034355964,0,13918.57450631
31,158309,14628.3372036805,50,71.2132034355964,0,14628.3372036805
31,158310,14605.140924604,50,71.2132034355964,0,14605.140924604
31,158311,14581.9690086605,50,71.2132034355964,0,14581.9690086605
31,158316,14466.4789691489,50,71.2132034355964,0,14466.4789691489
31,158317,14443.4556966502,50,71.2132034355964,0,14443.4556966502
31,158318,14420.45761467,50,71.2132034355964,0,14420.45761467
31,158338,13965.9766349848,50,71.2132034355964,0,13965.9766349848
31,158339,13943.5364441824,50,71.2132034355964,0,13943.5364441824
31,158340,13921.124251691,50,71.2132034355964,0,13921.124251691
31,158341,13898.7401929588,50,71.2132034355964,0,13898.7401929588
31,158342,13876.3844041343,50,71.2132034355964,0,13876.3844041343
31,158343,13854.0570220727,50,71.2132034355964,0,13854.0570220727
31,159013,14586.3052899757,50,71.2132034355964,0,14586.3052899757
31,159014,14563.1032787993,50,71.2132034355964,0,14563.1032787993
31,159015,14539.9256832423,50,71.2132034355964,0,14539.9256832423
31,159020,14424.408054766,50,71.2132034355964,0,14424.408054766
31,159021,14401.3794307291,50,71.2132034355964,0,14401.3794307291
31,159022,14378.3760541305,50,71.2132034355964,0,14378.3760541305
31,159023,14355.3980463442,50,71.2132034355964,0,14355.3980463442
31,159043,13901.3580575112,50,71.2132034355964,0,13901.3580575112
31,159044,13878.9419988334,50,71.2132034355964,0,13878.9419988334
31,159045,13856.5541474084,50,71.2132034355964,0,13856.5541474084
31,159046,13834.1946401787,50,71.2132034355964,0,13834.1946401787
31,159047,13811.8636148004,50,71.2132034355964,0,13811.8636148004
31,159717,14544.27459312,50,71.2132034355964,0,14544.27459312
31,159718,14521.066819265,50,71.2132034355964,0,14521.066819265
31,159724,14382.338147564,50,71.2132034355964,0,14382.338147564
31,159725,14359.3041429137,50,71.2132034355964,0,14359.3041429137
31,159726,14336.2954428598,50,71.2132034355964,0,14336.2954428598
31,159727,14313.312169435,50,71.2132034355964,0,14313.312169435
31,159748,13836.7601316482,50,71.2132034355964,0,13836.7601316482
31,159749,13814.3684656899,50,71.2132034355964,0,13814.3684656899
31,159750,13792.0052185952,50,71.2132034355964,0,13792.0052185952
31,160421,14502.2451246891,50,71.2132034355964,0,14502.2451246891
31,160422,14479.0315573305,50,71.2132034355964,0,14479.0315573305
31,160423,14455.8425111684,50,71.2132034355964,0,14455.8425111684
31,160428,14340.2692574141,50,71.2132034355964,0,14340.2692574141
31,160429,14317.2298428403,50,71.2132034355964,0,14317.2298428403
31,160430,14294.2157902547,50,71.2132034355964,0,14294.2157902547
31,160431,14271.2272223537,50,71.2132034355964,0,14271.2272223537
31,161125,14460.2168963935,50,71.2132034355964,0,14460.2168963935
31,161126,14436.9975044604,50,71.2132034355964,0,14436.9975044604
31,161127,14413.8026868165,50,71.2132034355964,0,14413.8026868165
31,161128,14390.632562287,50,71.2132034355964,0,14390.632562287
31,161132,14298.2013943081,50,71.2132034355964,0,14298.2013943081
31,161133,14275.1565402549,50,71.2132034355964,0,14275.1565402549
31,161134,14252.1371058177,50,71.2132034355964,0,14252.1371058177
31,161135,14229.1432143689,50,71.2132034355964,0,14229.1432143689
31,161829,14418.1899200832,50,71.2132034355964,0,14418.1899200832
31,161830,14394.9646722536,50,71.2132034355964,0,14394.9646722536
31,161831,14371.7640520052,50,71.2132034355964,0,14371.7640520052
31,161832,14348.5881787998,50,71.2132034355964,0,14348.5881787998
31,161837,14233.0842450181,50,71.2132034355964,0,14233.0842450181
31,161838,14210.0593991714,50,71.2132034355964,0,14210.0593991714
31,161839,14187.0601548596,50,71.2132034355964,0,14187.0601548596
31,162533,14376.1642077461,50,71.2132034355964,0,14376.1642077461
31,162534,14352.9330724407,50,71.2132034355964,0,14352.9330724407
31,162535,14329.7266182114,50,71.2132034355964,0,14329.7266182114
31,162536,14306.5449651665,50,71.2132034355964,0,14306.5449651665
31,162537,14283.3882340598,50,71.2132034355964,0,14283.3882340598
31,162541,14191.0129671104,50,71.2132034355964,0,14191.0129671104
31,162542,14167.9826800489,50,71.2132034355964,0,14167.9826800489
31,162543,14144.9780533115,50,71.2132034355964,0,14144.9780533115
31,163238,14310.9027168903,50,71.2132034355964,0,14310.9027168903
31,163239,14287.6903970524,50,71.2132034355964,0,14287.6903970524
31,163240,14264.5029327446,50,71.2132034355964,0,14264.5029327446
31,163241,14241.3404453767,50,71.2132034355964,0,14241.3404453767
31,163245,14148.9427166319,50,71.2132034355964,0,14148.9427166319
31,163246,14125.9069582988,50,71.2132034355964,0,14125.9069582988
31,163247,14102.8969193263,50,71.2132034355964,0,14102.8969193263
31,163248,14079.9127258133,50,71.2132034355964,0,14079.9127258133
31,163942,14268.873617614,50,71.2132034355964,0,14268.873617614
31,163943,14245.6554002754,50,71.2132034355964,0,14245.6554002754
31,163944,14222.4620930269,50,71.2132034355964,0,14222.4620930269
31,163945,14199.2938179336,50,71.2132034355964,0,14199.2938179336
31,163950,14083.8322438854,50,71.2132034355964,0,14083.8322438854
31,163951,14060.8167626223,50,71.2132034355964,0,14060.8167626223
31,163952,14037.8271868007,50,71.2132034355964,0,14037.8271868007
31,164647,14203.6216397724,50,71.2132034355964,0,14203.6216397724
31,164648,14180.4224576423,50,71.2132034355964,0,14180.4224576423
31,164649,14157.2483630976,50,71.2132034355964,0,14157.2483630976
31,164654,14041.7585468977,50,71.2132034355964,0,14041.7585468977
31,164655,14018.7375930286,50,71.2132034355964,0,14018.7375930286
31,164656,13995.7426048445,50,71.2132034355964,0,13995.7426048445
31,165351,14161.5891275716,50,71.2132034355964,0,14161.5891275716
31,165352,14138.384038355,50,71.2132034355964,0,14138.384038355
31,165353,14115.2040923744,50,71.2132034355964,0,14115.2040923744
31,165354,14092.0494137053,50,71.2132034355964,0,14092.0494137053
31,165358,13999.6858775382,50,71.2132034355964,0,13999.6858775382
31,165359,13976.6594204998,50,71.2132034355964,0,13976.6594204998
31,165360,13953.6589896407,50,71.2132034355964,0,13953.6589896407
31,165361,13930.6847138738,50,71.2132034355964,0,13930.6847138738
31,166055,14119.5578758457,50,71.2132034355964,0,14119.5578758457
31,166056,14096.3468470731,50,71.2132034355964,0,14096.3468470731
31,166057,14073.1610174054,50,71.2132034355964,0,14073.1610174054
31,166058,14050.0005115954,50,71.2132034355964,0,14050.0005115954
31,166759,14077.5278969136,50,71.2132034355964,0,14077.5278969136
31,166760,14054.3108958467,50,71.2132034355964,0,14054.3108958467
31,166761,14031.1191499706,50,71.2132034355964,0,14031.1191499706
31,166762,14007.9527847221,50,71.2132034355964,0,14007.9527847221
31,167463,14035.4992032406,50,71.2132034355964,0,14035.4992032406
31,167464,14012.2761968662,50,71.2132034355964,0,14012.2761968662
31,167465,13989.0785019881,50,71.2132034355964,0,13989.0785019881
31,167466,13965.9062447388,50,71.2132034355964,0,13965.9062447388
31,168168,13970.2427624702,50,71.2132034355964,0,13970.2427624702
31,168169,13947.0390855266,50,71.2132034355964,0,13947.0390855266
31,168170,13923.8609034329,50,71.2132034355964,0,13923.8609034329
31,168872,13928.2106051508,50,71.2132034355964,0,13928.2106051508
31,168873,13905.0009127944,50,71.2132034355964,0,13905.0009127944
31,168874,13881.8167727438,50,71.2132034355964,0,13881.8167727438
31,169576,13886.1797375412,50,71.2132034355964,0,13886.1797375412
31,170282,13797.7321916671,50,71.2132034355964,0,13797.7321916671
31,170984,13802.1219227861,50,71.2132034355964,0,13802.1219227861
31,170985,13778.8939813147,50,71.2132034355964,0,13778.8939813147
31,170986,13755.6917658793,50,71.2132034355964,0,13755.6917658793
31,171088,11551.6763096169,50,71.2132034355964,0,11551.6763096169
31,171688,13760.0950016886,50,71.2132034355964,0,13760.0950016886
31,171690,13713.6525999121,50,71.2132034355964,0,13713.6525999121
31,171790,11549.0183760908,50,71.2132034355964,0,11549.0183760908
31,171791,11529.2331326022,50,71.2132034355964,0,11529.2331326022
31,171792,11509.4915024282,50,71.2132034355964,0,11509.4915024282
31,172393,13694.8291429204,50,71.2132034355964,0,13694.8291429204
31,172394,13671.6147064437,50,71.2132034355964,0,13671.6147064437
31,172395,13648.42624485,50,71.2132034355964,0,13648.42624485
31,173097,13652.7986974215,50,71.2132034355964,0,13652.7986974215
31,173098,13629.5780983089,50,71.2132034355964,0,13629.5780983089
31,173099,13606.3835336656,50,71.2132034355964,0,13606.3835336656
31,173801,13610.7695853894,50,71.2132034355964,0,13610.7695853894
31,173802,13587.542788504,50,71.2132034355964,0,13587.542788504
31,173803,13564.3420859097,50,71.2132034355964,0,13564.3420859097
31,174505,13568.7418202849,50,71.2132034355964,0,13568.7418202849
31,174506,13545.5087901817,50,71.2132034355964,0,13545.5087901817
31,174507,13522.3019144398,50,71.2132034355964,0,13522.3019144398
31,175209,13526.7154157287,50,71.2132034355964,0,13526.7154157287
31,175210,13503.4761166634,50,71.2132034355964,0,13503.4761166634
31,175211,13480.2630322682,50,71.2132034355964,0,13480.2630322682
31,175912,13507.9621291756,50,71.2132034355964,0,13507.9621291756
31,175913,13484.6903855177,50,71.2132034355964,0,13484.6903855177
31,175914,13461.4447814334,50,71.2132034355964,0,13461.4447814334
31,175915,13438.2254525706,50,71.2132034355964,0,13438.2254525706
31,175916,13415.0325353667,50,71.2132034355964,0,13415.0325353667
31,176616,13465.9448886871,50,71.2132034355964,0,13465.9448886871
31,176617,13442.6667436165,50,71.2132034355964,0,13442.6667436165
31,176618,13419.4147981415,50,71.2132034355964,0,13419.4147981415
31,176619,13396.1891886896,50,71.2132034355964,0,13396.1891886896
31,177321,13400.6445041645,50,71.2132034355964,0,13400.6445041645
31,177322,13377.3861806158,50,71.2132034355964,0,13377.3861806158
31,177323,13354.1542541358,50,71.2132034355964,0,13354.1542541358
31,178025,13358.6236814811,50,71.2132034355964,0,13358.6236814811
31,178026,13335.3589428528,50,71.2132034355964,0,13335.3589428528
31,178027,13312.1206625864,50,71.2132034355964,0,13312.1206625864
31,178028,13288.9089794837,50,71.2132034355964,0,13288.9089794837
31,178729,13316.6042900652,50,71.2132034355964,0,13316.6042900652
31,178730,13293.3330990288,50,71.2132034355964,0,13293.3330990288
31,178731,13270.0884278942,50,71.2132034355964,0,13270.0884278942
31,178732,13246.8704162694,50,71.2132034355964,0,13246.8704162694
31,178733,13223.6792045794,50,71.2132034355964,0,13223.6792045794
31,179434,13251.3086634951,50,71.2132034355964,0,13251.3086634951
31,179435,13228.0575640878,50,71.2132034355964,0,13228.0575640878
31,179436,13204.8331867889,50,71.2132034355964,0,13204.8331867889
31,179437,13181.6356728445,50,71.2132034355964,0,13181.6356728445
31,180138,13209.2856507909,50,71.2132034355964,0,13209.2856507909
31,180139,13186.0280853723,50,71.2132034355964,0,13186.0280853723
31,180140,13162.7973049225,50,71.2132034355964,0,13162.7973049225
31,180141,13139.5934515085,50,71.2132034355964,0,13139.5934515085
31,180842,13167.2640756357,50,71.2132034355964,0,13167.2640756357
31,180843,13144.0000061372,50,71.2132034355964,0,13144.0000061372
31,180844,13120.7627847231,50,71.2132034355964,0,13120.7627847231
31,180845,13097.552554291,50,71.2132034355964,0,13097.552554291
31,180846,13074.369458591,50,71.2132034355964,0,13074.369458591
31,181547,13101.9733409522,50,71.2132034355964,0,13101.9733409522
31,181548,13078.729640424,50,71.2132034355964,0,13078.729640424
31,181549,13055.5129950945,50,71.2132034355964,0,13055.5129950945
31,181550,13032.3235495596,50,71.2132034355964,0,13032.3235495596
31,182251,13059.9481045767,50,71.2132034355964,0,13059.9481045767
31,182252,13036.6978864472,50,71.2132034355964,0,13036.6978864472
31,182253,13013.474788,50,71.2132034355964,0,13013.474788
31,182254,12990.2789546841,50,71.2132034355964,0,12990.2789546841
31,182255,12967.1105328144,50,71.2132034355964,0,12967.1105328144
31,182329,11340.2758613859,50,71.2132034355964,0,11340.2758613859
31,182330,11319.6505664266,50,71.2132034355964,0,11319.6505664266
31,182955,13017.92431196,50,71.2132034355964,0,13017.92431196
31,182956,12994.6675373957,50,71.2132034355964,0,12994.6675373957
31,182957,12971.4379472665,50,71.2132034355964,0,12971.4379472665
31,182958,12948.2356878795,50,71.2132034355964,0,12948.2356878795
31,182959,12925.0609064256,50,71.2132034355964,0,12925.0609064256
31,183032,11318.6790477414,50,71.2132034355964,0,11318.6790477414
31,183033,11298.0142149416,50,71.2132034355964,0,11298.0142149416
31,183660,12952.6386080638,50,71.2132034355964,0,12952.6386080638
31,183661,12929.402487338,50,71.2132034355964,0,12929.402487338
31,183662,12906.1937632496,50,71.2132034355964,0,12906.1937632496
31,183663,12883.0125838619,50,71.2132034355964,0,12883.0125838619
31,183664,12859.8590981335,50,71.2132034355964,0,12859.8590981335
31,183735,11297.1201441726,50,71.2132034355964,0,11297.1201441726
31,183736,11276.4156915526,50,71.2132034355964,0,11276.4156915526
31,183737,11255.7525360636,50,71.2132034355964,0,11255.7525360636
31,183738,11235.1309055622,50,71.2132034355964,0,11235.1309055622
31,184364,12910.6111134347,50,71.2132034355964,0,12910.6111134347
31,184365,12887.3684228517,50,71.2132034355964,0,12887.3684228517
31,184366,12864.1531950754,50,71.2132034355964,0,12864.1531950754
31,184367,12840.9655790578,50,71.2132034355964,0,12840.9655790578
31,184368,12817.8057246498,50,71.2132034355964,0,12817.8057246498
31,184369,12794.6737826052,50,71.2132034355964,0,12794.6737826052
31,184440,11234.1522904321,50,71.2132034355964,0,11234.1522904321
31,184441,11213.4908256738,50,71.2132034355964,0,11213.4908256738
31,184442,11192.871049361,50,71.2132034355964,0,11192.871049361
31,185071,12798.9199061299,50,71.2132034355964,0,12798.9199061299
31,185072,12775.7536442865,50,71.2132034355964,0,12775.7536442865
31,185073,12752.6153639664,50,71.2132034355964,0,12752.6153639664
31,185074,12729.5052177561,50,71.2132034355964,0,12729.5052177561
31,185144,11191.8888451621,50,71.2132034355964,0,11191.8888451621
31,185776,12733.7028709956,50,71.2132034355964,0,12733.7028709956
31,185777,12710.5582135965,50,71.2132034355964,0,12710.5582135965
31,185778,12687.4417606979,50,71.2132034355964,0,12687.4417606979
31,186480,12691.6534189072,50,71.2132034355964,0,12691.6534189072
31,186481,12668.5023452653,50,71.2132034355964,0,12668.5023452653
31,186482,12645.3795468299,50,71.2132034355964,0,12645.3795468299
31,186483,12622.2851789976,50,71.2132034355964,0,12622.2851789976
31,187185,12626.4477729288,50,71.2132034355964,0,12626.4477729288
31,187186,12603.3185897511,50,71.2132034355964,0,12603.3185897511
31,187187,12580.2179091525,50,71.2132034355964,0,12580.2179091525
31,187188,12557.1458884404,50,71.2132034355964,0,12557.1458884404
31,187200,12282.575699105,50,71.2132034355964,0,12282.575699105
31,187201,12259.8910166341,50,71.2132034355964,0,12259.8910166341
31,187202,12237.2372997445,50,71.2132034355964,0,12237.2372997445
31,187203,12214.6147207254,50,71.2132034355964,0,12214.6147207254
31,187204,12192.0234529115,50,71.2132034355964,0,12192.0234529115
31,187889,12584.3945107319,50,71.2132034355964,0,12584.3945107319
31,187890,12561.2589032341,50,71.2132034355964,0,12561.2589032341
31,187891,12538.1518706258,50,71.2132034355964,0,12538.1518706258
31,187892,12515.0735711824,50,71.2132034355964,0,12515.0735711824
31,187893,12492.0241641515,50,71.2132034355964,0,12492.0241641515
31,187903,12263.1549171664,50,71.2132034355964,0,12263.1549171664
31,187904,12240.4341204908,50,71.2132034355964,0,12240.4341204908
31,187905,12217.7442049823,50,71.2132034355964,0,12217.7442049823
31,187906,12195.08534301,50,71.2132034355964,0,12195.08534301
31,187907,12172.4577079953,50,71.2132034355964,0,12172.4577079953
31,187908,12149.8614744043,50,71.2132034355964,0,12149.8614744043
31,188594,12519.2005012433,50,71.2132034355964,0,12519.2005012433
31,188595,12496.0870770083,50,71.2132034355964,0,12496.0870770083
31,188596,12473.0024595552,50,71.2132034355964,0,12473.0024595552
31,188597,12449.9468091255,50,71.2132034355964,0,12449.9468091255
31,188609,12175.5981234238,50,71.2132034355964,0,12175.5981234238
31,188610,12152.9340828383,50,71.2132034355964,0,12152.9340828383
31,188611,12130.3013587785,50,71.2132034355964,0,12130.3013587785
31,188612,12107.7001268671,50,71.2132034355964,0,12107.7001268671
31,189299,12454.0235420752,50,71.2132034355964,0,12454.0235420752
31,189300,12430.9325669651,50,71.2132034355964,0,12430.9325669651
31,189301,12407.8706338382,50,71.2132034355964,0,12407.8706338382
31,189302,12384.8379049325,50,71.2132034355964,0,12384.8379049325
31,189303,12361.8345434881,50,71.2132034355964,0,12361.8345434881
31,190004,12388.8639069993,50,71.2132034355964,0,12388.8639069993
31,190005,12365.7956515019,50,71.2132034355964,0,12365.7956515019
31,190006,12342.7566765538,50,71.2132034355964,0,12342.7566765538
31,190007,12319.7471464301,50,71.2132034355964,0,12319.7471464301
31,190008,12296.7672264187,50,71.2132034355964,0,12296.7672264187
31,190709,12323.7218755074,50,71.2132034355964,0,12323.7218755074
31,190710,12300.6766148302,50,71.2132034355964,0,12300.6766148302
31,190711,12277.6608767075,50,71.2132034355964,0,12277.6608767075
31,190712,12254.6748274836,50,71.2132034355964,0,12254.6748274836
31,190713,12231.7186345326,50,71.2132034355964,0,12231.7186345326
31,191414,12258.5977329535,50,71.2132034355964,0,12258.5977329535
31,191416,12212.5835293894,50,71.2132034355964,0,12212.5835293894
31,194945,11796.3177371478,50,71.2132034355964,0,11796.3177371478
31,195647,11799.7109291824,50,71.2132034355964,0,11799.7109291824
31,195648,11776.9292613675,50,71.2132034355964,0,11776.9292613675
31,195649,11754.1794614933,50,71.2132034355964,0,11754.1794614933
31,196350,11780.4041089412,50,71.2132034355964,0,11780.4041089412
31,196351,11757.5849089476,50,71.2132034355964,0,11757.5849089476
31,196352,11734.7974840921,50,71.2132034355964,0,11734.7974840921
31,196353,11712.0420198427,50,71.2132034355964,0,11712.0420198427
31,196434,9994.50421328398,50,71.2132034355964,0,9994.50421328398
31,197055,11715.4598102123,50,71.2132034355964,0,11715.4598102123
31,197056,11692.6665894505,50,71.2132034355964,0,11692.6665894505
31,197057,11669.905422472,50,71.2132034355964,0,11669.905422472
31,197136,9991.25725122257,50,71.2132034355964,0,9991.25725122257
31,197137,9971.78205260714,50,71.2132034355964,0,9971.78205260714
31,197138,9952.35853154565,50,71.2132034355964,0,9952.35853154565
31,197759,11673.3356441888,50,71.2132034355964,0,11673.3356441888
31,197760,11650.5365882589,50,71.2132034355964,0,11650.5365882589
31,197761,11627.7696798012,50,71.2132034355964,0,11627.7696798012
31,197767,11491.8540067777,50,71.2132034355964,0,11491.8540067777
31,197840,9949.0979255888,50,71.2132034355964,0,9949.0979255888
31,197841,9929.62992682501,50,71.2132034355964,0,9929.62992682501
31,197842,9910.21385415979,50,71.2132034355964,0,9910.21385415979
31,197843,9890.85001338993,50,71.2132034355964,0,9890.85001338993
31,198470,11472.2616926905,50,71.2132034355964,0,11472.2616926905
31,198471,11449.6864973627,50,71.2132034355964,0,11449.6864973627
31,198544,9906.93948804893,50,71.2132034355964,0,9906.93948804893
31,198545,9887.47875325108,50,71.2132034355964,0,9887.47875325108
31,198546,9868.07019545653,50,71.2132034355964,0,9868.07019545653
31,198547,9848.71412314038,50,71.2132034355964,0,9848.71412314038
31,199173,11452.7139827438,50,71.2132034355964,0,11452.7139827438
31,199174,11430.100057522,50,71.2132034355964,0,11430.100057522
31,199175,11407.519638312,50,71.2132034355964,0,11407.519638312
31,199249,9845.32854558412,50,71.2132034355964,0,9845.32854558412
31,199250,9825.92757002104,50,71.2132034355964,0,9825.92757002104
31,199251,9806.57933594015,50,71.2132034355964,0,9806.57933594015
31,199252,9787.28415613655,50,71.2132034355964,0,9787.28415613655
31,199876,11433.2111057169,50,71.2132034355964,0,11433.2111057169
31,199877,11410.5584067766,50,71.2132034355964,0,11410.5584067766
31,199878,11387.9391177563,50,71.2132034355964,0,11387.9391177563
31,199879,11365.3534381339,50,71.2132034355964,0,11365.3534381339
31,199880,11342.8015686746,50,71.2132034355964,0,11342.8015686746
31,199953,9803.17931775975,50,71.2132034355964,0,9803.17931775975
31,199954,9783.78599267658,50,71.2132034355964,0,9783.78599267658
31,199955,9764.44566754936,50,71.2132034355964,0,9764.44566754936
31,199956,9745.15865793008,50,71.2132034355964,0,9745.15865793008
31,199957,9725.92528100108,50,71.2132034355964,0,9725.92528100108
31,200580,11391.0617756383,50,71.2132034355964,0,11391.0617756383
31,200581,11368.4035727736,50,71.2132034355964,0,11368.4035727736
31,200582,11345.7788824218,50,71.2132034355964,0,11345.7788824218
31,200583,11323.1879054653,50,71.2132034355964,0,11323.1879054653
31,200658,9741.64547851445,50,71.2132034355964,0,9741.64547851445
31,200659,9722.31313400111,50,71.2132034355964,0,9722.31313400111
31,200660,9703.0343687624,50,71.2132034355964,0,9703.0343687624
31,200661,9683.80950280062,50,71.2132034355964,0,9683.80950280062
31,200662,9664.63885776617,50,71.2132034355964,0,9664.63885776617
31,201284,11348.9132356182,50,71.2132034355964,0,11348.9132356182
31,201285,11326.2494902931,50,71.2132034355964,0,11326.2494902931
31,201286,11303.6193606765,50,71.2132034355964,0,11303.6193606765
31,201362,9699.50604287901,50,71.2132034355964,0,9699.50604287901
31,201363,9680.18175160458,50,71.2132034355964,0,9680.18175160458
31,201364,9660.91130594294,50,71.2132034355964,0,9660.91130594294
31,201365,9641.6950287539,50,71.2132034355964,0,9641.6950287539
31,201366,9622.53324456116,50,71.2132034355964,0,9622.53324456116
31,201367,9603.42627955486,50,71.2132034355964,0,9603.42627955486
31,201988,11306.7654957708,50,71.2132034355964,0,11306.7654957708
31,201989,11284.0961690377,50,71.2132034355964,0,11284.0961690377
31,202067,9638.05153695627,50,71.2132034355964,0,9638.05153695627
31,202068,9618.78948708845,50,71.2132034355964,0,9618.78948708845
31,202069,9599.58187753165,50,71.2132034355964,0,9599.58187753165
31,202070,9580.42903572392,50,71.2132034355964,0,9580.42903572392
31,202071,9561.33129079356,50,71.2132034355964,0,9561.33129079356
31,202772,9576.66893012321,50,71.2132034355964,0,9576.66893012321
31,202773,9557.47006813274,50,71.2132034355964,0,9557.47006813274
31,202774,9538.32625137144,50,71.2132034355964,0,9538.32625137144
31,202775,9519.23781193647,50,71.2132034355964,0,9519.23781193647
31,202776,9500.20508363479,50,71.2132034355964,0,9500.20508363479
31,203477,9515.35961989311,50,71.2132034355964,0,9515.35961989311
31,203478,9496.22491196949,50,71.2132034355964,0,9496.22491196949
31,203479,9477.14586462989,50,71.2132034355964,0,9477.14586462989
31,203480,9458.12281471036,50,71.2132034355964,0,9458.12281471036
31,203481,9439.15610077151,50,71.2132034355964,0,9439.15610077151
31,203482,9420.24606309504,50,71.2132034355964,0,9420.24606309504
31,204183,9435.05547090114,50,71.2132034355964,0,9435.05547090114
31,204184,9416.04219004373,50,71.2132034355964,0,9416.04219004373
31,204185,9397.08553743907,50,71.2132034355964,0,9397.08553743907
31,204186,9378.18585648759,50,71.2132034355964,0,9378.18585648759
31,204888,9373.96323332127,50,71.2132034355964,0,9373.96323332127
31,204889,9355.01673696523,50,71.2132034355964,0,9355.01673696523
31,204890,9336.12751066388,50,71.2132034355964,0,9336.12751066388
31,204891,9317.29590273109,50,71.2132034355964,0,9317.29590273109
31,204892,9298.52226324077,50,71.2132034355964,0,9298.52226324077
31,205593,9312.94972479031,50,71.2132034355964,0,9312.94972479031
31,205594,9294.07105243871,50,71.2132034355964,0,9294.07105243871
31,205595,9275.25030314449,50,71.2132034355964,0,9275.25030314449
31,205596,9256.48783022118,50,71.2132034355964,0,9256.48783022118
31,206298,9252.01650911967,50,71.2132034355964,0,9252.01650911967
31,206299,9233.20672231353,50,71.2132034355964,0,9233.20672231353
31,206300,9214.45552300723,50,71.2132034355964,0,9214.45552300723
31,209779,9816.31615580178,50,71.2132034355964,0,9816.31615580178
31,209780,9795.48773696976,50,71.2132034355964,0,9795.48773696976
31,209781,9774.70636407367,50,71.2132034355964,0,9774.70636407367
31,209782,9753.97233781667,50,71.2132034355964,0,9753.97233781667
31,209783,9733.28596077773,50,71.2132034355964,0,9733.28596077773
31,210483,9774.04342507115,50,71.2132034355964,0,9774.04342507115
31,210484,9753.21624814659,50,71.2132034355964,0,9753.21624814659
31,210485,9732.43632730077,50,71.2132034355964,0,9732.43632730077
31,210486,9711.703965875,50,71.2132034355964,0,9711.703965875
31,210487,9691.01946910477,50,71.2132034355964,0,9691.01946910477
31,210488,9670.3831441305,50,71.2132034355964,0,9670.3831441305
31,211151,10510.6901097525,50,71.2132034355964,0,10510.6901097525
31,211152,10488.3434480237,50,71.2132034355964,0,10488.3434480237
31,211153,10466.03446236,50,71.2132034355964,0,10466.03446236
31,211187,9731.77061254671,50,71.2132034355964,0,9731.77061254671
31,211188,9710.94468915954,50,71.2132034355964,0,9710.94468915954
31,211189,9690.16623387861,50,71.2132034355964,0,9690.16623387861
31,211190,9669.43555271243,50,71.2132034355964,0,9669.43555271243
31,211191,9648.75295359419,50,71.2132034355964,0,9648.75295359419
31,211192,9628.11874638799,50,71.2132034355964,0,9628.11874638799
31,211854,10490.8823738743,50,71.2132034355964,0,10490.8823738743
31,211855,10468.4933087407,50,71.2132034355964,0,10468.4933087407
31,211856,10446.1418102861,50,71.2132034355964,0,10446.1418102861
31,211857,10423.8281201681,50,71.2132034355964,0,10423.8281201681
31,211891,9689.49771864998,50,71.2132034355964,0,9689.49771864998
31,211892,9668.67306058476,50,71.2132034355964,0,9668.67306058476
31,211893,9647.89608455794,50,71.2132034355964,0,9647.89608455794
31,211894,9627.16709928629,50,71.2132034355964,0,9627.16709928629
31,211895,9606.48641543771,50,71.2132034355964,0,9606.48641543771
31,212558,10448.6910864099,50,71.2132034355964,0,10448.6910864099
31,212559,10426.2970160333,50,71.2132034355964,0,10426.2970160333
31,212560,10403.9406436322,50,71.2132034355964,0,10403.9406436322
31,212561,10381.6222127512,50,71.2132034355964,0,10381.6222127512
31,212562,10359.3419686183,50,71.2132034355964,0,10359.3419686183
31,212597,9605.62588010564,50,71.2132034355964,0,9605.62588010564
31,212598,9584.89860657476,50,71.2132034355964,0,9584.89860657476
31,213263,10384.101239216,50,71.2132034355964,0,10384.101239216
31,213264,10361.7399552134,50,71.2132034355964,0,10361.7399552134
31,213265,10339.4167468342,50,71.2132034355964,0,10339.4167468342
31,213266,10317.1318612286,50,71.2132034355964,0,10317.1318612286
31,213968,10319.5397523008,50,71.2132034355964,0,10319.5397523008
31,213969,10297.2117292481,50,71.2132034355964,0,10297.2117292481
31,213970,10274.9221659506,50,71.2132034355964,0,10274.9221659506
31,214009,9438.48521893853,50,71.2132034355964,0,9438.48521893853
31,214673,10255.0071669409,50,71.2132034355964,0,10255.0071669409
31,214674,10232.7128892947,50,71.2132034355964,0,10232.7128892947
31,214675,10210.4574621695,50,71.2132034355964,0,10210.4574621695
31,214711,9437.42006088936,50,71.2132034355964,0,9437.42006088936
31,214712,9416.79674233253,50,71.2132034355964,0,9416.79674233253
31,214713,9396.22327315418,50,71.2132034355964,0,9396.22327315418
31,214714,9375.69998151335,50,71.2132034355964,0,9375.69998151335
31,215377,10212.80306697,50,71.2132034355964,0,10212.80306697
31,215378,10190.5040378791,50,71.2132034355964,0,10190.5040378791
31,215379,10168.2440002371,50,71.2132034355964,0,10168.2440002371
31,215380,10146.0232106818,50,71.2132034355964,0,10146.0232106818
31,215415,9395.15342810226,50,71.2132034355964,0,9395.15342810226
31,215416,9374.53234915192,50,71.2132034355964,0,9374.53234915192
31,215417,9353.96135519381,50,71.2132034355964,0,9353.96135519381
31,215418,9333.44077739012,50,71.2132034355964,0,9333.44077739012
31,215419,9312.97094901211,50,71.2132034355964,0,9312.97094901211
31,216082,10148.2956184392,50,71.2132034355964,0,10148.2956184392
31,216085,10081.6200011117,50,71.2132034355964,0,10081.6200011117
31,216120,9332.26796221117,50,71.2132034355964,0,9332.26796221117
31,216121,9311.69946698854,50,71.2132034355964,0,9311.69946698854
31,216122,9291.18162881605,50,71.2132034355964,0,9291.18162881605
31,216787,10083.818269086,50,71.2132034355964,0,10083.818269086
31,216788,10061.5884374646,50,71.2132034355964,0,10061.5884374646
31,216789,10039.3984055926,50,71.2132034355964,0,10039.3984055926
31,216824,9290.00358314747,50,71.2132034355964,0,9290.00358314747
31,216825,9269.43761050662,50,71.2132034355964,0,9269.43761050662
31,217492,10019.3716057688,50,71.2132034355964,0,10019.3716057688
31,217493,9997.17714673092,50,71.2132034355964,0,9997.17714673092
31,217494,9975.02290231684,50,71.2132034355964,0,9975.02290231684
31,218196,9977.15515220531,50,71.2132034355964,0,9977.15515220531
31,218197,9954.95623026555,50,71.2132034355964,0,9954.95623026555
31,218198,9932.79767444238,50,71.2132034355964,0,9932.79767444238
31,218199,9910.67975549136,50,71.2132034355964,0,9910.67975549136
31,218901,9912.7356620278,50,71.2132034355964,0,9912.7356620278
31,218902,9890.57275973968,50,71.2132034355964,0,9890.57275973968
31,218903,9868.45064918546,50,71.2132034355964,0,9868.45064918546
31,218904,9846.36960531125,50,71.2132034355964,0,9846.36960531125
31,219605,9870.5154479521,50,71.2132034355964,0,9870.5154479521
31,219606,9848.34816370537,50,71.2132034355964,0,9848.34816370537
31,219607,9826.22182722207,50,71.2132034355964,0,9826.22182722207
31,219608,9804.13671573827,50,71.2132034355964,0,9804.13671573827
31,220310,9806.12389193141,50,71.2132034355964,0,9806.12389193141
31,220311,9783.99329475864,50,71.2132034355964,0,9783.99329475864
31,220312,9761.90408211299,50,71.2132034355964,0,9761.90408211299
31,220313,9739.85653556706,50,71.2132034355964,0,9739.85653556706
31,220314,9717.85093871224,50,71.2132034355964,0,9717.85093871224
31,221014,9763.89995010473,50,71.2132034355964,0,9763.89995010473
31,221015,9741.76505704354,50,71.2132034355964,0,9741.76505704354
31,221016,9719.67170926193,50,71.2132034355964,0,9719.67170926193
31,221017,9697.62019070548,50,71.2132034355964,0,9697.62019070548
31,221018,9675.610787375,50,71.2132034355964,0,9675.610787375
31,221719,9699.53711941888,50,71.2132034355964,0,9699.53711941888
31,221720,9677.43960208997,50,71.2132034355964,0,9677.43960208997
31,221721,9655.38407838197,50,71.2132034355964,0,9655.38407838197
31,221722,9633.37083672618,50,71.2132034355964,0,9633.37083672618
31,221723,9611.40016764099,50,71.2132034355964,0,9611.40016764099
31,222424,9635.2077655944,50,71.2132034355964,0,9635.2077655944
31,222425,9613.14820316393,50,71.2132034355964,0,9613.14820316393
31,222426,9591.13109092423,50,71.2132034355964,0,9591.13109092423
31,222427,9569.156721889,50,71.2132034355964,0,9569.156721889
31,222428,9547.22539120157,50,71.2132034355964,0,9547.22539120157
31,223129,9570.91256970157,50,71.2132034355964,0,9570.91256970157
31,223130,9548.89155420309,50,71.2132034355964,0,9548.89155420309
31,223131,9526.91345390343,50,71.2132034355964,0,9526.91345390343
31,223132,9504.97856649607,50,71.2132034355964,0,9504.97856649607
31,223834,9506.65223087181,50,71.2132034355964,0,9506.65223087181
31,223835,9484.67036758121,50,71.2132034355964,0,9484.67036758121
31,223836,9462.73189313518,50,71.2132034355964,0,9462.73189313518
31,223837,9440.83711001663,50,71.2132034355964,0,9440.83711001663
31,224538,9464.41312531463,50,71.2132034355964,0,9464.41312531463
31,224539,9442.42746689102,50,71.2132034355964,0,9442.42746689102
31,225248,9290.89969143986,50,71.2132034355964,0,9290.89969143986
31,225249,9269.17733842187,50,71.2132034355964,0,9269.17733842187
31,225951,9270.41122159602,50,71.2132034355964,0,9270.41122159602
31,225952,9248.64062988697,50,71.2132034355964,0,9248.64062988697
31,225953,9226.91553932584,50,71.2132034355964,0,9226.91553932584
31,225954,9205.23627207173,50,71.2132034355964,0,9205.23627207173
31,226656,9206.38162203962,50,71.2132034355964,0,9206.38162203962
31,226657,9184.65376991944,50,71.2132034355964,0,9184.65376991944
31,226658,9162.97193989985,50,71.2132034355964,0,9162.97193989985
31,226659,9141.33645945142,50,71.2132034355964,0,9141.33645945142
31,227359,9185.89920281555,50,71.2132034355964,0,9185.89920281555
31,227360,9164.12267021773,50,71.2132034355964,0,9164.12267021773
31,227361,9142.39203219672,50,71.2132034355964,0,9142.39203219672
31,227362,9120.70761679047,50,71.2132034355964,0,9120.70761679047
31,227363,9099.0697544686,50,71.2132034355964,0,9099.0697544686
31,228064,9121.86377678699,50,71.2132034355964,0,9121.86377678699
31,228065,9100.13032818595,50,71.2132034355964,0,9100.13032818595
31,228066,9078.44330446639,50,71.2132034355964,0,9078.44330446639
31,228067,9056.80303912795,50,71.2132034355964,0,9056.80303912795
31,228068,9035.20986814359,50,71.2132034355964,0,9035.20986814359
31,228768,9079.60494415036,50,71.2132034355964,0,9079.60494415036
31,228769,9057.86865995704,50,71.2132034355964,0,9057.86865995704
31,228770,9036.1790046761,50,71.2132034355964,0,9036.1790046761
31,228771,9014.53631488538,50,71.2132034355964,0,9014.53631488538
31,228772,8992.94092967242,50,71.2132034355964,0,8992.94092967242
31,228773,8971.39319064635,50,71.2132034355964,0,8971.39319064635
31,228774,8949.89344194353,50,71.2132034355964,0,8949.89344194353
31,228775,8928.44203024634,50,71.2132034355964,0,8928.44203024634
31,229472,9037.34617476622,50,71.2132034355964,0,9037.34617476622
31,229473,9015.607029616,50,71.2132034355964,0,9015.607029616
31,229474,8993.91471920373,50,71.2132034355964,0,8993.91471920373
31,229475,8972.26958322858,50,71.2132034355964,0,8972.26958322858
31,229476,8950.67196393554,50,71.2132034355964,0,8950.67196393554
31,229477,8929.12220612072,50,71.2132034355964,0,8929.12220612072
31,229478,8907.62065715016,50,71.2132034355964,0,8907.62065715016
31,229479,8886.16766697531,50,71.2132034355964,0,8886.16766697531
31,230177,8973.34543930619,50,71.2132034355964,0,8973.34543930619
31,230178,8951.65044986621,50,71.2132034355964,0,8951.65044986621
31,230179,8930.00284567184,50,71.2132034355964,0,8930.00284567184
31,230180,8908.4029721642,50,71.2132034355964,0,8908.4029721642
31,230181,8886.85117737577,50,71.2132034355964,0,8886.85117737577
31,230182,8865.34781195206,50,71.2132034355964,0,8865.34781195206
31,230183,8843.89322914884,50,71.2132034355964,0,8843.89322914884
31,230184,8822.48778485841,50,71.2132034355964,0,8822.48778485841
31,230185,8801.13183761398,50,71.2132034355964,0,8801.13183761398
31,230186,8779.82574860292,50,71.2132034355964,0,8779.82574860292
31,230187,8758.56988168159,50,71.2132034355964,0,8758.56988168159
31,230306,6716.68538178409,50,71.2132034355964,0,6716.68538178409
31,230882,8909.38619851908,50,71.2132034355964,0,8909.38619851908
31,230883,8887.73610375659,50,71.2132034355964,0,8887.73610375659
31,230884,8866.13395561531,50,71.2132034355964,0,8866.13395561531
31,230885,8844.58010541639,50,71.2132034355964,0,8844.58010541639
31,230886,8823.07490711715,50,71.2132034355964,0,8823.07490711715
31,230887,8801.61871733882,50,71.2132034355964,0,8801.61871733882
31,230888,8780.21189536647,50,71.2132034355964,0,8780.21189536647
31,230889,8758.85480316722,50,71.2132034355964,0,8758.85480316722
31,230890,8737.54780540413,50,71.2132034355964,0,8737.54780540413
31,230891,8716.29126944886,50,71.2132034355964,0,8716.29126944886
31,230892,8695.08556538531,50,71.2132034355964,0,8695.08556538531
31,230893,8673.93106602837,50,71.2132034355964,0,8673.93106602837
31,230894,8652.82814693938,50,71.2132034355964,0,8652.82814693938
31,230969,7248.64524923578,50,71.2132034355964,0,7248.64524923578
31,230970,7232.77778143789,50,71.2132034355964,0,7232.77778143789
31,230971,7216.99927782411,50,71.2132034355964,0,7216.99927782411
31,231008,6701.190388416,50,71.2132034355964,0,6701.190388416
31,231009,6689.23669938109,50,71.2132034355964,0,6689.23669938109
31,231010,6677.39547077807,50,71.2132034355964,0,6677.39547077807
31,231587,8845.46935905174,50,71.2132034355964,0,8845.46935905174
31,231588,8823.86491557387,50,71.2132034355964,0,8823.86491557387
31,231589,8802.30899125677,50,71.2132034355964,0,8802.30899125677
31,231590,8780.80194343176,50,71.2132034355964,0,8780.80194343176
31,231591,8759.34413212253,50,71.2132034355964,0,8759.34413212253
31,231592,8737.93592005832,50,71.2132034355964,0,8737.93592005832
31,231593,8716.57767269414,50,71.2132034355964,0,8716.57767269414
31,231594,8695.2697582173,50,71.2132034355964,0,8695.2697582173
31,231595,8674.01254755988,50,71.2132034355964,0,8674.01254755988
31,231596,8652.80641441007,50,71.2132034355964,0,8652.80641441007
31,231597,8631.65173523084,50,71.2132034355964,0,8631.65173523084
31,231598,8610.54888926187,50,71.2132034355964,0,8610.54888926187
31,231673,7207.42184729345,50,71.2132034355964,0,7207.42184729345
31,231674,7191.58762704166,50,71.2132034355964,0,7191.58762704166
31,231675,7175.84302877688,50,71.2132034355964,0,7175.84302877688
31,231676,7160.18864371424,50,71.2132034355964,0,7160.18864371424
31,231712,6661.80922244455,50,71.2132034355964,0,6661.80922244455
31,231713,6649.91909098568,50,71.2132034355964,0,6649.91909098568
31,231714,6638.14231400312,50,71.2132034355964,0,6638.14231400312
31,231715,6626.47949586795,50,71.2132034355964,0,6626.47949586795
31,232292,8781.59585334367,50,71.2132034355964,0,8781.59585334367
31,232293,8760.03783594022,50,71.2132034355964,0,8760.03783594022
31,232294,8738.52892169613,50,71.2132034355964,0,8738.52892169613
31,232295,8717.06947408869,50,71.2132034355964,0,8717.06947408869
31,232296,8695.65985934719,50,71.2132034355964,0,8695.65985934719
31,232297,8674.30044645967,50,71.2132034355964,0,8674.30044645967
31,232298,8652.99160718787,50,71.2132034355964,0,8652.99160718787
31,232299,8631.7337160778,50,71.2132034355964,0,8631.7337160778
31,232300,8610.52715048007,50,71.2132034355964,0,8610.52715048007
31,232301,8589.37229054889,50,71.2132034355964,0,8589.37229054889
31,232377,7166.21071501872,50,71.2132034355964,0,7166.21071501872
31,232378,7150.41015397239,50,71.2132034355964,0,7150.41015397239
31,232379,7134.69988165869,50,71.2132034355964,0,7134.69988165869
31,232380,7119.08049582096,50,71.2132034355964,0,7119.08049582096
31,232416,6622.46381293151,50,71.2132034355964,0,6622.46381293151
31,232417,6610.63806111853,50,71.2132034355964,0,6610.63806111853
31,232997,8717.76664052567,50,71.2132034355964,0,8717.76664052567
31,232998,8696.25584272426,50,71.2132034355964,0,8696.25584272426
31,233004,8568.24777360784,50,71.2132034355964,0,8568.24777360784
31,233005,8547.09273198713,50,71.2132034355964,0,8547.09273198713
31,233081,7125.01206734087,50,71.2132034355964,0,7125.01206734087
31,233082,7109.24558462075,50,71.2132034355964,0,7109.24558462075
31,233083,7093.57006648267,50,71.2132034355964,0,7093.57006648267
31,233084,7077.98611729865,50,71.2132034355964,0,7077.98611729865
31,233707,8547.17572460087,50,71.2132034355964,0,8547.17572460087
31,233708,8525.96828381031,50,71.2132034355964,0,8525.96828381031
31,233709,8504.81305954351,50,71.2132034355964,0,8504.81305954351
31,233786,7068.09414648247,50,71.2132034355964,0,7068.09414648247
31,233787,7052.45381854893,50,71.2132034355964,0,7052.45381854893
31,233788,7036.90575143494,50,71.2132034355964,0,7036.90575143494
31,233789,7021.45055803953,50,71.2132034355964,0,7021.45055803953
31,234410,8526.15653254593,50,71.2132034355964,0,8526.15653254593
31,234411,8504.89656473793,50,71.2132034355964,0,8504.89656473793
31,234412,8483.68868110149,50,71.2132034355964,0,8483.68868110149
31,234413,8462.53327321986,50,71.2132034355964,0,8462.53327321986
31,234414,8441.43073562881,50,71.2132034355964,0,8441.43073562881
31,234490,7026.95607231116,50,71.2132034355964,0,7026.95607231116
31,234491,7011.35137860591,50,71.2132034355964,0,7011.35137860591
31,234492,6995.83964714703,50,71.2132034355964,0,6995.83964714703
31,234497,6919.69717355298,50,71.2132034355964,0,6919.69717355298
31,235115,8462.61729554846,50,71.2132034355964,0,8462.61729554846
31,235116,8441.40896549622,50,71.2132034355964,0,8441.40896549622
31,235117,8420.25337301729,50,71.2132034355964,0,8420.25337301729
31,235118,8399.1509166154,50,71.2132034355964,0,8399.1509166154
31,235162,7529.84844146344,50,71.2132034355964,0,7529.84844146344
31,235163,7511.59995073615,50,71.2132034355964,0,7511.59995073615
31,235164,7493.42630577081,50,71.2132034355964,0,7493.42630577081
31,235165,7475.32805245066,50,71.2132034355964,0,7475.32805245066
31,235199,6908.93157347741,50,71.2132034355964,0,6908.93157347741
31,235200,6893.8376170709,50,71.2132034355964,0,6893.8376170709
31,235201,6878.84048412115,50,71.2132034355964,0,6878.84048412115
31,235819,8420.33791710085,50,71.2132034355964,0,8420.33791710085
31,235820,8399.12913701106,50,71.2132034355964,0,8399.12913701106
31,235821,8377.97335893771,50,71.2132034355964,0,8377.97335893771
31,235822,8356.87098541034,50,71.2132034355964,0,8356.87098541034
31,235823,8335.82242201377,50,71.2132034355964,0,8335.82242201377
31,235866,7487.90753510732,50,71.2132034355964,0,7487.90753510732
31,235867,7469.67614866235,50,71.2132034355964,0,7469.67614866235
31,235868,7451.52011328731,50,71.2132034355964,0,7451.52011328731
31,235869,7433.43998111467,50,71.2132034355964,0,7433.43998111467
31,235902,6883.1616368615,50,71.2132034355964,0,6883.1616368615
31,235903,6868.01096393672,50,71.2132034355964,0,6868.01096393672
31,235904,6852.95723055863,50,71.2132034355964,0,6852.95723055863
31,235905,6838.00107695765,50,71.2132034355964,0,6838.00107695765
31,236524,8356.84919566582,50,71.2132034355964,0,8356.84919566582
31,236525,8335.6932309836,50,71.2132034355964,0,8335.6932309836
31,236526,8314.59094204191,50,71.2132034355964,0,8314.59094204191
31,236527,8293.54273856584,50,71.2132034355964,0,8293.54273856584
31,236528,8272.54903338957,50,71.2132034355964,0,8272.54903338957
31,236570,7445.97039512183,50,71.2132034355964,0,7445.97039512183
31,236571,7427.75631661096,50,71.2132034355964,0,7427.75631661096
31,236572,7409.61810107503,50,71.2132034355964,0,7409.61810107503
31,236573,7391.55630699597,50,71.2132034355964,0,7391.55630699597
31,236606,6842.21758674405,50,71.2132034355964,0,6842.21758674405
31,236607,6827.10689788406,50,71.2132034355964,0,6827.10689788406
31,236608,6812.0939084135,50,71.2132034355964,0,6812.0939084135
31,236609,6797.17926570311,50,71.2132034355964,0,6797.17926570311
31,237228,8314.56914147419,50,71.2132034355964,0,8314.56914147419
31,237229,8293.41298915214,50,71.2132034355964,0,8293.41298915214
31,237230,8272.31078653781,50,71.2132034355964,0,8272.31078653781
31,237231,8251.26294754986,50,71.2132034355964,0,8251.26294754986
31,237232,8230.26988927557,50,71.2132034355964,0,8230.26988927557
31,237274,7404.03708745458,50,71.2132034355964,0,7404.03708745458
31,237275,7385.84052413485,50,71.2132034355964,0,7385.84052413485
31,237276,7367.7203424142,50,71.2132034355964,0,7367.7203424142
31,237309,6816.45786323788,50,71.2132034355964,0,6816.45786323788
31,237310,6801.28986147174,50,71.2132034355964,0,6801.28986147174
31,237311,6786.21967659209,50,71.2132034355964,0,6786.21967659209
31,237312,6771.24796171023,50,71.2132034355964,0,6771.24796171023
31,237313,6756.37537143646,50,71.2132034355964,0,6756.37537143646
31,237932,8272.28897445143,50,71.2132034355964,0,8272.28897445143
31,237933,8251.13263344917,50,71.2132034355964,0,8251.13263344917
31,237934,8230.03051892466,50,71.2132034355964,0,8230.03051892466
31,237935,8208.98304906857,50,71.2132034355964,0,8208.98304906857
31,237936,8187.99064527638,50,71.2132034355964,0,8187.99064527638
31,237978,7362.10767955598,50,71.2132034355964,0,7362.10767955598
31,237979,7343.92884237016,50,71.2132034355964,0,7343.92884237016
31,238013,6775.50650193367,50,71.2132034355964,0,6775.50650193367
31,238014,6760.37875967514,50,71.2132034355964,0,6760.37875967514
31,238015,6745.34960852261,50,71.2132034355964,0,6745.34960852261
31,238016,6730.4197089444,50,71.2132034355964,0,6730.4197089444
31,238637,8208.85216387116,50,71.2132034355964,0,8208.85216387116
31,238638,8187.75013923373,50,71.2132034355964,0,8187.75013923373
31,238639,8166.70304322018,50,71.2132034355964,0,8166.70304322018
31,238640,8145.71130160927,50,71.2132034355964,0,8145.71130160927
31,238641,8124.77534345448,50,71.2132034355964,0,8124.77534345448
31,238682,7320.18224041036,50,71.2132034355964,0,7320.18224041036
31,238683,7302.02134408043,50,71.2132034355964,0,7302.02134408043
31,238716,6749.75720519604,50,71.2132034355964,0,6749.75720519604
31,238717,6734.57154115461,50,71.2132034355964,0,6734.57154115461
31,238718,6719.48458713823,50,71.2132034355964,0,6719.48458713823
31,238719,6704.49700952285,50,71.2132034355964,0,6704.49700952285
31,239342,8145.46964749105,50,71.2132034355964,0,8145.46964749105
31,239343,8124.42293010627,50,71.2132034355964,0,8124.42293010627
31,239344,8103.43185849881,50,71.2132034355964,0,8103.43185849881
31,239345,8082.4968662233,50,71.2132034355964,0,8082.4968662233
31,239346,8061.61839017161,50,71.2132034355964,0,8061.61839017161
31,239385,7296.48097489986,50,71.2132034355964,0,7296.48097489986
31,239386,7278.260840589,50,71.2132034355964,0,7278.260840589
31,239387,7260.11810369962,50,71.2132034355964,0,7260.11810369962
31,239420,6708.79840992027,50,71.2132034355964,0,6708.79840992027
31,239421,6693.65328395125,50,71.2132034355964,0,6693.65328395125
31,239422,6678.60765700697,50,71.2132034355964,0,6678.60765700697
31,239423,6663.66220305219,50,71.2132034355964,0,6663.66220305219
31,239424,6648.81759760408,50,71.2132034355964,0,6648.81759760408
31,239426,6619.43364155183,50,71.2132034355964,0,6619.43364155183
31,240047,8082.14270983341,50,71.2132034355964,0,8082.14270983341
31,240048,8061.15231617475,50,71.2132034355964,0,8061.15231617475
31,240049,8040.21830087498,50,71.2132034355964,0,8040.21830087498
31,240050,8019.34110545037,50,71.2132034355964,0,8019.34110545037
31,240051,7998.52117482656,50,71.2132034355964,0,7998.52117482656
31,240052,7977.75895734151,50,71.2132034355964,0,7977.75895734151
31,240053,7957.05490476797,50,71.2132034355964,0,7957.05490476797
31,240054,7936.40947231711,50,71.2132034355964,0,7936.40947231711
31,240055,7915.8231186541,50,71.2132034355964,0,7915.8231186541
31,240089,7254.54584458243,50,71.2132034355964,0,7254.54584458243
31,240090,7236.34355229044,50,71.2132034355964,0,7236.34355229044
31,240091,7218.21919738214,50,71.2132034355964,0,7218.21919738214
31,240092,7200.17336841236,50,71.2132034355964,0,7200.17336841236
31,240093,7182.20665729149,50,71.2132034355964,0,7182.20665729149
31,240094,7164.31965925401,50,71.2132034355964,0,7164.31965925401
31,240125,6652.75204070663,50,71.2132034355964,0,6652.75204070663
31,240126,6637.74829000619,50,71.2132034355964,0,6637.74829000619
31,240127,6622.84552040337,50,71.2132034355964,0,6622.84552040337
31,240128,6608.04441511175,50,71.2132034355964,0,6608.04441511175
31,240129,6593.34565879523,50,71.2132034355964,0,6593.34565879523
31,240130,6578.74993748489,50,71.2132034355964,0,6578.74993748489
31,240752,8018.87267486953,50,71.2132034355964,0,8018.87267486953
31,240753,7997.93964781913,50,71.2132034355964,0,7997.93964781913
31,240754,7977.06374757662,50,71.2132034355964,0,7977.06374757662
31,240755,7956.24542381514,50,71.2132034355964,0,7956.24542381514
31,240756,7935.48512968532,50,71.2132034355964,0,7935.48512968532
31,240757,7914.7833218156,50,71.2132034355964,0,7914.7833218156
31,240758,7894.14046033509,50,71.2132034355964,0,7894.14046033509
31,240795,7176.32470305619,50,71.2132034355964,0,7176.32470305619
31,240796,7158.29803689693,50,71.2132034355964,0,7158.29803689693
31,240797,7140.351049851,50,71.2132034355964,0,7140.351049851
31,240798,7122.48434423536,50,71.2132034355964,0,7122.48434423536
31,240799,7104.69852572157,50,71.2132034355964,0,7104.69852572157
31,240830,6596.9068146687,50,71.2132034355964,0,6596.9068146687
31,240831,6582.04730094214,50,71.2132034355964,0,6582.04730094214
31,240832,6567.29027919362,50,71.2132034355964,0,6567.29027919362
31,240833,6552.63644188338,50,71.2132034355964,0,6552.63644188338
31,240834,6538.08648281468,50,71.2132034355964,0,6538.08648281468
31,240835,6523.64109703904,50,71.2132034355964,0,6523.64109703904
31,241460,7893.21126940124,50,71.2132034355964,0,7893.21126940124
31,241461,7872.51173148043,50,71.2132034355964,0,7872.51173148043
31,241462,7851.87146986011,50,71.2132034355964,0,7851.87146986011
31,241463,7831.29095323157,50,71.2132034355964,0,7831.29095323157
31,241464,7810.77065385721,50,71.2132034355964,0,7810.77065385721
31,241500,7116.42743541414,50,71.2132034355964,0,7116.42743541414
31,241501,7098.5004184018,50,71.2132034355964,0,7098.5004184018
31,241502,7080.65425896112,50,71.2132034355964,0,7080.65425896112
31,241503,7062.88957001258,50,71.2132034355964,0,7062.88957001258
31,241534,6556.0835675714,50,71.2132034355964,0,6556.0835675714
31,241535,6541.2678923439,50,71.2132034355964,0,6541.2678923439
31,241536,6526.55554886603,50,71.2132034355964,0,6526.55554886603
31,241537,6511.94723750446,50,71.2132034355964,0,6511.94723750446
31,241538,6497.44365994917,50,71.2132034355964,0,6497.44365994917
31,241539,6483.04551912021,50,71.2132034355964,0,6483.04551912021
31,242166,7809.60250309198,50,71.2132034355964,0,7809.60250309198
31,242169,7748.05202183072,50,71.2132034355964,0,7748.05202183072
31,242204,7074.56164998783,50,71.2132034355964,0,7074.56164998783
31,242205,7056.65485352498,50,71.2132034355964,0,7056.65485352498
31,242206,7038.82949871973,50,71.2132034355964,0,7038.82949871973
31,242207,7021.08620587552,50,71.2132034355964,0,7021.08620587552
31,242239,6500.50765084914,50,71.2132034355964,0,6500.50765084914
31,242240,6485.84059198879,50,71.2132034355964,0,6485.84059198879
31,242241,6471.27842538352,50,71.2132034355964,0,6471.27842538352
31,242242,6456.82186073012,50,71.2132034355964,0,6456.82186073012
31,242243,6442.4716089251,50,71.2132034355964,0,6442.4716089251
31,242871,7746.75901529694,50,71.2132034355964,0,7746.75901529694
31,242872,7726.24537740213,50,71.2132034355964,0,7726.24537740213
31,242873,7705.79313503024,50,71.2132034355964,0,7705.79313503024
31,242874,7685.40277833771,50,71.2132034355964,0,7685.40277833771
31,242907,7050.66849895701,50,71.2132034355964,0,7050.66849895701
31,242908,7032.70076868629,50,71.2132034355964,0,7032.70076868629
31,242909,7014.81444795026,50,71.2132034355964,0,7014.81444795026
31,242910,6997.01016106915,50,71.2132034355964,0,6997.01016106915
31,242911,6979.28853585192,50,71.2132034355964,0,6979.28853585192
31,242912,6961.65020356989,50,71.2132034355964,0,6961.65020356989
31,242943,6459.76694151859,50,71.2132034355964,0,6459.76694151859
31,242944,6445.14578553858,50,71.2132034355964,0,6445.14578553858
31,242945,6430.63039466662,50,71.2132034355964,0,6430.63039466662
31,242946,6416.22148671956,50,71.2132034355964,0,6416.22148671956
31,242947,6401.91978068525,50,71.2132034355964,0,6401.91978068525
31,242948,6387.72599661731,50,71.2132034355964,0,6387.72599661731
31,243575,7704.4931386684,50,71.2132034355964,0,7704.4931386684
31,243576,7683.98288859985,50,71.2132034355964,0,7683.98288859985
31,243577,7663.53439137426,50,71.2132034355964,0,7663.53439137426
31,243578,7643.14814263211,50,71.2132034355964,0,7643.14814263211
31,243610,7026.82143064411,50,71.2132034355964,0,7026.82143064411
31,243611,7008.79246912414,50,71.2132034355964,0,7008.79246912414
31,243612,6990.84488167055,50,71.2132034355964,0,6990.84488167055
31,243613,6972.97929662532,50,71.2132034355964,0,6972.97929662532
31,243614,6955.19634589991,50,71.2132034355964,0,6955.19634589991
31,243615,6937.49666494476,50,71.2132034355964,0,6937.49666494476
31,243648,6404.47151588795,50,71.2132034355964,0,6404.47151588795
31,243649,6390.00354419865,50,71.2132034355964,0,6390.00354419865
31,243650,6375.64294949222,50,71.2132034355964,0,6375.64294949222
31,243651,6361.39045896607,50,71.2132034355964,0,6361.39045896607
31,243652,6347.24680085386,50,71.2132034355964,0,6347.24680085386
31,244280,7641.72050414121,50,71.2132034355964,0,7641.72050414121
31,244281,7621.27579513882,50,71.2132034355964,0,7621.27579513882
31,244282,7600.89370168504,50,71.2132034355964,0,7600.89370168504
31,244314,6984.93042498714,50,71.2132034355964,0,6984.93042498714
31,244315,6966.92126934609,50,71.2132034355964,0,6966.92126934609
31,244316,6948.99408126969,50,71.2132034355964,0,6948.99408126969
31,244317,6931.14949677553,50,71.2132034355964,0,6931.14949677553
31,244318,6913.38815550442,50,71.2132034355964,0,6913.38815550442
31,244319,6895.71070068785,50,71.2132034355964,0,6895.71070068785
31,244320,6878.11777911762,50,71.2132034355964,0,6878.11777911762
31,244351,6378.34562533439,50,71.2132034355964,0,6378.34562533439
31,244352,6363.81817908926,50,71.2132034355964,0,6363.81817908926
31,244353,6349.39828282202,50,71.2132034355964,0,6349.39828282202
31,244354,6335.08667094676,50,71.2132034355964,0,6335.08667094676
31,244355,6320.88407899075,50,71.2132034355964,0,6320.88407899075
31,244356,6306.79124347604,50,71.2132034355964,0,6306.79124347604
31,244984,7599.4582276674,50,71.2132034355964,0,7599.4582276674
31,244985,7579.01735069606,50,71.2132034355964,0,7579.01735069606
31,244986,7558.63946067531,50,71.2132034355964,0,7558.63946067531
31,245019,6925.05498932314,50,71.2132034355964,0,6925.05498932314
31,245020,6907.14846203356,50,71.2132034355964,0,6907.14846203356
31,245021,6889.3251479733,50,71.2132034355964,0,6889.3251479733
31,245022,6871.58569465288,50,71.2132034355964,0,6871.58569465288
31,245023,6853.93075322209,50,71.2132034355964,0,6853.93075322209
31,245024,6836.36097843772,50,71.2132034355964,0,6836.36097843772
31,245025,6818.87702863094,50,71.2132034355964,0,6818.87702863094
31,245056,6323.18618117434,50,71.2132034355964,0,6323.18618117434
31,245057,6308.81502968498,50,71.2132034355964,0,6308.81502968498
31,245058,6294.55308362163,50,71.2132034355964,0,6294.55308362163
31,245059,6280.40108695474,50,71.2132034355964,0,6280.40108695474
31,245060,6266.3597846182,50,71.2132034355964,0,6266.3597846182
31,245688,7557.19606290091,50,71.2132034355964,0,7557.19606290091
31,245689,7536.75906251671,50,71.2132034355964,0,7536.75906251671
31,245690,7516.38542489892,50,71.2132034355964,0,7516.38542489892
31,245724,6865.30812080717,50,71.2132034355964,0,6865.30812080717
31,245725,6847.50635221473,50,71.2132034355964,0,6847.50635221473
31,245726,6829.78907066674,50,71.2132034355964,0,6829.78907066674
31,245727,6812.1569353727,50,71.2132034355964,0,6812.1569353727
31,245728,6794.61060920038,50,71.2132034355964,0,6794.61060920038
31,245729,6777.15075864153,50,71.2132034355964,0,6777.15075864153
31,245760,6282.57593846305,50,71.2132034355964,0,6282.57593846305
31,245761,6268.25421456547,50,71.2132034355964,0,6268.25421456547
31,245762,6254.04263102296,50,71.2132034355964,0,6254.04263102296
31,245763,6239.94194037777,50,71.2132034355964,0,6239.94194037777
31,245764,6225.9528960885,50,71.2132034355964,0,6225.9528960885
31,246392,7514.93401365161,50,71.2132034355964,0,7514.93401365161
31,246393,7494.50093517583,50,71.2132034355964,0,7494.50093517583
31,246394,7474.13159976874,50,71.2132034355964,0,7474.13159976874
31,246395,7453.82653000994,50,71.2132034355964,0,7453.82653000994
31,246396,7433.58625253268,50,71.2132034355964,0,7433.58625253268
31,246429,6805.69321399018,50,71.2132034355964,0,6805.69321399018
31,246430,6787.99839349589,50,71.2132034355964,0,6787.99839349589
31,246431,6770.38936273555,50,71.2132034355964,0,6770.38936273555
31,246432,6752.86679283692,50,71.2132034355964,0,6752.86679283692
31,246464,6241.98787789034,50,71.2132034355964,0,6241.98787789034
31,246465,6227.71627819596,50,71.2132034355964,0,6227.71627819596
31,246466,6213.55576797324,50,71.2132034355964,0,6213.55576797324
31,246467,6199.50710845135,50,71.2132034355964,0,6199.50710845135
31,247097,7452.2429733443,50,71.2132034355964,0,7452.2429733443
31,247098,7431.87799082061,50,71.2132034355964,0,7431.87799082061
31,247099,7411.5776648636,50,71.2132034355964,0,7411.5776648636
31,247100,7391.34252820855,50,71.2132034355964,0,7391.34252820855
31,247134,6746.21377579461,50,71.2132034355964,0,6746.21377579461
31,247135,6728.6281537574,50,71.2132034355964,0,6728.6281537574
31,247136,6711.12965377605,50,71.2132034355964,0,6711.12965377605
31,247137,6693.71895910689,50,71.2132034355964,0,6693.71895910689
31,247138,6676.39675668508,50,71.2132034355964,0,6676.39675668508
31,247168,6201.4224373248,50,71.2132034355964,0,6201.4224373248
31,247169,6187.20167260892,50,71.2132034355964,0,6187.20167260892
31,247170,6173.09296095271,50,71.2132034355964,0,6173.09296095271
31,247171,6159.09707239827,50,71.2132034355964,0,6159.09707239827
31,247801,7409.98518180561,50,71.2132034355964,0,7409.98518180561
31,247802,7389.62460372225,50,71.2132034355964,0,7389.62460372225
31,247803,7369.32907787864,50,71.2132034355964,0,7369.32907787864
31,247814,7150.52889457782,50,71.2132034355964,0,7150.52889457782
31,247815,7131.05724030165,50,71.2132034355964,0,7131.05724030165
31,247816,7111.65797417329,50,71.2132034355964,0,7111.65797417329
31,247839,6686.87342982788,50,71.2132034355964,0,6686.87342982788
31,247840,6669.39931954708,50,71.2132034355964,0,6669.39931954708
31,247841,6652.01369403955,50,71.2132034355964,0,6652.01369403955
31,247842,6634.71724890251,50,71.2132034355964,0,6634.71724890251
31,247843,6617.51068342119,50,71.2132034355964,0,6617.51068342119
31,247844,6600.39470051432,50,71.2132034355964,0,6600.39470051432
31,247845,6583.37000669825,50,71.2132034355964,0,6583.37000669825
31,247873,6146.71086149441,50,71.2132034355964,0,6146.71086149441
31,247874,6132.6546884778,50,71.2132034355964,0,6132.6546884778
31,247875,6118.71232586508,50,71.2132034355964,0,6118.71232586508
31,248505,7367.72756545209,50,71.2132034355964,0,7367.72756545209
31,248508,7306.85610545481,50,71.2132034355964,0,7306.85610545481
31,248517,7127.89607443228,50,71.2132034355964,0,7127.89607443228
31,248518,7108.36231791992,50,71.2132034355964,0,7108.36231791992
31,248519,7088.90084091111,50,71.2132034355964,0,7088.90084091111
31,248520,7069.51224033655,50,71.2132034355964,0,7069.51224033655
31,248543,6645.12531536829,50,71.2132034355964,0,6645.12531536829
31,248544,6627.67592086458,50,71.2132034355964,0,6627.67592086458
31,248545,6610.31570061373,50,71.2132034355964,0,6610.31570061373
31,248546,6593.0453590349,50,71.2132034355964,0,6593.0453590349
31,248547,6575.8656042767,50,71.2132034355964,0,6575.8656042767
31,248548,6558.77714817965,50,71.2132034355964,0,6558.77714817965
31,248549,6541.78070621446,50,71.2132034355964,0,6541.78070621446
31,248577,6106.24432056255,50,71.2132034355964,0,6106.24432056255
31,248578,6092.24144147658,50,71.2132034355964,0,6092.24144147658
31,248579,6078.3533752986,50,71.2132034355964,0,6078.3533752986
31,249211,7284.83276568898,50,71.2132034355964,0,7284.83276568898
31,249212,7264.61342293093,50,71.2132034355964,0,7264.61342293093
31,249221,7085.72097350784,50,71.2132034355964,0,7085.72097350784
31,249222,7066.19703349182,50,71.2132034355964,0,7066.19703349182
31,249223,7046.74586046923,50,71.2132034355964,0,7046.74586046923
31,249224,7027.36805867743,50,71.2132034355964,0,7027.36805867743
31,249225,7008.06423674607,50,71.2132034355964,0,7008.06423674607
31,249226,6988.83500769569,50,71.2132034355964,0,6988.83500769569
31,249249,6568.62511951393,50,71.2132034355964,0,6568.62511951393
31,249250,6551.38123465272,50,71.2132034355964,0,6551.38123465272
31,249251,6534.22865433945,50,71.2132034355964,0,6534.22865433945
31,249252,6517.16809948895,50,71.2132034355964,0,6517.16809948895
31,249253,6500.20029469524,50,71.2132034355964,0,6500.20029469524
31,249254,6483.3259681824,50,71.2132034355964,0,6483.3259681824
31,249281,6065.80253793336,50,71.2132034355964,0,6065.80253793336
31,249282,6051.85372368335,50,71.2132034355964,0,6051.85372368335
31,249283,6038.02074036342,50,71.2132034355964,0,6038.02074036342
31,249284,6024.30438588487,50,71.2132034355964,0,6024.30438588487
31,249914,7262.86583212733,50,71.2132034355964,0,7262.86583212733
31,249915,7242.58505452812,50,71.2132034355964,0,7242.58505452812
31,249916,7222.37110389426,50,71.2132034355964,0,7222.37110389426
31,249917,7202.22454290332,50,71.2132034355964,0,7202.22454290332
31,249925,7043.54706758162,50,71.2132034355964,0,7043.54706758162
31,249926,7024.03306662654,50,71.2132034355964,0,7024.03306662654
31,249927,7004.59232665769,50,71.2132034355964,0,7004.59232665769
31,249928,6985.22545935923,50,71.2132034355964,0,6985.22545935923
31,249929,6965.9330808807,50,71.2132034355964,0,6965.9330808807
31,249930,6946.71581183072,50,71.2132034355964,0,6946.71581183072
31,249953,6526.94209499,50,71.2132034355964,0,6526.94209499
31,249954,6509.72502708433,50,71.2132034355964,0,6509.72502708433
31,249955,6492.59999223277,50,71.2132034355964,0,6492.59999223277
31,249956,6475.56772059569,50,71.2132034355964,0,6475.56772059569
31,249957,6458.62894606254,50,71.2132034355964,0,6458.62894606254
31,249958,6441.78440619032,50,71.2132034355964,0,6441.78440619032
31,249986,6011.49205205041,50,71.2132034355964,0,6011.49205205041
31,249987,5997.71495435949,50,71.2132034355964,0,5997.71495435949
31,249988,5984.05552863831,50,71.2132034355964,0,5984.05552863831
31,249989,5970.51458252012,50,71.2132034355964,0,5970.51458252012
31,250618,7220.61339172022,50,71.2132034355964,0,7220.61339172022
31,250619,7200.33764962741,50,71.2132034355964,0,7200.33764962741
31,250620,7180.12915677341,50,71.2132034355964,0,7180.12915677341
31,250621,7159.98848257462,50,71.2132034355964,0,7159.98848257462
31,250631,6962.44026782484,50,71.2132034355964,0,6962.44026782484
31,250632,6943.08447327683,50,71.2132034355964,0,6943.08447327683
31,250658,6468.07689152029,50,71.2132034355964,0,6468.07689152029
31,250659,6450.97978063935,50,71.2132034355964,0,6450.97978063935
31,250660,6433.97618191556,50,71.2132034355964,0,6433.97618191556
31,250661,6417.06683870003,50,71.2132034355964,0,6417.06683870003
31,250662,6400.25249805726,50,71.2132034355964,0,6400.25249805726
31,250691,5957.43656466228,50,71.2132034355964,0,5957.43656466228
31,250692,5943.83490354816,50,71.2132034355964,0,5943.83490354816
31,250693,5930.35279078016,50,71.2132034355964,0,5930.35279078016
31,250694,5916.99104354752,50,71.2132034355964,0,5916.99104354752
31,251323,7158.09055843038,50,71.2132034355964,0,7158.09055843038
31,251324,7137.88759019439,50,71.2132034355964,0,7137.88759019439
31,251325,7117.75287508473,50,71.2132034355964,0,7117.75287508473
31,251326,7097.68699396626,50,71.2132034355964,0,7097.68699396626
31,251327,7077.69053228768,50,71.2132034355964,0,7077.69053228768
31,251362,6426.43698714574,50,71.2132034355964,0,6426.43698714574
31,251363,6409.36818643961,50,71.2132034355964,0,6409.36818643961
31,251364,6392.3936582639,50,71.2132034355964,0,6392.3936582639
31,251365,6375.51415560783,50,71.2132034355964,0,6375.51415560783
31,251366,6358.73043521804,50,71.2132034355964,0,6358.73043521804
31,251396,5903.64309008717,50,71.2132034355964,0,5903.64309008717
31,252028,7095.64641298839,50,71.2132034355964,0,7095.64641298839
31,252029,7075.51773058747,50,71.2132034355964,0,7075.51773058747
31,252030,7055.45832927796,50,71.2132034355964,0,7055.45832927796
31,252031,7035.46880166009,50,71.2132034355964,0,7035.46880166009
31,252032,7015.54974501228,50,71.2132034355964,0,7015.54974501228
31,252066,6384.80547726916,50,71.2132034355964,0,6384.80547726916
31,252067,6367.76538083929,50,71.2132034355964,0,6367.76538083929
31,252068,6350.82032899398,50,71.2132034355964,0,6350.82032899398
31,252069,6333.97108454129,50,71.2132034355964,0,6333.97108454129
31,252070,6317.21841409484,50,71.2132034355964,0,6317.21841409484
31,252733,7033.28305947585,50,71.2132034355964,0,7033.28305947585
31,252734,7013.23021874313,50,71.2132034355964,0,7013.23021874313
31,252735,6993.24771188264,50,71.2132034355964,0,6993.24771188264
31,252736,6973.33614353019,50,71.2132034355964,0,6973.33614353019
31,252770,6343.18252945254,50,71.2132034355964,0,6343.18252945254
31,252771,6326.17153950981,50,71.2132034355964,0,6326.17153950981
31,252772,6309.25637814703,50,71.2132034355964,0,6309.25637814703
31,252773,6292.43781817693,50,71.2132034355964,0,6292.43781817693
31,252774,6275.71663625744,50,71.2132034355964,0,6275.71663625744
31,252775,6259.09361282713,50,71.2132034355964,0,6259.09361282713
31,253438,6971.00267450768,50,71.2132034355964,0,6971.00267450768
31,253439,6951.02727671161,50,71.2132034355964,0,6951.02727671161
31,253440,6931.12329114814,50,71.2132034355964,0,6931.12329114814
31,253474,6301.56831565128,50,71.2132034355964,0,6301.56831565128
31,253475,6284.58684273996,50,71.2132034355964,0,6284.58684273996
31,253476,6267.70199461023,50,71.2132034355964,0,6267.70199461023
31,253477,6250.91455426381,50,71.2132034355964,0,6250.91455426381
31,253478,6234.22530859798,50,71.2132034355964,0,6234.22530859798
31,253479,6217.63504832864,50,71.2132034355964,0,6217.63504832864
31,254142,6928.77570900733,50,71.2132034355964,0,6928.77570900733
31,254143,6908.80751023958,50,71.2132034355964,0,6908.80751023958
31,254144,6888.91120373394,50,71.2132034355964,0,6888.91120373394
31,254178,6259.96301235353,50,71.2132034355964,0,6259.96301235353
31,254179,6243.01147557879,50,71.2132034355964,0,6243.01147557879
31,254180,6226.15737226131,50,71.2132034355964,0,6226.15737226131
31,254181,6209.40149579185,50,71.2132034355964,0,6209.40149579185
31,254182,6192.74464349501,50,71.2132034355964,0,6192.74464349501
31,254183,6176.1876165588,50,71.2132034355964,0,6176.1876165588
31,254184,6159.73121996008,50,71.2132034355964,0,6159.73121996008
31,254846,6886.54933498721,50,71.2132034355964,0,6886.54933498721
31,254847,6866.58842690788,50,71.2132034355964,0,6866.58842690788
31,254848,6846.69989754572,50,71.2132034355964,0,6846.69989754572
31,254883,6201.44562799536,50,71.2132034355964,0,6201.44562799536
31,254884,6184.62271014828,50,71.2132034355964,0,6184.62271014828
31,254885,6167.89885116704,50,71.2132034355964,0,6167.89885116704
31,254886,6151.27485900295,50,71.2132034355964,0,6151.27485900295
31,254887,6134.75154551717,50,71.2132034355964,0,6134.75154551717
31,254888,6118.32972639814,50,71.2132034355964,0,6118.32972639814
31,254889,6102.01022107368,50,71.2132034355964,0,6102.01022107368
31,255550,6844.32356550931,50,71.2132034355964,0,6844.32356550931
31,255551,6824.37004151026,50,71.2132034355964,0,6824.37004151026
31,255552,6804.48938924478,50,71.2132034355964,0,6804.48938924478
31,255553,6784.68224930756,50,71.2132034355964,0,6784.68224930756
31,255554,6764.94926740794,50,71.2132034355964,0,6764.94926740794
31,255588,6143.09821265157,50,71.2132034355964,0,6143.09821265157
31,255589,6126.40683438829,50,71.2132034355964,0,6126.40683438829
31,255590,6109.8161790415,50,71.2132034355964,0,6109.8161790415
31,255591,6093.32706934412,50,71.2132034355964,0,6093.32706934412
31,255592,6076.94033189601,50,71.2132034355964,0,6076.94033189601
31,255593,6060.65679707498,50,71.2132034355964,0,6060.65679707498
31,255594,6044.47729895199,50,71.2132034355964,0,6044.47729895199
31,256254,6802.09841395303,50,71.2132034355964,0,6802.09841395303
31,256255,6782.15236921094,50,71.2132034355964,0,6782.15236921094
31,256256,6762.27969591183,50,71.2132034355964,0,6762.27969591183
31,256257,6742.48104281589,50,71.2132034355964,0,6742.48104281589
31,256258,6722.75706389852,50,71.2132034355964,0,6722.75706389852
31,256293,6084.9256652386,50,71.2132034355964,0,6084.9256652386
31,256294,6068.36883358685,50,71.2132034355964,0,6068.36883358685
31,256295,6051.91442852085,50,71.2132034355964,0,6051.91442852085
31,256296,6035.56328775786,50,71.2132034355964,0,6035.56328775786
31,256297,6019.31625283705,50,71.2132034355964,0,6019.31625283705
31,256298,6003.17416901398,50,71.2132034355964,0,6003.17416901398
31,256373,5155.46301735214,50,71.2132034355964,0,5155.46301735214
31,256374,5149.81736991776,50,71.2132034355964,0,5149.81736991776
31,256959,6739.93542555593,50,71.2132034355964,0,6739.93542555593
31,256960,6720.07083505156,50,71.2132034355964,0,6720.07083505156
31,256961,6700.28077961455,50,71.2132034355964,0,6700.28077961455
31,256962,6680.56592163688,50,71.2132034355964,0,6680.56592163688
31,256999,6010.513870088,50,71.2132034355964,0,6010.513870088
31,257000,5994.1988521548,50,71.2132034355964,0,5994.1988521548
31,257001,5977.98885798356,50,71.2132034355964,0,5977.98885798356
31,257002,5961.88474423622,50,71.2132034355964,0,5961.88474423622
31,257076,5126.10950697547,50,71.2132034355964,0,5126.10950697547
31,257077,5120.43146468017,50,71.2132034355964,0,5120.43146468017
31,257078,5114.9219057689,50,71.2132034355964,0,5114.9219057689
31,257079,5109.58137525837,50,71.2132034355964,0,5109.58137525837
31,257664,6677.8628246155,50,71.2132034355964,0,6677.8628246155
31,257665,6658.08147980753,50,71.2132034355964,0,6658.08147980753
31,257666,6638.37586302966,50,71.2132034355964,0,6638.37586302966
31,257667,6618.74665066516,50,71.2132034355964,0,6618.74665066516
31,257704,5952.84729034778,50,71.2132034355964,0,5952.84729034778
31,257705,5936.67488956218,50,71.2132034355964,0,5936.67488956218
31,257706,5920.60931378738,50,71.2132034355964,0,5920.60931378738
31,257707,5904.65143498358,50,71.2132034355964,0,5904.65143498358
31,257780,5091.05168103614,50,71.2132034355964,0,5091.05168103614
31,257781,5085.51026279546,50,71.2132034355964,0,5085.51026279546
31,257782,5080.13878425421,50,71.2132034355964,0,5080.13878425421
31,257783,5074.93778502125,50,71.2132034355964,0,5074.93778502125
31,257784,5069.90778975976,50,71.2132034355964,0,5069.90778975976
31,258368,6635.65568300878,50,71.2132034355964,0,6635.65568300878
31,258369,6615.88316401428,50,71.2132034355964,0,6615.88316401428
31,258370,6596.18691106451,50,71.2132034355964,0,6596.18691106451
31,258371,6576.56760939203,50,71.2132034355964,0,6576.56760939203
31,258372,6557.02594973426,50,71.2132034355964,0,6557.02594973426
31,258373,6537.56262833848,50,71.2132034355964,0,6537.56262833848
31,258408,5911.50887494553,50,71.2132034355964,0,5911.50887494553
31,258409,5895.37463229558,50,71.2132034355964,0,5895.37463229558
31,258410,5879.34817486541,50,71.2132034355964,0,5879.34817486541
31,258411,5863.43038648045,50,71.2132034355964,0,5863.43038648045
31,258486,5045.47033168527,50,71.2132034355964,0,5045.47033168527
31,258487,5040.41090269565,50,71.2132034355964,0,5040.41090269565
31,258488,5035.52393480633,50,71.2132034355964,0,5035.52393480633
31,259073,6573.68585338194,50,71.2132034355964,0,6573.68585338194
31,259074,6553.99908931681,50,71.2132034355964,0,6553.99908931681
31,259075,6534.38983116085,50,71.2132034355964,0,6534.38983116085
31,259076,6514.85877877629,50,71.2132034355964,0,6514.85877877629
31,259077,6495.40663763666,50,71.2132034355964,0,6495.40663763666
31,259078,6476.03411882053,50,71.2132034355964,0,6476.03411882053
31,259113,5854.08837884334,50,71.2132034355964,0,5854.08837884334
31,259114,5838.10163296074,50,71.2132034355964,0,5838.10163296074
31,259115,5822.2245444099,50,71.2132034355964,0,5822.2245444099
31,259189,5016.00813471301,50,71.2132034355964,0,5016.00813471301
31,259190,5010.91893098249,50,71.2132034355964,0,5010.91893098249
31,259191,5006.00314600063,50,71.2132034355964,0,5006.00314600063
31,259192,5001.2612911333,50,71.2132034355964,0,5001.2612911333
31,259778,6511.81242197124,50,71.2132034355964,0,6511.81242197124
31,259779,6492.21334281454,50,71.2132034355964,0,6492.21334281454
31,259780,6472.6930413057,50,71.2132034355964,0,6472.6930413057
31,259781,6453.25223232034,50,71.2132034355964,0,6453.25223232034
31,259782,6433.89163645309,50,71.2132034355964,0,6433.89163645309
31,259817,5812.81643008444,50,71.2132034355964,0,5812.81643008444
31,259818,5796.87000215643,50,71.2132034355964,0,5796.87000215643
31,259819,5781.03423643515,50,71.2132034355964,0,5781.03423643515
31,259893,4981.43196192317,50,71.2132034355964,0,4981.43196192317
31,259894,4976.48702309735,50,71.2132034355964,0,4976.48702309735
31,259895,4971.71699114132,50,71.2132034355964,0,4971.71699114132
31,259896,4967.1223699543,50,71.2132034355964,0,4967.1223699543
31,259897,4962.70364673873,50,71.2132034355964,0,4962.70364673873
31,260482,6469.62693384412,50,71.2132034355964,0,6469.62693384412
31,260483,6450.03817189892,50,71.2132034355964,0,6450.03817189892
31,260484,6430.52876776519,50,71.2132034355964,0,6430.52876776519
31,260485,6411.09944591945,50,71.2132034355964,0,6411.09944591945
31,260487,6372.48397606341,50,71.2132034355964,0,6372.48397606341
31,260488,6353.29930606916,50,71.2132034355964,0,6353.29930606916
31,260489,6334.19767438214,50,71.2132034355964,0,6334.19767438214
31,260521,5771.5590953981,50,71.2132034355964,0,5771.5590953981
31,260522,5755.65360541511,50,71.2132034355964,0,5755.65360541511
31,260523,5739.8597994983,50,71.2132034355964,0,5739.8597994983
31,260597,4946.97564961406,50,71.2132034355964,0,4946.97564961406
31,260598,4942.17710845606,50,71.2132034355964,0,4942.17710845606
31,260599,4937.55497423569,50,71.2132034355964,0,4937.55497423569
31,260600,4933.10974281206,50,71.2132034355964,0,4933.10974281206
31,260601,4928.84189282287,50,71.2132034355964,0,4928.84189282287
31,261190,6349.61205717916,50,71.2132034355964,0,6349.61205717916
31,261191,6330.35796852132,50,71.2132034355964,0,6330.35796852132
31,261192,6311.18679889335,50,71.2132034355964,0,6311.18679889335
31,261193,6292.09930622353,50,71.2132034355964,0,6292.09930622353
31,261201,6142.50462574948,50,71.2132034355964,0,6142.50462574948
31,261202,6124.20530012678,50,71.2132034355964,0,6124.20530012678
31,261203,6105.99755215147,50,71.2132034355964,0,6105.99755215147
31,261204,6087.88220349724,50,71.2132034355964,0,6087.88220349724
31,261225,5730.31669295892,50,71.2132034355964,0,5730.31669295892
31,261226,5714.45277489717,50,71.2132034355964,0,5714.45277489717
31,261227,5698.70158015202,50,71.2132034355964,0,5698.70158015202
31,261303,4903.51969277377,50,71.2132034355964,0,4903.51969277377
31,261895,6288.23399979745,50,71.2132034355964,0,6288.23399979745
31,261896,6269.07651970756,50,71.2132034355964,0,6269.07651970756
31,261897,6250.00336489961,50,71.2132034355964,0,6250.00336489961
31,261904,6118.91818817035,50,71.2132034355964,0,6118.91818817035
31,261905,6100.54801356328,50,71.2132034355964,0,6100.54801356328
31,261906,6082.26934751461,50,71.2132034355964,0,6082.26934751461
31,261907,6064.08301751149,50,71.2132034355964,0,6064.08301751149
31,261908,6045.98985679706,50,71.2132034355964,0,6045.98985679706
31,261929,5689.08955005735,50,71.2132034355964,0,5689.08955005735
31,261930,5673.26785229196,50,71.2132034355964,0,5673.26785229196
31,261931,5657.55993489275,50,71.2132034355964,0,5657.55993489275
31,262599,6246.11211345071,50,71.2132034355964,0,6246.11211345071
31,262600,6226.96851602943,50,71.2132034355964,0,6226.96851602943
31,262601,6207.90990210732,50,71.2132034355964,0,6207.90990210732
31,262602,6188.93705679369,50,71.2132034355964,0,6188.93705679369
31,262608,6076.94585847197,50,71.2132034355964,0,6076.94585847197
31,262609,6058.59588666135,50,71.2132034355964,0,6058.59588666135
31,262610,6040.33818227103,50,71.2132034355964,0,6040.33818227103
31,262611,6022.17358449782,50,71.2132034355964,0,6022.17358449782
31,262612,6004.10293838674,50,71.2132034355964,0,6004.10293838674
31,262633,5647.87800341498,50,71.2132034355964,0,5647.87800341498
31,263303,6203.99235422628,50,71.2132034355964,0,6203.99235422628
31,263304,6184.86283667627,50,71.2132034355964,0,6184.86283667627
31,263305,6165.8189709513,50,71.2132034355964,0,6165.8189709513
31,263306,6146.86155313865,50,71.2132034355964,0,6146.86155313865
31,263312,6034.97781382567,50,71.2132034355964,0,6034.97781382567
31,263313,6016.64834126738,50,71.2132034355964,0,6016.64834126738
31,263314,5998.41190720487,50,71.2132034355964,0,5998.41190720487
31,263315,5980.2693627842,50,71.2132034355964,0,5980.2693627842
31,263316,5962.22156509956,50,71.2132034355964,0,5962.22156509956
31,263340,5559.82546862011,50,71.2132034355964,0,5559.82546862011
31,264007,6161.87476808969,50,71.2132034355964,0,6161.87476808969
31,264008,6142.75953179316,50,71.2132034355964,0,6142.75953179316
31,264009,6123.73062599502,50,71.2132034355964,0,6123.73062599502
31,264010,6104.78885798277,50,71.2132034355964,0,6104.78885798277
31,264015,6011.4157818435,50,71.2132034355964,0,6011.4157818435
31,264016,5993.01414666166,50,71.2132034355964,0,5993.01414666166
31,264018,5956.49062800492,50,71.2132034355964,0,5956.49062800492
31,264042,5549.81209883938,50,71.2132034355964,0,5549.81209883938
31,264043,5534.23816536215,50,71.2132034355964,0,5534.23816536215
31,264044,5518.78228562932,50,71.2132034355964,0,5518.78228562932
31,264045,5503.44545426796,50,71.2132034355964,0,5503.44545426796
31,264712,6100.65865291243,50,71.2132034355964,0,6100.65865291243
31,264713,6081.64492330733,50,71.2132034355964,0,6081.64492330733
31,264714,6062.71903217828,50,71.2132034355964,0,6062.71903217828
31,264715,6043.88180470445,50,71.2132034355964,0,6043.88180470445
31,264719,5969.43625939965,50,71.2132034355964,0,5969.43625939965
31,264746,5508.69442733946,50,71.2132034355964,0,5508.69442733946
31,264747,5493.16659308113,50,71.2132034355964,0,5493.16659308113
31,264748,5477.75795934951,50,71.2132034355964,0,5477.75795934951
31,264749,5462.46953487345,50,71.2132034355964,0,5462.46953487345
31,264750,5447.30233179221,50,71.2132034355964,0,5447.30233179221
31,264751,5432.25736548084,50,71.2132034355964,0,5432.25736548084
31,265416,6058.56025299281,50,71.2132034355964,0,6058.56025299281
31,265417,6039.56192051609,50,71.2132034355964,0,6039.56192051609
31,265418,6020.65213827614,50,71.2132034355964,0,6020.65213827614
31,265419,6001.83174324719,50,71.2132034355964,0,6001.83174324719
31,265450,5467.59452738915,50,71.2132034355964,0,5467.59452738915
31,265451,5452.11353951445,50,71.2132034355964,0,5452.11353951445
31,265452,5436.75291930125,50,71.2132034355964,0,5436.75291930125
31,265453,5421.51368985208,50,71.2132034355964,0,5421.51368985208
31,265454,5406.3968776771,50,71.2132034355964,0,5406.3968776771
31,265455,5391.40351250174,50,71.2132034355964,0,5391.40351250174
31,265456,5376.53462708612,50,71.2132034355964,0,5376.53462708612
31,266120,6016.46438647079,50,71.2132034355964,0,6016.46438647079
31,266121,5997.48167686511,50,71.2132034355964,0,5997.48167686511
31,266122,5978.58824057748,50,71.2132034355964,0,5978.58824057748
31,266123,5959.78492664138,50,71.2132034355964,0,5959.78492664138
31,266124,5941.07259076038,50,71.2132034355964,0,5941.07259076038
31,266155,5411.07942882462,50,71.2132034355964,0,5411.07942882462
31,266156,5395.76760785506,50,71.2132034355964,0,5395.76760785506
31,266157,5380.57838029566,50,71.2132034355964,0,5380.57838029566
31,266158,5365.5127872943,50,71.2132034355964,0,5365.5127872943
31,266159,5350.57187320598,50,71.2132034355964,0,5350.57187320598
31,266160,5335.75668538854,50,71.2132034355964,0,5335.75668538854
31,266825,5955.40425326717,50,71.2132034355964,0,5955.40425326717
31,266826,5936.52740521188,50,71.2132034355964,0,5936.52740521188
31,266827,5917.74142649534,50,71.2132034355964,0,5917.74142649534
31,266860,5354.80248071775,50,71.2132034355964,0,5354.80248071775
31,266861,5339.66408120159,50,71.2132034355964,0,5339.66408120159
31,266862,5324.65055547086,50,71.2132034355964,0,5324.65055547086
31,266863,5309.76296278046,50,71.2132034355964,0,5309.76296278046
31,266864,5295.00236536126,50,71.2132034355964,0,5295.00236536126
31,266865,5280.36982821145,50,71.2132034355964,0,5280.36982821145
31,267529,5913.32971236696,50,71.2132034355964,0,5913.32971236696
31,267530,5894.46970018174,50,71.2132034355964,0,5894.46970018174
31,267531,5875.70131645646,50,71.2132034355964,0,5875.70131645646
31,267565,5298.7712819899,50,71.2132034355964,0,5298.7712819899
31,267566,5283.81069206616,50,71.2132034355964,0,5283.81069206616
31,267567,5268.97731207828,50,71.2132034355964,0,5268.97731207828
31,267568,5254.27221940973,50,71.2132034355964,0,5254.27221940973
31,267569,5239.69649416871,50,71.2132034355964,0,5239.69649416871
31,268233,5871.25811859805,50,71.2132034355964,0,5871.25811859805
31,268234,5852.41519544305,50,71.2132034355964,0,5852.41519544305
31,268235,5833.66467229669,50,71.2132034355964,0,5833.66467229669
31,268236,5815.00744299276,50,71.2132034355964,0,5815.00744299276
31,268270,5242.99372254519,50,71.2132034355964,0,5242.99372254519
31,268271,5228.21546821468,50,71.2132034355964,0,5228.21546821468
31,268272,5213.56681687483,50,71.2132034355964,0,5213.56681687483
31,268273,5199.04886401887,50,71.2132034355964,0,5199.04886401887
31,268274,5184.66270758173,50,71.2132034355964,0,5184.66270758173
31,268938,5810.36396297234,50,71.2132034355964,0,5810.36396297234
31,268939,5791.63157197769,50,71.2132034355964,0,5791.63157197769
31,268940,5772.99327236551,50,71.2132034355964,0,5772.99327236551
31,268973,5217.05221629407,50,71.2132034355964,0,5217.05221629407
31,268974,5202.20018856841,50,71.2132034355964,0,5202.20018856841
31,268975,5187.4779951793,50,71.2132034355964,0,5187.4779951793
31,268976,5172.88674466511,50,71.2132034355964,0,5172.88674466511
31,268977,5158.42754818887,50,71.2132034355964,0,5158.42754818887
31,269642,5768.31607683916,50,71.2132034355964,0,5768.31607683916
31,269643,5749.60209573293,50,71.2132034355964,0,5749.60209573293
31,269644,5730.98301687869,50,71.2132034355964,0,5730.98301687869
31,269645,5712.45976824623,50,71.2132034355964,0,5712.45976824623
31,269678,5161.43064860443,50,71.2132034355964,0,5161.43064860443
31,269679,5146.76547447424,50,71.2132034355964,0,5146.76547447424
31,269680,5132.23260792648,50,71.2132034355964,0,5132.23260792648
31,269681,5117.83317608839,50,71.2132034355964,0,5117.83317608839
31,269682,5103.56830839245,50,71.2132034355964,0,5103.56830839245
31,269683,5089.43913632612,50,71.2132034355964,0,5089.43913632612
31,270346,5726.27161328442,50,71.2132034355964,0,5726.27161328442
31,270347,5707.57632615728,50,71.2132034355964,0,5707.57632615728
31,270348,5688.97676581039,50,71.2132034355964,0,5688.97676581039
31,270349,5670.4738742145,50,71.2132034355964,0,5670.4738742145
31,270382,5120.68567857875,50,71.2132034355964,0,5120.68567857875
31,270383,5106.0785057894,50,71.2132034355964,0,5106.0785057894
31,270384,5091.60503075041,50,71.2132034355964,0,5091.60503075041
31,270385,5077.26639683468,50,71.2132034355964,0,5077.26639683468
31,270386,5063.06374965766,50,71.2132034355964,0,5063.06374965766
31,271050,5684.23065079328,50,71.2132034355964,0,5684.23065079328
31,271051,5665.55434828603,50,71.2132034355964,0,5665.55434828603
31,271052,5646.97461107844,50,71.2132034355964,0,5646.97461107844
31,271053,5628.49239546393,50,71.2132034355964,0,5628.49239546393
31,271054,5610.10866528228,50,71.2132034355964,0,5610.10866528228
31,271086,5079.96587253679,50,71.2132034355964,0,5079.96587253679
31,271087,5065.41770770179,50,71.2132034355964,0,5065.41770770179
31,271088,5051.00465688447,50,71.2132034355964,0,5051.00465688447
31,271089,5036.72788000995,50,71.2132034355964,0,5036.72788000995
31,271755,5623.53624968662,50,71.2132034355964,0,5623.53624968662
31,271756,5604.97664735272,50,71.2132034355964,0,5604.97664735272
31,271757,5586.51543412104,50,71.2132034355964,0,5586.51543412104
31,271758,5568.15358861784,50,71.2132034355964,0,5568.15358861784
31,271759,5549.89209712045,50,71.2132034355964,0,5549.89209712045
31,271760,5531.73195350481,50,71.2132034355964,0,5531.73195350481
31,271761,5513.67415918504,50,71.2132034355964,0,5513.67415918504
31,271877,4404.37917654418,50,71.2132034355964,0,4404.37917654418
31,271878,4405.48761736273,50,71.2132034355964,0,4405.48761736273
31,271879,4406.79867653565,50,71.2132034355964,0,4406.79867653565
31,272459,5581.52212056028,50,71.2132034355964,0,5581.52212056028
31,272460,5562.98297215048,50,71.2132034355964,0,5562.98297215048
31,272461,5544.54309539153,50,71.2132034355964,0,5544.54309539153
31,272462,5526.20348403665,50,71.2132034355964,0,5526.20348403665
31,272463,5507.96513963468,50,71.2132034355964,0,5507.96513963468
31,272464,5489.82907147388,50,71.2132034355964,0,5489.82907147388
31,272465,5471.79629652686,50,71.2132034355964,0,5471.79629652686
31,272466,5453.86783938815,50,71.2132034355964,0,5453.86783938815
31,272467,5436.04473219816,50,71.2132034355964,0,5436.04473219816
31,272580,4374.48479334157,50,71.2132034355964,0,4374.48479334157
31,272581,4375.60081311217,50,71.2132034355964,0,4375.60081311217
31,273165,5502.57548768244,50,71.2132034355964,0,5502.57548768244
31,273166,5484.25846827096,50,71.2132034355964,0,5484.25846827096
31,273167,5466.04364487758,50,71.2132034355964,0,5466.04364487758
31,273168,5447.93204255999,50,71.2132034355964,0,5447.93204255999
31,273169,5429.92469420735,50,71.2132034355964,0,5429.92469420735
31,273170,5412.02264046655,50,71.2132034355964,0,5412.02264046655
31,273171,5394.22692967855,50,71.2132034355964,0,5394.22692967855
31,273872,5406.04100552324,50,71.2132034355964,0,5406.04100552324
31,273873,5388.0595008572,50,71.2132034355964,0,5388.0595008572
31,273874,5370.18428525139,50,71.2132034355964,0,5370.18428525139
31,273875,5352.41642361113,50,71.2132034355964,0,5352.41642361113
31,273876,5334.75698859073,50,71.2132034355964,0,5334.75698859073
31,274577,5346.2008697423,50,71.2132034355964,0,5346.2008697423
31,274578,5328.35293766157,50,71.2132034355964,0,5328.35293766157
31,274579,5310.61338905013,50,71.2132034355964,0,5310.61338905013
31,274580,5292.98331365847,50,71.2132034355964,0,5292.98331365847
31,274701,4312.16269398002,50,71.2132034355964,0,4312.16269398002
31,274703,4319.60463870742,50,71.2132034355964,0,4319.60463870742
31,275282,5286.52876678008,50,71.2132034355964,0,5286.52876678008
31,275283,5268.81800657678,50,71.2132034355964,0,5268.81800657678
31,275284,5251.21778557463,50,71.2132034355964,0,5251.21778557463
31,275285,5233.72921895256,50,71.2132034355964,0,5233.72921895256
31,275403,4279.02218582932,50,71.2132034355964,0,4279.02218582932
31,275404,4282.46041616173,50,71.2132034355964,0,4282.46041616173
31,275405,4286.10450480448,50,71.2132034355964,0,4286.10450480448
31,275406,4289.95392716057,50,71.2132034355964,0,4289.95392716057
31,275407,4294.0081310064,50,71.2132034355964,0,4294.0081310064
31,275408,4298.26653688204,50,71.2132034355964,0,4298.26653688204
31,275986,5244.71194705406,50,71.2132034355964,0,5244.71194705406
31,275987,5227.03046251248,50,71.2132034355964,0,5227.03046251248
31,275988,5209.46060305619,50,71.2132034355964,0,5209.46060305619
31,275989,5192.00350191047,50,71.2132034355964,0,5192.00350191047
31,276109,4260.30686137725,50,71.2132034355964,0,4260.30686137725
31,276110,4264.38927308654,50,71.2132034355964,0,4264.38927308654
31,276111,4268.67724972232,50,71.2132034355964,0,4268.67724972232
31,276112,4273.17017245223,50,71.2132034355964,0,4273.17017245223
31,276113,4277.86739553054,50,71.2132034355964,0,4277.86739553054
31,276690,5202.90265851153,50,71.2132034355964,0,5202.90265851153
31,276691,5185.25094915296,50,71.2132034355964,0,5185.25094915296
31,276692,5167.71197120633,50,71.2132034355964,0,5167.71197120633
31,276693,5150.28687637472,50,71.2132034355964,0,5150.28687637472
31,276817,4253.28157281849,50,71.2132034355964,0,4253.28157281849
31,276818,4258.42072196365,50,71.2132034355964,0,4258.42072196365
31,276819,4263.76338848748,50,71.2132034355964,0,4263.76338848748
31,276820,4269.3088083372,50,71.2132034355964,0,4269.3088083372
31,277395,5143.47966499664,50,71.2132034355964,0,5143.47966499664
31,277396,5125.97210176562,50,71.2132034355964,0,5125.97210176562
31,277397,5108.57956789122,50,71.2132034355964,0,5108.57956789122
31,277522,4234.35572306241,50,71.2132034355964,0,4234.35572306241
31,278098,5119.30742430434,50,71.2132034355964,0,5119.30742430434
31,278099,5101.71681501621,50,71.2132034355964,0,5101.71681501621
31,278100,5084.24121338484,50,71.2132034355964,0,5084.24121338484
31,278101,5066.88180939215,50,71.2132034355964,0,5066.88180939215
31,278133,4580.23525783656,50,71.2132034355964,0,4580.23525783656
31,278134,4567.42284528491,50,71.2132034355964,0,4567.42284528491
31,278803,5059.96261089798,50,71.2132034355964,0,5059.96261089798
31,278804,5042.51953190492,50,71.2132034355964,0,5042.51953190492
31,278805,5025.19384147839,50,71.2132034355964,0,5025.19384147839
31,278837,4540.37856419294,50,71.2132034355964,0,4540.37856419294
31,278839,4515.08516335788,50,71.2132034355964,0,4515.08516335788
31,279507,5018.21727133736,50,71.2132034355964,0,5018.21727133736
31,279508,5000.80729065382,50,71.2132034355964,0,5000.80729065382
31,279509,4983.51591274762,50,71.2132034355964,0,4983.51591274762
31,279510,4966.34437644335,50,71.2132034355964,0,4966.34437644335
31,279541,4500.56623610787,50,71.2132034355964,0,4500.56623610787
31,279542,4487.92471545223,50,71.2132034355964,0,4487.92471545223
31,279543,4475.44728224372,50,71.2132034355964,0,4475.44728224372
31,280211,4976.48102231914,50,71.2132034355964,0,4976.48102231914
31,280212,4959.10473075615,50,71.2132034355964,0,4959.10473075615
31,280213,4941.84828012764,50,71.2132034355964,0,4941.84828012764
31,280214,4924.71293022267,50,71.2132034355964,0,4924.71293022267
31,280245,4460.79946469815,50,71.2132034355964,0,4460.79946469815
31,280246,4448.24587751745,50,71.2132034355964,0,4448.24587751745
31,280247,4435.85834283175,50,71.2132034355964,0,4435.85834283175
31,280916,4917.41210146034,50,71.2132034355964,0,4917.41210146034
31,280917,4900.19120921668,50,71.2132034355964,0,4900.19120921668
31,280918,4883.0927019575,50,71.2132034355964,0,4883.0927019575
31,280919,4866.11786978655,50,71.2132034355964,0,4866.11786978655
31,280949,4421.07948255183,50,71.2132034355964,0,4421.07948255183
31,280950,4408.61554793699,50,71.2132034355964,0,4408.61554793699
31,280951,4396.31967056918,50,71.2132034355964,0,4396.31967056918
31,281620,4875.72966048146,50,71.2132034355964,0,4875.72966048146
31,281621,4858.54497465579,50,71.2132034355964,0,4858.54497465579
31,281622,4841.48398394032,50,71.2132034355964,0,4841.48398394032
31,281623,4824.54800060234,50,71.2132034355964,0,4824.54800060234
31,281653,4381.40756547952,50,71.2132034355964,0,4381.40756547952
31,281654,4369.03505003538,50,71.2132034355964,0,4369.03505003538
31,281655,4356.83263730841,50,71.2132034355964,0,4356.83263730841
31,282324,4834.0576743573,50,71.2132034355964,0,4834.0576743573
31,282325,4816.90986050885,50,71.2132034355964,0,4816.90986050885
31,282326,4799.88707851758,50,71.2132034355964,0,4799.88707851758
31,282327,4782.99066335622,50,71.2132034355964,0,4782.99066335622
31,282357,4341.78503435236,50,71.2132034355964,0,4341.78503435236
31,282358,4329.5057538369,50,71.2132034355964,0,4329.5057538369
31,282359,4317.39866327099,50,71.2132034355964,0,4317.39866327099
31,283029,4775.2861606763,50,71.2132034355964,0,4775.2861606763
31,283030,4758.30229851934,50,71.2132034355964,0,4758.30229851934
31,283031,4741.44619061149,50,71.2132034355964,0,4741.44619061149
31,283032,4724.71920429819,50,71.2132034355964,0,4724.71920429819
31,283061,4302.21325703258,50,71.2132034355964,0,4302.21325703258
31,283062,4290.02907806225,50,71.2132034355964,0,4290.02907806225
31,283063,4278.01921910135,50,71.2132034355964,0,4278.01921910135
31,283733,4733.67417931026,50,71.2132034355964,0,4733.67417931026
31,283734,4716.7299677188,50,71.2132034355964,0,4716.7299677188
31,283735,4699.91492658582,50,71.2132034355964,0,4699.91492658582
31,283742,4585.94439061824,50,71.2132034355964,0,4585.94439061824
31,283765,4262.69365039618,50,71.2132034355964,0,4262.69365039618
31,283766,4250.6064922152,50,71.2132034355964,0,4250.6064922152
31,283767,4238.69582803023,50,71.2132034355964,0,4238.69582803023
31,284437,4692.07423126725,50,71.2132034355964,0,4692.07423126725
31,284438,4675.17042130617,50,71.2132034355964,0,4675.17042130617
31,284440,4641.75606629085,50,71.2132034355964,0,4641.75606629085
31,284442,4608.8755497642,50,71.2132034355964,0,4608.8755497642
31,284443,4592.63907129409,50,71.2132034355964,0,4592.63907129409
31,284444,4576.54037795585,50,71.2132034355964,0,4576.54037795585
31,284445,4560.58092887707,50,71.2132034355964,0,4560.58092887707
31,284446,4544.76219097721,50,71.2132034355964,0,4544.76219097721
31,284469,4223.22768245036,50,71.2132034355964,0,4223.22768245036
31,284470,4211.2395187753,50,71.2132034355964,0,4211.2395187753
31,284471,4199.43006813763,50,71.2132034355964,0,4199.43006813763
31,285142,4633.62400639162,50,71.2132034355964,0,4633.62400639162
31,285143,4616.89346291621,50,71.2132034355964,0,4616.89346291621
31,285144,4600.29645335508,50,71.2132034355964,0,4600.29645335508
31,285145,4583.83442819479,50,71.2132034355964,0,4583.83442819479
31,285146,4567.50884695004,50,71.2132034355964,0,4567.50884695004
31,285147,4551.32117789645,50,71.2132034355964,0,4551.32117789645
31,285148,4535.2728977757,50,71.2132034355964,0,4535.2728977757
31,285173,4183.81687456994,50,71.2132034355964,0,4183.81687456994
31,285174,4171.92973551005,50,71.2132034355964,0,4171.92973551005
31,285175,4160.22357473144,50,71.2132034355964,0,4160.22357473144
31,285846,4592.09108253692,50,71.2132034355964,0,4592.09108253692
31,285847,4575.40401470685,50,71.2132034355964,0,4575.40401470685
31,285848,4558.8520145344,50,71.2132034355964,0,4558.8520145344
31,285849,4542.43655852093,50,71.2132034355964,0,4542.43655852093
31,285850,4526.15913232377,50,71.2132034355964,0,4526.15913232377
31,285851,4510.02123045941,50,71.2132034355964,0,4510.02123045941
31,285852,4494.0243560132,50,71.2132034355964,0,4494.0243560132
31,285853,4478.17002031519,50,71.2132034355964,0,4478.17002031519
31,285854,4462.45974261132,50,71.2132034355964,0,4462.45974261132
31,285877,4144.46280383444,50,71.2132034355964,0,4144.46280383444
31,285878,4132.67877787834,50,71.2132034355964,0,4132.67877787834
31,285879,4121.07804283543,50,71.2132034355964,0,4121.07804283543
31,286555,4468.73972978584,50,71.2132034355964,0,4468.73972978584
31,286556,4452.79528222221,50,71.2132034355964,0,4452.79528222221
31,286557,4436.99507470818,50,71.2132034355964,0,4436.99507470818
31,286558,4421.34065362406,50,71.2132034355964,0,4421.34065362406
31,286581,4105.16710548977,50,71.2132034355964,0,4105.16710548977
31,286582,4093.48834158318,50,71.2132034355964,0,4093.48834158318
31,286583,4081.99522981607,50,71.2132034355964,0,4081.99522981607
31,287259,4427.47719512732,50,71.2132034355964,0,4427.47719512732
31,287260,4411.58622549861,50,71.2132034355964,0,4411.58622549861
31,287261,4395.84123474326,50,71.2132034355964,0,4395.84123474326
31,287262,4380.2437970468,50,71.2132034355964,0,4380.2437970468
31,287285,4065.93147553243,50,71.2132034355964,0,4065.93147553243
31,287286,4054.36018523022,50,71.2132034355964,0,4054.36018523022
31,287287,4042.97695812657,50,71.2132034355964,0,4042.97695812657
31,287963,4386.23416503029,50,71.2132034355964,0,4386.23416503029
31,287964,4370.39775537641,50,71.2132034355964,0,4370.39775537641
31,287965,4354.70910210726,50,71.2132034355964,0,4354.70910210726
31,287966,4339.1698079028,50,71.2132034355964,0,4339.1698079028
31,287989,4026.75767341505,50,71.2132034355964,0,4026.75767341505
31,287990,4015.29613312487,50,71.2132034355964,0,4015.29613312487
31,287991,4004.02511819176,50,71.2132034355964,0,4004.02511819176
31,288666,4360.9398837193,50,71.2132034355964,0,4360.9398837193
31,288667,4345.0111982357,50,71.2132034355964,0,4345.0111982357
31,288668,4329.23046277954,50,71.2132034355964,0,4329.23046277954
31,288669,4313.59930111846,50,71.2132034355964,0,4313.59930111846
31,288670,4298.11934513685,50,71.2132034355964,0,4298.11934513685
31,288671,4282.79223441533,50,71.2132034355964,0,4282.79223441533
31,288693,3987.64752491295,50,71.2132034355964,0,3987.64752491295
31,288694,3976.29807822712,50,71.2132034355964,0,3976.29807822712
31,288695,3965.14167144781,50,71.2132034355964,0,3965.14167144781
31,289370,4319.68256690791,50,71.2132034355964,0,4319.68256690791
31,289371,4303.80887461335,50,71.2132034355964,0,4303.80887461335
31,289372,4288.08496101266,50,71.2132034355964,0,4288.08496101266
31,289373,4272.51247977436,50,71.2132034355964,0,4272.51247977436
31,289374,4257.09309272413,50,71.2132034355964,0,4257.09309272413
31,289397,3948.60292511303,50,71.2132034355964,0,3948.60292511303
31,289398,3937.36798523113,50,71.2132034355964,0,3937.36798523113
31,289399,3926.32865351749,50,71.2132034355964,0,3926.32865351749
31,290075,4262.62779615756,50,71.2132034355964,0,4262.62779615756
31,290076,4246.96188681788,50,71.2132034355964,0,4246.96188681788
31,290077,4231.44931087896,50,71.2132034355964,0,4231.44931087896
31,290078,4216.09176085318,50,71.2132034355964,0,4216.09176085318
31,290101,3909.62584157339,50,71.2132034355964,0,3909.62584157339
31,290102,3898.50789382393,50,71.2132034355964,0,3898.50789382393
31,290103,3887.58817756293,50,71.2132034355964,0,3887.58817756293
31,290110,3816.83967230522,50,71.2132034355964,0,3816.83967230522
31,290779,4221.46858803874,50,71.2132034355964,0,4221.46858803874
31,290780,4205.86190149225,50,71.2132034355964,0,4205.86190149225
31,290781,4190.41049321073,50,71.2132034355964,0,4190.41049321073
31,290782,4175.11608717373,50,71.2132034355964,0,4175.11608717373
31,290785,4130.19223477059,50,71.2132034355964,0,4130.19223477059
31,290805,3870.71831763579,50,71.2132034355964,0,3870.71831763579
31,290806,3859.71992209639,50,71.2132034355964,0,3859.71992209639
31,290807,3848.9224378044,50,71.2132034355964,0,3848.9224378044
31,290812,3798.00754318569,50,71.2132034355964,0,3798.00754318569
31,290813,3788.45063175659,50,71.2132034355964,0,3788.45063175659
31,290814,3779.10618441526,50,71.2132034355964,0,3779.10618441526
31,291483,4180.33189971533,50,71.2132034355964,0,4180.33189971533
31,291484,4164.78569205653,50,71.2132034355964,0,4164.78569205653
31,291485,4149.39675277604,50,71.2132034355964,0,4149.39675277604
31,291486,4134.16683811169,50,71.2132034355964,0,4134.16683811169
31,291487,4119.09771199213,50,71.2132034355964,0,4119.09771199213
31,291488,4104.19114549273,50,71.2132034355964,0,4104.19114549273
31,291489,4089.44891626812,50,71.2132034355964,0,4089.44891626812
31,291509,3831.88247591709,50,71.2132034355964,0,3831.88247591709
31,291510,3821.00627014619,50,71.2132034355964,0,3821.00627014619
31,291511,3810.33371321036,50,71.2132034355964,0,3810.33371321036
31,291516,3760.08519690139,50,71.2132034355964,0,3760.08519690139
31,291517,3750.67002963656,50,71.2132034355964,0,3750.67002963656
31,291518,3741.4701838663,50,71.2132034355964,0,3741.4701838663
31,292187,4139.21840609795,50,71.2132034355964,0,4139.21840609795
31,292188,4123.73397250504,50,71.2132034355964,0,4123.73397250504
31,292189,4108.40884411862,50,71.2132034355964,0,4108.40884411862
31,292190,4093.24481025725,50,71.2132034355964,0,4093.24481025725
31,292191,4078.24366790387,50,71.2132034355964,0,4078.24366790387
31,292192,4063.40722113164,50,71.2132034355964,0,4063.40722113164
31,292193,4048.73728050364,50,71.2132034355964,0,4048.73728050364
31,292213,3793.12052198119,50,71.2132034355964,0,3793.12052198119
31,292214,3782.36922384342,50,71.2132034355964,0,3782.36922384342
31,292215,3771.82437138788,50,71.2132034355964,0,3771.82437138788
31,292220,3722.25700118291,50,71.2132034355964,0,3722.25700118291
31,292221,3712.98670580129,50,71.2132034355964,0,3712.98670580129
31,292222,3703.93464628925,50,71.2132034355964,0,3703.93464628925
31,292891,4098.12880879734,50,71.2132034355964,0,4098.12880879734
31,292892,4082.70748511085,50,71.2132034355964,0,4082.70748511085
31,292893,4067.44755171157,50,71.2132034355964,0,4067.44755171157
31,292894,4052.35083184089,50,71.2132034355964,0,4052.35083184089
31,292895,4037.41915636631,50,71.2132034355964,0,4037.41915636631
31,292896,4022.65436317089,50,71.2132034355964,0,4022.65436317089
31,292917,3754.4347481918,50,71.2132034355964,0,3754.4347481918
31,292918,3743.81115881276,50,71.2132034355964,0,3743.81115881276
31,292919,3733.39687266284,50,71.2132034355964,0,3733.39687266284
31,293596,4041.70700182892,50,71.2132034355964,0,4041.70700182892
31,293597,4026.5136914378,50,71.2132034355964,0,4026.5136914378
31,293598,4011.48576429394,50,71.2132034355964,0,4011.48576429394
31,293599,3996.62508599759,50,71.2132034355964,0,3996.62508599759
31,293600,3981.93352907931,50,71.2132034355964,0,3981.93352907931
31,293621,3715.82753779383,50,71.2132034355964,0,3715.82753779383
31,293622,3705.33454461465,50,71.2132034355964,0,3705.33454461465
31,293623,3695.0537743791,50,71.2132034355964,0,3695.0537743791
31,294300,4000.73332575592,50,71.2132034355964,0,4000.73332575592
31,294301,3985.60811213793,50,71.2132034355964,0,3985.60811213793
31,294302,3970.65050388275,50,71.2132034355964,0,3970.65050388275
31,294303,3955.86240220073,50,71.2132034355964,0,3955.86240220073
31,294304,3941.24571513123,50,71.2132034355964,0,3941.24571513123
31,294325,3677.30136917368,50,71.2132034355964,0,3677.30136917368
31,294326,3666.94194913507,50,71.2132034355964,0,3666.94194913507
31,294327,3656.79773541133,50,71.2132034355964,0,3656.79773541133
31,294328,3646.87052387325,50,71.2132034355964,0,3646.87052387325
31,295004,3959.78729269993,50,71.2132034355964,0,3959.78729269993
31,295005,3944.73169726712,50,71.2132034355964,0,3944.73169726712
31,295006,3929.84598346612,50,71.2132034355964,0,3929.84598346612
31,295007,3915.13208901856,50,71.2132034355964,0,3915.13208901856
31,295008,3900.59195834507,50,71.2132034355964,0,3900.59195834507
31,295009,3886.22754183493,50,71.2132034355964,0,3886.22754183493
31,295029,3638.85882037274,50,71.2132034355964,0,3638.85882037274
31,295030,3628.63604322276,50,71.2132034355964,0,3628.63604322276
31,295031,3618.63152091571,50,71.2132034355964,0,3618.63152091571
31,295032,3608.84706860399,50,71.2132034355964,0,3608.84706860399
31,295708,3918.869772824,50,71.2132034355964,0,3918.869772824
31,295709,3903.88536664096,50,71.2132034355964,0,3903.88536664096
31,295710,3889.07317434097,50,71.2132034355964,0,3889.07317434097
31,295711,3874.43517107424,50,71.2132034355964,0,3874.43517107424
31,295712,3859.97333855055,50,71.2132034355964,0,3859.97333855055
31,295713,3845.68966425634,50,71.2132034355964,0,3845.68966425634
31,295733,3600.50257383088,50,71.2132034355964,0,3600.50257383088
31,295734,3590.4196055557,50,71.2132034355964,0,3590.4196055557
31,295735,3580.5580073223,50,71.2132034355964,0,3580.5580073223
31,295736,3570.91961316478,50,71.2132034355964,0,3570.91961316478
31,295737,3561.50623523473,50,71.2132034355964,0,3561.50623523473
31,296412,3877.98167239777,50,71.2132034355964,0,3877.98167239777
31,296413,3863.07007828808,50,71.2132034355964,0,3863.07007828808
31,296414,3848.33308819253,50,71.2132034355964,0,3848.33308819253
31,296415,3833.7727156418,50,71.2132034355964,0,3833.7727156418
31,296416,3819.39098055335,50,71.2132034355964,0,3819.39098055335
31,296417,3805.18990841109,50,71.2132034355964,0,3805.18990841109
31,296438,3552.29552775852,50,71.2132034355964,0,3552.29552775852
31,296439,3542.58018758629,50,71.2132034355964,0,3542.58018758629
31,296440,3533.09125329284,50,71.2132034355964,0,3533.09125329284
31,296441,3523.8305538694,50,71.2132034355964,0,3523.8305538694
31,297116,3837.12393566415,50,71.2132034355964,0,3837.12393566415
31,297117,3822.28683041884,50,71.2132034355964,0,3822.28683041884
31,297118,3807.62677918634,50,71.2132034355964,0,3807.62677918634
31,297119,3793.14583484406,50,71.2132034355964,0,3793.14583484406
31,297120,3778.84605646283,50,71.2132034355964,0,3778.84605646283
31,297121,3764.72950844257,50,71.2132034355964,0,3764.72950844257
31,297143,3504.70117672032,50,71.2132034355964,0,3504.70117672032
31,297144,3495.36521048965,50,71.2132034355964,0,3495.36521048965
31,297145,3486.26076629516,50,71.2132034355964,0,3486.26076629516
31,297821,3781.53666350523,50,71.2132034355964,0,3781.53666350523
31,297822,3766.95534615642,50,71.2132034355964,0,3766.95534615642
31,297823,3752.55568796769,50,71.2132034355964,0,3752.55568796769
31,297824,3738.33978813162,50,71.2132034355964,0,3738.33978813162
31,297847,3466.92421759323,50,71.2132034355964,0,3466.92421759323
31,297848,3457.74483795085,50,71.2132034355964,0,3457.74483795085
31,297849,3448.80033738439,50,71.2132034355964,0,3448.80033738439
31,297850,3440.09254800544,50,71.2132034355964,0,3440.09254800544
31,298525,3740.82066249743,50,71.2132034355964,0,3740.82066249743
31,298526,3726.31993495539,50,71.2132034355964,0,3726.31993495539
31,298527,3712.00348394429,50,71.2132034355964,0,3712.00348394429
31,298551,3429.25268705355,50,71.2132034355964,0,3429.25268705355
31,298552,3420.23362681477,50,71.2132034355964,0,3420.23362681477
31,298553,3411.45287390601,50,71.2132034355964,0,3411.45287390601
31,298554,3402.91227308611,50,71.2132034355964,0,3402.91227308611
31,299229,3700.13995917461,50,71.2132034355964,0,3700.13995917461
31,299256,3382.83521272352,50,71.2132034355964,0,3382.83521272352
31,299257,3374.22213120217,50,71.2132034355964,0,3374.22213120217
31,299258,3365.85271411809,50,71.2132034355964,0,3365.85271411809
31,299259,3357.72878353204,50,71.2132034355964,0,3357.72878353204
31,299960,3345.5533827136,50,71.2132034355964,0,3345.5533827136
31,299961,3337.11202021513,50,71.2132034355964,0,3337.11202021513
31,299962,3328.91790709099,50,71.2132034355964,0,3328.91790709099
31,299963,3320.97287351889,50,71.2132034355964,0,3320.97287351889
31,299964,3313.27871133138,50,71.2132034355964,0,3313.27871133138
31,300665,3300.12661485616,50,71.2132034355964,0,3300.12661485616
31,300666,3292.11205524188,50,71.2132034355964,0,3292.11205524188
31,300667,3284.35024044266,50,71.2132034355964,0,3284.35024044266
31,300668,3276.84296647831,50,71.2132034355964,0,3276.84296647831
31,300669,3269.5919866958,50,71.2132034355964,0,3269.5919866958
31,301370,3255.43953689071,50,71.2132034355964,0,3255.43953689071
31,301371,3247.86539720371,50,71.2132034355964,0,3247.86539720371
31,301372,3240.54953911006,50,71.2132034355964,0,3240.54953911006
31,301373,3233.49371571412,50,71.2132034355964,0,3233.49371571412
31,301374,3226.69963287043,50,71.2132034355964,0,3226.69963287043
31,302075,3211.5230444319,50,71.2132034355964,0,3211.5230444319
31,302076,3204.40326944751,50,71.2132034355964,0,3204.40326944751
31,302077,3197.54733948773,50,71.2132034355964,0,3197.54733948773
31,302078,3190.95695520703,50,71.2132034355964,0,3190.95695520703
31,302079,3184.63376519041,50,71.2132034355964,0,3184.63376519041
31,302080,3178.57936404005,50,71.2132034355964,0,3178.57936404005
31,302780,3168.40919852344,50,71.2132034355964,0,3168.40919852344
31,302781,3161.75804331153,50,71.2132034355964,0,3161.75804331153
31,302782,3155.37630654699,50,71.2132034355964,0,3155.37630654699
31,302783,3149.26562609721,50,71.2132034355964,0,3149.26562609721
31,302784,3143.42758272505,50,71.2132034355964,0,3143.42758272505
31,302785,3137.86369816856,50,71.2132034355964,0,3137.86369816856
31,303488,3108.45376454064,50,71.2132034355964,0,3108.45376454064
31,304149,3533.9001947974,50,71.2132034355964,0,3533.9001947974
31,304150,3518.54614209115,50,71.2132034355964,0,3518.54614209115
31,304201,3038.0024552011,50,71.2132034355964,0,3038.0024552011
31,304202,3035.48766650393,50,71.2132034355964,0,3035.48766650393
31,304203,3033.26564691686,50,71.2132034355964,0,3033.26564691686
31,304204,3031.3370402543,50,71.2132034355964,0,3031.3370402543
31,304851,3523.97710800611,50,71.2132034355964,0,3523.97710800611
31,304852,3508.32463965471,50,71.2132034355964,0,3508.32463965471
31,304853,3492.85807924907,50,71.2132034355964,0,3492.85807924907
31,304901,3017.59597070018,50,71.2132034355964,0,3017.59597070018
31,304902,3014.17415227926,50,71.2132034355964,0,3014.17415227926
31,304903,3011.04547679979,50,71.2132034355964,0,3011.04547679979
31,304904,3008.21085890796,50,71.2132034355964,0,3008.21085890796
31,304905,3005.67113057188,50,71.2132034355964,0,3005.67113057188
31,304906,3003.42703987623,50,71.2132034355964,0,3003.42703987623
31,304907,3001.47924993227,50,71.2132034355964,0,3001.47924993227
31,304908,2999.82833790463,50,71.2132034355964,0,2999.82833790463
31,304909,2998.47479416194,50,71.2132034355964,0,2998.47479416194
31,305554,3498.58483303692,50,71.2132034355964,0,3498.58483303692
31,305555,3482.81816366016,50,71.2132034355964,0,3482.81816366016
31,305556,3467.23774249985,50,71.2132034355964,0,3467.23774249985
31,305557,3451.84609153572,50,71.2132034355964,0,3451.84609153572
31,305603,2991.65125007554,50,71.2132034355964,0,2991.65125007554
31,305604,2987.90039895448,50,71.2132034355964,0,2987.90039895448
31,305605,2984.4445146281,50,71.2132034355964,0,2984.4445146281
31,305606,2981.28462286794,50,71.2132034355964,0,2981.28462286794
31,305607,2978.42166575364,50,71.2132034355964,0,2978.42166575364
31,305608,2975.85650029456,50,71.2132034355964,0,2975.85650029456
31,305609,2973.58989716009,50,71.2132034355964,0,2973.58989716009
31,305610,2971.62253953422,50,71.2132034355964,0,2971.62253953422
31,305611,2969.95502209713,50,71.2132034355964,0,2969.95502209713
31,305612,2968.58785012663,50,71.2132034355964,0,2968.58785012663
31,305613,2967.52143874198,50,71.2132034355964,0,2967.52143874198
31,306257,3473.26451679783,50,71.2132034355964,0,3473.26451679783
31,306258,3457.38229568492,50,71.2132034355964,0,3457.38229568492
31,306259,3441.68664432783,50,71.2132034355964,0,3441.68664432783
31,306260,3426.18012680793,50,71.2132034355964,0,3426.18012680793
31,306261,3410.86532265602,50,71.2132034355964,0,3410.86532265602
31,306279,3170.9814037119,50,71.2132034355964,0,3170.9814037119
31,306280,3159.81012944675,50,71.2132034355964,0,3159.81012944675
31,306281,3148.88325125493,50,71.2132034355964,0,3148.88325125493
31,306307,2958.20917774435,50,71.2132034355964,0,2958.20917774435
31,306308,2954.71854751921,50,71.2132034355964,0,2954.71854751921
31,306309,2951.5268142557,50,71.2132034355964,0,2951.5268142557
31,306310,2948.63494857223,50,71.2132034355964,0,2948.63494857223
31,306311,2946.04383352854,50,71.2132034355964,0,2946.04383352854
31,306312,2943.75426329323,50,71.2132034355964,0,2943.75426329323
31,306313,2941.76694194072,50,71.2132034355964,0,2941.76694194072
31,306314,2940.08248237961,50,71.2132034355964,0,2940.08248237961
31,306315,2938.70140540824,50,71.2132034355964,0,2938.70140540824
31,306960,3448.01774456319,50,71.2132034355964,0,3448.01774456319
31,306961,3432.01860563174,50,71.2132034355964,0,3432.01860563174
31,306981,3154.81921856891,50,71.2132034355964,0,3154.81921856891
31,306982,3143.30593781865,50,71.2132034355964,0,3143.30593781865
31,306983,3132.03589213846,50,71.2132034355964,0,3132.03589213846
31,306984,3121.01171651061,50,71.2132034355964,0,3121.01171651061
31,306985,3110.23602538479,50,71.2132034355964,0,3110.23602538479
31,307014,2916.23319049307,50,71.2132034355964,0,2916.23319049307
31,307015,2913.92018462353,50,71.2132034355964,0,2913.92018462353
31,307016,2911.91249138101,50,71.2132034355964,0,2911.91249138101
31,307017,2910.21074265196,50,71.2132034355964,0,2910.21074265196
31,307018,2908.81547539765,50,71.2132034355964,0,2908.81547539765
31,307019,2907.72713081224,50,71.2132034355964,0,2907.72713081224
31,307020,2906.94605362616,50,71.2132034355964,0,2906.94605362616
31,307663,3422.84614370639,50,71.2132034355964,0,3422.84614370639
31,307685,3115.67180047654,50,71.2132034355964,0,3115.67180047654
31,307686,3104.30137046131,50,71.2132034355964,0,3104.30137046131
31,307687,3093.17828983078,50,71.2132034355964,0,3093.17828983078
31,307688,3082.30523640748,50,71.2132034355964,0,3082.30523640748
31,307718,2884.08770941437,50,71.2132034355964,0,2884.08770941437
31,307719,2882.05922350022,50,71.2132034355964,0,2882.05922350022
31,307720,2880.33982780454,50,71.2132034355964,0,2880.33982780454
31,307721,2878.93007612447,50,71.2132034355964,0,2878.93007612447
31,307722,2877.83042351377,50,71.2132034355964,0,2877.83042351377
31,307723,2877.04122554665,50,71.2132034355964,0,2877.04122554665
31,307724,2876.56273774717,50,71.2132034355964,0,2876.56273774717
31,307725,2876.39511517472,50,71.2132034355964,0,2876.39511517472
26,307832,3391.76602027713,350,371.213203435596,0,3391.76602027713
31,308388,3088.08010118822,50,71.2132034355964,0,3088.08010118822
31,308389,3076.60763848326,50,71.2132034355964,0,3076.60763848326
31,308390,3065.38400926886,50,71.2132034355964,0,3065.38400926886
31,308391,3054.41195661093,50,71.2132034355964,0,3054.41195661093
31,308392,3043.69420119414,50,71.2132034355964,0,3043.69420119414
31,308423,2850.46976376943,50,71.2132034355964,0,2850.46976376943
31,308424,2849.04522429088,50,71.2132034355964,0,2849.04522429088
31,308425,2847.93402649661,50,71.2132034355964,0,2847.93402649661
31,308426,2847.13653726567,50,71.2132034355964,0,2847.13653726567
31,308427,2846.65302025439,50,71.2132034355964,0,2846.65302025439
31,308428,2846.48363545943,50,71.2132034355964,0,2846.48363545943
31,308429,2846.62843895911,50,71.2132034355964,0,2846.62843895911
31,308430,2847.08738281242,50,71.2132034355964,0,2847.08738281242
26,308534,3362.52960083049,350,371.213203435596,0,3362.52960083049
26,308535,3361.85932617138,350,371.213203435596,0,3361.85932617138
26,308536,3361.45501536973,350,371.213203435596,0,3361.45501536973
31,309093,3037.62994938583,50,71.2132034355964,0,3037.62994938583
31,309094,3026.55722306944,50,71.2132034355964,0,3026.55722306944
31,309095,3015.74041696841,50,71.2132034355964,0,3015.74041696841
31,309096,3005.1822945519,50,71.2132034355964,0,3005.1822945519
31,309128,2818.03794963789,50,71.2132034355964,0,2818.03794963789
31,309129,2817.23199323636,50,71.2132034355964,0,2817.23199323636
31,309130,2816.74334024099,50,71.2132034355964,0,2816.74334024099
31,309131,2816.5721557984,50,71.2132034355964,0,2816.5721557984
31,309132,2816.71849779246,50,71.2132034355964,0,2816.71849779246
31,309133,2817.18231673906,50,71.2132034355964,0,2817.18231673906
31,309134,2817.96345587491,50,71.2132034355964,0,2817.96345587491
26,309238,3331.95271802749,350,371.213203435596,0,3331.95271802749
31,309797,2998.74210992635,50,71.2132034355964,0,2998.74210992635
31,309798,2987.82454776034,50,71.2132034355964,0,2987.82454776034
31,309799,2977.16736968237,50,71.2132034355964,0,2977.16736968237
31,309800,2966.77338173196,50,71.2132034355964,0,2966.77338173196
31,309833,2786.8336989105,50,71.2132034355964,0,2786.8336989105
31,309834,2786.6606761897,50,71.2132034355964,0,2786.6606761897
31,309835,2786.80858970364,50,71.2132034355964,0,2786.80858970364
31,309836,2787.27738835694,50,71.2132034355964,0,2787.27738835694
31,309837,2788.06691028572,50,71.2132034355964,0,2788.06691028572
31,310501,2959.94766632605,50,71.2132034355964,0,2959.94766632605
31,310502,2949.18969621224,50,71.2132034355964,0,2949.18969621224
31,310503,2938.69669807432,50,71.2132034355964,0,2938.69669807432
31,310504,2928.47152017523,50,71.2132034355964,0,2928.47152017523
31,310538,2756.89871577302,50,71.2132034355964,0,2756.89871577302
31,310539,2757.37260215098,50,71.2132034355964,0,2757.37260215098
31,310540,2758.17068858339,50,71.2132034355964,0,2758.17068858339
31,311205,2921.25034444263,50,71.2132034355964,0,2921.25034444263
31,311206,2910.65656880259,50,71.2132034355964,0,2910.65656880259
31,311207,2900.33248092655,50,71.2132034355964,0,2900.33248092655
31,311208,2890.28097079218,50,71.2132034355964,0,2890.28097079218
31,311910,2872.22926468009,50,71.2132034355964,0,2872.22926468009
31,311911,2862.07900413649,50,71.2132034355964,0,2862.07900413649
31,311912,2852.20621000396,50,71.2132034355964,0,2852.20621000396
31,311913,2842.61377332194,50,71.2132034355964,0,2842.61377332194
31,312614,2833.91209377358,50,71.2132034355964,0,2833.91209377358
31,312615,2823.94077313132,50,71.2132034355964,0,2823.94077313132
31,312616,2814.25194254676,50,71.2132034355964,0,2814.25194254676
31,312617,2804.84852944909,50,71.2132034355964,0,2804.84852944909
31,312618,2795.73341383601,50,71.2132034355964,0,2795.73341383601
31,313319,2785.92252611235,50,71.2132034355964,0,2785.92252611235
31,313320,2776.42311512991,50,71.2132034355964,0,2776.42311512991
31,313321,2767.21431906538,50,71.2132034355964,0,2767.21431906538
31,313322,2758.29904864057,50,71.2132034355964,0,2758.29904864057
31,314023,2748.02924817589,50,71.2132034355964,0,2748.02924817589
31,314024,2738.72493098055,50,71.2132034355964,0,2738.72493098055
31,314025,2729.7165670848,50,71.2132034355964,0,2729.7165670848
31,314026,2721.00709590686,50,71.2132034355964,0,2721.00709590686
31,314728,2701.16286532876,50,71.2132034355964,0,2701.16286532876
31,314729,2692.36098043457,50,71.2132034355964,0,2692.36098043457
31,314730,2683.86349742937,50,71.2132034355964,0,2683.86349742937
31,315432,2663.74268192065,50,71.2132034355964,0,2663.74268192065
31,315433,2655.1535649673,50,71.2132034355964,0,2655.1535649673
31,315434,2646.87450423826,50,71.2132034355964,0,2646.87450423826
31,315435,2638.90841796012,50,71.2132034355964,0,2638.90841796012
31,316136,2626.47045058737,50,71.2132034355964,0,2626.47045058737
31,316137,2618.10064345596,50,71.2132034355964,0,2618.10064345596
31,316138,2610.04669496742,50,71.2132034355964,0,2610.04669496742
31,316139,2602.31153779458,50,71.2132034355964,0,2602.31153779458
31,316140,2594.89802280566,50,71.2132034355964,0,2594.89802280566
31,316841,2581.20887472639,50,71.2132034355964,0,2581.20887472639
31,316842,2573.38699535675,50,71.2132034355964,0,2573.38699535675
31,316843,2565.88987090113,50,71.2132034355964,0,2565.88987090113
31,316844,2558.72035598424,50,71.2132034355964,0,2558.72035598424
31,318257,2458.84241039837,50,71.2132034355964,0,2458.84241039837
31,318960,2429.31429599025,50,71.2132034355964,0,2429.31429599025
31,318961,2424.6932275525,50,71.2132034355964,0,2424.6932275525
31,319663,2399.79567708723,50,71.2132034355964,0,2399.79567708723
31,319664,2395.11763179267,50,71.2132034355964,0,2395.11763179267
31,319669,2377.23944349122,50,71.2132034355964,0,2377.23944349122
31,320366,2370.28690844815,50,71.2132034355964,0,2370.28690844815
31,320367,2365.55048266558,50,71.2132034355964,0,2365.55048266558
31,320368,2361.18339411824,50,71.2132034355964,0,2361.18339411824
31,320369,2357.18769558643,50,71.2132034355964,0,2357.18769558643
31,320371,2350.31786917913,50,71.2132034355964,0,2350.31786917913
31,320372,2347.44702359316,50,71.2132034355964,0,2347.44702359316
31,320373,2344.95412490629,50,71.2132034355964,0,2344.95412490629
31,321070,2335.99210090587,50,71.2132034355964,0,2335.99210090587
31,321071,2331.56962560852,50,71.2132034355964,0,2331.56962560852
31,321072,2327.52306738215,50,71.2132034355964,0,2327.52306738215
31,321074,2320.56538566887,50,71.2132034355964,0,2320.56538566887
31,321075,2317.65767079645,50,71.2132034355964,0,2317.65767079645
31,321076,2315.13268203081,50,71.2132034355964,0,2315.13268203081
31,321077,2312.99167278732,50,71.2132034355964,0,2312.99167278732
31,321078,2311.23571016136,50,71.2132034355964,0,2311.23571016136
31,321779,2285.313592581,50,71.2132034355964,0,2285.313592581
31,321780,2283.14460910879,50,71.2132034355964,0,2283.14460910879
31,321781,2281.36566379866,50,71.2132034355964,0,2281.36566379866
31,321782,2279.97766963021,50,71.2132034355964,0,2279.97766963021
31,321783,2278.98134091944,50,71.2132034355964,0,2278.98134091944
31,322484,2251.49671763776,50,71.2132034355964,0,2251.49671763776
31,322485,2250.09029097182,50,71.2132034355964,0,2250.09029097182
31,322486,2249.08071694522,50,71.2132034355964,0,2249.08071694522
31,322487,2248.46853012537,50,71.2132034355964,0,2248.46853012537
31,322488,2248.25405512969,50,71.2132034355964,0,2248.25405512969
31,323189,2219.18038562547,50,71.2132034355964,0,2219.18038562547
31,323190,2218.55994482041,50,71.2132034355964,0,2218.55994482041
31,323191,2218.34257701934,50,71.2132034355964,0,2218.34257701934
31,323192,2218.52840070083,50,71.2132034355964,0,2218.52840070083
31,323193,2219.11731457674,50,71.2132034355964,0,2219.11731457674
31,323894,2188.43109902066,50,71.2132034355964,0,2188.43109902066
31,323895,2188.61946333678,50,71.2132034355964,0,2188.61946333678
31,323896,2189.21642614349,50,71.2132034355964,0,2189.21642614349
31,323897,2190.22165334091,50,71.2132034355964,0,2190.22165334091
31,323898,2191.63458315813,50,71.2132034355964,0,2191.63458315813
31,324598,2158.71059649441,50,71.2132034355964,0,2158.71059649441
31,324599,2159.3158311548,50,71.2132034355964,0,2159.3158311548
31,324600,2160.33497694838,50,71.2132034355964,0,2160.33497694838
31,324601,2161.76744847018,50,71.2132034355964,0,2161.76744847018
31,324602,2163.61242476428,50,71.2132034355964,0,2163.61242476428
31,325302,2129.41554197171,50,71.2132034355964,0,2129.41554197171
31,325303,2130.44899681361,50,71.2132034355964,0,2130.44899681361
31,325304,2131.90155728904,50,71.2132034355964,0,2131.90155728904
31,325305,2133.77236748234,50,71.2132034355964,0,2133.77236748234
31,325306,2136.06032845662,50,71.2132034355964,0,2136.06032845662
31,325307,2138.76410145989,50,71.2132034355964,0,2138.76410145989
31,326007,2102.03696261853,50,71.2132034355964,0,2102.03696261853
31,326008,2103.93433866335,50,71.2132034355964,0,2103.93433866335
31,326009,2106.25472451363,50,71.2132034355964,0,2106.25472451363
31,326010,2108.99672394334,50,71.2132034355964,0,2108.99672394334
31,326011,2112.15869493866,50,71.2132034355964,0,2112.15869493866
31,326712,2076.45216554559,50,71.2132034355964,0,2076.45216554559
31,326713,2079.23348257111,50,71.2132034355964,0,2079.23348257111
31,328117,2014.43332432343,50,71.2132034355964,0,2014.43332432343
31,328820,1984.60433776303,50,71.2132034355964,0,1984.60433776303
31,328821,1987.06412851137,50,71.2132034355964,0,1987.06412851137
31,329523,1954.77787237414,50,71.2132034355964,0,1954.77787237414
31,329524,1957.27516109169,50,71.2132034355964,0,1957.27516109169
31,329525,1960.2256462423,50,71.2132034355964,0,1960.2256462423
31,330227,1927.48998834457,50,71.2132034355964,0,1927.48998834457
31,330228,1930.48601272015,50,71.2132034355964,0,1930.48601272015
31,330229,1933.9399802277,50,71.2132034355964,0,1933.9399802277
31,330230,1937.84944219616,50,71.2132034355964,0,1937.84944219616
31,330931,1900.75177231846,50,71.2132034355964,0,1900.75177231846
31,330932,1904.25969174124,50,71.2132034355964,0,1904.25969174124
31,330933,1908.2299831293,50,71.2132034355964,0,1908.2299831293
31,330934,1912.65976711412,50,71.2132034355964,0,1912.65976711412
31,330935,1917.54585923339,50,71.2132034355964,0,1917.54585923339
31,331636,1878.6197779048,50,71.2132034355964,0,1878.6197779048
31,331637,1883.11924136764,50,71.2132034355964,0,1883.11924136764
31,331638,1888.08180845168,50,71.2132034355964,0,1888.08180845168
31,331639,1893.50383800316,50,71.2132034355964,0,1893.50383800316
31,332341,1858.63205129195,50,71.2132034355964,0,1858.63205129195
31,332342,1864.13976984332,50,71.2132034355964,0,1864.13976984332
31,332343,1870.10964958729,50,71.2132034355964,0,1870.10964958729
31,333045,1834.79338673918,50,71.2132034355964,0,1834.79338673918
31,333046,1840.85847144981,50,71.2132034355964,0,1840.85847144981
31,333047,1847.38791323601,50,71.2132034355964,0,1847.38791323601
31,333048,1854.37680696298,50,71.2132034355964,0,1854.37680696298
31,333749,1811.62885709885,50,71.2132034355964,0,1811.62885709885
31,333750,1818.26330202161,50,71.2132034355964,0,1818.26330202161
31,333751,1825.36374864726,50,71.2132034355964,0,1825.36374864726
31,333752,1832.92478134489,50,71.2132034355964,0,1832.92478134489
31,334399,2112.06445133612,50,71.2132034355964,0,2112.06445133612
31,334452,1782.42186739692,50,71.2132034355964,0,1782.42186739692
31,334453,1789.16465494973,50,71.2132034355964,0,1789.16465494973
31,334454,1796.38016051293,50,71.2132034355964,0,1796.38016051293
31,334455,1804.06271206599,50,71.2132034355964,0,1804.06271206599
31,334456,1812.20636972254,50,71.2132034355964,0,1812.20636972254
31,334457,1820.80494652139,50,71.2132034355964,0,1820.80494652139
31,334458,1829.85202940181,50,71.2132034355964,0,1829.85202940181
31,334459,1839.34100023516,50,71.2132034355964,0,1839.34100023516
31,335102,2087.4963816184,50,71.2132034355964,0,2087.4963816184
31,335103,2070.48364713031,50,71.2132034355964,0,2070.48364713031
31,335156,1760.09325977301,50,71.2132034355964,0,1760.09325977301
31,335157,1767.42749238224,50,71.2132034355964,0,1767.42749238224
31,335158,1775.23538653302,50,71.2132034355964,0,1775.23538653302
31,335159,1783.51072141685,50,71.2132034355964,0,1783.51072141685
31,335160,1792.24702210879,50,71.2132034355964,0,1792.24702210879
31,335161,1801.43758208456,50,71.2132034355964,0,1801.43758208456
31,335162,1811.07548574646,50,71.2132034355964,0,1811.07548574646
31,335163,1821.1536308165,50,71.2132034355964,0,1821.1536308165
31,335805,2063.06942041599,50,71.2132034355964,0,2063.06942041599
31,335860,1738.50728905778,50,71.2132034355964,0,1738.50728905778
31,335861,1746.44452521898,50,71.2132034355964,0,1746.44452521898
31,335862,1754.85567893452,50,71.2132034355964,0,1754.85567893452
31,335863,1763.73396995506,50,71.2132034355964,0,1763.73396995506
31,335864,1773.07238101618,50,71.2132034355964,0,1773.07238101618
31,335865,1782.86368198193,50,71.2132034355964,0,1782.86368198193
31,335866,1793.10045379544,50,71.2132034355964,0,1793.10045379544
31,335867,1803.7751120712,50,71.2132034355964,0,1803.7751120712
31,335868,1814.87993022015,50,71.2132034355964,0,1814.87993022015
31,336565,1726.24326440387,50,71.2132034355964,0,1726.24326440387
31,336566,1735.2680020158,50,71.2132034355964,0,1735.2680020158
31,336567,1744.75882804117,50,71.2132034355964,0,1744.75882804117
31,336568,1754.70817958927,50,71.2132034355964,0,1754.70817958927
31,336569,1765.10830299311,50,71.2132034355964,0,1765.10830299311
31,336570,1775.95127899114,50,71.2132034355964,0,1775.95127899114
31,336571,1787.22904735012,50,71.2132034355964,0,1787.22904735012
31,336572,1798.93343076091,50,71.2132034355964,0,1798.93343076091
31,336573,1811.05615793882,50,71.2132034355964,0,1811.05615793882
26,336683,2300.10200966354,350,371.213203435596,0,2300.10200966354
31,337273,1748.19639323087,50,71.2132034355964,0,1748.19639323087
31,337274,1759.6521155612,50,71.2132034355964,0,1759.6521155612
31,337275,1771.53877016349,50,71.2132034355964,0,1771.53877016349
31,337276,1783.84774251945,50,71.2132034355964,0,1783.84774251945
31,337277,1796.57035227928,50,71.2132034355964,0,1796.57035227928
26,337385,2261.91678341577,350,371.213203435596,0,2261.91678341577
26,337386,2271.97249344658,350,371.213203435596,0,2271.97249344658
26,337387,2282.37590250448,350,371.213203435596,0,2282.37590250448
31,337978,1744.22680107956,50,71.2132034355964,0,1744.22680107956
31,337979,1756.72721937747,50,71.2132034355964,0,1756.72721937747
31,337980,1769.64488825332,50,71.2132034355964,0,1769.64488825332
31,337981,1782.97073875767,50,71.2132034355964,0,1782.97073875767
31,337982,1796.69568862776,50,71.2132034355964,0,1796.69568862776
31,338682,1729.69872279548,50,71.2132034355964,0,1729.69872279548
31,338683,1742.81680732125,50,71.2132034355964,0,1742.81680732125
31,338684,1756.34629366519,50,71.2132034355964,0,1756.34629366519
31,338685,1770.27774933993,50,71.2132034355964,0,1770.27774933993
31,338686,1784.60176047397,50,71.2132034355964,0,1784.60176047397
31,338690,1845.63681411547,50,71.2132034355964,0,1845.63681411547
31,338691,1861.78436425748,50,71.2132034355964,0,1861.78436425748
31,338692,1878.26939375234,50,71.2132034355964,0,1878.26939375234
26,338792,2215.85349330642,350,371.213203435596,0,2215.85349330642
31,339387,1729.82928198367,50,71.2132034355964,0,1729.82928198367
31,339388,1743.97265334469,50,71.2132034355964,0,1743.97265334469
31,339389,1758.51102447063,50,71.2132034355964,0,1758.51102447063
31,339390,1773.43468092942,50,71.2132034355964,0,1773.43468092942
31,339391,1788.73397927785,50,71.2132034355964,0,1788.73397927785
31,339392,1804.39936446767,50,71.2132034355964,0,1804.39936446767
31,339393,1820.42138559074,50,71.2132034355964,0,1820.42138559074
31,339394,1836.79071004311,50,71.2132034355964,0,1836.79071004311
31,339395,1853.49813613218,50,71.2132034355964,0,1853.49813613218
31,339396,1870.53460420933,50,71.2132034355964,0,1870.53460420933
31,339397,1887.89120639946,50,71.2132034355964,0,1887.89120639946
26,339494,2177.42334628475,350,371.213203435596,0,2177.42334628475
26,339495,2187.86760122867,350,371.213203435596,0,2187.86760122867
26,339496,2198.66917802896,350,371.213203435596,0,2198.66917802896
31,340092,1732.5437935017,50,71.2132034355964,0,1732.5437935017
31,340093,1747.68928138103,50,71.2132034355964,0,1747.68928138103
31,340094,1763.21206849671,50,71.2132034355964,0,1763.21206849671
31,340095,1779.10227899402,50,71.2132034355964,0,1779.10227899402
31,340096,1795.35015696941,50,71.2132034355964,0,1795.35015696941
31,340097,1811.94608074364,50,71.2132034355964,0,1811.94608074364
31,340098,1828.88057546101,50,71.2132034355964,0,1828.88057546101
31,340099,1846.14432411246,50,71.2132034355964,0,1846.14432411246
31,340100,1863.72817706527,50,71.2132034355964,0,1863.72817706527
31,340101,1881.62316017116,50,71.2132034355964,0,1881.62316017116
31,340102,1899.82048156574,50,71.2132034355964,0,1899.82048156574
32,340103,1918.13762271774,50,71.2132034355964,0,1918.13762271774
32,340106,1974.56426928559,50,71.2132034355964,0,1974.56426928559
32,340107,1993.91567664453,50,71.2132034355964,0,1993.91567664453
32,340108,2013.52540286023,50,71.2132034355964,0,2013.52540286023
32,340109,2033.38597436082,50,71.2132034355964,0,2033.38597436082
32,340112,2094.4009504341,50,71.2132034355964,0,2094.4009504341
32,340113,2115.19406092756,50,71.2132034355964,0,2115.19406092756
32,340114,2136.20355770088,50,71.2132034355964,0,2136.20355770088
26,340202,2205.80482309331,350,371.213203435596,0,2205.80482309331
26,340203,2218.1329838869,350,371.213203435596,0,2218.1329838869
31,340797,1737.83018212063,50,71.2132034355964,0,1737.83018212063
31,340798,1753.95044550234,50,71.2132034355964,0,1753.95044550234
31,340799,1770.42925435369,50,71.2132034355964,0,1770.42925435369
31,340800,1787.25669115254,50,71.2132034355964,0,1787.25669115254
31,340801,1804.42300236857,50,71.2132034355964,0,1804.42300236857
31,340802,1821.91860929192,50,71.2132034355964,0,1821.91860929192
31,340803,1839.73411728321,50,71.2132034355964,0,1839.73411728321
31,340804,1857.8603235179,50,71.2132034355964,0,1857.8603235179
32,340805,1876.16824339044,50,71.2132034355964,0,1876.16824339044
32,340806,1894.63630351902,50,71.2132034355964,0,1894.63630351902
32,340807,1913.39366773287,50,71.2132034355964,0,1913.39366773287
32,340808,1932.43191156177,50,71.2132034355964,0,1932.43191156177
32,340809,1951.74281551646,50,71.2132034355964,0,1951.74281551646
32,340810,1971.31836673217,50,71.2132034355964,0,1971.31836673217
32,340811,1991.15075976127,50,71.2132034355964,0,1991.15075976127
32,340812,2011.23239661007,50,71.2132034355964,0,2011.23239661007
32,340813,2031.55588607136,50,71.2132034355964,0,2031.55588607136
32,340814,2052.11404246421,50,71.2132034355964,0,2052.11404246421
32,340815,2072.89988381061,50,71.2132034355964,0,2072.89988381061
32,340816,2093.90662955896,50,71.2132034355964,0,2093.90662955896
32,340817,2115.12769786883,50,71.2132034355964,0,2115.12769786883
32,340818,2136.55670255783,50,71.2132034355964,0,2136.55670255783
26,340905,2178.51158327951,350,371.213203435596,0,2178.51158327951
31,341504,1780.13201116454,50,71.2132034355964,0,1780.13201116454
31,341505,1797.86411217125,50,71.2132034355964,0,1797.86411217125
31,341506,1815.91572494997,50,71.2132034355964,0,1815.91572494997
32,341507,1834.21384503608,50,71.2132034355964,0,1834.21384503608
32,341508,1852.61735913707,50,71.2132034355964,0,1852.61735913707
32,341509,1871.31795776453,50,71.2132034355964,0,1871.31795776453
32,341510,1890.30682386604,50,71.2132034355964,0,1890.30682386604
32,341511,1909.57535784094,50,71.2132034355964,0,1909.57535784094
32,341512,1929.11517950925,50,71.2132034355964,0,1929.11517950925
32,341513,1948.91812910936,50,71.2132034355964,0,1948.91812910936
32,341514,1968.97626743985,50,71.2132034355964,0,1968.97626743985
32,341515,1989.28187523251,50,71.2132034355964,0,1989.28187523251
32,341516,2009.8274518275,50,71.2132034355964,0,2009.8274518275
32,341517,2030.6057132601,50,71.2132034355964,0,2030.6057132601
32,341518,2051.60958979254,50,71.2132034355964,0,2051.60958979254
32,341519,2072.83222300818,50,71.2132034355964,0,2072.83222300818
32,341520,2094.26696248327,50,71.2132034355964,0,2094.26696248327
32,342213,1867.41367739024,50,71.2132034355964,0,1867.41367739024
32,342214,1886.91610710161,50,71.2132034355964,0,1886.91610710161
32,342215,1906.68826167721,50,71.2132034355964,0,1906.68826167721
32,342216,1926.7218373287,50,71.2132034355964,0,1926.7218373287
32,342217,1947.0087644629,50,71.2132034355964,0,1947.0087644629
32,342218,1967.54120632636,50,71.2132034355964,0,1967.54120632636
32,342219,1988.31155695358,50,71.2132034355964,0,1988.31155695358
32,342220,2009.31243854136,50,71.2132034355964,0,2009.31243854136
32,342221,2030.53669827963,50,71.2132034355964,0,2030.53669827963
26,354295,2357.3619132036,350,371.213203435596,0,2357.3619132036
26,354997,2315.48828471537,350,371.213203435596,0,2315.48828471537
26,354998,2339.50755978843,350,371.213203435596,0,2339.50755978843
26,354999,2363.66130440727,350,371.213203435596,0,2363.66130440727
26,355701,2321.90125721872,350,371.213203435596,0,2321.90125721872
31,358329,807.509594365991,50,71.2132034355964,0,807.509594365991
26,358511,2204.31462931711,350,371.213203435596,0,2204.31462931711
31,359031,795.089041839092,50,71.2132034355964,0,795.089041839092
31,359032,780.851461759015,50,71.2132034355964,0,780.851461759015
31,359033,767.516014450901,50,71.2132034355964,0,767.516014450901
26,359214,2187.6650990249,350,371.213203435596,0,2187.6650990249
26,359215,2212.66858048667,350,371.213203435596,0,2212.66858048667
26,359216,2237.79254632411,350,371.213203435596,0,2237.79254632411
31,359733,784.755041156239,50,71.2132034355964,0,784.755041156239
31,359734,769.164065064788,50,71.2132034355964,0,769.164065064788
31,359735,754.437312972834,50,71.2132034355964,0,754.437312972834
31,359736,740.626339847825,50,71.2132034355964,0,740.626339847825
26,359917,2171.29997454337,350,371.213203435596,0,2171.29997454337
26,359918,2196.4898890458,350,371.213203435596,0,2196.4898890458
26,359919,2221.79694555104,350,371.213203435596,0,2221.79694555104
31,360436,759.655693699198,50,71.2132034355964,0,759.655693699198
31,360437,743.538517531674,50,71.2132034355964,0,743.538517531674
31,360438,728.293695299897,50,71.2132034355964,0,728.293695299897
31,360439,713.977108629269,50,71.2132034355964,0,713.977108629269
31,360440,700.64566091305,50,71.2132034355964,0,700.64566091305
26,360621,2180.60147935598,350,371.213203435596,0,2180.60147935598
31,361139,734.916638030592,50,71.2132034355964,0,734.916638030592
31,361140,718.244449095272,50,71.2132034355964,0,718.244449095272
31,361141,702.450815044924,50,71.2132034355964,0,702.450815044924
31,361142,687.596278024678,50,71.2132034355964,0,687.596278024678
31,361143,673.742955918692,50,71.2132034355964,0,673.742955918692
31,361144,660.953806890963,50,71.2132034355964,0,660.953806890963
31,361842,710.575506383512,50,71.2132034355964,0,710.575506383512
31,361843,693.318140389615,50,71.2132034355964,0,693.318140389615
31,361844,676.943115804481,50,71.2132034355964,0,676.943115804481
31,361845,661.51595974318,50,71.2132034355964,0,661.51595974318
31,361846,647.104468132982,50,71.2132034355964,0,647.104468132982
31,361847,633.777930414446,50,71.2132034355964,0,633.777930414446
31,362545,686.67461670412,50,71.2132034355964,0,686.67461670412
31,362546,668.800712069875,50,71.2132034355964,0,668.800712069875
31,362547,651.809949332072,50,71.2132034355964,0,651.809949332072
31,362548,635.773137190169,50,71.2132034355964,0,635.773137190169
31,362549,620.764213080987,50,71.2132034355964,0,620.764213080987
31,362550,606.859447363086,50,71.2132034355964,0,606.859447363086
31,363249,644.738811202868,50,71.2132034355964,0,644.738811202868
31,363250,627.096349532112,50,71.2132034355964,0,627.096349532112
31,363251,610.410511447138,50,71.2132034355964,0,610.410511447138
31,363252,594.761815638161,50,71.2132034355964,0,594.761815638161
31,363253,580.234182172954,50,71.2132034355964,0,580.234182172954
31,363953,602.853918191157,50,71.2132034355964,0,602.853918191157
31,363956,553.944416891836,50,71.2132034355964,0,553.944416891836
31,363957,539.975821335323,50,71.2132034355964,0,539.975821335323
31,363958,527.335596975575,50,71.2132034355964,0,527.335596975575
31,364659,528.040264928239,50,71.2132034355964,0,528.040264928239
31,364660,513.367227079184,50,71.2132034355964,0,513.367227079184
31,364661,500.054778504362,50,71.2132034355964,0,500.054778504362
31,364662,488.214232056982,50,71.2132034355964,0,488.214232056982
31,364663,477.954992101195,50,71.2132034355964,0,477.954992101195
31,365363,487.14199735591,50,71.2132034355964,0,487.14199735591
31,365364,473.09208903668,50,71.2132034355964,0,473.09208903668
31,365365,460.558809126919,50,71.2132034355964,0,460.558809126919
31,365366,449.668990987366,50,71.2132034355964,0,449.668990987366
31,365367,440.544525652226,50,71.2132034355964,0,440.544525652226
31,366065,477.638891583629,50,71.2132034355964,0,477.638891583629
31,366066,461.365511143117,50,71.2132034355964,0,461.365511143117
31,366067,446.505163966331,50,71.2132034355964,0,446.505163966331
31,366068,433.203290017209,50,71.2132034355964,0,433.203290017209
31,366069,421.607426373768,50,71.2132034355964,0,421.607426373768
31,366768,453.298131189449,50,71.2132034355964,0,453.298131189449
31,366769,436.11734394802,50,71.2132034355964,0,436.11734394802
31,366771,406.208269038064,50,71.2132034355964,0,406.208269038064
31,366772,393.818277924146,50,71.2132034355964,0,393.818277924146
31,366773,383.366699517311,50,71.2132034355964,0,383.366699517311
31,367471,429.66134834589,50,71.2132034355964,0,429.66134834589
31,367472,411.494755796571,50,71.2132034355964,0,411.494755796571
31,367475,366.363540240214,50,71.2132034355964,0,366.363540240214
31,367476,355.104759489418,50,71.2132034355964,0,355.104759489418
31,368174,406.851258227472,50,71.2132034355964,0,406.851258227472
31,368175,387.616980974973,50,71.2132034355964,0,387.616980974973
31,368176,369.804587429217,50,71.2132034355964,0,369.804587429217
31,368177,353.629004962547,50,71.2132034355964,0,353.629004962547
31,368178,339.324394560319,50,71.2132034355964,0,339.324394560319
31,368179,327.136283010235,50,71.2132034355964,0,327.136283010235
31,368878,364.630370880725,50,71.2132034355964,0,364.630370880725
31,368879,345.635275641848,50,71.2132034355964,0,345.635275641848
31,368880,328.270804540389,50,71.2132034355964,0,328.270804540389
31,368881,312.808630647506,50,71.2132034355964,0,312.808630647506
31,368882,299.543483735012,50,71.2132034355964,0,299.543483735012
31,369582,322.430532345171,50,71.2132034355964,0,322.430532345171
31,369583,303.742263461045,50,71.2132034355964,0,303.742263461045
31,369584,286.961369538455,50,71.2132034355964,0,286.961369538455
31,369585,272.440531440269,50,71.2132034355964,0,272.440531440269
31,369586,260.557880913701,50,71.2132034355964,0,260.557880913701
31,370285,300.413957972569,50,71.2132034355964,0,300.413957972569
31,370286,280.261302443993,50,71.2132034355964,0,280.261302443993
31,370287,261.980551460452,50,71.2132034355964,0,261.980551460452
31,370288,245.989392517321,50,71.2132034355964,0,245.989392517321
31,370289,232.760205601025,50,71.2132034355964,0,232.760205601025
31,370290,222.785559640452,50,71.2132034355964,0,222.785559640452
31,370989,258.113979123687,50,71.2132034355964,0,258.113979123687
31,370990,238.139002719475,50,71.2132034355964,0,238.139002719475
31,370991,220.424846210404,50,71.2132034355964,0,220.424846210404
31,370992,205.55683120032,50,71.2132034355964,0,205.55683120032
31,370993,194.18980069504,50,71.2132034355964,0,194.18980069504
31,370994,186.96340912096,50,71.2132034355964,0,186.96340912096
26,371157,1732.25336316151,350,371.213203435596,0,1732.25336316151
26,371158,1759.66404488507,350,371.213203435596,0,1759.66404488507
31,371692,237.673406856905,50,71.2132034355964,0,237.673406856905
31,371693,215.814627459194,50,71.2132034355964,0,215.814627459194
31,371694,196.093951869228,50,71.2132034355964,0,196.093951869228
31,371695,179.218587015143,50,71.2132034355964,0,179.218587015143
31,371696,166.05825887473,50,71.2132034355964,0,166.05825887473
31,371697,157.546717474428,50,71.2132034355964,0,157.546717474428
31,371698,154.454428458947,50,71.2132034355964,0,154.454428458947
26,371859,1692.8837540022,350,371.213203435596,0,1692.8837540022
26,371860,1720.40170044788,350,371.213203435596,0,1720.40170044788
26,371861,1747.99838736111,350,371.213203435596,0,1747.99838736111
31,372396,195.527787720967,50,71.2132034355964,0,195.527787720967
31,372397,173.516444837468,50,71.2132034355964,0,173.516444837468
31,372398,154.189450179994,50,71.2132034355964,0,154.189450179994
31,372399,138.673737685713,50,71.2132034355964,0,138.673737685713
31,372400,128.358924740613,50,71.2132034355964,0,128.358924740613
31,372401,124.544010922259,50,71.2132034355964,0,124.544010922259
31,372402,127.812350000264,50,71.2132034355964,0,127.812350000264
26,372563,1708.99142804289,350,371.213203435596,0,1708.99142804289
26,372564,1736.7695780017,350,371.213203435596,0,1736.7695780017
31,373100,153.468136220705,50,71.2132034355964,0,153.468136220705
31,373101,131.220671766315,50,71.2132034355964,0,131.220671766315
31,373102,112.582677370679,50,71.2132034355964,0,112.582677370679
31,373103,99.6014682170579,50,71.2132034355964,0,99.6014682170579
31,373104,94.6342664132395,50,71.2132034355964,0,94.6342664132395
31,373105,98.8960816723093,50,71.2132034355964,0,98.8960816723093
43,373151,897.034278601169,94,115.213203435596,0,897.034278601169
26,373267,1725.98614288352,350,371.213203435596,0,1725.98614288352
26,373276,1980.15756443332,350,371.213203435596,0,1980.15756443332
26,373277,2008.64108356439,350,371.213203435596,0,2008.64108356439
26,373278,2037.16562639552,350,371.213203435596,0,2037.16562639552
26,373279,2065.72949350234,350,371.213203435596,0,2065.72949350234
31,373803,137.063396198983,50,71.2132034355964,0,137.063396198983
31,373804,111.591829393316,50,71.2132034355964,0,111.591829393316
31,373805,88.9309085784818,50,71.2132034355964,0,88.9309085784818
31,373806,71.7933487035518,50,71.2132034355964,0,71.7933487035518
31,373807,64.7261279483986,50,71.2132034355964,31,0
31,373808,70.8114868110788,50,71.2132034355964,31,0
31,373809,87.3422577757827,50,71.2132034355964,0,87.3422577757827
43,373854,867.978675082117,94,115.213203435596,0,867.978675082117
43,373855,875.682403038847,94,115.213203435596,0,875.682403038847
26,373978,1942.58903963424,350,371.213203435596,0,1942.58903963424
26,373979,1971.16159574786,350,371.213203435596,0,1971.16159574786
26,373980,1999.77340466648,350,371.213203435596,0,1999.77340466648
26,373981,2028.42280535359,350,371.213203435596,0,2028.42280535359
26,373982,2057.1082271826,350,371.213203435596,0,2057.1082271826
26,373983,2085.82818400897,350,371.213203435596,0,2085.82818400897
31,374506,125.73652554723,50,71.2132034355964,0,125.73652554723
31,374507,97.3447564726347,50,71.2132034355964,0,97.3447564726347
31,374508,70.2278242173821,50,71.2132034355964,31,0
31,374509,46.6638071966139,50,71.2132034355964,31,0
31,374510,34.8237337996026,50,71.2132034355964,31,0
31,374511,45.1385854405218,50,71.2132034355964,31,0
32,374512,63.6018545585988,50,71.2132034355964,32,0
32,374513,86.5251885285767,50,71.2132034355964,0,86.5251885285767
26,374682,1962.58031341526,350,371.213203435596,0,1962.58031341526
26,374683,1991.31557793453,350,371.213203435596,0,1991.31557793453
26,374684,2020.0850869883,350,371.213203435596,0,2020.0850869883
26,374685,2048.88739803842,350,371.213203435596,0,2048.88739803842
31,375209,120.92297826467,50,71.2132034355964,0,120.92297826467
31,375210,91.0420802411506,50,71.2132034355964,0,91.0420802411506
31,375211,61.1929867270759,50,71.2132034355964,31,0
31,375212,31.4663379308451,50,71.2132034355964,31,0
31,375213,5.03058336773909,50,71.2132034355964,31,0
32,375214,21.4707794595984,50,71.2132034355964,32,0
32,375215,45.9651353288413,50,71.2132034355964,32,0
32,375216,74.5266698273225,50,71.2132034355964,0,74.5266698273225
43,375261,818.303710652559,94,115.213203435596,0,818.303710652559
43,375262,827.55282343651,94,115.213203435596,0,827.55282343651
26,375384,1925.597898843,350,371.213203435596,0,1925.597898843
26,375385,1954.41917974169,350,371.213203435596,0,1954.41917974169
26,375387,2012.15750714174,350,371.213203435596,0,2012.15750714174
26,375388,2041.0718445996,350,371.213203435596,0,2041.0718445996
26,375389,2070.01461568144,350,371.213203435596,0,2070.01461568144
31,375912,123.387410317222,50,71.2132034355964,0,123.387410317222
31,375913,94.2905757397503,50,71.2132034355964,0,94.2905757397503
31,375914,65.9288214033276,50,71.2132034355964,31,0
31,375915,39.9016726505804,50,71.2132034355964,31,0
33,375916,20.408886258513,50,71.2132034355964,33,0
32,375917,17.8319036801275,50,71.2132034355964,32,0
32,375918,44.3822595766051,50,71.2132034355964,32,0
32,375919,73.5610924193611,50,71.2132034355964,0,73.5610924193611
26,376086,1888.83854343132,350,371.213203435596,0,1888.83854343132
26,376087,1917.7457870684,350,371.213203435596,0,1917.7457870684
26,376088,1946.68347893646,350,371.213203435596,0,1946.68347893646
26,376089,1975.65028109629,350,371.213203435596,0,1975.65028109629
26,376090,2004.64493162825,350,371.213203435596,0,2004.64493162825
26,376091,2033.66623939968,350,371.213203435596,0,2033.66623939968
26,376092,2062.71307925137,350,371.213203435596,0,2062.71307925137
31,376617,82.0855096554562,50,71.2132034355964,0,82.0855096554562
33,376618,62.6506374794286,50,71.2132034355964,33,0
33,376619,45.7111271396088,50,71.2132034355964,33,0
32,376620,44.3210192111559,50,71.2132034355964,32,0
32,376621,60.1345973727286,50,71.2132034355964,32,0
26,376791,1939.37830184626,350,371.213203435596,0,1939.37830184626
26,376792,1968.45276157631,350,371.213203435596,0,1968.45276157631
26,376793,1997.55204281148,350,371.213203435596,0,1997.55204281148
26,376794,2026.67507637776,350,371.213203435596,0,2026.67507637776
26,376795,2055.82085284025,350,371.213203435596,0,2055.82085284025
31,377320,104.493281296352,50,71.2132034355964,0,104.493281296352
33,377321,85.9505106943183,50,71.2132034355964,0,85.9505106943183
32,377322,74.4174490168939,50,71.2132034355964,0,74.4174490168939
32,377323,73.4855239883115,50,71.2132034355964,0,73.4855239883115
32,377324,83.9758785257256,50,71.2132034355964,0,83.9758785257256
32,377325,102.437466451598,50,71.2132034355964,0,102.437466451598
27,377326,94.5649582471367,720,741.213203435596,27,0
27,377327,87.4362608118834,720,741.213203435596,27,0
27,377328,90.207426698838,720,741.213203435596,27,0
33,378023,127.532570768061,50,71.2132034355964,0,127.532570768061
33,378024,112.42451573001,50,71.2132034355964,0,112.42451573001
32,378025,103.74546008283,50,71.2132034355964,0,103.74546008283
32,378026,103.079024366561,50,71.2132034355964,0,103.079024366561
32,378027,110.802166421072,50,71.2132034355964,0,110.802166421072
27,378028,87.8021135866378,720,741.213203435596,27,0
27,378029,67.9856689224454,720,741.213203435596,27,0
27,378030,57.6594535151963,720,741.213203435596,27,0
27,378031,61.7810274539313,720,741.213203435596,27,0
27,378032,78.0954512088359,720,741.213203435596,27,0
27,378033,100.849516697408,720,741.213203435596,27,0
33,378726,152.662212361767,50,71.2132034355964,0,152.662212361767
33,378727,140.287015516968,50,71.2132034355964,0,140.287015516968
32,378728,133.332958394877,50,71.2132034355964,0,133.332958394877
27,378729,129.312363126976,720,741.213203435596,27,0
27,378730,100.274865740657,720,741.213203435596,27,0
27,378731,71.9593019357858,720,741.213203435596,27,0
27,378732,45.7270660100966,720,741.213203435596,27,0
27,378733,28.1694691342654,720,741.213203435596,27,0
27,378734,35.8581150027862,720,741.213203435596,27,0
27,378735,59.7312382819432,720,741.213203435596,27,0
27,378736,87.4046236554473,720,741.213203435596,27,0
27,378737,116.194004324091,720,741.213203435596,27,0
32,379430,168.84654165694,50,71.2132034355964,0,168.84654165694
27,379431,156.321744672958,720,741.213203435596,27,0
27,379432,126.412312853179,720,741.213203435596,27,0
27,379433,96.5059502862135,720,741.213203435596,27,0
27,379434,66.606791370559,720,741.213203435596,27,0
27,379435,36.7324310359302,720,741.213203435596,27,0
27,379436,7.19853733375612,720,741.213203435596,27,0
27,379437,23.3261014033404,720,741.213203435596,27,0
27,379438,53.1614116693072,720,741.213203435596,27,0
27,379439,83.0536272013744,720,741.213203435596,27,0
27,379440,112.957580130778,720,741.213203435596,27,0
27,379441,142.865900210487,720,741.213203435596,27,0
27,379442,172.776319538375,720,741.213203435596,27,0
27,379443,202.687908766416,720,741.213203435596,27,0
27,380134,159.63806701873,720,741.213203435596,27,0
27,380135,130.490811786713,720,741.213203435596,27,0
27,380136,101.789693577897,720,741.213203435596,27,0
27,380137,74.0552612239237,720,741.213203435596,27,0
27,380138,48.9588802006885,720,741.213203435596,27,0
27,380139,33.1588966188604,720,741.213203435596,27,0
27,380140,39.8974076675804,720,741.213203435596,27,0
27,380141,62.240212815837,720,741.213203435596,27,0
27,380142,89.1382930225508,720,741.213203435596,27,0
27,380143,117.503943396534,720,741.213203435596,27,0
27,380144,146.487092888366,720,741.213203435596,27,0
27,380145,175.782565377006,720,741.213203435596,27,0
27,380146,205.256674524536,720,741.213203435596,27,0
27,380147,234.842170021454,720,741.213203435596,27,0
27,380148,264.501677579737,720,741.213203435596,27,0
27,380837,168.290019198403,720,741.213203435596,27,0
27,380838,140.943338321674,720,741.213203435596,27,0
27,380839,114.883760964626,720,741.213203435596,27,0
27,380840,91.2211176759567,720,741.213203435596,27,0
27,380841,72.3468447691904,720,741.213203435596,27,0
27,380842,62.7423258025979,720,741.213203435596,27,0
27,380843,66.5499271779945,720,741.213203435596,27,0
27,380844,81.9203639454267,720,741.213203435596,27,0
27,380845,103.840065058696,720,741.213203435596,27,0
27,380846,129.01291429588,720,741.213203435596,27,0
27,380847,155.870667090934,720,741.213203435596,27,0
27,380848,183.67568571858,720,741.213203435596,27,0
27,380849,212.055676768767,720,741.213203435596,27,0
27,380850,240.807438495612,720,741.213203435596,27,0
27,380851,269.81214702151,720,741.213203435596,27,0
27,380852,298.996198611823,720,741.213203435596,27,0
31,381523,574.165014926401,50,71.2132034355964,0,574.165014926401
31,381524,547.782044001736,50,71.2132034355964,0,547.782044001736
27,381540,181.51623128137,720,741.213203435596,27,0
27,381541,156.497893948116,720,741.213203435596,27,0
27,381542,133.509583493898,720,741.213203435596,27,0
27,381543,113.78838447652,720,741.213203435596,27,0
27,381544,99.3003196484422,720,741.213203435596,27,0
27,381545,92.5369115859489,720,741.213203435596,27,0
27,381546,95.1597394534081,720,741.213203435596,27,0
27,381547,106.477422503974,720,741.213203435596,27,0
27,381548,124.134106822017,720,741.213203435596,27,0
27,381549,145.845400795014,720,741.213203435596,27,0
27,381550,170.065442910156,720,741.213203435596,27,0
27,381551,195.865766008625,720,741.213203435596,27,0
27,381552,222.697802411811,720,741.213203435596,27,0
27,381553,250.229881479471,720,741.213203435596,27,0
27,381554,278.254282004624,720,741.213203435596,27,0
27,381555,306.636049418622,720,741.213203435596,27,0
37,381556,326.932613066307,2,23.2132034355964,0,326.932613066307
31,382226,588.534969921595,50,71.2132034355964,0,588.534969921595
31,382227,562.825865654353,50,71.2132034355964,0,562.825865654353
31,382228,537.552065420647,50,71.2132034355964,0,537.552065420647
27,382244,175.80543376087,720,741.213203435596,27,0
27,382245,155.694356907572,720,741.213203435596,27,0
27,382246,139.153491190072,720,741.213203435596,27,0
27,382247,127.579130555878,720,741.213203435596,27,0
27,382248,122.388537460039,720,741.213203435596,27,0
27,382249,124.383490685976,720,741.213203435596,27,0
27,382250,133.24162455557,720,741.213203435596,27,0
27,382251,147.733501205123,720,741.213203435596,27,0
27,382252,166.393579646811,720,741.213203435596,27,0
27,382253,187.984676029575,720,741.213203435596,27,0
27,382254,211.611513393271,720,741.213203435596,27,0
27,382255,236.665176746459,720,741.213203435596,27,0
27,382256,262.737812793902,720,741.213203435596,27,0
27,382257,289.554295018548,720,741.213203435596,27,0
37,382258,300.30954014176,2,23.2132034355964,0,300.30954014176
27,382948,180.12787179465,720,741.213203435596,27,0
27,382949,166.039107789083,720,741.213203435596,27,0
27,382950,156.466319573937,720,741.213203435596,27,0
27,382951,152.26365861192,720,741.213203435596,27,0
27,382952,153.871774650357,720,741.213203435596,27,0
27,382953,161.116768406205,720,741.213203435596,27,0
27,382954,173.293080694278,720,741.213203435596,27,0
27,382955,189.452261265652,720,741.213203435596,27,0
27,382956,208.671070125833,720,741.213203435596,27,0
27,382957,230.184405299578,720,741.213203435596,27,0
27,382958,253.408551761061,720,741.213203435596,27,0
27,382959,277.914944711084,720,741.213203435596,27,0
37,382960,277.607716229792,2,23.2132034355964,0,277.607716229792
37,382961,270.812831702079,2,23.2132034355964,0,270.812831702079
26,383047,306.469459305042,350,371.213203435596,26,0
26,383118,1893.73059832854,350,371.213203435596,0,1893.73059832854
26,383119,1923.4965956661,350,371.213203435596,0,1923.4965956661
27,383652,193.813492970607,720,741.213203435596,27,0
27,383653,185.678155165385,720,741.213203435596,27,0
27,383654,182.150714802888,720,741.213203435596,27,0
27,383655,183.497103110643,720,741.213203435596,27,0
27,383656,189.613525747138,720,741.213203435596,27,0
27,383657,200.062964568445,720,741.213203435596,27,0
27,383658,214.21225171885,720,741.213203435596,27,0
27,383659,231.383634101403,720,741.213203435596,27,0
27,383660,250.95752991738,720,741.213203435596,27,0
27,383661,272.4165484395,720,741.213203435596,27,0
37,383662,259.85695100086,2,23.2132034355964,0,259.85695100086
37,383663,249.01652072479,2,23.2132034355964,0,249.01652072479
37,383664,241.418212371676,2,23.2132034355964,0,241.418212371676
43,383694,449.228945640863,94,115.213203435596,0,449.228945640863
43,383695,460.065605063726,94,115.213203435596,0,460.065605063726
26,383749,314.101184595904,350,371.213203435596,26,0
26,383750,288.808449290189,350,371.213203435596,26,0
26,383751,264.482504573561,350,371.213203435596,26,0
26,383820,1861.15202699862,350,371.213203435596,0,1861.15202699862
26,383821,1890.95773204973,350,371.213203435596,0,1890.95773204973
26,383822,1920.7668598062,350,371.213203435596,0,1920.7668598062
26,383823,1950.57925334571,350,371.213203435596,0,1950.57925334571
27,384356,215.082400459116,720,741.213203435596,27,0
27,384357,212.044659469507,720,741.213203435596,27,0
27,384358,213.202355059655,720,741.213203435596,27,0
27,384359,218.488806962347,720,741.213203435596,27,0
27,384360,227.616522475561,720,741.213203435596,27,0
27,384361,240.147895704542,720,741.213203435596,27,0
27,384362,255.582766025635,720,741.213203435596,27,0
37,384363,265.821262874451,2,23.2132034355964,0,265.821262874451
37,384364,248.122190435071,2,23.2132034355964,0,248.122190435071
37,384365,232.933985625146,2,23.2132034355964,0,232.933985625146
37,384366,220.775461983177,2,23.2132034355964,0,220.775461983177
37,384367,212.168117896252,2,23.2132034355964,0,212.168117896252
37,384368,207.554230435159,2,23.2132034355964,0,207.554230435159
43,384396,411.460995638319,94,115.213203435596,0,411.460995638319
43,384397,421.14595627788,94,115.213203435596,0,421.14595627788
43,384398,432.686589602902,94,115.213203435596,0,432.686589602902
43,384399,445.938847745457,94,115.213203435596,0,445.938847745457
26,384452,299.89301521294,350,371.213203435596,26,0
26,384453,273.288318102839,350,371.213203435596,26,0
26,384454,247.441118853611,350,371.213203435596,26,0
26,384524,1888.65457488557,350,371.213203435596,0,1888.65457488557
26,384525,1918.49964800682,350,371.213203435596,0,1918.49964800682
26,384526,1948.34689255138,350,371.213203435596,0,1948.34689255138
26,384527,1978.19621022832,350,371.213203435596,0,1978.19621022832
27,385059,244.609677252207,720,741.213203435596,27,0
27,385060,241.942939248493,720,741.213203435596,27,0
27,385061,242.958216762173,720,741.213203435596,27,0
27,385062,247.61022177192,720,741.213203435596,27,0
27,385063,255.700540383515,720,741.213203435596,27,0
27,385064,266.916706806361,720,741.213203435596,27,0
37,385065,264.706168802652,2,23.2132034355964,0,264.706168802652
37,385066,243.275630074024,2,23.2132034355964,0,243.275630074024
37,385067,223.800493469947,2,23.2132034355964,0,223.800493469947
37,385068,206.833850885416,2,23.2132034355964,0,206.833850885416
37,385069,193.038273850535,2,23.2132034355964,0,193.038273850535
37,385070,183.131812571078,2,23.2132034355964,0,183.131812571078
37,385071,177.765853540347,2,23.2132034355964,0,177.765853540347
37,385072,177.353006457639,2,23.2132034355964,0,177.353006457639
43,385100,393.332659352995,94,115.213203435596,0,393.332659352995
43,385101,405.665382080765,94,115.213203435596,0,405.665382080765
43,385102,419.771647351343,94,115.213203435596,0,419.771647351343
26,385155,288.099775284151,350,371.213203435596,26,0
26,385156,260.292302571494,350,371.213203435596,26,0
26,385157,233.007752896269,350,371.213203435596,26,0
26,385158,206.45355631646,350,371.213203435596,26,0
26,385159,180.951531617092,350,371.213203435596,26,0
26,385228,1916.6966015932,350,371.213203435596,0,1916.6966015932
26,385229,1946.57165224569,350,371.213203435596,0,1946.57165224569
26,385230,1976.4479400814,350,371.213203435596,0,1976.4479400814
27,385763,271.844123777111,720,741.213203435596,27,0
27,385764,272.748124684533,720,741.213203435596,27,0
27,385765,276.900123909033,720,741.213203435596,27,0
27,385766,284.157781765408,720,741.213203435596,27,0
37,385767,270.291028923237,2,23.2132034355964,0,270.291028923237
37,385768,245.725245452615,2,23.2132034355964,0,245.725245452615
37,385769,222.473625662725,2,23.2132034355964,0,222.473625662725
37,385770,200.992770777136,2,23.2132034355964,0,200.992770777136
37,385771,181.911065142149,2,23.2132034355964,0,181.911065142149
37,385772,166.057638381624,2,23.2132034355964,0,166.057638381624
37,385773,154.429935039302,2,23.2132034355964,0,154.429935039302
37,385774,148.027133779078,2,23.2132034355964,0,148.027133779078
37,385775,147.531087440308,2,23.2132034355964,0,147.531087440308
43,385804,379.078505261588,94,115.213203435596,0,379.078505261588
43,385805,394.137551430038,94,115.213203435596,0,394.137551430038
43,385806,410.82639613764,94,115.213203435596,0,410.82639613764
43,385807,428.954855547663,94,115.213203435596,0,428.954855547663
26,385858,279.027837319464,350,371.213203435596,26,0
26,385859,250.214016953883,350,371.213203435596,26,0
26,385860,221.692381592607,350,371.213203435596,26,0
26,385861,193.592115873429,350,371.213203435596,26,0
26,385862,166.127180485499,350,371.213203435596,26,0
26,385863,139.672869088084,350,371.213203435596,26,0
26,385864,114.92918741141,350,371.213203435596,26,0
26,385865,93.2676973828573,350,371.213203435596,26,0
27,386467,302.562022536187,720,741.213203435596,27,0
27,386468,306.310184048255,720,741.213203435596,27,0
37,386469,282.178358856246,2,23.2132034355964,0,282.178358856246
37,386470,255.261126003816,2,23.2132034355964,0,255.261126003816
37,386471,229.089131649353,2,23.2132034355964,0,229.089131649353
37,386472,203.949478008418,2,23.2132034355964,0,203.949478008418
37,386473,180.274569667266,2,23.2132034355964,0,180.274569667266
37,386474,158.721211271332,2,23.2132034355964,0,158.721211271332
37,386475,140.270798442621,2,23.2132034355964,0,140.270798442621
37,386476,126.29070604774,2,23.2132034355964,0,126.29070604774
37,386477,118.375502204459,2,23.2132034355964,0,118.375502204459
37,386478,117.754609932866,2,23.2132034355964,0,117.754609932866
43,386508,369.147635115881,94,115.213203435596,0,369.147635115881
43,386509,386.91596897118,94,115.213203435596,0,386.91596897118
43,386510,406.113271414749,94,115.213203435596,0,406.113271414749
26,386558,361.924507051205,350,371.213203435596,26,0
26,386563,213.990197763221,350,371.213203435596,26,0
26,386564,184.721783440812,350,371.213203435596,26,0
26,386565,155.699765363708,350,371.213203435596,26,0
26,386566,127.093051378636,350,371.213203435596,26,0
26,386567,99.2613600653841,350,371.213203435596,26,0
26,386568,73.0954076124402,350,371.213203435596,26,0
26,386569,51.2152979585233,350,371.213203435596,26,0
26,386570,41.1463484995883,350,371.213203435596,26,0
27,387158,471.918922147479,720,741.213203435596,27,0
37,387171,299.618995287815,2,23.2132034355964,0,299.618995287815
37,387172,271.136680739051,2,23.2132034355964,0,271.136680739051
37,387173,242.999255382974,2,23.2132034355964,0,242.999255382974
37,387175,188.376374793665,2,23.2132034355964,0,188.376374793665
37,387176,162.447347066231,2,23.2132034355964,0,162.447347066231
37,387177,138.139797776804,2,23.2132034355964,0,138.139797776804
37,387178,116.473379201708,2,23.2132034355964,0,116.473379201708
37,387179,99.1941206324225,2,23.2132034355964,0,99.1941206324225
37,387180,88.8981453440267,2,23.2132034355964,0,88.8981453440267
43,387212,363.894215206714,94,115.213203435596,0,363.894215206714
26,387260,389.657495309735,350,371.213203435596,0,389.657495309735
26,387261,359.754767896096,350,371.213203435596,26,0
26,387262,329.854481752923,350,371.213203435596,26,0
26,387263,299.957366939058,350,371.213203435596,26,0
26,387264,270.064476686198,350,371.213203435596,26,0
26,387265,240.177388387509,350,371.213203435596,26,0
26,387266,210.29857573771,350,371.213203435596,26,0
26,387267,180.432150025944,350,371.213203435596,26,0
26,387268,150.585481732634,350,371.213203435596,26,0
26,387269,120.773219691083,350,371.213203435596,26,0
26,387270,91.0291745627542,350,371.213203435596,26,0
26,387271,61.4524807436009,350,371.213203435596,26,0
26,387272,32.5032444353231,350,371.213203435596,26,0
26,387273,11.2459392356642,350,371.213203435596,26,0
26,387274,31.4076127876151,350,371.213203435596,26,0
26,387275,60.3022543040912,350,371.213203435596,26,0
26,387276,89.867916122836,350,371.213203435596,26,0
27,387860,514.222763527797,720,741.213203435596,27,0
27,387861,493.395477684806,720,741.213203435596,27,0
27,387862,473.543029035898,720,741.213203435596,27,0
37,387875,263.049361553626,2,23.2132034355964,0,263.049361553626
37,387878,176.537024777778,2,23.2132034355964,0,176.537024777778
37,387879,148.555559323566,2,23.2132034355964,0,148.555559323566
37,387881,96.1540054636173,2,23.2132034355964,0,96.1540054636173
37,387882,74.2899605542099,2,23.2132034355964,0,74.2899605542099
37,387883,59.8531077402305,2,23.2132034355964,0,59.8531077402305
37,387884,58.6155403299549,2,23.2132034355964,0,58.6155403299549
43,387903,271.766747841277,94,115.213203435596,0,271.766747841277
43,387904,260.001423894535,94,115.213203435596,0,260.001423894535
43,387905,251.265529890099,94,115.213203435596,0,251.265529890099
43,387906,245.882173983325,94,115.213203435596,0,245.882173983325
26,387961,449.717359170615,350,371.213203435596,0,449.717359170615
26,387963,389.944383050442,350,371.213203435596,0,389.944383050442
26,387964,360.065314600772,350,371.213203435596,26,0
26,387965,330.19298303074,350,371.213203435596,26,0
26,387966,300.329398608684,350,371.213203435596,26,0
26,387967,270.477458682809,350,371.213203435596,26,0
26,387968,240.641496843133,350,371.213203435596,26,0
26,387969,210.828296754188,350,371.213203435596,26,0
26,387970,181.049103242016,350,371.213203435596,26,0
26,387971,151.323994196728,350,371.213203435596,26,0
26,387972,121.692608719859,350,371.213203435596,26,0
26,387973,92.2453097880598,350,371.213203435596,26,0
26,387974,63.2397794264868,350,371.213203435596,26,0
26,387975,35.7674235799798,350,371.213203435596,26,0
26,387976,18.689939557108,350,371.213203435596,26,0
26,387977,34.774781887598,350,371.213203435596,26,0
26,387978,62.1226483151235,350,371.213203435596,26,0
26,387979,91.0995487107001,350,371.213203435596,26,0
26,387980,120.536295281363,350,371.213203435596,26,0
27,388564,515.71321415509,720,741.213203435596,27,0
27,388565,496.75337845807,720,741.213203435596,27,0
27,388566,478.912919499634,720,741.213203435596,27,0
37,388582,139.777542471414,2,23.2132034355964,0,139.777542471414
37,388584,81.942241898307,2,23.2132034355964,0,81.942241898307
37,388585,54.6618372078396,2,23.2132034355964,0,54.6618372078396
37,388586,32.4237922445866,2,23.2132034355964,0,32.4237922445866
37,388587,30.0780414483793,2,23.2132034355964,0,30.0780414483793
37,388588,50.4784634116365,2,23.2132034355964,0,50.4784634116365
29,388603,288.130440086044,50,71.2132034355964,0,288.130440086044
29,388604,272.802363724011,50,71.2132034355964,0,272.802363724011
43,388606,245.25650575251,94,115.213203435596,0,245.25650575251
43,388607,232.151448793044,94,115.213203435596,0,232.151448793044
43,388608,222.323856684497,94,115.213203435596,0,222.323856684497
43,388609,216.221090174405,94,115.213203435596,0,216.221090174405
43,388610,214.161814833359,94,115.213203435596,0,214.161814833359
43,388611,216.261569726638,94,115.213203435596,0,216.261569726638
26,388661,541.26506550953,350,371.213203435596,0,541.26506550953
26,388662,511.476568066565,350,371.213203435596,0,511.476568066565
26,388663,481.70391756494,350,371.213203435596,0,481.70391756494
26,388664,451.950245818234,350,371.213203435596,0,451.950245818234
26,388665,422.21956512236,350,371.213203435596,0,422.21956512236
26,388667,362.84977892764,350,371.213203435596,26,0
26,388668,333.226989434799,350,371.213203435596,26,0
26,388669,303.661763960844,350,371.213203435596,26,0
26,388670,274.172725264768,350,371.213203435596,26,0
26,388671,244.787409089874,350,371.213203435596,26,0
26,388672,215.54824054773,350,371.213203435596,26,0
26,388673,186.523961846155,350,371.213203435596,26,0
26,388674,157.833167195921,350,371.213203435596,26,0
26,388675,129.697359171615,350,371.213203435596,26,0
26,388676,102.574252475215,350,371.213203435596,26,0
26,388677,77.5340283423626,350,371.213203435596,26,0
26,388678,57.3720299190774,350,371.213203435596,26,0
26,388679,48.5957824178849,350,371.213203435596,26,0
26,388680,56.7584910510233,350,371.213203435596,26,0
26,388681,76.6255736024508,350,371.213203435596,26,0
26,388682,101.545097069996,350,371.213203435596,26,0
26,388683,128.613027853336,350,371.213203435596,26,0
26,388684,156.720104370816,350,371.213203435596,26,0
26,388685,185.394302175017,350,371.213203435596,26,0
26,388686,214.408207468289,350,371.213203435596,26,0
26,388687,243.640488350872,350,371.213203435596,26,0
26,388688,273.021009599243,350,371.213203435596,26,0
26,388689,302.506581392591,350,371.213203435596,26,0
27,389268,520.647895612583,720,741.213203435596,27,0
27,389269,503.654448097755,720,741.213203435596,27,0
27,389270,487.904960309612,720,741.213203435596,27,0
27,389271,473.52357155936,720,741.213203435596,27,0
37,389286,107.18911986586,2,23.2132034355964,0,107.18911986586
37,389287,77.2842984359953,2,23.2132034355964,0,77.2842984359953
37,389288,47.3943898740959,2,23.2132034355964,0,47.3943898740959
37,389289,17.5955573268507,2,23.2132034355964,37,0
37,389290,12.7667193657523,2,23.2132034355964,37,0
37,389291,42.5015840714341,2,23.2132034355964,0,42.5015840714341
37,389292,72.3863952231874,2,23.2132034355964,0,72.3863952231874
36,389293,64.7997193563778,25,46.2132034355964,0,64.7997193563778
29,389306,263.677192914877,50,71.2132034355964,0,263.677192914877
29,389307,246.835157531557,50,71.2132034355964,0,246.835157531557
29,389308,232.636210711956,50,71.2132034355964,0,232.636210711956
43,389309,219.621801130983,94,115.213203435596,0,219.621801130983
43,389310,204.883487531579,94,115.213203435596,0,204.883487531579
43,389311,193.677106359974,94,115.213203435596,0,193.677106359974
43,389312,186.639946759506,94,115.213203435596,0,186.639946759506
43,389313,184.250340728768,94,115.213203435596,0,184.250340728768
43,389314,186.686840792132,94,115.213203435596,0,186.686840792132
43,389315,193.767476953108,94,115.213203435596,0,193.767476953108
26,389365,515.180845003478,350,371.213203435596,0,515.180845003478
26,389366,485.635180582985,350,371.213203435596,0,485.635180582985
26,389367,456.137851733954,350,371.213203435596,0,456.137851733954
26,389372,309.858967355412,350,371.213203435596,26,0
26,389373,281.020825631329,350,371.213203435596,26,0
26,389374,252.433783062234,350,371.213203435596,26,0
26,389375,224.193913455278,350,371.213203435596,26,0
26,389376,196.450992456593,350,371.213203435596,26,0
26,389377,169.449283418421,350,371.213203435596,26,0
26,389378,143.607494483154,350,371.213203435596,26,0
26,389379,119.67936706237,350,371.213203435596,26,0
26,389383,83.8042999748182,350,371.213203435596,26,0
26,389384,98.3520572380727,350,371.213203435596,26,0
26,389385,118.798481637418,350,371.213203435596,26,0
26,389386,142.628948406804,350,371.213203435596,26,0
26,389387,168.413004889087,350,371.213203435596,26,0
26,389388,195.378732503725,350,371.213203435596,26,0
26,389389,223.098058310332,350,371.213203435596,26,0
26,389390,251.321753405167,350,371.213203435596,26,0
26,389391,279.897283756254,350,371.213203435596,26,0
26,389392,308.726968016118,350,371.213203435596,26,0
26,389393,337.745729377103,350,371.213203435596,26,0
27,389972,528.930444622931,720,741.213203435596,27,0
27,389973,513.956008337124,720,741.213203435596,27,0
27,389974,500.323921780584,720,741.213203435596,27,0
27,389975,488.14665813825,720,741.213203435596,27,0
37,389989,111.969917329451,2,23.2132034355964,0,111.969917329451
37,389990,83.7889497419038,2,23.2132034355964,0,83.7889497419038
37,389991,57.3927998343278,2,23.2132034355964,0,57.3927998343278
37,389992,36.8415323856549,2,23.2132034355964,0,36.8415323856549
37,389993,34.7948732735535,2,23.2132034355964,0,34.7948732735535
37,389994,53.4236611016194,2,23.2132034355964,0,53.4236611016194
36,389995,53.2924564063678,25,46.2132034355964,0,53.2924564063678
36,389996,35.7133204244003,25,46.2132034355964,36,0
36,389997,38.7406455626123,25,46.2132034355964,36,0
29,390009,240.461155198141,50,71.2132034355964,0,240.461155198141
29,390010,221.863592936177,50,71.2132034355964,0,221.863592936177
29,390011,205.950063886202,50,71.2132034355964,0,205.950063886202
29,390012,193.384311651818,50,71.2132034355964,0,193.384311651818
43,390013,178.464521085207,94,115.213203435596,0,178.464521085207
43,390014,165.478516254434,94,115.213203435596,0,165.478516254434
43,390015,157.183883249435,94,115.213203435596,0,157.183883249435
43,390016,154.338869768705,94,115.213203435596,0,154.338869768705
43,390017,157.239562597997,94,115.213203435596,0,157.239562597997
43,390018,165.584278018238,94,115.213203435596,0,165.584278018238
43,390019,178.611606464381,94,115.213203435596,0,178.611606464381
43,390020,195.387150440717,94,115.213203435596,0,195.387150440717
43,390021,215.035464299234,94,115.213203435596,0,215.035464299234
43,390022,236.842654544779,94,115.213203435596,0,236.842654544779
26,390080,185.213941622442,350,371.213203435596,26,0
26,390081,161.90804026953,350,371.213203435596,26,0
26,390082,141.117745399769,350,371.213203435596,26,0
26,390083,124.113729536158,350,371.213203435596,26,0
26,390085,108.416802827855,350,371.213203435596,26,0
26,390086,112.312904952404,350,371.213203435596,26,0
26,390087,123.548246983268,350,371.213203435596,26,0
26,390088,140.371454635054,350,371.213203435596,26,0
26,390092,235.295561687881,350,371.213203435596,26,0
26,390093,262.209750851233,350,371.213203435596,26,0
26,390094,289.71348046198,350,371.213203435596,26,0
26,390095,317.653653072765,350,371.213203435596,26,0
26,390096,345.924530912926,350,371.213203435596,26,0
27,390676,540.40697650356,720,741.213203435596,27,0
27,390677,527.458883825733,720,741.213203435596,27,0
27,390678,515.922419135842,720,741.213203435596,27,0
37,390679,499.984226595207,2,23.2132034355964,0,499.984226595207
37,390692,123.993592143494,2,23.2132034355964,0,123.993592143494
37,390693,99.2859856663146,2,23.2132034355964,0,99.2859856663146
37,390694,78.300908622252,2,23.2132034355964,0,78.300908622252
37,390695,64.7640866246695,2,23.2132034355964,0,64.7640866246695
37,390696,63.6220938491487,2,23.2132034355964,0,63.6220938491487
36,390697,71.1380994175821,25,46.2132034355964,0,71.1380994175821
36,390698,41.3028508027215,25,46.2132034355964,36,0
36,390699,11.885807485067,25,46.2132034355964,36,0
36,390700,19.1486290383203,25,46.2132034355964,36,0
36,390701,48.8069483557009,25,46.2132034355964,0,48.8069483557009
29,390712,218.876371020455,50,71.2132034355964,0,218.876371020455
29,390713,198.264233494908,50,71.2132034355964,0,198.264233494908
29,390714,180.279351650082,50,71.2132034355964,0,180.279351650082
29,390715,165.779012048622,50,71.2132034355964,0,165.779012048622
43,390716,153.334016596026,94,115.213203435596,0,153.334016596026
43,390717,138.00308218267,94,115.213203435596,0,138.00308218267
43,390719,124.427404219172,94,115.213203435596,0,124.427404219172
43,390720,128.007722827884,94,115.213203435596,0,128.007722827884
43,390721,138.129883317084,94,115.213203435596,0,138.129883317084
43,390722,153.505184295203,94,115.213203435596,0,153.505184295203
43,390723,172.73652747737,94,115.213203435596,0,172.73652747737
43,390724,194.684523325003,94,115.213203435596,0,194.684523325003
43,390725,218.532168567205,94,115.213203435596,0,218.532168567205
26,390785,165.211012859243,350,371.213203435596,26,0
26,390786,150.945865524479,350,371.213203435596,26,0
26,390787,141.649690152665,350,371.213203435596,26,0
26,390788,138.327943576826,350,371.213203435596,26,0
26,390789,141.402298709732,350,371.213203435596,26,0
26,390790,150.481244809078,350,371.213203435596,26,0
26,390791,164.574010251226,350,371.213203435596,26,0
26,390792,182.522901339866,350,371.213203435596,26,0
26,390793,203.309171040274,350,371.213203435596,26,0
26,390797,302.183231838868,350,371.213203435596,26,0
26,390798,329.066466502249,350,371.213203435596,26,0
27,391380,554.879369847333,720,741.213203435596,27,0
37,391381,534.03118660828,2,23.2132034355964,0,534.03118660828
37,391382,504.590953174118,2,23.2132034355964,0,504.590953174118
37,391383,475.210259443853,2,23.2132034355964,0,475.210259443853
37,391384,445.900874900108,2,23.2132034355964,0,445.900874900108
37,391385,416.677847613438,2,23.2132034355964,0,416.677847613438
37,391398,93.9194807310724,2,23.2132034355964,0,93.9194807310724
37,391399,93.1356643940624,2,23.2132034355964,0,93.1356643940624
36,391400,75.6034412784193,25,46.2132034355964,0,75.6034412784193
36,391401,48.5917544013722,25,46.2132034355964,0,48.5917544013722
36,391402,28.222280564046,25,46.2132034355964,36,0
36,391403,31.9671066301422,25,46.2132034355964,36,0
36,391404,55.1122033130339,25,46.2132034355964,0,55.1122033130339
29,391415,199.45314727935,50,71.2132034355964,0,199.45314727935
29,391416,176.588086328832,50,71.2132034355964,0,176.588086328832
29,391417,156.12576336086,50,71.2132034355964,0,156.12576336086
29,391418,139.13038207358,50,71.2132034355964,0,139.13038207358
29,391419,127.001495761137,50,71.2132034355964,0,127.001495761137
43,391420,111.785310211893,94,115.213203435596,43,0
43,391421,99.0936961535769,94,115.213203435596,43,0
43,391422,94.5159492208728,94,115.213203435596,43,0
43,391423,99.1819928126308,94,115.213203435596,43,0
43,391424,111.941814085192,94,115.213203435596,43,0
43,391425,130.441445807663,94,115.213203435596,0,130.441445807663
43,391426,152.607571337238,94,115.213203435596,0,152.607571337238
43,391427,177.068545696757,94,115.213203435596,0,177.068545696757
43,391428,202.996472684524,94,115.213203435596,0,202.996472684524
43,391429,229.895552303923,94,115.213203435596,0,229.895552303923
26,391490,170.980847158226,350,371.213203435596,26,0
26,391491,168.239205743956,350,371.213203435596,26,0
26,391492,170.775949941742,350,371.213203435596,26,0
26,391493,178.366012127908,350,371.213203435596,26,0
26,391494,190.406034464516,350,371.213203435596,26,0
26,391495,206.117675402057,350,371.213203435596,26,0
26,391496,224.732171128514,350,371.213203435596,26,0
26,391497,245.590341504996,350,371.213203435596,26,0
37,392085,510.910194397538,2,23.2132034355964,0,510.910194397538
37,392086,481.914756623353,2,23.2132034355964,0,481.914756623353
37,392087,453.039167275688,2,23.2132034355964,0,453.039167275688
37,392088,424.307895332589,2,23.2132034355964,0,424.307895332589
37,392089,395.752373995029,2,23.2132034355964,0,395.752373995029
37,392090,367.413583753884,2,23.2132034355964,0,367.413583753884
37,392091,339.345826639273,2,23.2132034355964,0,339.345826639273
37,392092,311.622346940309,2,23.2132034355964,0,311.622346940309
36,392104,69.3237711326548,25,46.2132034355964,0,69.3237711326548
36,392105,56.9307944591708,25,46.2132034355964,0,56.9307944591708
36,392106,58.8771208147217,25,46.2132034355964,0,58.8771208147217
36,392107,74.0404297466985,25,46.2132034355964,0,74.0404297466985
36,392108,96.3718060576584,25,46.2132034355964,0,96.3718060576584
29,392118,182.881501700729,50,71.2132034355964,0,182.881501700729
29,392119,157.630554523653,50,71.2132034355964,0,157.630554523653
29,392120,134.310300703993,50,71.2132034355964,0,134.310300703993
29,392121,114.110644256144,50,71.2132034355964,0,114.110644256144
29,392122,98.9612979449458,50,71.2132034355964,0,98.9612979449458
43,392123,87.9571145673079,94,115.213203435596,43,0
43,392124,71.1339908523836,94,115.213203435596,43,0
43,392125,64.6045194250397,94,115.213203435596,43,0
43,392126,71.2569423253288,94,115.213203435596,43,0
43,392127,88.1559320338805,94,115.213203435596,43,0
43,392128,110.704532425882,94,115.213203435596,43,0
43,392129,136.123573529328,94,115.213203435596,0,136.123573529328
43,392130,163.076269470146,94,115.213203435596,0,163.076269470146
43,392131,190.914170982696,94,115.213203435596,0,190.914170982696
42,392132,205.450399564513,15,36.2132034355964,0,205.450399564513
42,392133,204.269965606067,15,36.2132034355964,0,204.269965606067
34,392138,256.704334272703,15,36.2132034355964,0,256.704334272703
26,392197,217.287147820178,350,371.213203435596,26,0
26,392198,231.179099941489,350,371.213203435596,26,0
26,392199,247.919083549435,350,371.213203435596,26,0
26,392200,266.971893318016,350,371.213203435596,26,0
26,392201,287.878682351342,350,371.213203435596,26,0
26,392202,310.26489291853,350,371.213203435596,26,0
37,392790,462.007334864793,2,23.2132034355964,0,462.007334864793
37,392791,433.870193635732,2,23.2132034355964,0,433.870193635732
37,392792,405.987648247919,2,23.2132034355964,0,405.987648247919
37,392793,378.415980476067,2,23.2132034355964,0,378.415980476067
37,392794,351.228410265856,2,23.2132034355964,0,351.228410265856
37,392795,324.521488076062,2,23.2132034355964,0,324.521488076062
37,392796,298.42428590495,2,23.2132034355964,0,298.42428590495
37,392797,273.111645230361,2,23.2132034355964,0,273.111645230361
37,392798,248.823120415345,2,23.2132034355964,0,248.823120415345
36,392808,86.4588175496095,25,46.2132034355964,0,86.4588175496095
36,392809,87.7526543265838,25,46.2132034355964,0,87.7526543265838
36,392810,98.5698181845761,25,46.2132034355964,0,98.5698181845761
36,392811,116.28228273876,25,46.2132034355964,0,116.28228273876
29,392824,92.057637303617,50,71.2132034355964,0,92.057637303617
29,392825,72.4340430552379,50,71.2132034355964,0,72.4340430552379
29,392826,61.7162808735491,50,71.2132034355964,29,0
43,392827,45.7156672122067,94,115.213203435596,43,0
43,392828,34.6931800215576,94,115.213203435596,43,0
43,392829,45.9067478454239,94,115.213203435596,43,0
43,392830,69.2918501818527,94,115.213203435596,43,0
43,392831,96.3608310036262,94,115.213203435596,43,0
43,392832,124.738034488285,94,115.213203435596,0,124.738034488285
43,392833,153.70056275095,94,115.213203435596,0,153.70056275095
42,392835,175.759655532873,15,36.2132034355964,0,175.759655532873
42,392839,199.243151988928,15,36.2132034355964,0,199.243151988928
34,392840,215.084178870614,15,36.2132034355964,0,215.084178870614
34,392841,233.022396264467,15,36.2132034355964,0,233.022396264467
34,392842,253.234742799631,15,36.2132034355964,0,253.234742799631
26,392901,257.278934083011,350,371.213203435596,26,0
26,392902,272.41987587609,350,371.213203435596,26,0
26,392903,289.8667993055,350,371.213203435596,26,0
26,392904,309.229635749581,350,371.213203435596,26,0
26,392905,330.171482155068,350,371.213203435596,26,0
26,392906,352.410955204444,350,371.213203435596,26,0
26,392907,375.717698259906,350,371.213203435596,0,375.717698259906
37,393497,365.180223770763,2,23.2132034355964,0,365.180223770763
37,393498,339.572229236391,2,23.2132034355964,0,339.572229236391
37,393499,314.725387720098,2,23.2132034355964,0,314.725387720098
37,393500,290.834847040064,2,23.2132034355964,0,290.834847040064
37,393501,268.156324933951,2,23.2132034355964,0,268.156324933951
37,393502,247.023862659956,2,23.2132034355964,0,247.023862659956
36,393513,125.456870729472,25,46.2132034355964,0,125.456870729472
36,393514,139.803458796143,25,46.2132034355964,0,139.803458796143
29,393528,49.8942504961189,50,71.2132034355964,29,0
29,393529,32.4289567445299,50,71.2132034355964,29,0
43,393530,30.1528330268005,94,115.213203435596,43,0
43,393531,4.78362694680421,94,115.213203435596,43,0
43,393532,30.4417591924334,94,115.213203435596,43,0
43,393533,60.1718055846883,94,115.213203435596,43,0
43,393534,90.0262158511954,94,115.213203435596,43,0
43,393535,119.912137677245,94,115.213203435596,0,119.912137677245
42,393542,173.691866016706,15,36.2132034355964,0,173.691866016706
34,393543,190.92636343956,15,36.2132034355964,0,190.92636343956
34,393544,210.929259762915,15,36.2132034355964,0,210.929259762915
34,393545,233.065662967211,15,36.2132034355964,0,233.065662967211
26,393608,351.498940274644,350,371.213203435596,26,0
26,393609,372.467260754089,350,371.213203435596,0,372.467260754089
26,393610,394.591255596158,350,371.213203435596,0,394.591255596158
26,393611,417.687324431124,350,371.213203435596,0,417.687324431124
37,394204,289.295830402027,2,23.2132034355964,0,289.295830402027
37,394205,269.824003914198,2,23.2132034355964,0,269.824003914198
37,394206,252.404409791398,2,23.2132034355964,0,252.404409791398
29,394231,39.0073763336668,50,71.2132034355964,29,0
29,394232,9.15252330709263,50,71.2132034355964,29,0
29,394233,20.8831972206163,50,71.2132034355964,29,0
39,394234,23.391426372947,25,46.2132034355964,39,0
43,394235,39.1837395415944,94,115.213203435596,43,0
43,394236,65.0332638707571,94,115.213203435596,43,0
43,394237,93.3457169125053,94,115.213203435596,43,0
43,394238,122.424090003606,94,115.213203435596,0,122.424090003606
34,394245,148.949005900133,15,36.2132034355964,0,148.949005900133
34,394246,168.623669892428,15,36.2132034355964,0,168.623669892428
34,394247,190.977123298646,15,36.2132034355964,0,190.977123298646
34,394248,215.176125728618,15,36.2132034355964,0,215.176125728618
34,394249,240.664605684438,15,36.2132034355964,0,240.664605684438
34,394250,267.073629658868,15,36.2132034355964,0,267.073629658868
34,394251,294.155365027047,15,36.2132034355964,0,294.155365027047
26,394313,414.765141659989,350,371.213203435596,0,414.765141659989
26,394317,507.752510435846,350,371.213203435596,0,507.752510435846
26,394318,532.666280638611,350,371.213203435596,0,532.666280638611
26,394320,583.904987777708,350,371.213203435596,0,583.904987777708
26,394321,610.111422852975,350,371.213203435596,0,610.111422852975
37,394908,293.902349410583,2,23.2132034355964,0,293.902349410583
37,394909,277.995566662965,2,23.2132034355964,0,277.995566662965
37,394910,264.527061369494,2,23.2132034355964,0,264.527061369494
37,394911,253.885179413086,2,23.2132034355964,0,253.885179413086
29,394935,30.0880984288993,50,71.2132034355964,29,0
39,394936,20.8456763233171,25,46.2132034355964,39,0
38,394937,8.35749617590869,25,46.2132034355964,38,0
30,394938,36.1331171543667,50,71.2132034355964,30,0
30,394939,65.2186419647019,50,71.2132034355964,30,0
30,394940,94.8235668641143,50,71.2132034355964,0,94.8235668641143
34,394949,149.011413578198,15,36.2132034355964,0,149.011413578198
34,394950,173.904468486036,15,36.2132034355964,0,173.904468486036
34,394951,200.178221716364,15,36.2132034355964,0,200.178221716364
34,394952,227.35450346902,15,36.2132034355964,0,227.35450346902
34,394953,255.145083339657,15,36.2132034355964,0,255.145083339657
34,394954,283.369282677628,15,36.2132034355964,0,283.369282677628
34,394959,427.956466255913,15,36.2132034355964,0,427.956466255913
34,394960,457.260357839802,15,36.2132034355964,0,457.260357839802
34,394961,486.639010147344,15,36.2132034355964,0,486.639010147344
26,395020,525.290710213243,350,371.213203435596,0,525.290710213243
26,395021,549.40988728172,350,371.213203435596,0,549.40988728172
26,395022,574.075065501086,350,371.213203435596,0,574.075065501086
26,395023,599.218824799312,350,371.213203435596,0,599.218824799312
26,395024,624.783387851361,350,371.213203435596,0,624.783387851361
26,395025,650.71916066364,350,371.213203435596,0,650.71916066364
26,395026,676.983480559586,350,371.213203435596,0,676.983480559586
37,395612,304.375553589695,2,23.2132034355964,0,304.375553589695
37,395613,292.125776779504,2,23.2132034355964,0,292.125776779504
36,395614,280.259078636139,25,46.2132034355964,0,280.259078636139
36,395615,260.82532324275,25,46.2132034355964,0,260.82532324275
30,395638,58.4740356825974,50,71.2132034355964,30,0
30,395639,31.5683943977554,50,71.2132034355964,30,0
30,395640,19.0812025849269,50,71.2132034355964,30,0
30,395641,39.0102441750928,50,71.2132034355964,30,0
30,395642,66.8556960945588,50,71.2132034355964,30,0
30,395643,95.9570067326001,50,71.2132034355964,0,95.9570067326001
42,395644,125.31537605013,15,36.2132034355964,0,125.31537605013
42,395645,99.2455427608624,15,36.2132034355964,0,99.2455427608624
42,395646,76.0632215286513,15,36.2132034355964,0,76.0632215286513
42,395647,59.2600304553369,15,36.2132034355964,0,59.2600304553369
34,395650,84.012211341957,15,36.2132034355964,0,84.012211341957
34,395653,160.63206476834,15,36.2132034355964,0,160.63206476834
34,395654,188.762468069444,15,36.2132034355964,0,188.762468069444
34,395655,217.370838895475,15,36.2132034355964,0,217.370838895475
34,395656,246.290675790929,15,36.2132034355964,0,246.290675790929
34,395657,275.423883299214,15,36.2132034355964,0,275.423883299214
34,395660,363.589314737063,15,36.2132034355964,0,363.589314737063
34,395661,393.137661401404,15,36.2132034355964,0,393.137661401404
34,395662,422.738045320352,15,36.2132034355964,0,422.738045320352
34,395663,452.380251818358,15,36.2132034355964,0,452.380251818358
34,395664,482.056565805061,15,36.2132034355964,0,482.056565805061
26,395723,543.909406200743,350,371.213203435596,0,543.909406200743
26,395724,567.237582932188,350,371.213203435596,0,567.237582932188
26,395725,591.159522490083,350,371.213203435596,0,591.159522490083
26,395726,615.606009367335,350,371.213203435596,0,615.606009367335
26,395727,640.51698549454,350,371.213203435596,0,640.51698549454
26,395728,665.84031933003,350,371.213203435596,0,665.84031933003
26,395729,691.530711668956,350,371.213203435596,0,691.530711668956
26,395730,717.54873821395,350,371.213203435596,0,717.54873821395
37,396316,320.140229052343,2,23.2132034355964,0,320.140229052343
36,396317,302.863542559697,25,46.2132034355964,0,302.863542559697
36,396318,284.975379598208,25,46.2132034355964,0,284.975379598208
36,396319,269.231751765221,25,46.2132034355964,0,269.231751765221
30,396343,48.6793241669063,50,71.2132034355964,30,0
30,396344,59.3918317841373,50,71.2132034355964,30,0
30,396345,80.4691896168041,50,71.2132034355964,0,80.4691896168041
30,396346,105.893243344269,50,71.2132034355964,0,105.893243344269
42,396347,115.466733411691,15,36.2132034355964,0,115.466733411691
42,396348,86.4769873484109,15,36.2132034355964,0,86.4769873484109
42,396349,58.4310140904412,15,36.2132034355964,0,58.4310140904412
42,396350,33.7684575550542,15,36.2132034355964,42,0
42,396351,25.6250911165311,15,36.2132034355964,42,0
34,396352,41.7064691912163,15,36.2132034355964,0,41.7064691912163
34,396353,66.3870507672556,15,36.2132034355964,0,66.3870507672556
34,396354,94.1555319670669,15,36.2132034355964,0,94.1555319670669
34,396355,122.936978340764,15,36.2132034355964,0,122.936978340764
34,396357,181.605649113955,15,36.2132034355964,0,181.605649113955
34,396358,211.185905052198,15,36.2132034355964,0,211.185905052198
34,396359,240.849691606417,15,36.2132034355964,0,240.849691606417
34,396362,330.116816929161,15,36.2132034355964,0,330.116816929161
34,396363,359.926452597603,15,36.2132034355964,0,359.926452597603
34,396364,389.752745324177,15,36.2132034355964,0,389.752745324177
34,396365,419.592142975542,15,36.2132034355964,0,419.592142975542
34,396366,449.442035364473,15,36.2132034355964,0,449.442035364473
26,396427,586.050441747612,350,371.213203435596,0,586.050441747612
26,396428,609.234252783346,350,371.213203435596,0,609.234252783346
26,396429,632.983183881821,350,371.213203435596,0,632.983183881821
26,396430,657.235976808554,350,371.213203435596,0,657.235976808554
26,396431,681.938874950354,350,371.213203435596,0,681.938874950354
26,396432,707.044702225054,350,371.213203435596,0,707.044702225054
26,396433,732.512030302015,350,371.213203435596,0,732.512030302015
26,396434,758.304437510089,350,371.213203435596,0,758.304437510089
36,397020,326.644903836344,25,46.2132034355964,0,326.644903836344
36,397021,310.13138868296,25,46.2132034355964,0,310.13138868296
36,397022,295.729945269025,25,46.2132034355964,0,295.729945269025
36,397023,283.762330217487,25,46.2132034355964,0,283.762330217487
36,397024,274.54700291822,25,46.2132034355964,0,274.54700291822
30,397047,85.5708697604521,50,71.2132034355964,0,85.5708697604521
30,397048,101.342441216263,50,71.2132034355964,0,101.342441216263
30,397049,122.508793021276,50,71.2132034355964,0,122.508793021276
42,397050,112.918479937506,15,36.2132034355964,0,112.918479937506
42,397051,83.0436900702236,15,36.2132034355964,0,83.0436900702236
42,397052,53.2179169322869,15,36.2132034355964,0,53.2179169322869
42,397053,23.6275216326588,15,36.2132034355964,42,0
34,397054,0.628270531487884,15,36.2132034355964,34,0
34,397055,29.6310246959754,15,36.2132034355964,34,0
34,397056,59.5468126881551,15,36.2132034355964,0,59.5468126881551
34,397057,89.4643535369028,15,36.2132034355964,0,89.4643535369028
34,397058,119.382329437277,15,36.2132034355964,0,119.382329437277
34,397059,149.300478853506,15,36.2132034355964,0,149.300478853506
40,397060,178.963446364061,25,46.2132034355964,0,178.963446364061
40,397063,268.217103144614,25,46.2132034355964,0,268.217103144614
40,397064,298.035301321375,25,46.2132034355964,0,298.035301321375
40,397065,327.871769508608,25,46.2132034355964,0,327.871769508608
40,397066,357.721936203963,25,46.2132034355964,0,357.721936203963
40,397067,387.582636391115,25,46.2132034355964,0,387.582636391115
40,397068,417.45160966869,25,46.2132034355964,0,417.45160966869
26,397131,628.213786884624,350,371.213203435596,0,628.213786884624
26,397132,651.271108616719,350,371.213203435596,0,651.271108616719
26,397133,674.867130069728,350,371.213203435596,0,674.867130069728
26,397134,698.947294882397,350,371.213203435596,0,698.947294882397
26,397135,723.46326115394,350,371.213203435596,0,723.46326115394
26,397136,748.372200776195,350,371.213203435596,0,748.372200776195
26,397137,773.636156722643,350,371.213203435596,0,773.636156722643
26,397138,799.221462751886,350,371.213203435596,0,799.221462751886
36,397724,336.067527517851,25,46.2132034355964,0,336.067527517851
36,397725,322.825120514916,25,46.2132034355964,0,322.825120514916
36,397726,311.898830841785,25,46.2132034355964,0,311.898830841785
36,397727,303.538876894848,25,46.2132034355964,0,303.538876894848
36,397728,297.961349429291,25,46.2132034355964,0,297.961349429291
36,397729,295.32393838414,25,46.2132034355964,0,295.32393838414
36,397730,295.705323376042,25,46.2132034355964,0,295.705323376042
30,397751,125.915383660936,50,71.2132034355964,0,125.915383660936
30,397752,143.501997497725,50,71.2132034355964,0,143.501997497725
42,397753,118.143951325597,15,36.2132034355964,0,118.143951325597
42,397754,90.0201817199037,15,36.2132034355964,0,90.0201817199037
41,397755,60.4423888007669,25,46.2132034355964,0,60.4423888007669
41,397756,30.5434685474589,25,46.2132034355964,41,0
41,397757,1.66309251395793,25,46.2132034355964,41,0
40,397758,28.6838551439206,25,46.2132034355964,40,0
40,397759,58.185597712597,25,46.2132034355964,0,58.185597712597
40,397760,87.9693334855244,25,46.2132034355964,0,87.9693334855244
40,397761,117.821403420402,25,46.2132034355964,0,117.821403420402
40,397762,147.700379795575,25,46.2132034355964,0,147.700379795575
40,397763,177.592682552716,25,46.2132034355964,0,177.592682552716
40,397766,267.304834805382,25,46.2132034355964,0,267.304834805382
40,397767,297.214723524222,25,46.2132034355964,0,297.214723524222
40,397768,327.126196847241,25,46.2132034355964,0,327.126196847241
40,397769,357.038856518585,25,46.2132034355964,0,357.038856518585
40,397770,386.952427407922,25,46.2132034355964,0,386.952427407922
26,397833,626.271978007936,350,371.213203435596,0,626.271978007936
26,397834,648.018628461268,350,371.213203435596,0,648.018628461268
26,397835,670.395253781761,350,371.213203435596,0,670.395253781761
26,397836,693.340861927399,350,371.213203435596,0,693.340861927399
26,397837,716.800813623113,350,371.213203435596,0,716.800813623113
26,397838,740.726240298103,350,371.213203435596,0,740.726240298103
26,397839,765.073474106613,350,371.213203435596,0,765.073474106613
26,397840,789.803506930007,350,371.213203435596,0,789.803506930007
36,398429,340.338206563092,25,46.2132034355964,0,340.338206563092
36,398430,332.693607239394,25,46.2132034355964,0,332.693607239394
36,398431,327.612780935991,25,46.2132034355964,0,327.612780935991
36,398432,325.215910820837,25,46.2132034355964,0,325.215910820837
36,398433,325.562282141004,25,46.2132034355964,0,325.562282141004
36,398434,328.643221349327,25,46.2132034355964,0,328.643221349327
36,398435,334.383149706973,25,46.2132034355964,0,334.383149706973
29,398442,305.748834960509,50,71.2132034355964,0,305.748834960509
29,398443,281.980621795179,50,71.2132034355964,0,281.980621795179
41,398456,124.308756077481,25,46.2132034355964,0,124.308756077481
41,398457,95.6648915758652,25,46.2132034355964,0,95.6648915758652
41,398458,68.1258177467398,25,46.2132034355964,0,68.1258177467398
41,398459,43.8261740147342,25,46.2132034355964,41,0
41,398460,31.4736546195435,25,46.2132034355964,41,0
41,398461,43.0197543331944,25,46.2132034355964,41,0
41,398462,67.0899285452821,25,46.2132034355964,0,67.0899285452821
41,398463,94.5603970101748,25,46.2132034355964,0,94.5603970101748
41,398464,123.176823202182,25,46.2132034355964,0,123.176823202182
40,398465,152.039433125737,25,46.2132034355964,0,152.039433125737
40,398468,240.121156607433,25,46.2132034355964,0,240.121156607433
40,398469,269.727137191133,25,46.2132034355964,0,269.727137191133
40,398470,299.39528463371,25,46.2132034355964,0,299.39528463371
40,398471,329.108786911002,25,46.2132034355964,0,329.108786911002
40,398472,358.856377986904,25,46.2132034355964,0,358.856377986904
40,398473,388.630229982877,25,46.2132034355964,0,388.630229982877
26,398537,668.575438650883,350,371.213203435596,0,668.575438650883
26,398538,690.286121256849,350,371.213203435596,0,690.286121256849
26,398539,712.591644576771,350,371.213203435596,0,712.591644576771
26,398541,758.776007411526,350,371.213203435596,0,758.776007411526
26,398542,782.562000227017,350,371.213203435596,0,782.562000227017
26,398543,806.756251701388,350,371.213203435596,0,806.756251701388
36,399134,357.307565339959,25,46.2132034355964,0,357.307565339959
36,399135,355.111168871205,25,46.2132034355964,0,355.111168871205
36,399136,355.428409627947,25,46.2132034355964,0,355.428409627947
36,399137,358.252610025176,25,46.2132034355964,0,358.252610025176
36,399138,363.525345629047,25,46.2132034355964,0,363.525345629047
29,399144,347.563138083796,50,71.2132034355964,0,347.563138083796
29,399145,324.099625940399,50,71.2132034355964,0,324.099625940399
29,399146,301.780074621861,50,71.2132034355964,0,301.780074621861
29,399147,280.877326720682,50,71.2132034355964,0,280.877326720682
29,399148,261.731055126648,50,71.2132034355964,0,261.731055126648
30,399149,242.76381862556,50,71.2132034355964,0,242.76381862556
41,399167,133.976955466379,25,46.2132034355964,0,133.976955466379
41,399168,161.155141778941,25,46.2132034355964,0,161.155141778941
41,399169,189.162351936989,25,46.2132034355964,0,189.162351936989
41,399170,217.678826719882,25,46.2132034355964,0,217.678826719882
40,399171,246.471775425084,25,46.2132034355964,0,246.471775425084
40,399172,275.396034648279,25,46.2132034355964,0,275.396034648279
40,399173,304.51251957507,25,46.2132034355964,0,304.51251957507
40,399174,333.770927607468,25,46.2132034355964,0,333.770927607468
26,399240,689.816993872548,350,371.213203435596,0,689.816993872548
26,399241,710.879353787475,350,371.213203435596,0,710.879353787475
26,399242,732.558220591263,350,371.213203435596,0,732.558220591263
26,399243,754.800475477593,350,371.213203435596,0,754.800475477593
36,399838,385.008947166937,25,46.2132034355964,0,385.008947166937
36,399839,385.301573736046,25,46.2132034355964,0,385.301573736046
36,399840,387.908354868529,25,46.2132034355964,0,387.908354868529
36,399841,392.783218273376,25,46.2132034355964,0,392.783218273376
36,399842,399.843215604597,25,46.2132034355964,0,399.843215604597
36,399843,408.975198882438,25,46.2132034355964,0,408.975198882438
29,399850,303.70963618321,50,71.2132034355964,0,303.70963618321
30,399851,285.06296661827,50,71.2132034355964,0,285.06296661827
30,399852,264.361472907468,50,71.2132034355964,0,264.361472907468
30,399853,245.567338224009,50,71.2132034355964,0,245.567338224009
30,399854,229.150349491183,50,71.2132034355964,0,229.150349491183
30,399859,200.988172275554,50,71.2132034355964,0,200.988172275554
41,399860,201.914312786561,25,46.2132034355964,0,201.914312786561
41,399869,127.614986902765,25,46.2132034355964,0,127.614986902765
41,399870,150.05503308551,25,46.2132034355964,0,150.05503308551
41,399871,174.750425442908,25,46.2132034355964,0,174.750425442908
41,399872,200.871052160111,25,46.2132034355964,0,200.871052160111
41,399873,227.927440570826,25,46.2132034355964,0,227.927440570826
41,399874,255.622625952817,25,46.2132034355964,0,255.622625952817
41,399875,283.769635088087,25,46.2132034355964,0,283.769635088087
26,399945,753.183665995094,350,371.213203435596,0,753.183665995094
26,399946,774.834191142178,350,371.213203435596,0,774.834191142178
26,399947,797.019788168714,350,371.213203435596,0,797.019788168714
26,399948,819.697012089698,350,371.213203435596,0,819.697012089698
36,400545,428.709692358959,25,46.2132034355964,0,428.709692358959
36,400546,437.239243730459,25,46.2132034355964,0,437.239243730459
36,400547,447.609760328869,25,46.2132034355964,0,447.609760328869
29,400548,431.480116861848,50,71.2132034355964,0,431.480116861848
29,400549,408.454268286328,50,71.2132034355964,0,408.454268286328
29,400550,386.374067301426,50,71.2132034355964,0,386.374067301426
30,400555,287.452776328178,50,71.2132034355964,0,287.452776328178
30,400556,270.269081384758,50,71.2132034355964,0,270.269081384758
30,400557,255.44451361047,50,71.2132034355964,0,255.44451361047
30,400558,243.410493120921,50,71.2132034355964,0,243.410493120921
30,400559,234.596850440969,50,71.2132034355964,0,234.596850440969
35,400562,208.627097574109,50,71.2132034355964,0,208.627097574109
35,400563,183.421119606783,50,71.2132034355964,0,183.421119606783
35,400564,159.848994516635,50,71.2132034355964,0,159.848994516635
35,400565,138.745982400945,50,71.2132034355964,0,138.745982400945
41,400573,169.919377497988,25,46.2132034355964,0,169.919377497988
41,400575,216.114222896931,25,46.2132034355964,0,216.114222896931
26,400649,795.488330070249,350,371.213203435596,0,795.488330070249
26,400650,817.113449702437,350,371.213203435596,0,817.113449702437
26,400651,839.248017954318,350,371.213203435596,0,839.248017954318
26,400652,861.852783916137,350,371.213203435596,0,861.852783916137
26,400672,1373.96478644836,350,371.213203435596,0,1373.96478644836
26,400673,1401.36545914946,350,371.213203435596,0,1401.36545914946
26,400674,1428.86710554244,350,371.213203435596,0,1428.86710554244
26,400675,1456.46400573915,350,371.213203435596,0,1456.46400573915
29,401250,473.531752258115,50,71.2132034355964,0,473.531752258115
29,401251,450.668139869402,50,71.2132034355964,0,450.668139869402
29,401252,428.674079432924,50,71.2132034355964,0,428.674079432924
29,401253,407.690326904911,50,71.2132034355964,0,407.690326904911
29,401254,387.880885213841,50,71.2132034355964,0,387.880885213841
29,401255,369.434705688921,50,71.2132034355964,0,369.434705688921
30,401256,348.85371601178,50,71.2132034355964,0,348.85371601178
30,401259,295.933824764944,50,71.2132034355964,0,295.933824764944
30,401260,282.459395192576,50,71.2132034355964,0,282.459395192576
30,401261,271.624826358267,50,71.2132034355964,0,271.624826358267
30,401262,263.755640177896,50,71.2132034355964,0,263.755640177896
35,401263,251.507025670093,50,71.2132034355964,0,251.507025670093
35,401264,223.143558211327,50,71.2132034355964,0,223.143558211327
35,401265,195.245162441604,50,71.2132034355964,0,195.245162441604
35,401266,168.043630107954,50,71.2132034355964,0,168.043630107954
35,401267,141.940170705789,50,71.2132034355964,0,141.940170705789
35,401268,117.667857875723,50,71.2132034355964,0,117.667857875723
35,401269,96.616767550097,50,71.2132034355964,0,96.616767550097
35,401270,81.327959793061,50,71.2132034355964,0,81.327959793061
26,401352,816.715823482669,350,371.213203435596,0,816.715823482669
26,401353,837.793309934315,350,371.213203435596,0,837.793309934315
26,401354,859.395527788922,350,371.213203435596,0,859.395527788922
26,401355,881.483899664392,350,371.213203435596,0,881.483899664392
26,401356,904.02279104211,350,371.213203435596,0,904.02279104211
26,401375,1386.36540378185,350,371.213203435596,0,1386.36540378185
26,401376,1413.52586012331,350,371.213203435596,0,1413.52586012331
26,401377,1440.7955548241,350,371.213203435596,0,1440.7955548241
26,401378,1468.16840093236,350,371.213203435596,0,1468.16840093236
26,401379,1495.6387348979,350,371.213203435596,0,1495.6387348979
26,401380,1523.20128226188,350,371.213203435596,0,1523.20128226188
26,401381,1550.8511264341,350,371.213203435596,0,1550.8511264341
26,401382,1578.5836802528,350,371.213203435596,0,1578.5836802528
26,401383,1606.39466006507,350,371.213203435596,0,1606.39466006507
29,401957,411.299614286511,50,71.2132034355964,0,411.299614286511
30,401958,391.119628445861,50,71.2132034355964,0,391.119628445861
30,401959,371.510355704863,50,71.2132034355964,0,371.510355704863
30,401960,353.349104608859,50,71.2132034355964,0,353.349104608859
30,401961,336.870152655418,50,71.2132034355964,0,336.870152655418
35,401965,273.667500543233,50,71.2132034355964,0,273.667500543233
35,401966,244.214496305719,50,71.2132034355964,0,244.214496305719
35,401967,214.89046385973,50,71.2132034355964,0,214.89046385973
35,401968,185.756492775909,50,71.2132034355964,0,185.756492775909
35,401970,128.575723248452,50,71.2132034355964,0,128.575723248452
35,401971,101.145417387987,50,71.2132034355964,0,101.145417387987
35,401972,75.6270203603204,50,71.2132034355964,0,75.6270203603204
35,401973,54.7619289167577,50,71.2132034355964,35,0
35,401974,45.4825615952446,50,71.2132034355964,35,0
26,402056,859.017033699446,350,371.213203435596,0,859.017033699446
26,402057,880.098576442908,350,371.213203435596,0,880.098576442908
26,402058,901.680044760912,350,371.213203435596,0,901.680044760912
26,402059,923.72639930757,350,371.213203435596,0,923.72639930757
26,402079,1426.20999782278,350,371.213203435596,0,1426.20999782278
26,402080,1453.24184147392,350,371.213203435596,0,1453.24184147392
26,402081,1480.38471367624,350,371.213203435596,0,1480.38471367624
26,402082,1507.63261768881,350,371.213203435596,0,1507.63261768881
26,402083,1534.97996016273,350,371.213203435596,0,1534.97996016273
26,402084,1562.42151963636,350,371.213203435596,0,1562.42151963636
26,402085,1589.9524177436,350,371.213203435596,0,1589.9524177436
26,402086,1617.5680928801,350,371.213203435596,0,1617.5680928801
26,402087,1645.26427611177,350,371.213203435596,0,1645.26427611177
26,402088,1673.03696914924,350,371.213203435596,0,1673.03696914924
26,402089,1700.88242414272,350,371.213203435596,0,1700.88242414272
26,402090,1728.79712520212,350,371.213203435596,0,1728.79712520212
26,402091,1756.77777142994,350,371.213203435596,0,1756.77777142994
26,402092,1784.82126135909,350,371.213203435596,0,1784.82126135909
26,402093,1812.9246786683,350,371.213203435596,0,1812.9246786683
30,402662,395.133353632863,50,71.2132034355964,0,395.133353632863
30,402663,378.108372996738,50,71.2132034355964,0,378.108372996738
30,402664,362.755827823699,50,71.2132034355964,0,362.755827823699
30,402665,349.296312352067,50,71.2132034355964,0,349.296312352067
35,402666,330.069662996672,50,71.2132034355964,0,330.069662996672
35,402667,300.186536609539,50,71.2132034355964,0,300.186536609539
35,402668,270.311510325101,50,71.2132034355964,0,270.311510325101
35,402669,240.447603411815,50,71.2132034355964,0,240.447603411815
35,402670,210.59954624973,50,71.2132034355964,0,210.59954624973
35,402671,180.775189935318,50,71.2132034355964,0,180.775189935318
35,402672,150.988579813439,50,71.2132034355964,0,150.988579813439
35,402673,121.267533554085,50,71.2132034355964,0,121.267533554085
35,402690,388.683246940895,50,71.2132034355964,0,388.683246940895
35,402691,418.580693896546,50,71.2132034355964,0,418.580693896546
35,402692,448.481114065165,50,71.2132034355964,0,448.481114065165
26,402761,922.404105803572,350,371.213203435596,0,922.404105803572
26,402762,943.966688162875,350,371.213203435596,0,943.966688162875
26,402784,1493.10037873817,350,371.213203435596,0,1493.10037873817
26,402785,1520.12051759753,350,371.213203435596,0,1520.12051759753
26,402786,1547.24729872905,350,371.213203435596,0,1547.24729872905
26,402787,1574.47521009071,350,371.213203435596,0,1574.47521009071
26,402788,1601.79909455695,350,371.213203435596,0,1601.79909455695
26,402789,1629.21412338126,350,371.213203435596,0,1629.21412338126
26,402790,1656.71577184524,350,371.213203435596,0,1656.71577184524
26,402791,1684.29979691919,350,371.213203435596,0,1684.29979691919
26,402792,1711.96221671883,350,371.213203435596,0,1711.96221671883
26,402793,1739.69929165881,350,371.213203435596,0,1739.69929165881
26,402794,1767.5075071058,350,371.213203435596,0,1767.5075071058
26,402795,1795.38355743379,350,371.213203435596,0,1795.38355743379
35,403370,300.126396141023,50,71.2132034355964,0,300.126396141023
35,403371,270.244552045997,50,71.2132034355964,0,270.244552045997
35,403372,240.372155839247,50,71.2132034355964,0,240.372155839247
35,403373,210.513229606997,50,71.2132034355964,0,210.513229606997
35,403374,180.674451763929,50,71.2132034355964,0,180.674451763929
35,403375,150.867777692543,50,71.2132034355964,0,150.867777692543
35,403376,121.116911768386,50,71.2132034355964,0,121.116911768386
35,403377,91.4763216986396,50,71.2132034355964,0,91.4763216986396
35,403378,62.1041036666226,50,71.2132034355964,35,0
35,403379,33.7092435127304,50,71.2132034355964,35,0
35,403380,14.3561014825616,50,71.2132034355964,35,0
35,403381,32.653841227147,50,71.2132034355964,35,0
35,403382,60.9658936567015,50,71.2132034355964,35,0
35,403383,90.3205302107659,50,71.2132034355964,0,90.3205302107659
35,403384,119.954771937683,50,71.2132034355964,0,119.954771937683
35,403385,149.702663933395,50,71.2132034355964,0,149.702663933395
35,403390,298.957281476403,50,71.2132034355964,0,298.957281476403
35,403391,328.845774322035,50,71.2132034355964,0,328.845774322035
35,403392,358.73948984389,50,71.2132034355964,0,358.73948984389
35,403393,388.637222871,50,71.2132034355964,0,388.637222871
35,403394,418.538112443171,50,71.2132034355964,0,418.538112443171
35,403395,448.441527154558,50,71.2132034355964,0,448.441527154558
35,403396,478.346993430048,50,71.2132034355964,0,478.346993430048
26,403490,1587.00118552717,350,371.213203435596,0,1587.00118552717
26,403491,1614.11318731428,350,371.213203435596,0,1614.11318731428
26,403492,1641.32269162714,350,371.213203435596,0,1641.32269162714
26,403493,1668.62492868076,350,371.213203435596,0,1668.62492868076
26,403494,1696.015420085,350,371.213203435596,0,1696.015420085
26,403495,1723.48995810489,350,371.213203435596,0,1723.48995810489
35,404075,243.991578041519,50,71.2132034355964,0,243.991578041519
35,404076,214.636586663951,50,71.2132034355964,0,214.636586663951
35,404077,185.462231412881,50,71.2132034355964,0,185.462231412881
35,404078,156.569521281128,50,71.2132034355964,0,156.569521281128
35,404079,128.149098611592,50,71.2132034355964,0,128.149098611592
35,404080,100.602031406271,50,71.2132034355964,0,100.602031406271
35,404081,74.8982425647393,50,71.2132034355964,0,74.8982425647393
35,404082,53.7505862588038,50,71.2132034355964,35,0
35,404083,44.2595196007862,50,71.2132034355964,35,0
35,404084,53.095059991073,50,71.2132034355964,35,0
35,404085,73.9571935885837,50,71.2132034355964,0,73.9571935885837
35,404086,99.5522392503492,50,71.2132034355964,0,99.5522392503492
35,404087,127.051292648173,50,71.2132034355964,0,127.051292648173
35,404091,242.840624964357,50,71.2132034355964,0,242.840624964357
35,404092,272.314075273047,50,71.2132034355964,0,272.314075273047
35,404093,301.875376302956,50,71.2132034355964,0,301.875376302956
35,404094,331.50102685796,50,71.2132034355964,0,331.50102685796
35,404095,361.175192341585,50,71.2132034355964,0,361.175192341585
35,404096,390.886823881187,50,71.2132034355964,0,390.886823881187
35,404097,420.627982148958,50,71.2132034355964,0,420.627982148958
35,404098,450.392817898196,50,71.2132034355964,0,450.392817898196
35,404099,480.176928040221,50,71.2132034355964,0,480.176928040221
35,404100,509.976935550862,50,71.2132034355964,0,509.976935550862
35,404780,194.778372970971,50,71.2132034355964,0,194.778372970971
35,404781,167.500260235223,50,71.2132034355964,0,167.500260235223
35,404782,141.295683480064,50,71.2132034355964,0,141.295683480064
35,404783,116.888894045506,50,71.2132034355964,0,116.888894045506
35,404784,95.6659151574281,50,71.2132034355964,0,95.6659151574281
35,404785,80.1955827015036,50,71.2132034355964,0,80.1955827015036
35,404794,250.028151434619,50,71.2132034355964,0,250.028151434619
35,404795,278.742792860906,50,71.2132034355964,0,278.742792860906
35,404796,307.687216216926,50,71.2132034355964,0,307.687216216926
35,404797,336.80218506049,50,71.2132034355964,0,336.80218506049
35,404798,366.047006663623,50,71.2132034355964,0,366.047006663623
35,404799,395.392868804249,50,71.2132034355964,0,395.392868804249
35,404800,424.818832798115,50,71.2132034355964,0,424.818832798115
35,404801,454.309334138551,50,71.2132034355964,0,454.309334138551
35,404802,483.852572437359,50,71.2132034355964,0,483.852572437359
35,404808,661.823219978951,50,71.2132034355964,0,661.823219978951
35,404809,691.56285899426,50,71.2132034355964,0,691.56285899426
35,404810,721.317414011089,50,71.2132034355964,0,721.317414011089
35,404811,751.085112316986,50,71.2132034355964,0,751.085112316986
35,405485,159.047610487982,50,71.2132034355964,0,159.047610487982
35,405486,137.82108661636,50,71.2132034355964,0,137.82108661636
35,405487,120.347752132828,50,71.2132034355964,0,120.347752132828
35,405488,108.45704672063,50,71.2132034355964,0,108.45704672063
35,405489,104.080260071476,50,71.2132034355964,0,104.080260071476
35,405491,119.764350630346,50,71.2132034355964,0,119.764350630346
35,405492,137.056664464952,50,71.2132034355964,0,137.056664464952
35,405493,158.164404588901,50,71.2132034355964,0,158.164404588901
35,405494,181.763165950444,50,71.2132034355964,0,181.763165950444
35,405503,431.04938877939,50,71.2132034355964,0,431.04938877939
35,405504,460.140897216037,50,71.2132034355964,0,460.140897216037
35,405505,489.332335963894,50,71.2132034355964,0,489.332335963894
35,405511,665.840741846362,50,71.2132034355964,0,665.840741846362
35,405512,695.408745456245,50,71.2132034355964,0,695.408745456245
35,405513,725.0056365387,50,71.2132034355964,0,725.0056365387
35,405514,754.628016153771,50,71.2132034355964,0,754.628016153771
35,405515,784.27299616566,50,71.2132034355964,0,784.27299616566
35,405516,813.938107143004,50,71.2132034355964,0,813.938107143004
35,406191,137.418790632,50,71.2132034355964,0,137.418790632
35,406193,137.163707888912,50,71.2132034355964,0,137.163707888912
35,406194,146.507701457616,50,71.2132034355964,0,146.507701457616
35,406195,160.952042691791,50,71.2132034355964,0,160.952042691791
35,406196,179.268076192581,50,71.2132034355964,0,179.268076192581
35,406197,200.396995665945,50,71.2132034355964,0,200.396995665945
35,406198,223.542609445145,50,71.2132034355964,0,223.542609445145
35,406204,382.680512622103,50,71.2132034355964,0,382.680512622103
35,406205,410.840266454339,50,71.2132034355964,0,410.840266454339
35,406206,439.232858480259,50,71.2132034355964,0,439.232858480259
35,406207,467.815896512474,50,71.2132034355964,0,467.815896512474
35,406208,496.556493984934,50,71.2132034355964,0,496.556493984934
35,406209,525.428796353981,50,71.2132034355964,0,525.428796353981
35,406210,554.412227484023,50,71.2132034355964,0,554.412227484023
35,406211,583.49022747478,50,71.2132034355964,0,583.49022747478
35,406213,641.878485059374,50,71.2132034355964,0,641.878485059374
35,406214,671.168537725672,50,71.2132034355964,0,671.168537725672
35,406215,700.5118500811,50,71.2132034355964,0,700.5118500811
35,406216,729.90199876359,50,71.2132034355964,0,729.90199876359
35,406217,759.333545362202,50,71.2132034355964,0,759.333545362202
35,406218,788.801856011906,50,71.2132034355964,0,788.801856011906
35,406219,818.30295893339,50,71.2132034355964,0,818.30295893339
35,406900,221.516267537521,50,71.2132034355964,0,221.516267537521
35,406904,314.740643587804,50,71.2132034355964,0,314.740643587804
35,406905,340.640315953564,50,71.2132034355964,0,340.640315953564
35,406906,367.151761856058,50,71.2132034355964,0,367.151761856058
35,406907,394.151553174343,50,71.2132034355964,0,394.151553174343
35,406908,421.545865548904,50,71.2132034355964,0,421.545865548904
35,406909,449.262535612187,50,71.2132034355964,0,449.262535612187
35,406910,477.245402599239,50,71.2132034355964,0,477.245402599239
35,406911,505.450256653337,50,71.2132034355964,0,505.450256653337
35,406912,533.841913727721,50,71.2132034355964,0,533.841913727721
35,406913,562.392082983328,50,71.2132034355964,0,562.392082983328
35,406914,591.077795560052,50,71.2132034355964,0,591.077795560052
35,406915,619.880234441949,50,71.2132034355964,0,619.880234441949
35,406916,648.7838537973,50,71.2132034355964,0,648.7838537973
35,406917,677.775709281505,50,71.2132034355964,0,677.775709281505
35,406918,706.844943732553,50,71.2132034355964,0,706.844943732553
35,406919,735.98238845371,50,71.2132034355964,0,735.98238845371
35,406920,765.180251306287,50,71.2132034355964,0,765.180251306287
35,406921,794.431870652345,50,71.2132034355964,0,794.431870652345
35,406922,823.73151965031,50,71.2132034355964,0,823.73151965031
35,407616,571.827059130302,50,71.2132034355964,0,571.827059130302
35,407617,600.062054108777,50,71.2132034355964,0,600.062054108777
35,407618,628.453022013819,50,71.2132034355964,0,628.453022013819
35,407619,656.979742340234,50,71.2132034355964,0,656.979742340234
35,407620,685.625270598527,50,71.2132034355964,0,685.625270598527
35,407621,714.37531479384,50,71.2132034355964,0,714.37531479384
35,407622,743.217745993207,50,71.2132034355964,0,743.217745993207
35,407623,772.142211250167,50,71.2132034355964,0,772.142211250167
35,407624,801.139825309391,50,71.2132034355964,0,801.139825309391
35,408321,638.313629993989,50,71.2132034355964,0,638.313629993989
35,408322,666.418538362169,50,71.2132034355964,0,666.418538362169
35,408323,694.67510737309,50,71.2132034355964,0,694.67510737309
35,408324,723.065557071329,50,71.2132034355964,0,723.065557071329
35,408325,751.57471573547,50,71.2132034355964,0,751.57471573547
