"OID","cell_id","NEAR_DIST","uc","radius","assigned_community","fringe_dist"
44,2859,24901.735611087,50,71.2132034355964,0,24901.735611087
44,3561,24905.760641856,50,71.2132034355964,0,24905.760641856
44,3562,24882.7198230866,50,71.2132034355964,0,24882.7198230866
44,3563,24859.6935416814,50,71.2132034355964,0,24859.6935416814
44,4264,24886.7840043992,50,71.2132034355964,0,24886.7840043992
44,4265,24863.7254757226,50,71.2132034355964,0,24863.7254757226
44,4266,24840.6814628647,50,71.2132034355964,0,24840.6814628647
44,4267,24817.6520062578,50,71.2132034355964,0,24817.6520062578
44,4967,24867.828863854,50,71.2132034355964,0,24867.828863854
44,4968,24844.7526181708,50,71.2132034355964,0,24844.7526181708
44,4969,24821.6908666765,50,71.2132034355964,0,24821.6908666765
44,4970,24798.6436498047,50,71.2132034355964,0,24798.6436498047
44,5666,24941.4150685744,50,71.2132034355964,0,24941.4150685744
44,5671,24825.8012997004,50,71.2132034355964,0,24825.8012997004
44,5672,24802.7218024611,50,71.2132034355964,0,24802.7218024611
44,5673,24779.6568181323,50,71.2132034355964,0,24779.6568181323
44,5674,24756.606387282,50,71.2132034355964,0,24756.606387282
44,6368,24945.7571272851,50,71.2132034355964,0,24945.7571272851
44,6369,24922.5737754535,50,71.2132034355964,0,24922.5737754535
44,6370,24899.4046739668,50,71.2132034355964,0,24899.4046739668
44,6375,24783.7743196611,50,71.2132034355964,0,24783.7743196611
44,6376,24760.6915607583,50,71.2132034355964,0,24760.6915607583
44,6377,24737.623333539,50,71.2132034355964,0,24737.623333539
44,7048,25464.4149829341,50,71.2132034355964,0,25464.4149829341
44,7071,24926.955134029,50,71.2132034355964,0,24926.955134029
44,7072,24903.7541537591,50,71.2132034355964,0,24903.7541537591
44,7073,24880.5674019528,50,71.2132034355964,0,24880.5674019528
44,7077,24787.9634775581,50,71.2132034355964,0,24787.9634775581
44,7078,24764.848467809,50,71.2132034355964,0,24764.848467809
44,7079,24741.747927293,50,71.2132034355964,0,24741.747927293
44,7080,24718.6618965785,50,71.2132034355964,0,24718.6618965785
44,7750,25469.5822050192,50,71.2132034355964,0,25469.5822050192
44,7751,25446.0342616827,50,71.2132034355964,0,25446.0342616827
44,7752,25422.4996056478,50,71.2132034355964,0,25422.4996056478
44,7764,25141.1337046601,50,71.2132034355964,0,25141.1337046601
44,7773,24931.4076496397,50,71.2132034355964,0,24931.4076496397
44,7774,24908.1748677482,50,71.2132034355964,0,24908.1748677482
44,7775,24884.9562526616,50,71.2132034355964,0,24884.9562526616
44,7776,24861.7518440742,50,71.2132034355964,0,24861.7518440742
44,7779,24792.2242560863,50,71.2132034355964,0,24792.2242560863
44,7780,24769.077072898,50,71.2132034355964,0,24769.077072898
44,8454,25427.6754395288,50,71.2132034355964,0,25427.6754395288
44,8455,25404.1236484633,50,71.2132034355964,0,25404.1236484633
44,8466,25145.9401063275,50,71.2132034355964,0,25145.9401063275
44,8467,25122.5504136438,50,71.2132034355964,0,25122.5504136438
44,8468,25099.174475574,50,71.2132034355964,0,25099.174475574
44,8476,24912.6667785894,50,71.2132034355964,0,24912.6667785894
44,8477,24889.4163776246,50,71.2132034355964,0,24889.4163776246
44,8478,24866.1801214208,50,71.2132034355964,0,24866.1801214208
44,8479,24842.9580496692,50,71.2132034355964,0,24842.9580496692
44,8481,24796.556618904,50,71.2132034355964,0,24796.556618904
44,8482,24773.377339896,50,71.2132034355964,0,24773.377339896
44,8483,24750.2124053462,50,71.2132034355964,0,24750.2124053462
44,9157,25409.3385639391,50,71.2132034355964,0,25409.3385639391
44,9158,25385.769633424,50,71.2132034355964,0,25385.769633424
44,9159,25362.2139831889,50,71.2132034355964,0,25362.2139831889
44,9170,25103.9890058208,50,71.2132034355964,0,25103.9890058208
44,9171,25080.5956415483,50,71.2132034355964,0,25080.5956415483
44,9179,24893.9477391093,50,71.2132034355964,0,24893.9477391093
44,9180,24870.6797129317,50,71.2132034355964,0,24870.6797129317
44,9181,24847.4258093868,50,71.2132034355964,0,24847.4258093868
44,9182,24824.1860681662,50,71.2132034355964,0,24824.1860681662
44,9861,25367.437608158,50,71.2132034355964,0,25367.437608158
44,9865,25273.2262636893,50,71.2132034355964,0,25273.2262636893
44,9869,25179.2294337443,50,71.2132034355964,0,25179.2294337443
44,9873,25085.4495297683,50,71.2132034355964,0,25085.4495297683
44,9874,25062.0387339559,50,71.2132034355964,0,25062.0387339559
44,9883,24851.9649230345,50,71.2132034355964,0,24851.9649230345
44,9884,24828.6933660051,50,71.2132034355964,0,24828.6933660051
44,9885,24805.4359490885,50,71.2132034355964,0,24805.4359490885
44,10567,25278.3975176243,50,71.2132034355964,0,25278.3975176243
44,10568,25254.8474619465,50,71.2132034355964,0,25254.8474619465
44,10569,25231.3107910781,50,71.2132034355964,0,25231.3107910781
44,10572,25160.7814628699,50,71.2132034355964,0,25160.7814628699
44,11271,25236.4907280011,50,71.2132034355964,0,25236.4907280011
44,15481,25316.5503693128,50,71.2132034355964,0,25316.5503693128
44,15482,25292.7879823703,50,71.2132034355964,0,25292.7879823703
44,16183,25322.2793962042,50,71.2132034355964,0,25322.2793962042
44,16184,25298.4869888745,50,71.2132034355964,0,25298.4869888745
44,16185,25274.7074909425,50,71.2132034355964,0,25274.7074909425
44,16886,25304.2555913759,50,71.2132034355964,0,25304.2555913759
44,16887,25280.4460925458,50,71.2132034355964,0,25280.4460925458
44,16888,25256.6494803215,50,71.2132034355964,0,25256.6494803215
44,17589,25286.2543219715,50,71.2132034355964,0,25286.2543219715
44,17590,25262.4277284969,50,71.2132034355964,0,25262.4277284969
44,18291,25292.1321318171,50,71.2132034355964,0,25292.1321318171
44,18292,25268.2756361561,50,71.2132034355964,0,25268.2756361561
44,18293,25244.4319449764,50,71.2132034355964,0,25244.4319449764
44,18995,25250.3195821671,50,71.2132034355964,0,25250.3195821671
44,18996,25226.458790307,50,71.2132034355964,0,25226.458790307
44,19698,25232.3862083232,50,71.2132034355964,0,25232.3862083232
44,19699,25208.5083128926,50,71.2132034355964,0,25208.5083128926
44,19725,24592.2825783062,50,71.2132034355964,0,24592.2825783062
44,19726,24568.7632726442,50,71.2132034355964,0,24568.7632726442
44,19727,24545.2577874407,50,71.2132034355964,0,24545.2577874407
44,20401,25214.4755630148,50,71.2132034355964,0,25214.4755630148
44,20402,25190.5805612101,50,71.2132034355964,0,25190.5805612101
44,20428,24573.9018957885,50,71.2132034355964,0,24573.9018957885
44,20429,24550.3648542688,50,71.2132034355964,0,24550.3648542688
44,20430,24526.841609753,50,71.2132034355964,0,24526.841609753
44,21105,25172.6755838152,50,71.2132034355964,0,25172.6755838152
44,21106,25148.776221235,50,71.2132034355964,0,25148.776221235
44,21132,24531.9891080241,50,71.2132034355964,0,24531.9891080241
44,21808,25154.7934293405,50,71.2132034355964,0,25154.7934293405
44,21809,25130.8769317336,50,71.2132034355964,0,25130.8769317336
44,22511,25136.9341464931,50,71.2132034355964,0,25136.9341464931
44,22512,25113.0005112429,50,71.2132034355964,0,25113.0005112429
44,23215,25095.1470086353,50,71.2132034355964,0,25095.1470086353
44,26729,25030.2614907998,50,71.2132034355964,0,25030.2614907998
44,27431,25036.6298800747,50,71.2132034355964,0,25036.6298800747
44,27432,25012.5636795391,50,71.2132034355964,0,25012.5636795391
44,27433,24988.5100149645,50,71.2132034355964,0,24988.5100149645
44,28134,25018.9724642463,50,71.2132034355964,0,25018.9724642463
44,28135,24994.8891322969,50,71.2132034355964,0,24994.8891322969
44,28136,24970.818312349,50,71.2132034355964,0,24970.818312349
44,28838,24977.2378984576,50,71.2132034355964,0,24977.2378984576
44,57711,23049.4205101025,50,71.2132034355964,0,23049.4205101025
44,58413,23056.1070592326,50,71.2132034355964,0,23056.1070592326
44,58414,23031.9030400644,50,71.2132034355964,0,23031.9030400644
44,59116,23038.633638526,50,71.2132034355964,0,23038.633638526
44,59117,23014.4111119701,50,71.2132034355964,0,23014.4111119701
44,59118,22990.2018921172,50,71.2132034355964,0,22990.2018921172
44,59819,23021.1858191973,50,71.2132034355964,0,23021.1858191973
44,59820,22996.9447841008,50,71.2132034355964,0,22996.9447841008
44,59821,22972.7170269992,50,71.2132034355964,0,22972.7170269992
44,60523,22979.504114833,50,71.2132034355964,0,22979.504114833
44,60524,22955.2578193601,50,71.2132034355964,0,22955.2578193601
44,60525,22931.024815109,50,71.2132034355964,0,22931.024815109
44,61226,22962.0891626321,50,71.2132034355964,0,22962.0891626321
44,61227,22937.8243277867,50,71.2132034355964,0,22937.8243277867
44,61228,22913.5727552467,50,71.2132034355964,0,22913.5727552467
44,61930,22920.41661096,50,71.2132034355964,0,22920.41661096
44,61931,22896.1464691611,50,71.2132034355964,0,22896.1464691611
44,61932,22871.8896027897,50,71.2132034355964,0,22871.8896027897
44,62634,22878.7460157459,50,71.2132034355964,0,22878.7460157459
44,62635,22854.4705501427,50,71.2132034355964,0,22854.4705501427
44,62636,22830.2083730926,50,71.2132034355964,0,22830.2083730926
44,63338,22837.0773883372,50,71.2132034355964,0,22837.0773883372
44,63339,22812.7965819944,50,71.2132034355964,0,22812.7965819944
44,64003,23752.5190658804,50,71.2132034355964,0,23752.5190658804
44,64042,22795.4107401593,50,71.2132034355964,0,22795.4107401593
44,64043,22771.1245760644,50,71.2132034355964,0,22771.1245760644
44,64706,23735.864312882,50,71.2132034355964,0,23735.864312882
44,64711,23612.0254684969,50,71.2132034355964,0,23612.0254684969
44,64745,22778.0509070056,50,71.2132034355964,0,22778.0509070056
44,64746,22753.7460827204,50,71.2132034355964,0,22753.7460827204
44,64747,22729.4545437836,50,71.2132034355964,0,22729.4545437836
44,65414,23595.3087960008,50,71.2132034355964,0,23595.3087960008
44,65415,23570.5588699943,50,71.2132034355964,0,23570.5588699943
44,65449,22736.3936569476,50,71.2132034355964,0,22736.3936569476
44,65450,22712.0834276173,50,71.2132034355964,0,22712.0834276173
44,65451,22687.7864966631,50,71.2132034355964,0,22687.7864966631
44,66117,23578.6182169404,50,71.2132034355964,0,23578.6182169404
44,66118,23553.8506190956,50,71.2132034355964,0,23553.8506190956
44,66119,23529.0948903145,50,71.2132034355964,0,23529.0948903145
44,66153,22694.7384381637,50,71.2132034355964,0,22694.7384381637
44,66154,22670.4227865253,50,71.2132034355964,0,22670.4227865253
44,66155,22646.1204463047,50,71.2132034355964,0,22646.1204463047
44,66821,23537.1685195435,50,71.2132034355964,0,23537.1685195435
44,66822,23512.3950927802,50,71.2132034355964,0,23512.3950927802
44,66857,22653.0852624975,50,71.2132034355964,0,22653.0852624975
44,66858,22628.7641712128,50,71.2132034355964,0,22628.7641712128
44,66859,22604.456404387,50,71.2132034355964,0,22604.456404387
44,67525,23495.7215047441,50,71.2132034355964,0,23495.7215047441
44,67526,23470.9422317148,50,71.2132034355964,0,23470.9422317148
44,67560,22635.7739847493,50,71.2132034355964,0,22635.7739847493
44,67561,22611.434141883,50,71.2132034355964,0,22611.434141883
44,67562,22587.1075935254,50,71.2132034355964,0,22587.1075935254
44,67563,22562.7943826816,50,71.2132034355964,0,22562.7943826816
44,68229,23454.2771873801,50,71.2132034355964,0,23454.2771873801
44,68264,22594.1304187084,50,71.2132034355964,0,22594.1304187084
44,68265,22569.7850883363,50,71.2132034355964,0,22569.7850883363
44,68266,22545.4530654044,50,71.2132034355964,0,22545.4530654044
44,68932,23437.6384669692,50,71.2132034355964,0,23437.6384669692
44,68933,23412.8355823984,50,71.2132034355964,0,23412.8355823984
44,68968,22552.4889494366,50,71.2132034355964,0,22552.4889494366
44,68969,22528.1381139695,50,71.2132034355964,0,22528.1381139695
44,68970,22503.800598872,50,71.2132034355964,0,22503.800598872
44,69635,23421.0261265854,50,71.2132034355964,0,23421.0261265854
44,69636,23396.2054968842,50,71.2132034355964,0,23396.2054968842
44,69637,23371.3967048443,50,71.2132034355964,0,23371.3967048443
44,69672,22510.8495892176,50,71.2132034355964,0,22510.8495892176
44,69673,22486.4932309759,50,71.2132034355964,0,22486.4932309759
44,70339,23379.6018504261,50,71.2132034355964,0,23379.6018504261
44,70375,22493.5875520846,50,71.2132034355964,0,22493.5875520846
44,70376,22469.2123504198,50,71.2132034355964,0,22469.2123504198
44,70377,22444.8504516447,50,71.2132034355964,0,22444.8504516447
44,71078,22476.3520635964,50,71.2132034355964,0,22476.3520635964
44,71079,22451.9580183632,50,71.2132034355964,0,22451.9580183632
44,71080,22427.5772455045,50,71.2132034355964,0,22427.5772455045
44,71782,22434.7302960621,50,71.2132034355964,0,22434.7302960621
44,71783,22410.3306490126,50,71.2132034355964,0,22410.3306490126
44,72485,22417.5292448641,50,71.2132034355964,0,22417.5292448641
44,72486,22393.1107236509,50,71.2132034355964,0,22393.1107236509
44,72487,22368.7054567631,50,71.2132034355964,0,22368.7054567631
44,73189,22375.9175309952,50,71.2132034355964,0,22375.9175309952
44,73190,22351.493359272,50,71.2132034355964,0,22351.493359272
44,73191,22327.0824544371,50,71.2132034355964,0,22327.0824544371
44,73892,22358.7511327157,50,71.2132034355964,0,22358.7511327157
44,73893,22334.3080563606,50,71.2132034355964,0,22334.3080563606
44,73894,22309.8782159308,50,71.2132034355964,0,22309.8782159308
44,73895,22285.4616549606,50,71.2132034355964,0,22285.4616549606
44,74559,23230.6837709946,50,71.2132034355964,0,23230.6837709946
44,74560,23205.7740222129,50,71.2132034355964,0,23205.7740222129
44,74596,22317.1496099258,50,71.2132034355964,0,22317.1496099258
44,74597,22292.7008341452,50,71.2132034355964,0,22292.7008341452
44,74598,22268.2653067322,50,71.2132034355964,0,22268.2653067322
44,74599,22243.8430713455,50,71.2132034355964,0,22243.8430713455
44,75263,23189.3036973208,50,71.2132034355964,0,23189.3036973208
44,75300,22275.5503712115,50,71.2132034355964,0,22275.5503712115
44,75301,22251.0958776412,50,71.2132034355964,0,22251.0958776412
44,75302,22226.6546448746,50,71.2132034355964,0,22226.6546448746
44,75303,22202.2267167087,50,71.2132034355964,0,22202.2267167087
44,76004,22233.9534300497,50,71.2132034355964,0,22233.9534300497
44,76005,22209.4932002302,50,71.2132034355964,0,22209.4932002302
44,76006,22185.046243658,50,71.2132034355964,0,22185.046243658
44,76708,22192.3588000081,50,71.2132034355964,0,22192.3588000081
44,76709,22167.8928154,50,71.2132034355964,0,22167.8928154
44,77412,22150.7664947637,50,71.2132034355964,0,22150.7664947637
44,78078,23048.7654796989,50,71.2132034355964,0,23048.7654796989
44,78781,23032.3766991284,50,71.2132034355964,0,23032.3766991284
44,78782,23007.4066504722,50,71.2132034355964,0,23007.4066504722
44,79484,23016.0151214552,50,71.2132034355964,0,23016.0151214552
44,80185,23049.7273298602,50,71.2132034355964,0,23049.7273298602
44,80888,23033.4560335761,50,71.2132034355964,0,23033.4560335761
44,80889,23008.4091453535,50,71.2132034355964,0,23008.4091453535
44,81591,23017.2121054768,50,71.2132034355964,0,23017.2121054768
44,81592,22992.1473863669,50,71.2132034355964,0,22992.1473863669
44,81593,22967.0941867046,50,71.2132034355964,0,22967.0941867046
44,82294,23000.9956035462,50,71.2132034355964,0,23000.9956035462
44,82295,22975.9130582642,50,71.2132034355964,0,22975.9130582642
44,82296,22950.8420018472,50,71.2132034355964,0,22950.8420018472
44,82998,22959.7062192333,50,71.2132034355964,0,22959.7062192333
44,92148,22473.6361964413,50,71.2132034355964,0,22473.6361964413
44,92850,22482.8491093016,50,71.2132034355964,0,22482.8491093016
44,92851,22457.6231230989,50,71.2132034355964,0,22457.6231230989
44,93553,22466.8825613193,50,71.2132034355964,0,22466.8825613193
44,93554,22441.6384913514,50,71.2132034355964,0,22441.6384913514
44,94262,22299.5429648971,50,71.2132034355964,0,22299.5429648971
44,94964,22308.7476946635,50,71.2132034355964,0,22308.7476946635
44,94965,22283.5245557389,50,71.2132034355964,0,22283.5245557389
44,94966,22258.312949288,50,71.2132034355964,0,22258.312949288
44,95668,22267.5348028805,50,71.2132034355964,0,22267.5348028805
44,95669,22242.304935919,50,71.2132034355964,0,22242.304935919
44,95670,22217.0866077673,50,71.2132034355964,0,22217.0866077673
44,96372,22226.3256469602,50,71.2132034355964,0,22226.3256469602
44,97120,21085.8856190206,50,71.2132034355964,0,21085.8856190206
44,97823,21069.107988046,50,71.2132034355964,0,21069.107988046
44,97824,21044.3927095975,50,71.2132034355964,0,21044.3927095975
44,98526,21052.359484736,50,71.2132034355964,0,21052.359484736
44,98527,21027.6243870834,50,71.2132034355964,0,21027.6243870834
44,98528,21002.902673288,50,71.2132034355964,0,21002.902673288
44,99230,21010.8852645921,50,71.2132034355964,0,21010.8852645921
44,99231,20986.1436985626,50,71.2132034355964,0,20986.1436985626
44,99933,20994.175411968,50,71.2132034355964,0,20994.175411968
44,99934,20969.4139965549,50,71.2132034355964,0,20969.4139965549
44,99935,20944.6659404829,50,71.2132034355964,0,20944.6659404829
44,100637,20952.7136373836,50,71.2132034355964,0,20952.7136373836
44,100638,20927.9456988711,50,71.2132034355964,0,20927.9456988711
44,100639,20903.1911309798,50,71.2132034355964,0,20903.1911309798
44,101340,20936.0426912676,50,71.2132034355964,0,20936.0426912676
44,101341,20911.2548734047,50,71.2132034355964,0,20911.2548734047
44,101342,20886.4803899246,50,71.2132034355964,0,20886.4803899246
44,102044,20894.5935345773,50,71.2132034355964,0,20894.5935345773
44,102045,20869.7991386664,50,71.2132034355964,0,20869.7991386664
44,102046,20845.0180882448,50,71.2132034355964,0,20845.0180882448
44,102748,20853.1474479752,50,71.2132034355964,0,20853.1474479752
44,102749,20828.3464519504,50,71.2132034355964,0,20828.3464519504
44,102750,20803.5588125111,50,71.2132034355964,0,20803.5588125111
44,103451,20836.5253887203,50,71.2132034355964,0,20836.5253887203
44,103452,20811.7044504964,50,71.2132034355964,0,20811.7044504964
44,103453,20786.8968321893,50,71.2132034355964,0,20786.8968321893
44,104155,20795.0921550326,50,71.2132034355964,0,20795.0921550326
44,104156,20770.2645613328,50,71.2132034355964,0,20770.2645613328
44,104157,20745.4502984679,50,71.2132034355964,0,20745.4502984679
44,104859,20753.6620713675,50,71.2132034355964,0,20753.6620713675
44,104860,20728.8277998251,50,71.2132034355964,0,20728.8277998251
44,105562,20737.0894338253,50,71.2132034355964,0,20737.0894338253
44,105563,20712.2351573309,50,71.2132034355964,0,20712.2351573309
44,105564,20687.3941854669,50,71.2132034355964,0,20687.3941854669
44,106266,20695.6724427967,50,71.2132034355964,0,20695.6724427967
44,106267,20670.8114326783,50,71.2132034355964,0,20670.8114326783
44,106268,20645.9637379069,50,71.2132034355964,0,20645.9637379069
44,106970,20654.2586837427,50,71.2132034355964,0,20654.2586837427
44,106971,20629.3909173225,50,71.2132034355964,0,20629.3909173225
44,107673,20637.7360108561,50,71.2132034355964,0,20637.7360108561
44,107674,20612.8481768454,50,71.2132034355964,0,20612.8481768454
44,107675,20587.973631341,50,71.2132034355964,0,20587.973631341
44,121010,20837.5443432868,50,71.2132034355964,0,20837.5443432868
44,121011,20812.0346965787,50,71.2132034355964,0,20812.0346965787
44,121713,20822.0292160647,50,71.2132034355964,0,20822.0292160647
44,121714,20796.5004002751,50,71.2132034355964,0,20796.5004002751
44,121715,20770.9832046972,50,71.2132034355964,0,20770.9832046972
44,122417,20780.9975452234,50,71.2132034355964,0,20780.9975452234
44,122418,20755.461152338,50,71.2132034355964,0,20755.461152338
44,122419,20729.9363842405,50,71.2132034355964,0,20729.9363842405
44,123121,20739.9706217612,50,71.2132034355964,0,20739.9706217612
44,123122,20714.4266280792,50,71.2132034355964,0,20714.4266280792
44,123123,20688.8942637161,50,71.2132034355964,0,20688.8942637161
44,123124,20663.3735717791,50,71.2132034355964,0,20663.3735717791
44,123824,20724.5116836492,50,71.2132034355964,0,20724.5116836492
44,123825,20698.9484746064,50,71.2132034355964,0,20698.9484746064
44,123826,20673.3968563297,50,71.2132034355964,0,20673.3968563297
44,123827,20647.8568718492,50,71.2132034355964,0,20647.8568718492
44,124528,20683.5019947706,50,71.2132034355964,0,20683.5019947706
44,124529,20657.9311329175,50,71.2132034355964,0,20657.9311329175
44,124530,20632.3718661431,50,71.2132034355964,0,20632.3718661431
44,124531,20606.8242375964,50,71.2132034355964,0,20606.8242375964
44,125232,20642.4971646916,50,71.2132034355964,0,20642.4971646916
44,125233,20616.9186260743,50,71.2132034355964,0,20616.9186260743
44,125234,20591.3516868026,50,71.2132034355964,0,20591.3516868026
44,125235,20565.7963901339,50,71.2132034355964,0,20565.7963901339
44,125936,20601.497223127,50,71.2132034355964,0,20601.497223127
44,125937,20575.9109836961,50,71.2132034355964,0,20575.9109836961
44,125938,20550.3363478208,50,71.2132034355964,0,20550.3363478208
44,125939,20524.7733588797,50,71.2132034355964,0,20524.7733588797
44,126640,20560.5022000283,50,71.2132034355964,0,20560.5022000283
44,126641,20534.9082356273,50,71.2132034355964,0,20534.9082356273
44,126642,20509.3258789462,50,71.2132034355964,0,20509.3258789462
44,127344,20519.512125577,50,71.2132034355964,0,20519.512125577
44,127345,20493.9104119547,50,71.2132034355964,0,20493.9104119547
44,128047,20504.1480897584,50,71.2132034355964,0,20504.1480897584
44,128048,20478.5270302,50,71.2132034355964,0,20478.5270302
44,128049,20452.9175429953,50,71.2132034355964,0,20452.9175429953
44,128751,20463.1758060438,50,71.2132034355964,0,20463.1758060438
44,128752,20437.5469445586,50,71.2132034355964,0,20437.5469445586
44,128753,20411.9296593147,50,71.2132034355964,0,20411.9296593147
44,129455,20422.208587479,50,71.2132034355964,0,20422.208587479
44,131560,20479.2807354056,50,71.2132034355964,0,20479.2807354056
44,131561,20453.540499559,50,71.2132034355964,0,20453.540499559
44,131582,19915.6703352088,50,71.2132034355964,0,19915.6703352088
44,132263,20464.1490939759,50,71.2132034355964,0,20464.1490939759
44,132264,20438.389662281,50,71.2132034355964,0,20438.389662281
44,132265,20412.6414788911,50,71.2132034355964,0,20412.6414788911
44,132285,19900.1070562175,50,71.2132034355964,0,19900.1070562175
44,132286,19874.6052429479,50,71.2132034355964,0,19874.6052429479
44,132967,20423.2713931027,50,71.2132034355964,0,20423.2713931027
44,132968,20397.5039866083,50,71.2132034355964,0,20397.5039866083
44,132969,20371.7478310684,50,71.2132034355964,0,20371.7478310684
44,132988,19884.5765905745,50,71.2132034355964,0,19884.5765905745
44,132989,19859.054696325,50,71.2132034355964,0,19859.054696325
44,132990,19833.5449932416,50,71.2132034355964,0,19833.5449932416
44,133671,20382.3991475644,50,71.2132034355964,0,20382.3991475644
44,133672,20356.6237416243,50,71.2132034355964,0,20356.6237416243
44,133673,20330.8595892201,50,71.2132034355964,0,20330.8595892201
44,133692,19843.5370508768,50,71.2132034355964,0,19843.5370508768
44,133693,19818.0072357841,50,71.2132034355964,0,19818.0072357841
44,134375,20341.5323909601,50,71.2132034355964,0,20341.5323909601
44,134376,20315.7489608222,50,71.2132034355964,0,20315.7489608222
44,134396,19802.5024677579,50,71.2132034355964,0,19802.5024677579
44,134397,19776.9647058327,50,71.2132034355964,0,19776.9647058327
44,134398,19751.4391452228,50,71.2132034355964,0,19751.4391452228
44,135078,20326.4738519975,50,71.2132034355964,0,20326.4738519975
44,135079,20300.6711571501,50,71.2132034355964,0,20300.6711571501
44,135080,20274.8796779686,50,71.2132034355964,0,20274.8796779686
44,135100,19761.4728728265,50,71.2132034355964,0,19761.4728728265
44,135101,19735.9271379687,50,71.2132034355964,0,19735.9271379687
44,135102,19710.3936094133,50,71.2132034355964,0,19710.3936094133
44,135782,20285.6262513965,50,71.2132034355964,0,20285.6262513965
44,135783,20259.815480268,50,71.2132034355964,0,20259.815480268
44,135784,20234.0159270911,50,71.2132034355964,0,20234.0159270911
44,135804,19720.4482979542,50,71.2132034355964,0,19720.4482979542
44,135805,19694.894563942,50,71.2132034355964,0,19694.894563942
44,135806,19669.3530411675,50,71.2132034355964,0,19669.3530411675
44,136486,20244.7842671134,50,71.2132034355964,0,20244.7842671134
44,136487,20218.9653947148,50,71.2132034355964,0,20218.9653947148
44,136488,20193.1577424901,50,71.2132034355964,0,20193.1577424901
44,136508,19679.4287752703,50,71.2132034355964,0,19679.4287752703
44,136509,19653.8670157699,50,71.2132034355964,0,19653.8670157699
44,136510,19628.3174723824,50,71.2132034355964,0,19628.3174723824
44,137189,20229.7861120285,50,71.2132034355964,0,20229.7861120285
44,137190,20203.9479339214,50,71.2132034355964,0,20203.9479339214
44,137191,20178.1209351647,50,71.2132034355964,0,20178.1209351647
44,137192,20152.3051587444,50,71.2132034355964,0,20152.3051587444
44,137198,19997.6486018462,50,71.2132034355964,0,19997.6486018462
44,137212,19638.414337172,50,71.2132034355964,0,19638.414337172
44,137213,19612.8445257309,50,71.2132034355964,0,19612.8445257309
44,137893,20188.963618512,50,71.2132034355964,0,20188.963618512
44,137894,20163.1172868743,50,71.2132034355964,0,20163.1172868743
44,137895,20137.2821365748,50,71.2132034355964,0,20137.2821365748
44,137896,20111.4582107018,50,71.2132034355964,0,20111.4582107018
44,137900,20008.2756204452,50,71.2132034355964,0,20008.2756204452
44,137901,19982.5084702222,50,71.2132034355964,0,19982.5084702222
44,137902,19956.7528072724,50,71.2132034355964,0,19956.7528072724
44,137916,19597.4050163215,50,71.2132034355964,0,19597.4050163215
44,137917,19571.8271263672,50,71.2132034355964,0,19571.8271263672
44,138597,20148.1468716948,50,71.2132034355964,0,20148.1468716948
44,138598,20122.2923613071,50,71.2132034355964,0,20122.2923613071
44,138599,20096.4490341733,50,71.2132034355964,0,20096.4490341733
44,138604,19967.4016664966,50,71.2132034355964,0,19967.4016664966
44,138605,19941.6263532708,50,71.2132034355964,0,19941.6263532708
44,138606,19915.862530018,50,71.2132034355964,0,19915.862530018
44,138619,19581.9990232446,50,71.2132034355964,0,19581.9990232446
44,138620,19556.4008456484,50,71.2132034355964,0,19556.4008456484
44,138621,19530.8148504967,50,71.2132034355964,0,19530.8148504967
44,139301,20107.3359072979,50,71.2132034355964,0,20107.3359072979
44,139302,20081.4731928341,50,71.2132034355964,0,20081.4731928341
44,139303,20055.6216634779,50,71.2132034355964,0,20055.6216634779
44,139308,19926.5333162982,50,71.2132034355964,0,19926.5333162982
44,139309,19900.7498142777,50,71.2132034355964,0,19900.7498142777
44,139310,19874.9778048701,50,71.2132034355964,0,19874.9778048701
44,139311,19849.2173328384,50,71.2132034355964,0,19849.2173328384
44,139323,19541.0081724649,50,71.2132034355964,0,19541.0081724649
44,139324,19515.4018583618,50,71.2132034355964,0,19515.4018583618
44,139325,19489.8077312082,50,71.2132034355964,0,19489.8077312082
44,140005,20066.5307613205,50,71.2132034355964,0,20066.5307613205
44,140006,20040.6598173598,50,71.2132034355964,0,20040.6598173598
44,140007,20014.8000602875,50,71.2132034355964,0,20014.8000602875
44,140011,19911.4737723466,50,71.2132034355964,0,19911.4737723466
44,140012,19885.670605127,50,71.2132034355964,0,19885.670605127
44,140013,19859.8788884194,50,71.2132034355964,0,19859.8788884194
44,140014,19834.0986668906,50,71.2132034355964,0,19834.0986668906
44,140015,19808.3299854272,50,71.2132034355964,0,19808.3299854272
44,140027,19500.0225654169,50,71.2132034355964,0,19500.0225654169
44,140028,19474.4080879447,50,71.2132034355964,0,19474.4080879447
44,140029,19448.8058018615,50,71.2132034355964,0,19448.8058018615
44,140709,20025.731470056,50,71.2132034355964,0,20025.731470056
44,140710,19999.8522710701,50,71.2132034355964,0,19999.8522710701
44,140711,19973.9842606856,50,71.2132034355964,0,19973.9842606856
44,140715,19870.6249788458,50,71.2132034355964,0,19870.6249788458
44,140716,19844.8135685494,50,71.2132034355964,0,19844.8135685494
44,140717,19819.0136111482,50,71.2132034355964,0,19819.0136111482
44,140718,19793.2251514308,50,71.2132034355964,0,19793.2251514308
44,140719,19767.4482343964,50,71.2132034355964,0,19767.4482343964
44,140731,19459.0422359776,50,71.2132034355964,0,19459.0422359776
44,141413,19984.9380700845,50,71.2132034355964,0,19984.9380700845
44,141414,19959.0505904449,50,71.2132034355964,0,19959.0505904449
44,141415,19933.1743010532,50,71.2132034355964,0,19933.1743010532
44,141419,19829.7819218336,50,71.2132034355964,0,19829.7819218336
44,141420,19803.9622424149,50,71.2132034355964,0,19803.9622424149
44,141421,19778.1540182124,50,71.2132034355964,0,19778.1540182124
44,141422,19752.3572941259,50,71.2132034355964,0,19752.3572941259
44,142116,19970.0575325835,50,71.2132034355964,0,19970.0575325835
44,142117,19944.1505982807,50,71.2132034355964,0,19944.1505982807
44,142118,19918.25481226,50,71.2132034355964,0,19918.25481226
44,142119,19892.3702180614,50,71.2132034355964,0,19892.3702180614
44,142123,19788.9446375588,50,71.2132034355964,0,19788.9446375588
44,142124,19763.1166628715,50,71.2132034355964,0,19763.1166628715
44,142125,19737.3001456474,50,71.2132034355964,0,19737.3001456474
44,142126,19711.4951309041,50,71.2132034355964,0,19711.4951309041
44,142138,19402.748832753,50,71.2132034355964,0,19402.748832753
44,142139,19377.0975468452,50,71.2132034355964,0,19377.0975468452
44,142140,19351.4584168923,50,71.2132034355964,0,19351.4584168923
44,142141,19325.8314912738,50,71.2132034355964,0,19325.8314912738
44,142143,19274.6144477434,50,71.2132034355964,0,19274.6144477434
44,142144,19249.0244277666,50,71.2132034355964,0,19249.0244277666
44,142145,19223.446808003,50,71.2132034355964,0,19223.446808003
44,142820,19929.2843597303,50,71.2132034355964,0,19929.2843597303
44,142821,19903.3690918198,50,71.2132034355964,0,19903.3690918198
44,142822,19877.4649735863,50,71.2132034355964,0,19877.4649735863
44,142823,19851.572048676,50,71.2132034355964,0,19851.572048676
44,142827,19748.1131625694,50,71.2132034355964,0,19748.1131625694
44,142828,19722.2768663552,50,71.2132034355964,0,19722.2768663552
44,142829,19696.4520297825,50,71.2132034355964,0,19696.4520297825
44,142840,19413.1482293691,50,71.2132034355964,0,19413.1482293691
44,142841,19387.4644920004,50,71.2132034355964,0,19387.4644920004
44,142842,19361.792818303,50,71.2132034355964,0,19361.792818303
44,142843,19336.1332563301,50,71.2132034355964,0,19336.1332563301
44,142844,19310.4858543609,50,71.2132034355964,0,19310.4858543609
44,142845,19284.8506609138,50,71.2132034355964,0,19284.8506609138
44,142846,19259.2277247411,50,71.2132034355964,0,19259.2277247411
44,142847,19233.6170948271,50,71.2132034355964,0,19233.6170948271
44,142848,19208.0188204002,50,71.2132034355964,0,19208.0188204002
44,142849,19182.4329509253,50,71.2132034355964,0,19182.4329509253
44,143524,19888.5172155571,50,71.2132034355964,0,19888.5172155571
44,143525,19862.593588177,50,71.2132034355964,0,19862.593588177
44,143526,19836.6811117935,50,71.2132034355964,0,19836.6811117935
44,143527,19810.779830163,50,71.2132034355964,0,19810.779830163
44,143531,19707.2875337087,50,71.2132034355964,0,19707.2875337087
44,143532,19681.4428896028,50,71.2132034355964,0,19681.4428896028
44,143544,19372.2142766324,50,71.2132034355964,0,19372.2142766324
44,143545,19346.5222282282,50,71.2132034355964,0,19346.5222282282
44,143546,19320.8422472181,50,71.2132034355964,0,19320.8422472181
44,143547,19295.1743817806,50,71.2132034355964,0,19295.1743817806
44,143548,19269.5186803352,50,71.2132034355964,0,19269.5186803352
44,143550,19218.2439642559,50,71.2132034355964,0,19218.2439642559
44,143551,19192.6250476353,50,71.2132034355964,0,19192.6250476353
44,143552,19167.0184910364,50,71.2132034355964,0,19167.0184910364
44,143553,19141.4243440623,50,71.2132034355964,0,19141.4243440623
44,144228,19847.7561379406,50,71.2132034355964,0,19847.7561379406
44,144229,19821.8241251245,50,71.2132034355964,0,19821.8241251245
44,144230,19795.9032645518,50,71.2132034355964,0,19795.9032645518
44,144231,19769.9936000921,50,71.2132034355964,0,19769.9936000921
44,144235,19666.4677881184,50,71.2132034355964,0,19666.4677881184
44,144248,19331.2858575217,50,71.2132034355964,0,19331.2858575217
44,144249,19305.5854707049,50,71.2132034355964,0,19305.5854707049
44,144250,19279.8971549299,50,71.2132034355964,0,19279.8971549299
44,144253,19202.905118195,50,71.2132034355964,0,19202.905118195
44,144254,19177.2655721029,50,71.2132034355964,0,19177.2655721029
44,144255,19151.6383409945,50,71.2132034355964,0,19151.6383409945
44,144256,19126.0234743738,50,71.2132034355964,0,19126.0234743738
44,144257,19100.4210219845,50,71.2132034355964,0,19100.4210219845
44,144932,19807.0011650659,50,71.2132034355964,0,19807.0011650659
44,144933,19781.0607407442,50,71.2132034355964,0,19781.0607407442
44,144934,19755.1314698427,50,71.2132034355964,0,19755.1314698427
44,144935,19729.2133963355,50,71.2132034355964,0,19729.2133963355
44,144952,19290.3630080141,50,71.2132034355964,0,19290.3630080141
44,144953,19264.6542552804,50,71.2132034355964,0,19264.6542552804
44,144954,19238.9575771744,50,71.2132034355964,0,19238.9575771744
44,144955,19213.2730221427,50,71.2132034355964,0,19213.2730221427
44,144958,19136.2925835265,50,71.2132034355964,0,19136.2925835265
44,144959,19110.6570100229,50,71.2132034355964,0,19110.6570100229
44,144960,19085.0338054053,50,71.2132034355964,0,19085.0338054053
44,144961,19059.4230195637,50,71.2132034355964,0,19059.4230195637
44,145636,19766.2523354251,50,71.2132034355964,0,19766.2523354251
44,145637,19740.3034734285,50,71.2132034355964,0,19740.3034734285
44,145638,19714.3657659501,50,71.2132034355964,0,19714.3657659501
44,145639,19688.4392570787,50,71.2132034355964,0,19688.4392570787
44,145645,19533.117870406,50,71.2132034355964,0,19533.117870406
44,145656,19249.4457643803,50,71.2132034355964,0,19249.4457643803
44,145657,19223.7286181127,50,71.2132034355964,0,19223.7286181127
44,145658,19198.0235499845,50,71.2132034355964,0,19198.0235499845
44,145659,19172.3306085756,50,71.2132034355964,0,19172.3306085756
44,145662,19095.3250340689,50,71.2132034355964,0,19095.3250340689
44,145663,19069.6810901357,50,71.2132034355964,0,19069.6810901357
44,145664,19044.0495194247,50,71.2132034355964,0,19044.0495194247
44,145665,19018.4303719615,50,71.2132034355964,0,19018.4303719615
44,146340,19725.5096878279,50,71.2132034355964,0,19725.5096878279
44,146341,19699.5523618794,50,71.2132034355964,0,19699.5523618794
44,146342,19673.6061914766,50,71.2132034355964,0,19673.6061914766
44,146343,19647.6712208129,50,71.2132034355964,0,19647.6712208129
44,146347,19544.0442270023,50,71.2132034355964,0,19544.0442270023
44,146348,19518.1659255227,50,71.2132034355964,0,19518.1659255227
44,146349,19492.2990935059,50,71.2132034355964,0,19492.2990935059
44,146350,19466.443776671,50,71.2132034355964,0,19466.443776671
44,146360,19208.5341632023,50,71.2132034355964,0,19208.5341632023
44,146361,19182.8085956586,50,71.2132034355964,0,19182.8085956586
44,146362,19157.0951096953,50,71.2132034355964,0,19157.0951096953
44,146363,19131.3937540305,50,71.2132034355964,0,19131.3937540305
44,146366,19054.3629595713,50,71.2132034355964,0,19054.3629595713
44,146367,19028.7106170526,50,71.2132034355964,0,19028.7106170526
44,146368,19003.07065202,50,71.2132034355964,0,19003.07065202
44,146369,18977.4431146455,50,71.2132034355964,0,18977.4431146455
44,146370,18951.8280553433,50,71.2132034355964,0,18951.8280553433
44,147044,19684.7732613919,50,71.2132034355964,0,19684.7732613919
44,147045,19658.8074451161,50,71.2132034355964,0,19658.8074451161
44,147046,19632.8527853324,50,71.2132034355964,0,19632.8527853324
44,147047,19606.9093263449,50,71.2132034355964,0,19606.9093263449
44,147051,19503.2483920661,50,71.2132034355964,0,19503.2483920661
44,147052,19477.3616092471,50,71.2132034355964,0,19477.3616092471
44,147053,19451.4862976301,50,71.2132034355964,0,19451.4862976301
44,147054,19425.6225030585,50,71.2132034355964,0,19425.6225030585
44,147064,19167.6282413629,50,71.2132034355964,0,19167.6282413629
44,147065,19141.89422468,50,71.2132034355964,0,19141.89422468
44,147066,19116.1722929513,50,71.2132034355964,0,19116.1722929513
44,147067,19090.4624950271,50,71.2132034355964,0,19090.4624950271
44,147071,18987.7456267931,50,71.2132034355964,0,18987.7456267931
44,147072,18962.0972390883,50,71.2132034355964,0,18962.0972390883
44,147073,18936.4612833784,50,71.2132034355964,0,18936.4612833784
44,147074,18910.8378102215,50,71.2132034355964,0,18910.8378102215
44,147748,19644.0430955613,50,71.2132034355964,0,19644.0430955613
44,147749,19618.0687624742,50,71.2132034355964,0,19618.0687624742
44,147750,19592.1055867485,50,71.2132034355964,0,19592.1055867485
44,147755,19462.4586307433,50,71.2132034355964,0,19462.4586307433
44,147756,19436.5633395639,50,71.2132034355964,0,19436.5633395639
44,147757,19410.6795212548,50,71.2132034355964,0,19410.6795212548
44,147758,19384.8072217756,50,71.2132034355964,0,19384.8072217756
44,147775,18946.7861556862,50,71.2132034355964,0,18946.7861556862
44,147776,18921.1293168272,50,71.2132034355964,0,18921.1293168272
44,147777,18895.4849142304,50,71.2132034355964,0,18895.4849142304
44,147778,18869.8529986009,50,71.2132034355964,0,18869.8529986009
44,148452,19603.3192300958,50,71.2132034355964,0,19603.3192300958
44,148453,19577.3363536097,50,71.2132034355964,0,19577.3363536097
44,148454,19551.3646352779,50,71.2132034355964,0,19551.3646352779
44,148455,19525.4041196304,50,71.2132034355964,0,19525.4041196304
44,148459,19421.6749820452,50,71.2132034355964,0,19421.6749820452
44,148460,19395.7711553781,50,71.2132034355964,0,19395.7711553781
44,148461,19369.8788031714,50,71.2132034355964,0,19369.8788031714
44,148462,19343.9979714999,50,71.2132034355964,0,19343.9979714999
44,148479,18905.8322403695,50,71.2132034355964,0,18905.8322403695
44,148480,18880.1669217458,50,71.2132034355964,0,18880.1669217458
44,148481,18854.514043584,50,71.2132034355964,0,18854.514043584
44,148482,18828.8736567339,50,71.2132034355964,0,18828.8736567339
44,149156,19562.601705082,50,71.2132034355964,0,19562.601705082
44,149157,19536.6102585054,50,71.2132034355964,0,19536.6102585054
44,149158,19510.6299708,50,71.2132034355964,0,19510.6299708
44,149159,19484.6608866009,50,71.2132034355964,0,19484.6608866009
44,149163,19380.8974853098,50,71.2132034355964,0,19380.8974853098
44,149164,19354.9850959143,50,71.2132034355964,0,19354.9850959143
44,149165,19329.0841824901,50,71.2132034355964,0,19329.0841824901
44,149166,19303.1947912347,50,71.2132034355964,0,19303.1947912347
44,149183,18864.883917791,50,71.2132034355964,0,18864.883917791
44,149184,18839.2100906673,50,71.2132034355964,0,18839.2100906673
44,149185,18813.5487081334,50,71.2132034355964,0,18813.5487081334
44,149186,18787.8998211804,50,71.2132034355964,0,18787.8998211804
44,149860,19521.8905609368,50,71.2132034355964,0,19521.8905609368
44,149861,19495.8905174757,50,71.2132034355964,0,19495.8905174757
44,149862,19469.9016335172,50,71.2132034355964,0,19469.9016335172
44,149863,19443.9239538094,50,71.2132034355964,0,19443.9239538094
44,149868,19314.2052007223,50,71.2132034355964,0,19314.2052007223
44,149869,19288.2956986532,50,71.2132034355964,0,19288.2956986532
44,149870,19262.3977203076,50,71.2132034355964,0,19262.3977203076
44,149887,18823.9412252216,50,71.2132034355964,0,18823.9412252216
44,149888,18798.2588607318,50,71.2132034355964,0,18798.2588607318
44,149889,18772.5889448851,50,71.2132034355964,0,18772.5889448851
44,149890,18746.9315288168,50,71.2132034355964,0,18746.9315288168
44,150564,19481.1858384084,50,71.2132034355964,0,19481.1858384084
44,150565,19455.1771711582,50,71.2132034355964,0,19455.1771711582
44,150566,19429.1796639639,50,71.2132034355964,0,19429.1796639639
44,150567,19403.1933616873,50,71.2132034355964,0,19403.1933616873
44,150571,19299.3611067001,50,71.2132034355964,0,19299.3611067001
44,150572,19273.4315096819,50,71.2132034355964,0,19273.4315096819
44,150573,19247.5133914282,50,71.2132034355964,0,19247.5133914282
44,150574,19221.6067983693,50,71.2132034355964,0,19221.6067983693
44,150591,18783.0042002481,50,71.2132034355964,0,18783.0042002481
44,150592,18757.3132693944,50,71.2132034355964,0,18757.3132693944
44,150593,18731.6347911631,50,71.2132034355964,0,18731.6347911631
44,150594,18705.9688168406,50,71.2132034355964,0,18705.9688168406
44,150595,18680.3153979633,50,71.2132034355964,0,18680.3153979633
44,151268,19440.4875785769,50,71.2132034355964,0,19440.4875785769
44,151269,19414.4702605291,50,71.2132034355964,0,19414.4702605291
44,151270,19388.4641030121,50,71.2132034355964,0,19388.4641030121
44,151271,19362.4691509939,50,71.2132034355964,0,19362.4691509939
44,151275,19258.6023051403,50,71.2132034355964,0,19258.6023051403
44,151276,19232.6640630074,50,71.2132034355964,0,19232.6640630074
44,151277,19206.737300912,50,71.2132034355964,0,19206.737300912
44,151278,19180.8220654054,50,71.2132034355964,0,19180.8220654054
44,151295,18742.0728807809,50,71.2132034355964,0,18742.0728807809
44,151296,18716.3733544346,50,71.2132034355964,0,18716.3733544346
44,151297,18690.6862846203,50,71.2132034355964,0,18690.6862846203
44,151298,18665.0117227638,50,71.2132034355964,0,18665.0117227638
44,151299,18639.3497205564,50,71.2132034355964,0,18639.3497205564
44,151972,19399.7958228612,50,71.2132034355964,0,19399.7958228612
44,151973,19373.7698269058,50,71.2132034355964,0,19373.7698269058
44,151974,19347.754991868,50,71.2132034355964,0,19347.754991868
44,151975,19321.7513628321,50,71.2132034355964,0,19321.7513628321
44,151980,19191.9029012453,50,71.2132034355964,0,19191.9029012453
44,151981,19165.967467539,50,71.2132034355964,0,19165.967467539
44,152001,18649.7434632279,50,71.2132034355964,0,18649.7434632279
44,152002,18624.0602844328,50,71.2132034355964,0,18624.0602844328
44,152003,18598.3896694106,50,71.2132034355964,0,18598.3896694106
44,152676,19359.1106130271,50,71.2132034355964,0,19359.1106130271
44,152677,19333.0759119411,50,71.2132034355964,0,19333.0759119411
44,152678,19307.0523720816,50,71.2132034355964,0,19307.0523720816
44,152679,19281.0400386407,50,71.2132034355964,0,19281.0400386407
44,152683,19177.1036808185,50,71.2132034355964,0,19177.1036808185
44,152684,19151.1480652798,50,71.2132034355964,0,19151.1480652798
44,152685,19125.2039320848,50,71.2132034355964,0,19125.2039320848
44,152704,18634.5107064089,50,71.2132034355964,0,18634.5107064089
44,152705,18608.8063652922,50,71.2132034355964,0,18608.8063652922
44,152706,18583.1145400146,50,71.2132034355964,0,18583.1145400146
44,152707,18557.4352825586,50,71.2132034355964,0,18557.4352825586
44,152708,18531.7686451711,50,71.2132034355964,0,18531.7686451711
44,153380,19318.4319911782,50,71.2132034355964,0,19318.4319911782
44,153381,19292.388557638,50,71.2132034355964,0,19292.388557638
44,153382,19266.3562855452,50,71.2132034355964,0,19266.3562855452
44,153383,19240.3352202022,50,71.2132034355964,0,19240.3352202022
44,153387,19136.3639403942,50,71.2132034355964,0,19136.3639403942
44,153388,19110.3995963426,50,71.2132034355964,0,19110.3995963426
44,153389,19084.4467356608,50,71.2132034355964,0,19084.4467356608
44,153408,18593.5880505476,50,71.2132034355964,0,18593.5880505476
44,153409,18567.875029447,50,71.2132034355964,0,18567.875029447
44,153410,18542.17452801,50,71.2132034355964,0,18542.17452801
44,153411,18516.4865983686,50,71.2132034355964,0,18516.4865983686
44,153412,18490.8112929214,50,71.2132034355964,0,18490.8112929214
44,154084,19277.759999773,50,71.2132034355964,0,19277.759999773
44,154085,19251.7078063445,50,71.2132034355964,0,19251.7078063445
44,154086,19225.6667744976,50,71.2132034355964,0,19225.6667744976
44,154087,19199.6369496526,50,71.2132034355964,0,19199.6369496526
44,154091,19095.6306365993,50,71.2132034355964,0,19095.6306365993
44,154092,19069.6575360063,50,71.2132034355964,0,19069.6575360063
44,154093,19043.6959197308,50,71.2132034355964,0,19043.6959197308
44,154113,18526.9494946633,50,71.2132034355964,0,18526.9494946633
44,154114,18501.2402872567,50,71.2132034355964,0,18501.2402872567
44,154115,18475.5436555444,50,71.2132034355964,0,18475.5436555444
44,154116,18449.8596520715,50,71.2132034355964,0,18449.8596520715
44,154117,18424.1883296483,50,71.2132034355964,0,18424.1883296483
44,154788,19237.0946816185,50,71.2132034355964,0,19237.0946816185
44,154789,19211.0337007587,50,71.2132034355964,0,19211.0337007587
44,154790,19184.9838815342,50,71.2132034355964,0,19184.9838815342
44,154791,19158.9452694752,50,71.2132034355964,0,19158.9452694752
44,154795,19054.9038114695,50,71.2132034355964,0,19054.9038114695
44,154796,19028.9219261979,50,71.2132034355964,0,19028.9219261979
44,154797,19002.9515261034,50,71.2132034355964,0,19002.9515261034
44,154817,18486.0298002538,50,71.2132034355964,0,18486.0298002538
44,154818,18460.3118569335,50,71.2132034355964,0,18460.3118569335
44,154819,18434.6064931243,50,71.2132034355964,0,18434.6064931243
44,154820,18408.9137615198,50,71.2132034355964,0,18408.9137615198
44,154821,18383.233715091,50,71.2132034355964,0,18383.233715091
44,155492,19196.4360798753,50,71.2132034355964,0,19196.4360798753
44,155493,19170.3662839395,50,71.2132034355964,0,19170.3662839395
44,155494,19144.3076496041,50,71.2132034355964,0,19144.3076496041
44,155495,19118.2602225075,50,71.2132034355964,0,19118.2602225075
44,155499,19014.1835073982,50,71.2132034355964,0,19014.1835073982
44,155500,18988.1928091948,50,71.2132034355964,0,18988.1928091948
44,155501,18962.213596939,50,71.2132034355964,0,18962.213596939
44,155522,18419.3892765575,50,71.2132034355964,0,18419.3892765575
44,155523,18393.6751504867,50,71.2132034355964,0,18393.6751504867
44,155524,18367.9736605152,50,71.2132034355964,0,18367.9736605152
44,155525,18342.2848597565,50,71.2132034355964,0,18342.2848597565
44,156196,19155.7842380712,50,71.2132034355964,0,19155.7842380712
44,156197,19129.7055993049,50,71.2132034355964,0,19129.7055993049
44,156198,19103.6381220126,50,71.2132034355964,0,19103.6381220126
44,156199,19077.5818519462,50,71.2132034355964,0,19077.5818519462
44,156203,18973.4697671353,50,71.2132034355964,0,18973.4697671353
44,156206,18895.5056559266,50,71.2132034355964,0,18895.5056559266
44,156226,18378.4725859923,50,71.2132034355964,0,18378.4725859923
44,156227,18352.7496673654,50,71.2132034355964,0,18352.7496673654
44,156228,18327.0393886435,50,71.2132034355964,0,18327.0393886435
44,156229,18301.3418031003,50,71.2132034355964,0,18301.3418031003
44,156230,18275.6569642801,50,71.2132034355964,0,18275.6569642801
44,156900,19115.1392000926,50,71.2132034355964,0,19115.1392000926
44,156901,19089.0516906302,50,71.2132034355964,0,19089.0516906302
44,156902,19062.9753424277,50,71.2132034355964,0,19062.9753424277
44,156908,18906.7542244984,50,71.2132034355964,0,18906.7542244984
44,156909,18880.7573024475,50,71.2132034355964,0,18880.7573024475
44,156910,18854.771915151,50,71.2132034355964,0,18854.771915151
44,156930,18337.5618254573,50,71.2132034355964,0,18337.5618254573
44,156931,18311.8300838334,50,71.2132034355964,0,18311.8300838334
44,156932,18286.1109858455,50,71.2132034355964,0,18286.1109858455
44,156933,18260.4045849173,50,71.2132034355964,0,18260.4045849173
44,156934,18234.7109347474,50,71.2132034355964,0,18234.7109347474
44,157604,19074.5010101907,50,71.2132034355964,0,19074.5010101907
44,157607,18996.2453146524,50,71.2132034355964,0,18996.2453146524
44,157612,18866.044843163,50,71.2132034355964,0,18866.044843163
44,157613,18840.0390232423,50,71.2132034355964,0,18840.0390232423
44,157614,18814.0447387054,50,71.2132034355964,0,18814.0447387054
44,157635,18270.9164403248,50,71.2132034355964,0,18270.9164403248
44,157636,18245.1884924116,50,71.2132034355964,0,18245.1884924116
44,157637,18219.4732453565,50,71.2132034355964,0,18219.4732453565
44,157638,18193.7707530165,50,71.2132034355964,0,18193.7707530165
44,158309,19007.7643781111,50,71.2132034355964,0,19007.7643781111
44,158310,18981.6702037967,50,71.2132034355964,0,18981.6702037967
44,158311,18955.5872361395,50,71.2132034355964,0,18955.5872361395
44,158316,18825.3421273505,50,71.2132034355964,0,18825.3421273505
44,158317,18799.3273807543,50,71.2132034355964,0,18799.3273807543
44,158318,18773.3241700873,50,71.2132034355964,0,18773.3241700873
44,158338,18255.7582571049,50,71.2132034355964,0,18255.7582571049
44,158339,18230.008777625,50,71.2132034355964,0,18230.008777625
44,158340,18204.2719489864,50,71.2132034355964,0,18204.2719489864
44,158341,18178.5478249251,50,71.2132034355964,0,18178.5478249251
44,158342,18152.8364594525,50,71.2132034355964,0,18152.8364594525
44,158343,18127.1379068593,50,71.2132034355964,0,18127.1379068593
44,159013,18967.1310636705,50,71.2132034355964,0,18967.1310636705
44,159014,18941.0279339356,50,71.2132034355964,0,18941.0279339356
44,159015,18914.9360104831,50,71.2132034355964,0,18914.9360104831
44,159020,18784.6461211579,50,71.2132034355964,0,18784.6461211579
44,159021,18758.622418969,50,71.2132034355964,0,18758.622418969
44,159022,18732.6102531596,50,71.2132034355964,0,18732.6102531596
44,159023,18706.6096718582,50,71.2132034355964,0,18706.6096718582
44,159043,18189.1071368823,50,71.2132034355964,0,18189.1071368823
44,159044,18163.3613965807,50,71.2132034355964,0,18163.3613965807
44,159045,18137.6283644903,50,71.2132034355964,0,18137.6283644903
44,159046,18111.9080947771,50,71.2132034355964,0,18111.9080947771
44,159047,18086.2006418887,50,71.2132034355964,0,18086.2006418887
44,159717,18926.5047040092,50,71.2132034355964,0,18926.5047040092
44,159718,18900.3925904611,50,71.2132034355964,0,18900.3925904611
44,159724,18743.9568690634,50,71.2132034355964,0,18743.9568690634
44,159725,18717.9241822425,50,71.2132034355964,0,18717.9241822425
44,159726,18691.9030321636,50,71.2132034355964,0,18691.9030321636
44,159727,18665.893467076,50,71.2132034355964,0,18665.893467076
44,159748,18122.4568765672,50,71.2132034355964,0,18122.4568765672
44,159749,18096.7149052805,50,71.2132034355964,0,18096.7149052805
44,159750,18070.9857000745,50,71.2132034355964,0,18070.9857000745
44,160421,18885.885344774,50,71.2132034355964,0,18885.885344774
44,160422,18859.7642189091,50,71.2132034355964,0,18859.7642189091
44,160423,18833.6542983013,50,71.2132034355964,0,18833.6542983013
44,160428,18703.2744159198,50,71.2132034355964,0,18703.2744159198
44,160429,18677.2327153151,50,71.2132034355964,0,18677.2327153151
44,160430,18651.2025517192,50,71.2132034355964,0,18651.2025517192
44,160431,18625.1839735023,50,71.2132034355964,0,18625.1839735023
44,161125,18845.273031998,50,71.2132034355964,0,18845.273031998
44,161126,18819.1428652061,50,71.2132034355964,0,18819.1428652061
44,161127,18793.0239030187,50,71.2132034355964,0,18793.0239030187
44,161128,18766.9161922168,50,71.2132034355964,0,18766.9161922168
44,161132,18662.5988069689,50,71.2132034355964,0,18662.5988069689
44,161133,18636.5480633063,50,71.2132034355964,0,18636.5480633063
44,161134,18610.5088568241,50,71.2132034355964,0,18610.5088568241
44,161135,18584.4812360212,50,71.2132034355964,0,18584.4812360212
44,161829,18804.6678121077,50,71.2132034355964,0,18804.6678121077
44,161830,18778.5285756676,50,71.2132034355964,0,18778.5285756676
44,161831,18752.4005430804,50,71.2132034355964,0,18752.4005430804
44,161832,18726.2837612417,50,71.2132034355964,0,18726.2837612417
44,161837,18595.8702717226,50,71.2132034355964,0,18595.8702717226
44,161838,18569.8219928712,50,71.2132034355964,0,18569.8219928712
44,161839,18543.7852999031,50,71.2132034355964,0,18543.7852999031
44,162533,18764.0697319233,50,71.2132034355964,0,18764.0697319233
44,162534,18737.9213969997,50,71.2132034355964,0,18737.9213969997
44,162535,18711.7842650796,50,71.2132034355964,0,18711.7842650796
44,162536,18685.6583831792,50,71.2132034355964,0,18685.6583831792
44,162537,18659.5437985508,50,71.2132034355964,0,18659.5437985508
44,162541,18555.1993864656,50,71.2132034355964,0,18555.1993864656
44,162542,18529.1420056411,50,71.2132034355964,0,18529.1420056411
44,162543,18503.0962108051,50,71.2132034355964,0,18503.0962108051
44,163238,18697.3213763053,50,71.2132034355964,0,18697.3213763053
44,163239,18671.1751160126,50,71.2132034355964,0,18671.1751160126
44,163240,18645.0401049068,50,71.2132034355964,0,18645.0401049068
44,163241,18618.9163903614,50,71.2132034355964,0,18618.9163903614
44,163245,18514.5354538331,50,71.2132034355964,0,18514.5354538331
44,163246,18488.4689413085,50,71.2132034355964,0,18488.4689413085
44,163247,18462.4140147816,50,71.2132034355964,0,18462.4140147816
44,163248,18436.3707233777,50,71.2132034355964,0,18436.3707233777
44,163942,18656.7285610944,50,71.2132034355964,0,18656.7285610944
44,163943,18630.57314327,50,71.2132034355964,0,18630.57314327
44,163944,18604.4289737061,50,71.2132034355964,0,18604.4289737061
44,163945,18578.2960998894,50,71.2132034355964,0,18578.2960998894
44,163950,18447.8028464465,50,71.2132034355964,0,18447.8028464465
44,163951,18421.7387582889,50,71.2132034355964,0,18421.7387582889
44,163952,18395.6863052886,50,71.2132034355964,0,18395.6863052886
44,164647,18589.978394655,50,71.2132034355964,0,18589.978394655
44,164648,18563.825037263,50,71.2132034355964,0,18563.825037263
44,164649,18537.6829747036,50,71.2132034355964,0,18537.6829747036
44,164654,18407.1437680378,50,71.2132034355964,0,18407.1437680378
44,164655,18381.0704881799,50,71.2132034355964,0,18381.0704881799
44,164656,18355.0088434227,50,71.2132034355964,0,18355.0088434227
44,165351,18549.3909183755,50,71.2132034355964,0,18549.3909183755
44,165352,18523.2283436708,50,71.2132034355964,0,18523.2283436708
44,165353,18497.0770627869,50,71.2132034355964,0,18497.0770627869
44,165354,18470.9371236951,50,71.2132034355964,0,18470.9371236951
44,165358,18366.4917534641,50,71.2132034355964,0,18366.4917534641
44,165359,18340.4092517236,50,71.2132034355964,0,18340.4092517236
44,165360,18314.3383849206,50,71.2132034355964,0,18314.3383849206
44,165361,18288.2792028138,50,71.2132034355964,0,18288.2792028138
44,166055,18508.8107630551,50,71.2132034355964,0,18508.8107630551
44,166056,18482.6389414411,50,71.2132034355964,0,18482.6389414411
44,166057,18456.4784125337,50,71.2132034355964,0,18456.4784125337
44,166058,18430.3292244197,50,71.2132034355964,0,18430.3292244197
44,166759,18468.2379777382,50,71.2132034355964,0,18468.2379777382
44,166760,18442.0568795037,50,71.2132034355964,0,18442.0568795037
44,166761,18415.887072756,50,71.2132034355964,0,18415.887072756
44,166762,18389.7286056991,50,71.2132034355964,0,18389.7286056991
44,167463,18427.6726118912,50,71.2132034355964,0,18427.6726118912
44,167464,18401.4822072073,50,71.2132034355964,0,18401.4822072073
44,167465,18375.3030926855,50,71.2132034355964,0,18375.3030926855
44,167466,18349.1353166536,50,71.2132034355964,0,18349.1353166536
44,168168,18360.9149743293,50,71.2132034355964,0,18360.9149743293
44,168169,18334.7265219882,50,71.2132034355964,0,18334.7265219882
44,168170,18308.5494068233,50,71.2132034355964,0,18308.5494068233
44,168872,18320.3552310845,50,71.2132034355964,0,18320.3552310845
44,168873,18294.1574107552,50,71.2132034355964,0,18294.1574107552
44,168874,18267.9709261896,50,71.2132034355964,0,18267.9709261896
44,169576,18279.8030281139,50,71.2132034355964,0,18279.8030281139
44,170282,18186.8364545891,50,71.2132034355964,0,18186.8364545891
44,170984,18198.7214478056,50,71.2132034355964,0,18198.7214478056
44,170985,18172.4953413588,50,71.2132034355964,0,18172.4953413588
44,170986,18146.2805657721,50,71.2132034355964,0,18146.2805657721
44,171088,15542.2249707309,50,71.2132034355964,0,15542.2249707309
44,171688,18158.1921739812,50,71.2132034355964,0,18158.1921739812
44,171690,18105.7323104607,50,71.2132034355964,0,18105.7323104607
44,171790,15550.256261492,50,71.2132034355964,0,15550.256261492
44,171791,15525.4834135692,50,71.2132034355964,0,15525.4834135692
44,171792,15500.728612141,50,71.2132034355964,0,15500.728612141
44,172393,18091.425530648,50,71.2132034355964,0,18091.425530648
44,172394,18065.1917408561,50,71.2132034355964,0,18065.1917408561
44,172395,18038.9693275205,50,71.2132034355964,0,18038.9693275205
44,173097,18050.9022529318,50,71.2132034355964,0,18050.9022529318
44,173098,18024.6589096195,50,71.2132034355964,0,18024.6589096195
44,173099,17998.4269408062,50,71.2132034355964,0,17998.4269408062
44,173801,18010.3867978134,50,71.2132034355964,0,18010.3867978134
44,173802,17984.1338698811,50,71.2132034355964,0,17984.1338698811
44,173803,17957.8923143691,50,71.2132034355964,0,17957.8923143691
44,174505,17969.8792190136,50,71.2132034355964,0,17969.8792190136
44,174506,17943.6166752351,50,71.2132034355964,0,17943.6166752351
44,174507,17917.3655016897,50,71.2132034355964,0,17917.3655016897
44,175209,17929.3795707203,50,71.2132034355964,0,17929.3795707203
44,175210,17903.1073797573,50,71.2132034355964,0,17903.1073797573
44,175211,17876.8465567172,50,71.2132034355964,0,17876.8465567172
44,175912,17915.1810926942,50,71.2132034355964,0,17915.1810926942
44,175913,17888.8879076096,50,71.2132034355964,0,17888.8879076096
44,175914,17862.6060379992,50,71.2132034355964,0,17862.6060379992
44,175915,17836.3355338817,50,71.2132034355964,0,17836.3355338817
44,175916,17810.076445553,50,71.2132034355964,0,17810.076445553
44,176616,17874.7071774843,50,71.2132034355964,0,17874.7071774843
44,176617,17848.4042848377,50,71.2132034355964,0,17848.4042848377
44,176618,17822.1127049954,50,71.2132034355964,0,17822.1127049954
44,176619,17795.8324881007,50,71.2132034355964,0,17795.8324881007
44,177321,17807.9287580518,50,71.2132034355964,0,17807.9287580518
44,177322,17781.6274362776,50,71.2132034355964,0,17781.6274362776
44,177323,17755.3374747826,50,71.2132034355964,0,17755.3374747826
44,178025,17767.461383398,50,71.2132034355964,0,17767.461383398
44,178026,17741.1502878689,50,71.2132034355964,0,17741.1502878689
44,178027,17714.8505498275,50,71.2132034355964,0,17714.8505498275
44,178028,17688.562219932,50,71.2132034355964,0,17688.562219932
44,178729,17727.0022175232,50,71.2132034355964,0,17727.0022175232
44,178730,17700.6813162958,50,71.2132034355964,0,17700.6813162958
44,178731,17674.3717696389,50,71.2132034355964,0,17674.3717696389
44,178732,17648.0736283371,50,71.2132034355964,0,17648.0736283371
44,178733,17621.7869434522,50,71.2132034355964,0,17621.7869434522
44,179434,17660.2205785879,50,71.2132034355964,0,17660.2205785879
44,179435,17633.9011911286,50,71.2132034355964,0,17633.9011911286
44,179436,17607.5932061034,50,71.2132034355964,0,17607.5932061034
44,179437,17581.2966747025,50,71.2132034355964,0,17581.2966747025
44,180138,17619.7681322926,50,71.2132034355964,0,17619.7681322926
44,180139,17593.438871717,50,71.2132034355964,0,17593.438871717
44,180140,17567.1210105329,50,71.2132034355964,0,17567.1210105329
44,180141,17540.8146000503,50,71.2132034355964,0,17540.8146000503
44,180842,17579.3240354705,50,71.2132034355964,0,17579.3240354705
44,180843,17552.9848693468,50,71.2132034355964,0,17552.9848693468
44,180844,17526.6570994401,50,71.2132034355964,0,17526.6570994401
44,180845,17500.3407771832,50,71.2132034355964,0,17500.3407771832
44,180846,17474.0359543007,50,71.2132034355964,0,17474.0359543007
44,181547,17512.5392424799,50,71.2132034355964,0,17512.5392424799
44,181548,17486.2015311632,50,71.2132034355964,0,17486.2015311632
44,181549,17459.8752643191,50,71.2132034355964,0,17459.8752643191
44,181550,17433.5604937967,50,71.2132034355964,0,17433.5604937967
44,182251,17472.1020501093,50,71.2132034355964,0,17472.1020501093
44,182252,17445.7543645747,50,71.2132034355964,0,17445.7543645747
44,182253,17419.4181202036,50,71.2132034355964,0,17419.4181202036
44,182254,17393.0933689687,50,71.2132034355964,0,17393.0933689687
44,182255,17366.7801631319,50,71.2132034355964,0,17366.7801631319
44,182329,15455.7542533646,50,71.2132034355964,0,15455.7542533646
44,182330,15430.4802497695,50,71.2132034355964,0,15430.4802497695
44,182955,17431.6733517644,50,71.2132034355964,0,17431.6733517644
44,182956,17405.3156590784,50,71.2132034355964,0,17405.3156590784
44,182957,17378.9694041138,50,71.2132034355964,0,17378.9694041138
44,182958,17352.6346389653,50,71.2132034355964,0,17352.6346389653
44,182959,17326.3114160283,50,71.2132034355964,0,17326.3114160283
44,183032,15439.8470596305,50,71.2132034355964,0,15439.8470596305
44,183033,15414.546837858,50,71.2132034355964,0,15414.546837858
44,183660,17364.8854746198,50,71.2132034355964,0,17364.8854746198
44,183661,17338.5291758669,50,71.2132034355964,0,17338.5291758669
44,183662,17312.1843634831,50,71.2132034355964,0,17312.1843634831
44,183663,17285.8510899846,50,71.2132034355964,0,17285.8510899846
44,183664,17259.5294081895,50,71.2132034355964,0,17259.5294081895
44,183735,15423.9814671889,50,71.2132034355964,0,15423.9814671889
44,183736,15398.6550414493,50,71.2132034355964,0,15398.6550414493
44,183737,15373.3450130345,50,71.2132034355964,0,15373.3450130345
44,183738,15348.0514630663,50,71.2132034355964,0,15348.0514630663
44,184364,17324.4638716891,50,71.2132034355964,0,17324.4638716891
44,184365,17298.0974958333,50,71.2132034355964,0,17298.0974958333
44,184366,17271.7426027585,50,71.2132034355964,0,17271.7426027585
44,184367,17245.3992451117,50,71.2132034355964,0,17245.3992451117
44,184368,17219.0674758375,50,71.2132034355964,0,17219.0674758375
44,184369,17192.747348179,50,71.2132034355964,0,17192.747348179
44,184440,15357.4687026579,50,71.2132034355964,0,15357.4687026579
44,184441,15332.1488249083,50,71.2132034355964,0,15332.1488249083
44,184442,15306.845437705,50,71.2132034355964,0,15306.845437705
44,185071,17204.9559420724,50,71.2132034355964,0,17204.9559420724
44,185072,17178.6140514632,50,71.2132034355964,0,17178.6140514632
44,185073,17152.2837991349,50,71.2132034355964,0,17152.2837991349
44,185074,17125.9652387691,50,71.2132034355964,0,17125.9652387691
44,185144,15316.2880900165,50,71.2132034355964,0,15316.2880900165
44,185776,17138.1691961632,50,71.2132034355964,0,17138.1691961632
44,185777,17111.8287850437,50,71.2132034355964,0,17111.8287850437
44,185778,17085.5000625417,50,71.2132034355964,0,17085.5000625417
44,186480,17097.7329715943,50,71.2132034355964,0,17097.7329715943
44,186481,17071.3823674276,50,71.2132034355964,0,17071.3823674276
44,186482,17045.0434483933,50,71.2132034355964,0,17045.0434483933
44,186483,17018.7162687497,50,71.2132034355964,0,17018.7162687497
44,187185,17030.9446083825,50,71.2132034355964,0,17030.9446083825
44,187186,17004.5954582916,50,71.2132034355964,0,17004.5954582916
44,187187,16978.2580440964,50,71.2132034355964,0,16978.2580440964
44,187188,16951.9324205015,50,71.2132034355964,0,16951.9324205015
44,187200,16636.9649526287,50,71.2132034355964,0,16636.9649526287
44,187201,16610.7977311785,50,71.2132034355964,0,16610.7977311785
44,187202,16584.6431002633,50,71.2132034355964,0,16584.6431002633
44,187203,16558.5011195433,50,71.2132034355964,0,16558.5011195433
44,187204,16532.3718490326,50,71.2132034355964,0,16532.3718490326
44,187889,16990.5155705865,50,71.2132034355964,0,16990.5155705865
44,187890,16964.156154773,50,71.2132034355964,0,16964.156154773
44,187891,16937.808471225,50,71.2132034355964,0,16937.808471225
44,187892,16911.4725747769,50,71.2132034355964,0,16911.4725747769
44,187893,16885.1485205813,50,71.2132034355964,0,16885.1485205813
44,187903,16622.5716677456,50,71.2132034355964,0,16622.5716677456
44,187904,16596.3816114444,50,71.2132034355964,0,16596.3816114444
44,187905,16570.2040847883,50,71.2132034355964,0,16570.2040847883
44,187906,16544.0391472525,50,71.2132034355964,0,16544.0391472525
44,187907,16517.8868586666,50,71.2132034355964,0,16517.8868586666
44,187908,16491.7472792027,50,71.2132034355964,0,16491.7472792027
44,188594,16923.7256009665,50,71.2132034355964,0,16923.7256009665
44,188595,16897.3676131232,50,71.2132034355964,0,16897.3676131232
44,188596,16871.0214087355,50,71.2132034355964,0,16871.0214087355
44,188597,16844.6870430954,50,71.2132034355964,0,16844.6870430954
44,188609,16529.6186488434,50,71.2132034355964,0,16529.6186488434
44,188610,16503.4433675887,50,71.2132034355964,0,16503.4433675887
44,188611,16477.2807338878,50,71.2132034355964,0,16477.2807338878
44,188612,16451.1308080867,50,71.2132034355964,0,16451.1308080867
44,189299,16856.9355333707,50,71.2132034355964,0,16856.9355333707
44,189300,16830.578985822,50,71.2132034355964,0,16830.578985822
44,189301,16804.2342733699,50,71.2132034355964,0,16804.2342733699
44,189302,16777.9014517647,50,71.2132034355964,0,16777.9014517647
44,189303,16751.5805770811,50,71.2132034355964,0,16751.5805770811
44,190004,16790.1453700785,50,71.2132034355964,0,16790.1453700785
44,190005,16763.7902753059,50,71.2132034355964,0,16763.7902753059
44,190006,16737.4470677169,50,71.2132034355964,0,16737.4470677169
44,190007,16711.1158035319,50,71.2132034355964,0,16711.1158035319
44,190008,16684.7965392942,50,71.2132034355964,0,16684.7965392942
44,190709,16723.3551134081,50,71.2132034355964,0,16723.3551134081
44,190710,16697.0014840412,50,71.2132034355964,0,16697.0014840412
44,190711,16670.6597944053,50,71.2132034355964,0,16670.6597944053
44,190712,16644.3301011927,50,71.2132034355964,0,16644.3301011927
44,190713,16618.0124614235,50,71.2132034355964,0,16618.0124614235
44,191414,16656.5647657111,50,71.2132034355964,0,16656.5647657111
44,191416,16603.8724561091,50,71.2132034355964,0,16603.8724561091
44,194945,16164.7295431784,50,71.2132034355964,0,16164.7295431784
44,195647,16176.8289142666,50,71.2132034355964,0,16176.8289142666
44,195648,16150.5230533547,50,71.2132034355964,0,16150.5230533547
44,195649,16124.2296949074,50,71.2132034355964,0,16124.2296949074
44,196350,16162.6885568758,50,71.2132034355964,0,16162.6885568758
44,196351,16136.3595020791,50,71.2132034355964,0,16136.3595020791
44,196352,16110.0428852769,50,71.2132034355964,0,16110.0428852769
44,196353,16083.738767522,50,71.2132034355964,0,16083.738767522
44,196434,14001.0273335866,50,71.2132034355964,0,14001.0273335866
44,197055,16095.899156847,50,71.2132034355964,0,16095.899156847
44,197056,16069.571745426,50,71.2132034355964,0,16069.571745426
44,197057,16043.2568294723,50,71.2132034355964,0,16043.2568294723
44,197136,14009.8173573895,50,71.2132034355964,0,14009.8173573895
44,197137,13984.7385444212,50,71.2132034355964,0,13984.7385444212
44,197138,13959.6786899656,50,71.2132034355964,0,13959.6786899656
44,197759,16055.4479480165,50,71.2132034355964,0,16055.4479480165
44,197760,16029.1097030901,50,71.2132034355964,0,16029.1097030901
44,197761,16002.7839498811,50,71.2132034355964,0,16002.7839498811
44,197767,15845.0952413782,50,71.2132034355964,0,15845.0952413782
44,197840,13968.4948118008,50,71.2132034355964,0,13968.4948118008
44,197841,13943.4056279562,50,71.2132034355964,0,13943.4056279562
44,197842,13918.3354219023,50,71.2132034355964,0,13918.3354219023
44,197843,13893.2842963728,50,71.2132034355964,0,13893.2842963728
44,198470,15830.8265474798,50,71.2132034355964,0,15830.8265474798
44,198471,15804.5661581896,50,71.2132034355964,0,15804.5661581896
44,198544,13927.1777929289,50,71.2132034355964,0,13927.1777929289
44,198545,13902.0781872173,50,71.2132034355964,0,13902.0781872173
44,198546,13876.9975784813,50,71.2132034355964,0,13876.9975784813
44,198547,13851.9360699151,50,71.2132034355964,0,13851.9360699151
44,199173,15816.6015482207,50,71.2132034355964,0,15816.6015482207
44,199174,15790.3173600671,50,71.2132034355964,0,15790.3173600671
44,199175,15764.0460338784,50,71.2132034355964,0,15764.0460338784
44,199249,13860.7562722267,50,71.2132034355964,0,13860.7562722267
44,199250,13835.6652093776,50,71.2132034355964,0,13835.6652093776
44,199251,13810.5932662424,50,71.2132034355964,0,13810.5932662424
44,199252,13785.5405471467,50,71.2132034355964,0,13785.5405471467
44,199876,15802.4203615968,50,71.2132034355964,0,15802.4203615968
44,199877,15776.1124046884,50,71.2132034355964,0,15776.1124046884
44,199878,15749.8172423004,50,71.2132034355964,0,15749.8172423004
44,199879,15723.5349386243,50,71.2132034355964,0,15723.5349386243
44,199880,15697.265558246,50,71.2132034355964,0,15697.265558246
44,199953,13819.4399336029,50,71.2132034355964,0,13819.4399336029
44,199954,13794.3383648425,50,71.2132034355964,0,13794.3383648425
44,199955,13769.2559352536,50,71.2132034355964,0,13769.2559352536
44,199956,13744.1927496194,50,71.2132034355964,0,13744.1927496194
44,199957,13719.1489134089,50,71.2132034355964,0,13719.1489134089
44,200580,15761.95141059,50,71.2132034355964,0,15761.95141059
44,200581,15735.6324424612,50,71.2132034355964,0,15735.6324424612
44,200582,15709.3262652489,50,71.2132034355964,0,15709.3262652489
44,200583,15683.032943318,50,71.2132034355964,0,15683.032943318
44,200658,13753.0170957358,50,71.2132034355964,0,13753.0170957358
44,200659,13727.9241274396,50,71.2132034355964,0,13727.9241274396
44,200660,13702.8504229201,50,71.2132034355964,0,13702.8504229201
44,200661,13677.7960881207,50,71.2132034355964,0,13677.7960881207
44,200662,13652.7612296799,50,71.2132034355964,0,13652.7612296799
44,201284,15721.4917534339,50,71.2132034355964,0,15721.4917534339
44,201285,15695.1617334984,50,71.2132034355964,0,15695.1617334984
44,201286,15668.8445006967,50,71.2132034355964,0,15668.8445006967
44,201362,13711.7014535159,50,71.2132034355964,0,13711.7014535159
44,201363,13686.5978938937,50,71.2132034355964,0,13686.5978938937
44,201364,13661.5136177741,50,71.2132034355964,0,13661.5136177741
44,201365,13636.4487315768,50,71.2132034355964,0,13636.4487315768
44,201366,13611.4033424181,50,71.2132034355964,0,13611.4033424181
44,201367,13586.3775581207,50,71.2132034355964,0,13586.3775581207
44,201988,15681.0414629896,50,71.2132034355964,0,15681.0414629896
44,201989,15654.7003504873,50,71.2132034355964,0,15654.7003504873
44,202067,13645.2772863234,50,71.2132034355964,0,13645.2772863234
44,202068,13620.1823855192,50,71.2132034355964,0,13620.1823855192
44,202069,13595.1068947385,50,71.2132034355964,0,13595.1068947385
44,202070,13570.0509215807,50,71.2132034355964,0,13570.0509215807
44,202071,13545.0145743631,50,71.2132034355964,0,13545.0145743631
44,202772,13578.856778109,50,71.2132034355964,0,13578.856778109
44,202773,13553.7706291811,50,71.2132034355964,0,13553.7706291811
44,202774,13528.7040183684,50,71.2132034355964,0,13528.7040183684
44,202775,13503.6570544732,50,71.2132034355964,0,13503.6570544732
44,202776,13478.6298470282,50,71.2132034355964,0,13478.6298470282
44,203477,13512.4399871075,50,71.2132034355964,0,13512.4399871075
44,203478,13487.3626845941,50,71.2132034355964,0,13487.3626845941
44,203479,13462.3050498854,50,71.2132034355964,0,13462.3050498854
44,203480,13437.2671930084,50,71.2132034355964,0,13437.2671930084
44,203481,13412.2492247262,50,71.2132034355964,0,13412.2492247262
44,203482,13387.2512565432,50,71.2132034355964,0,13387.2512565432
44,204183,13420.9586126552,50,71.2132034355964,0,13420.9586126552
44,204184,13395.9100517198,50,71.2132034355964,0,13395.9100517198
44,204185,13370.8814011767,50,71.2132034355964,0,13370.8814011767
44,204186,13345.8727730486,50,71.2132034355964,0,13345.8727730486
44,204888,13354.5584754628,50,71.2132034355964,0,13354.5584754628
44,204889,13329.5190875429,50,71.2132034355964,0,13329.5190875429
44,204890,13304.4997442551,50,71.2132034355964,0,13304.4997442551
44,204891,13279.5005588937,50,71.2132034355964,0,13279.5005588937
44,204892,13254.5216455214,50,71.2132034355964,0,13254.5216455214
44,205593,13288.1623363633,50,71.2132034355964,0,13288.1623363633
44,205594,13263.1322222972,50,71.2132034355964,0,13263.1322222972
44,205595,13238.1222888117,50,71.2132034355964,0,13238.1222888117
44,205596,13213.1326504977,50,71.2132034355964,0,13213.1326504977
44,206298,13221.7702599621,50,71.2132034355964,0,13221.7702599621
44,206299,13196.7495222281,50,71.2132034355964,0,13196.7495222281
44,206300,13171.7491027623,50,71.2132034355964,0,13171.7491027623
44,209779,14007.7531523856,50,71.2132034355964,0,14007.7531523856
44,209780,13981.965131111,50,71.2132034355964,0,13981.965131111
44,209781,13956.1934943912,50,71.2132034355964,0,13956.1934943912
44,209782,13930.4383331633,50,71.2132034355964,0,13930.4383331633
44,209783,13904.6997389816,50,71.2132034355964,0,13904.6997389816
44,210483,13966.8727803033,50,71.2132034355964,0,13966.8727803033
44,210484,13941.0731046027,50,71.2132034355964,0,13941.0731046027
44,210485,13915.2898187604,50,71.2132034355964,0,13915.2898187604
44,210486,13889.523014054,50,71.2132034355964,0,13889.523014054
44,210487,13863.7727823756,50,71.2132034355964,0,13863.7727823756
44,210488,13838.0392162437,50,71.2132034355964,0,13838.0392162437
44,211151,14865.4049351874,50,71.2132034355964,0,14865.4049351874
44,211152,14839.0594458701,50,71.2132034355964,0,14839.0594458701
44,211153,14812.7274322962,50,71.2132034355964,0,14812.7274322962
44,211187,13926.0005441004,50,71.2132034355964,0,13926.0005441004
44,211188,13900.1891612153,50,71.2132034355964,0,13900.1891612153
44,211189,13874.3941732994,50,71.2132034355964,0,13874.3941732994
44,211190,13848.615671965,50,71.2132034355964,0,13848.615671965
44,211191,13822.8537494505,50,71.2132034355964,0,13822.8537494505
44,211192,13797.1084986268,50,71.2132034355964,0,13797.1084986268
44,211854,14851.3356577421,50,71.2132034355964,0,14851.3356577421
44,211855,14824.9650237144,50,71.2132034355964,0,14824.9650237144
44,211856,14798.6077890412,50,71.2132034355964,0,14798.6077890412
44,211857,14772.2640254437,50,71.2132034355964,0,14772.2640254437
44,211891,13885.1365166658,50,71.2132034355964,0,13885.1365166658
44,211892,13859.3133735284,50,71.2132034355964,0,13859.3133735284
44,211893,13833.506630269,50,71.2132034355964,0,13833.506630269
44,211894,13807.7163788422,50,71.2132034355964,0,13807.7163788422
44,211895,13781.9427118354,50,71.2132034355964,0,13781.9427118354
44,212558,14810.9175968827,50,71.2132034355964,0,14810.9175968827
44,212559,14784.5351768415,50,71.2132034355964,0,14784.5351768415
44,212560,14758.1661510677,50,71.2132034355964,0,14758.1661510677
44,212561,14731.8105914874,50,71.2132034355964,0,14731.8105914874
44,212562,14705.4685705062,50,71.2132034355964,0,14705.4685705062
44,212597,13792.6272627751,50,71.2132034355964,0,13792.6272627751
44,212598,13766.8252074762,50,71.2132034355964,0,13766.8252074762
44,213263,14744.1154783416,50,71.2132034355964,0,14744.1154783416
44,213264,14717.7346155228,50,71.2132034355964,0,14717.7346155228
44,213265,14691.3672137977,50,71.2132034355964,0,14691.3672137977
44,213266,14665.0133457716,50,71.2132034355964,0,14665.0133457716
44,213968,14677.313266883,50,71.2132034355964,0,14677.313266883
44,213969,14650.9339766397,50,71.2132034355964,0,14650.9339766397
44,213970,14624.5682149791,50,71.2132034355964,0,14624.5682149791
44,214009,13607.6900261983,50,71.2132034355964,0,13607.6900261983
44,214673,14610.5109651959,50,71.2132034355964,0,14610.5109651959
44,214674,14584.1332630969,50,71.2132034355964,0,14584.1332630969
44,214675,14557.7691577407,50,71.2132034355964,0,14557.7691577407
44,214711,13618.3799766171,50,71.2132034355964,0,13618.3799766171
44,214712,13592.5754879972,50,71.2132034355964,0,13592.5754879972
44,214713,13566.7877940883,50,71.2132034355964,0,13566.7877940883
44,214714,13541.0169908423,50,71.2132034355964,0,13541.0169908423
44,215377,14570.098265567,50,71.2132034355964,0,14570.098265567
44,215378,14543.7085760169,50,71.2132034355964,0,14543.7085760169
44,215379,14517.3324778457,50,71.2132034355964,0,14517.3324778457
44,215380,14490.9700452699,50,71.2132034355964,0,14490.9700452699
44,215415,13577.510019742,50,71.2132034355964,0,13577.510019742
44,215416,13551.6935183957,50,71.2132034355964,0,13551.6935183957
44,215417,13525.8938170465,50,71.2132034355964,0,13525.8938170465
44,215418,13500.111012011,50,71.2132034355964,0,13500.111012011
44,215419,13474.3452002862,50,71.2132034355964,0,13474.3452002862
44,216082,14503.2942405733,50,71.2132034355964,0,14503.2942405733
44,216085,14424.1708808139,50,71.2132034355964,0,14424.1708808139
44,216120,13510.8199360844,50,71.2132034355964,0,13510.8199360844
44,216121,13485.008171246,50,71.2132034355964,0,13485.008171246
44,216122,13459.2133081665,50,71.2132034355964,0,13459.2133081665
44,216787,14436.4901181764,50,71.2132034355964,0,14436.4901181764
44,216788,14410.1035463908,50,71.2132034355964,0,14410.1035463908
44,216789,14383.730704339,50,71.2132034355964,0,14383.730704339
44,216824,13469.9548184855,50,71.2132034355964,0,13469.9548184855
44,216825,13444.1309337758,50,71.2132034355964,0,13444.1309337758
44,217492,14369.6859010418,50,71.2132034355964,0,14369.6859010418
44,217493,14343.3009116739,50,71.2132034355964,0,14343.3009116739
44,217494,14316.9297222724,50,71.2132034355964,0,14316.9297222724
44,218196,14329.2787771397,50,71.2132034355964,0,14329.2787771397
44,218197,14302.8815918897,50,71.2132034355964,0,14302.8815918897
44,218198,14276.4982009331,50,71.2132034355964,0,14276.4982009331
44,218199,14250.1286808887,50,71.2132034355964,0,14250.1286808887
44,218901,14262.4728350374,50,71.2132034355964,0,14262.4728350374
44,218902,14236.077193492,50,71.2132034355964,0,14236.077193492
44,218903,14209.6954171659,50,71.2132034355964,0,14209.6954171659
44,218904,14183.3275834321,50,71.2132034355964,0,14183.3275834321
44,219605,14222.0747321713,50,71.2132034355964,0,14222.0747321713
44,219606,14195.6667907815,50,71.2132034355964,0,14195.6667907815
44,219607,14169.2727086722,50,71.2132034355964,0,14169.2727086722
44,219608,14142.8925634364,50,71.2132034355964,0,14142.8925634364
44,220310,14155.2670846486,50,71.2132034355964,0,14155.2670846486
44,220311,14128.8606470254,50,71.2132034355964,0,14128.8606470254
44,220312,14102.4681403065,50,71.2132034355964,0,14102.4681403065
44,220313,14076.0896428558,50,71.2132034355964,0,14076.0896428558
44,220314,14049.7252335797,50,71.2132034355964,0,14049.7252335797
44,221014,14114.8781679645,50,71.2132034355964,0,14114.8781679645
44,221015,14088.4593248711,50,71.2132034355964,0,14088.4593248711
44,221016,14062.0544064633,50,71.2132034355964,0,14062.0544064633
44,221017,14035.6634913262,50,71.2132034355964,0,14035.6634913262
44,221018,14009.286658603,50,71.2132034355964,0,14009.286658603
44,221719,14048.0688359005,50,71.2132034355964,0,14048.0688359005
44,221720,14021.6514553625,50,71.2132034355964,0,14021.6514553625
44,221721,13995.2480718461,50,71.2132034355964,0,13995.2480718461
44,221722,13968.8587647203,50,71.2132034355964,0,13968.8587647203
44,221723,13942.4836139125,50,71.2132034355964,0,13942.4836139125
44,222424,13981.2593815224,50,71.2132034355964,0,13981.2593815224
44,222425,13954.8434786959,50,71.2132034355964,0,13954.8434786959
44,222426,13928.4416459767,50,71.2132034355964,0,13928.4416459767
44,222427,13902.0539635281,50,71.2132034355964,0,13902.0539635281
44,222428,13875.6805120841,50,71.2132034355964,0,13875.6805120841
44,223129,13914.4498072276,50,71.2132034355964,0,13914.4498072276
44,223130,13888.035397489,50,71.2132034355964,0,13888.035397489
44,223131,13861.6351317115,50,71.2132034355964,0,13861.6351317115
44,223132,13835.2490908612,50,71.2132034355964,0,13835.2490908612
44,223834,13847.6401154598,50,71.2132034355964,0,13847.6401154598
44,223835,13821.2272144202,50,71.2132034355964,0,13821.2272144202
44,223836,13794.8285319625,50,71.2132034355964,0,13794.8285319625
44,223837,13768.4441498765,50,71.2132034355964,0,13768.4441498765
44,224538,13807.2558971881,50,71.2132034355964,0,13807.2558971881
44,224539,13780.8303087134,50,71.2132034355964,0,13780.8303087134
44,225248,13608.4676016322,50,71.2132034355964,0,13608.4676016322
44,225249,13582.115749731,50,71.2132034355964,0,13582.115749731
44,225951,13594.4082497885,50,71.2132034355964,0,13594.4082497885
44,225952,13568.0289496023,50,71.2132034355964,0,13568.0289496023
44,225953,13541.664265885,50,71.2132034355964,0,13541.664265885
44,225954,13515.3142841748,50,71.2132034355964,0,13515.3142841748
44,226656,13527.6013383777,50,71.2132034355964,0,13527.6013383777
44,226657,13501.2237682491,50,71.2132034355964,0,13501.2237682491
44,226658,13474.8608941866,50,71.2132034355964,0,13474.8608941866
44,226659,13448.5128026136,50,71.2132034355964,0,13448.5128026136
44,227359,13513.5899834816,50,71.2132034355964,0,13513.5899834816
44,227360,13487.1848683142,50,71.2132034355964,0,13487.1848683142
44,227361,13460.7943569182,50,71.2132034355964,0,13460.7943569182
44,227362,13434.4185353536,50,71.2132034355964,0,13434.4185353536
44,227363,13408.0574903174,50,71.2132034355964,0,13408.0574903174
44,228064,13446.7796409504,50,71.2132034355964,0,13446.7796409504
44,228065,13420.3761331616,50,71.2132034355964,0,13420.3761331616
44,228066,13393.9873086846,50,71.2132034355964,0,13393.9873086846
44,228067,13367.6132544763,50,71.2132034355964,0,13367.6132544763
44,228068,13341.254058133,50,71.2132034355964,0,13341.254058133
44,228768,13406.385759013,50,71.2132034355964,0,13406.385759013
44,228769,13379.9691994502,50,71.2132034355964,0,13379.9691994502
44,228770,13353.5673163762,50,71.2132034355964,0,13353.5673163762
44,228771,13327.1801970156,50,71.2132034355964,0,13327.1801970156
44,228772,13300.8079292388,50,71.2132034355964,0,13300.8079292388
44,228773,13274.4506015656,50,71.2132034355964,0,13274.4506015656
44,228774,13248.1083031649,50,71.2132034355964,0,13248.1083031649
44,228775,13221.7811238659,50,71.2132034355964,0,13221.7811238659
44,229472,13366.0033264529,50,71.2132034355964,0,13366.0033264529
44,229473,13339.5736594628,50,71.2132034355964,0,13339.5736594628
44,229474,13313.1586618401,50,71.2132034355964,0,13313.1586618401
44,229475,13286.7584210776,50,71.2132034355964,0,13286.7584210776
44,229476,13260.3730253179,50,71.2132034355964,0,13260.3730253179
44,229477,13234.0025633515,50,71.2132034355964,0,13234.0025633515
44,229478,13207.6471246281,50,71.2132034355964,0,13207.6471246281
44,229479,13181.3067992671,50,71.2132034355964,0,13181.3067992671
44,230177,13299.1896181083,50,71.2132034355964,0,13299.1896181083
44,230178,13272.7614497194,50,71.2132034355964,0,13272.7614497194
44,230179,13246.3480310338,50,71.2132034355964,0,13246.3480310338
44,230180,13219.9494504609,50,71.2132034355964,0,13219.9494504609
44,230181,13193.5657970656,50,71.2132034355964,0,13193.5657970656
44,230182,13167.1971605847,50,71.2132034355964,0,13167.1971605847
44,230183,13140.843631414,50,71.2132034355964,0,13140.843631414
44,230184,13114.5053006312,50,71.2132034355964,0,13114.5053006312
44,230185,13088.1822599911,50,71.2132034355964,0,13088.1822599911
44,230186,13061.8746019334,50,71.2132034355964,0,13061.8746019334
44,230187,13035.5824195923,50,71.2132034355964,0,13035.5824195923
44,230306,10051.7332681983,50,71.2132034355964,0,10051.7332681983
44,230882,13232.3757859085,50,71.2132034355964,0,13232.3757859085
44,230883,13205.9491325015,50,71.2132034355964,0,13205.9491325015
44,230884,13179.5373100072,50,71.2132034355964,0,13179.5373100072
44,230885,13153.1404077728,50,71.2132034355964,0,13153.1404077728
44,230886,13126.7585158055,50,71.2132034355964,0,13126.7585158055
44,230887,13100.3917247943,50,71.2132034355964,0,13100.3917247943
44,230888,13074.0401261017,50,71.2132034355964,0,13074.0401261017
44,230889,13047.7038117754,50,71.2132034355964,0,13047.7038117754
44,230890,13021.3828745573,50,71.2132034355964,0,13021.3828745573
44,230891,12995.0774078881,50,71.2132034355964,0,12995.0774078881
44,230892,12968.7875059057,50,71.2132034355964,0,12968.7875059057
44,230893,12942.5132634576,50,71.2132034355964,0,12942.5132634576
44,230894,12916.2547761132,50,71.2132034355964,0,12916.2547761132
44,230969,10999.9352085888,50,71.2132034355964,0,10999.9352085888
44,230970,10975.2186797242,50,71.2132034355964,0,10975.2186797242
44,230971,10950.5279876802,50,71.2132034355964,0,10950.5279876802
44,231008,10056.8585629588,50,71.2132034355964,0,10056.8585629588
44,231009,10033.2932597694,50,71.2132034355964,0,10033.2932597694
44,231010,10009.7617746301,50,71.2132034355964,0,10009.7617746301
44,231587,13165.5618323627,50,71.2132034355964,0,13165.5618323627
44,231588,13139.1367105682,50,71.2132034355964,0,13139.1367105682
44,231589,13112.7265017936,50,71.2132034355964,0,13112.7265017936
44,231590,13086.3312963332,50,71.2132034355964,0,13086.3312963332
44,231591,13059.9511851559,50,71.2132034355964,0,13059.9511851559
44,231592,13033.5862599126,50,71.2132034355964,0,13033.5862599126
44,231593,13007.2366129493,50,71.2132034355964,0,13007.2366129493
44,231594,12980.902337307,50,71.2132034355964,0,12980.902337307
44,231595,12954.5835267272,50,71.2132034355964,0,12954.5835267272
44,231596,12928.2802756571,50,71.2132034355964,0,12928.2802756571
44,231597,12901.9926792646,50,71.2132034355964,0,12901.9926792646
44,231598,12875.7208334305,50,71.2132034355964,0,12875.7208334305
44,231673,10958.4192734602,50,71.2132034355964,0,10958.4192734602
44,231674,10933.6905113796,50,71.2132034355964,0,10933.6905113796
44,231675,10908.9876294943,50,71.2132034355964,0,10908.9876294943
44,231676,10884.3108040212,50,71.2132034355964,0,10884.3108040212
44,231712,10014.9086351638,50,71.2132034355964,0,10014.9086351638
44,231713,9991.33372372977,50,71.2132034355964,0,9991.33372372977
44,231714,9967.79272777834,50,71.2132034355964,0,9967.79272777834
44,231715,9944.28588817361,50,71.2132034355964,0,9944.28588817361
44,232292,13098.747760033,50,71.2132034355964,0,13098.747760033
44,232293,13072.3241867432,50,71.2132034355964,0,13072.3241867432
44,232294,13045.9156094917,50,71.2132034355964,0,13045.9156094917
44,232295,13019.5221195304,50,71.2132034355964,0,13019.5221195304
44,232296,12993.1438088048,50,71.2132034355964,0,12993.1438088048
44,232297,12966.7807699532,50,71.2132034355964,0,12966.7807699532
44,232298,12940.4330963147,50,71.2132034355964,0,12940.4330963147
44,232299,12914.1008819327,50,71.2132034355964,0,12914.1008819327
44,232300,12887.7842215711,50,71.2132034355964,0,12887.7842215711
44,232301,12861.483210704,50,71.2132034355964,0,12861.483210704
44,232377,10916.9090213591,50,71.2132034355964,0,10916.9090213591
44,232378,10892.1679465836,50,71.2132034355964,0,10892.1679465836
44,232379,10867.4527953154,50,71.2132034355964,0,10867.4527953154
44,232380,10842.7637448251,50,71.2132034355964,0,10842.7637448251
44,232416,9972.96133381009,50,71.2132034355964,0,9972.96133381009
44,232417,9949.37674029229,50,71.2132034355964,0,9949.37674029229
44,232997,13031.9335715351,50,71.2132034355964,0,13031.9335715351
44,232998,13005.511563907,50,71.2132034355964,0,13005.511563907
44,233004,12847.2994504554,50,71.2132034355964,0,12847.2994504554
44,233005,12820.9849642721,50,71.2132034355964,0,12820.9849642721
44,233081,10875.4045186862,50,71.2132034355964,0,10875.4045186862
44,233082,10850.6510510037,50,71.2132034355964,0,10850.6510510037
44,233083,10825.9235500587,50,71.2132034355964,0,10825.9235500587
44,233084,10801.2221941884,50,71.2132034355964,0,10801.2221941884
44,233707,12833.1697312771,50,71.2132034355964,0,12833.1697312771
44,233708,12806.8260704455,50,71.2132034355964,0,12806.8260704455
44,233709,12780.4980477778,50,71.2132034355964,0,12780.4980477778
44,233786,10809.1398912994,50,71.2132034355964,0,10809.1398912994
44,233787,10784.3999596282,50,71.2132034355964,0,10784.3999596282
44,233788,10759.6862172607,50,71.2132034355964,0,10759.6862172607
44,233789,10734.9988450754,50,71.2132034355964,0,10734.9988450754
44,234410,12819.0942318683,50,71.2132034355964,0,12819.0942318683
44,234411,12792.7214436513,50,71.2132034355964,0,12792.7214436513
44,234412,12766.3641910124,50,71.2132034355964,0,12766.3641910124
44,234413,12740.0225703741,50,71.2132034355964,0,12740.0225703741
44,234414,12713.6966789022,50,71.2132034355964,0,12713.6966789022
44,234490,10767.6345351514,50,71.2132034355964,0,10767.6345351514
44,234491,10742.8820909441,50,71.2132034355964,0,10742.8820909441
44,234492,10718.155880191,50,71.2132034355964,0,10718.155880191
44,234497,10594.9247498492,50,71.2132034355964,0,10594.9247498492
44,235115,12752.2848289057,50,71.2132034355964,0,12752.2848289057
44,235116,12725.9139229896,50,71.2132034355964,0,12725.9139229896
44,235117,12699.5586425749,50,71.2132034355964,0,12699.5586425749
44,235118,12673.2190851481,50,71.2132034355964,0,12673.2190851481
44,235162,11531.4694517876,50,71.2132034355964,0,11531.4694517876
44,235163,11505.9518310662,50,71.2132034355964,0,11505.9518310662
44,235164,11480.4553517722,50,71.2132034355964,0,11480.4553517722
44,235165,11454.980155074,50,71.2132034355964,0,11454.980155074
44,235199,10602.5744682511,50,71.2132034355964,0,10602.5744682511
44,235200,10577.9426625174,50,71.2132034355964,0,10577.9426625174
44,235201,10553.3380649306,50,71.2132034355964,0,10553.3380649306
44,235819,12711.8599995717,50,71.2132034355964,0,12711.8599995717
44,235820,12685.4753785946,50,71.2132034355964,0,12685.4753785946
44,235821,12659.1063762769,50,71.2132034355964,0,12659.1063762769
44,235822,12632.7530904219,50,71.2132034355964,0,12632.7530904219
44,235823,12606.4156195933,50,71.2132034355964,0,12606.4156195933
44,235866,11490.3989405716,50,71.2132034355964,0,11490.3989405716
44,235867,11464.8677359382,50,71.2132034355964,0,11464.8677359382
44,235868,11439.3576884869,50,71.2132034355964,0,11439.3576884869
44,235869,11413.8689400801,50,71.2132034355964,0,11413.8689400801
44,235902,10585.6893055352,50,71.2132034355964,0,10585.6893055352
44,235903,10561.0179850456,50,71.2132034355964,0,10561.0179850456
44,235904,10536.3737320639,50,71.2132034355964,0,10536.3737320639
44,235905,10511.7567369631,50,71.2132034355964,0,10511.7567369631
44,236524,12645.0486714503,50,71.2132034355964,0,12645.0486714503
44,236525,12618.6658847778,50,71.2132034355964,0,12618.6658847778
44,236526,12592.298807695,50,71.2132034355964,0,12592.298807695
44,236527,12565.9475390962,50,71.2132034355964,0,12565.9475390962
44,236528,12539.6121786408,50,71.2132034355964,0,12539.6121786408
44,236570,11449.3370425205,50,71.2132034355964,0,11449.3370425205
44,236571,11423.7921763883,50,71.2132034355964,0,11423.7921763883
44,236572,11398.2684829145,50,71.2132034355964,0,11398.2684829145
44,236573,11372.7661046494,50,71.2132034355964,0,11372.7661046494
44,236606,10544.1509938851,50,71.2132034355964,0,10544.1509938851
44,236607,10519.467093118,50,71.2132034355964,0,10519.467093118
44,236608,10494.8103083502,50,71.2132034355964,0,10494.8103083502
44,236609,10470.1808311557,50,71.2132034355964,0,10470.1808311557
44,237228,12604.6339165979,50,71.2132034355964,0,12604.6339165979
44,237229,12578.2372827963,50,71.2132034355964,0,12578.2372827963
44,237230,12551.8563513637,50,71.2132034355964,0,12551.8563513637
44,237231,12525.4912215125,50,71.2132034355964,0,12525.4912215125
44,237232,12499.1419932412,50,71.2132034355964,0,12499.1419932412
44,237274,11408.2838519029,50,71.2132034355964,0,11408.2838519029
44,237275,11382.7252460915,50,71.2132034355964,0,11382.7252460915
44,237276,11357.1878281216,50,71.2132034355964,0,11357.1878281216
44,237309,10527.3419663112,50,71.2132034355964,0,10527.3419663112
44,237310,10502.6184267102,50,71.2132034355964,0,10502.6184267102
44,237311,10477.9218603612,50,71.2132034355964,0,10477.9218603612
44,237312,10453.252458447,50,71.2132034355964,0,10453.252458447
44,237313,10428.6104137446,50,71.2132034355964,0,10428.6104137446
44,237932,12564.2312305257,50,71.2132034355964,0,12564.2312305257
44,237933,12537.8206865056,50,71.2132034355964,0,12537.8206865056
44,237934,12511.425837266,50,71.2132034355964,0,12511.425837266
44,237935,12485.0467823548,50,71.2132034355964,0,12485.0467823548
44,237936,12458.6836220947,50,71.2132034355964,0,12458.6836220947
44,237978,11367.2394643366,50,71.2132034355964,0,11367.2394643366
44,237979,11341.6670400583,50,71.2132034355964,0,11341.6670400583
44,238013,10485.8280122928,50,71.2132034355964,0,10485.8280122928
44,238014,10461.0916738107,50,71.2132034355964,0,10461.0916738107
44,238015,10436.3823557494,50,71.2132034355964,0,10436.3823557494
44,238016,10411.7002504877,50,71.2132034355964,0,10411.7002504877
44,238637,12497.4162135366,50,71.2132034355964,0,12497.4162135366
44,238638,12471.0073827146,50,71.2132034355964,0,12471.0073827146
44,238639,12444.6143385954,50,71.2132034355964,0,12444.6143385954
44,238640,12418.2371818361,50,71.2132034355964,0,12418.2371818361
44,238641,12391.876013891,50,71.2132034355964,0,12391.876013891
44,238682,11326.2039767975,50,71.2132034355964,0,11326.2039767975
44,238683,11300.6176546642,50,71.2132034355964,0,11300.6176546642
44,238716,10469.0961301408,50,71.2132034355964,0,10469.0961301408
44,238717,10444.3200303485,50,71.2132034355964,0,10444.3200303485
44,238718,10419.5708060937,50,71.2132034355964,0,10419.5708060937
44,238719,10394.8486493445,50,71.2132034355964,0,10394.8486493445
44,239342,12430.6011065053,50,71.2132034355964,0,12430.6011065053
44,239343,12404.194008699,50,71.2132034355964,0,12404.194008699
44,239344,12377.8027905935,50,71.2132034355964,0,12377.8027905935
44,239345,12351.4275539813,50,71.2132034355964,0,12351.4275539813
44,239346,12325.0684014608,50,71.2132034355964,0,12325.0684014608
44,239385,11310.7988750857,50,71.2132034355964,0,11310.7988750857
44,239386,11285.1774876573,50,71.2132034355964,0,11285.1774876573
44,239387,11259.5771876651,50,71.2132034355964,0,11259.5771876651
44,239420,10427.6072124543,50,71.2132034355964,0,10427.6072124543
44,239421,10402.818093356,50,71.2132034355964,0,10402.818093356
44,239422,10378.0558955914,50,71.2132034355964,0,10378.0558955914
44,239423,10353.3208123243,50,71.2132034355964,0,10353.3208123243
44,239424,10328.6130383564,50,71.2132034355964,0,10328.6130383564
44,239426,10279.2802058111,50,71.2132034355964,0,10279.2802058111
44,240047,12363.7859126471,50,71.2132034355964,0,12363.7859126471
44,240048,12337.3805680092,50,71.2132034355964,0,12337.3805680092
44,240049,12310.9911971644,50,71.2132034355964,0,12310.9911971644
44,240050,12284.6179030549,50,71.2132034355964,0,12284.6179030549
44,240051,12258.2607894507,50,71.2132034355964,0,12258.2607894507
44,240052,12231.9199609459,50,71.2132034355964,0,12231.9199609459
44,240053,12205.5955229783,50,71.2132034355964,0,12205.5955229783
44,240054,12179.2875818272,50,71.2132034355964,0,12179.2875818272
44,240055,12152.9962446255,50,71.2132034355964,0,12152.9962446255
44,240089,11269.7955558703,50,71.2132034355964,0,11269.7955558703
44,240090,11244.1600966991,50,71.2132034355964,0,11244.1600966991
44,240091,11218.5457382253,50,71.2132034355964,0,11218.5457382253
44,240092,11192.9526253129,50,71.2132034355964,0,11192.9526253129
44,240093,11167.3809040362,50,71.2132034355964,0,11167.3809040362
44,240094,11141.8307216814,50,71.2132034355964,0,11141.8307216814
44,240125,10361.3222753514,50,71.2132034355964,0,10361.3222753514
44,240126,10336.5470154789,50,71.2132034355964,0,10336.5470154789
44,240127,10311.7989170002,50,71.2132034355964,0,10311.7989170002
44,240128,10287.0781759493,50,71.2132034355964,0,10287.0781759493
44,240129,10262.384990025,50,71.2132034355964,0,10262.384990025
44,240130,10237.7195586196,50,71.2132034355964,0,10237.7195586196
44,240752,12296.9706352593,50,71.2132034355964,0,12296.9706352593
44,240753,12270.5670642721,50,71.2132034355964,0,12270.5670642721
44,240754,12244.1795622862,50,71.2132034355964,0,12244.1795622862
44,240755,12217.8082334153,50,71.2132034355964,0,12217.8082334153
44,240756,12191.4531826163,50,71.2132034355964,0,12191.4531826163
44,240757,12165.1145156832,50,71.2132034355964,0,12165.1145156832
44,240758,12138.7923392657,50,71.2132034355964,0,12138.7923392657
44,240795,11177.5234069481,50,71.2132034355964,0,11177.5234069481
44,240796,11151.9161679563,50,71.2132034355964,0,11151.9161679563
44,240797,11126.3303349513,50,71.2132034355964,0,11126.3303349513
44,240798,11100.766055946,50,71.2132034355964,0,11100.766055946
44,240799,11075.2234802,50,71.2132034355964,0,11075.2234802
44,240830,10295.0442401018,50,71.2132034355964,0,10295.0442401018
44,240831,10270.2830368486,50,71.2132034355964,0,10270.2830368486
44,240832,10245.5492390547,50,71.2132034355964,0,10245.5492390547
44,240833,10220.8430456822,50,71.2132034355964,0,10220.8430456822
44,240834,10196.1646573946,50,71.2132034355964,0,10196.1646573946
44,240835,10171.5142765749,50,71.2132034355964,0,10171.5142765749
44,241460,12150.9985495178,50,71.2132034355964,0,12150.9985495178
44,241461,12124.6455858151,50,71.2132034355964,0,12124.6455858151
44,241462,12098.3091059409,50,71.2132034355964,0,12098.3091059409
44,241463,12071.9892177828,50,71.2132034355964,0,12071.9892177828
44,241464,12045.6860300976,50,71.2132034355964,0,12045.6860300976
44,241500,11110.8888486257,50,71.2132034355964,0,11110.8888486257
44,241501,11085.2888213658,50,71.2132034355964,0,11085.2888213658
44,241502,11059.7103628636,50,71.2132034355964,0,11059.7103628636
44,241503,11034.1536231144,50,71.2132034355964,0,11034.1536231144
44,241534,10253.5476450033,50,71.2132034355964,0,10253.5476450033
44,241535,10228.7732465224,50,71.2132034355964,0,10228.7732465224
44,241536,10204.026301441,50,71.2132034355964,0,10204.026301441
44,241537,10179.3070099838,50,71.2132034355964,0,10179.3070099838
44,241538,10154.6155741001,50,71.2132034355964,0,10154.6155741001
44,241539,10129.9521974846,50,71.2132034355964,0,10129.9521974846
44,242166,12057.8380040132,50,71.2132034355964,0,12057.8380040132
44,242169,11978.8853958305,50,71.2132034355964,0,11978.8853958305
44,242204,11069.8707702279,50,71.2132034355964,0,11069.8707702279
44,242205,11044.2564655446,50,71.2132034355964,0,11044.2564655446
44,242206,11018.6637440404,50,71.2132034355964,0,11018.6637440404
44,242207,10993.0927564621,50,71.2132034355964,0,10993.0927564621
44,242239,10187.2696218864,50,71.2132034355964,0,10187.2696218864
44,242240,10162.5094380658,50,71.2132034355964,0,10162.5094380658
44,242241,10137.7769569781,50,71.2132034355964,0,10137.7769569781
44,242242,10113.0723818747,50,71.2132034355964,0,10113.0723818747
44,242243,10088.3959177667,50,71.2132034355964,0,10088.3959177667
44,242871,11991.030442286,50,71.2132034355964,0,11991.030442286
44,242872,11964.6984147522,50,71.2132034355964,0,11964.6984147522
44,242873,11938.3831850659,50,71.2132034355964,0,11938.3831850659
44,242874,11912.0848645566,50,71.2132034355964,0,11912.0848645566
44,242907,11054.5121501682,50,71.2132034355964,0,11054.5121501682
44,242908,11028.8620371835,50,71.2132034355964,0,11028.8620371835
44,242909,11003.2333712502,50,71.2132034355964,0,11003.2333712502
44,242910,10977.6263025857,50,71.2132034355964,0,10977.6263025857
44,242911,10952.0409826795,50,71.2132034355964,0,10952.0409826795
44,242912,10926.4775643104,50,71.2132034355964,0,10926.4775643104
44,242943,10145.7722400299,50,71.2132034355964,0,10145.7722400299
44,242944,10120.9987251073,50,71.2132034355964,0,10120.9987251073
44,242945,10096.2529619289,50,71.2132034355964,0,10096.2529619289
44,242946,10071.5351550547,50,71.2132034355964,0,10071.5351550547
44,242947,10046.8455108226,50,71.2132034355964,0,10046.8455108226
44,242948,10022.1842373673,50,71.2132034355964,0,10022.1842373673
44,243575,11950.5694582899,50,71.2132034355964,0,11950.5694582899
44,243576,11924.2229058249,50,71.2132034355964,0,11924.2229058249
44,243577,11897.893144471,50,71.2132034355964,0,11897.893144471
44,243578,11871.5802859494,50,71.2132034355964,0,11871.5802859494
44,243610,11039.2132092417,50,71.2132034355964,0,11039.2132092417
44,243611,11013.5273271527,50,71.2132034355964,0,11013.5273271527
44,243612,10987.8627554402,50,71.2132034355964,0,10987.8627554402
44,243613,10962.2196437816,50,71.2132034355964,0,10962.2196437816
44,243614,10936.5981431298,50,71.2132034355964,0,10936.5981431298
44,243615,10910.9984057257,50,71.2132034355964,0,10910.9984057257
44,243648,10079.4942399905,50,71.2132034355964,0,10079.4942399905
44,243649,10054.7351013294,50,71.2132034355964,0,10054.7351013294
44,243650,10030.0039691931,50,71.2132034355964,0,10030.0039691931
44,243651,10005.3010512605,50,71.2132034355964,0,10005.3010512605
44,243652,9980.62655703321,50,71.2132034355964,0,9980.62655703321
44,244280,11883.7597638976,50,71.2132034355964,0,11883.7597638976
44,244281,11857.4153999378,50,71.2132034355964,0,11857.4153999378
44,244282,11831.0879320539,50,71.2132034355964,0,11831.0879320539
44,244314,10998.2525852471,50,71.2132034355964,0,10998.2525852471
44,244315,10972.5521477374,50,71.2132034355964,0,10972.5521477374
44,244316,10946.8730325173,50,71.2132034355964,0,10946.8730325173
44,244317,10921.2153899908,50,71.2132034355964,0,10921.2153899908
44,244318,10895.5793718543,50,71.2132034355964,0,10895.5793718543
44,244319,10869.9651311077,50,71.2132034355964,0,10869.9651311077
44,244320,10844.3728220673,50,71.2132034355964,0,10844.3728220673
44,244351,10062.7965193205,50,71.2132034355964,0,10062.7965193205
44,244352,10037.9960614077,50,71.2132034355964,0,10037.9960614077
44,244353,10013.2234529281,50,71.2132034355964,0,10013.2234529281
44,244354,9988.47890109067,50,71.2132034355964,0,9988.47890109067
44,244355,9963.76261493057,50,71.2132034355964,0,9963.76261493057
44,244356,9939.07480531787,50,71.2132034355964,0,9939.07480531787
44,244984,11843.309116947,50,71.2132034355964,0,11843.309116947
44,244985,11816.9500790459,50,71.2132034355964,0,11816.9500790459
44,244986,11790.6079300474,50,71.2132034355964,0,11790.6079300474
44,245019,10931.5867216897,50,71.2132034355964,0,10931.5867216897
44,245020,10905.8929775185,50,71.2132034355964,0,10905.8929775185
44,245021,10880.2207183147,50,71.2132034355964,0,10880.2207183147
44,245022,10854.5700965247,50,71.2132034355964,0,10854.5700965247
44,245023,10828.9412659081,50,71.2132034355964,0,10828.9412659081
44,245024,10803.3343815499,50,71.2132034355964,0,10803.3343815499
44,245025,10777.7495998772,50,71.2132034355964,0,10777.7495998772
44,245056,9996.5042693448,50,71.2132034355964,0,9996.5042693448
44,245057,9971.71809575578,50,71.2132034355964,0,9971.71809575578
44,245058,9946.96002882069,50,71.2132034355964,0,9946.96002882069
44,245059,9922.23027893294,50,71.2132034355964,0,9922.23027893294
44,245060,9897.52905835267,50,71.2132034355964,0,9897.52905835267
44,245688,11802.8710946646,50,71.2132034355964,0,11802.8710946646
44,245689,11776.497311091,50,71.2132034355964,0,11776.497311091
44,245690,11750.1404088222,50,71.2132034355964,0,11750.1404088222
44,245724,10864.9227011689,50,71.2132034355964,0,10864.9227011689
44,245725,10839.2357388097,50,71.2132034355964,0,10839.2357388097
44,245726,10813.5704265167,50,71.2132034355964,0,10813.5704265167
44,245727,10787.9269188104,50,71.2132034355964,0,10787.9269188104
44,245728,10762.3053715526,50,71.2132034355964,0,10762.3053715526
44,245729,10736.7059419622,50,71.2132034355964,0,10736.7059419622
44,245760,9955.01894510776,50,71.2132034355964,0,9955.01894510776
44,245761,9930.21911015821,50,71.2132034355964,0,9930.21911015821
44,245762,9905.44743175032,50,71.2132034355964,0,9905.44743175032
44,245763,9880.70412165879,50,71.2132034355964,0,9880.70412165879
44,245764,9855.98939353854,50,71.2132034355964,0,9855.98939353854
44,246392,11762.4458284889,50,71.2132034355964,0,11762.4458284889
44,246393,11736.0572271143,50,71.2132034355964,0,11736.0572271143
44,246394,11709.6854990078,50,71.2132034355964,0,11709.6854990078
44,246395,11683.3307584293,50,71.2132034355964,0,11683.3307584293
44,246396,11656.9931206012,50,71.2132034355964,0,11656.9931206012
44,246429,10798.2605631779,50,71.2132034355964,0,10798.2605631779
44,246430,10772.5804728442,50,71.2132034355964,0,10772.5804728442
44,246431,10746.9222001347,50,71.2132034355964,0,10746.9222001347
44,246432,10721.2859016951,50,71.2132034355964,0,10721.2859016951
44,246464,9913.54017135713,50,71.2132034355964,0,9913.54017135713
44,246465,9888.72657781221,50,71.2132034355964,0,9888.72657781221
44,246466,9863.9411905772,50,71.2132034355964,0,9863.9411905772
44,246467,9839.18422281054,50,71.2132034355964,0,9839.18422281054
44,247097,11695.6299599205,50,71.2132034355964,0,11695.6299599205
44,247098,11669.2433330061,50,71.2132034355964,0,11669.2433330061
44,247099,11642.8736855535,50,71.2132034355964,0,11642.8736855535
44,247100,11616.5211331905,50,71.2132034355964,0,11616.5211331905
44,247134,10731.6003481878,50,71.2132034355964,0,10731.6003481878
44,247135,10705.9272218656,50,71.2132034355964,0,10705.9272218656
44,247136,10680.2760832499,50,71.2132034355964,0,10680.2760832499
44,247137,10654.6470911499,50,71.2132034355964,0,10654.6470911499
44,247138,10629.0404057656,50,71.2132034355964,0,10629.0404057656
44,247168,9872.0680321211,50,71.2132034355964,0,9872.0680321211
44,247169,9847.24058176198,50,71.2132034355964,0,9847.24058176198
44,247170,9822.44138734401,50,71.2132034355964,0,9822.44138734401
44,247171,9797.67066342336,50,71.2132034355964,0,9797.67066342336
44,247801,11655.2156441199,50,71.2132034355964,0,11655.2156441199
44,247802,11628.8140450241,50,71.2132034355964,0,11628.8140450241
44,247803,11602.4294168704,50,71.2132034355964,0,11602.4294168704
44,247814,11313.3524939831,50,71.2132034355964,0,11313.3524939831
44,247815,11287.1808569447,50,71.2132034355964,0,11287.1808569447
44,247816,11261.027778973,50,71.2132034355964,0,11261.027778973
44,247839,10664.9420976816,50,71.2132034355964,0,10664.9420976816
44,247840,10639.2760291857,50,71.2132034355964,0,10639.2760291857
44,247841,10613.6321210541,50,71.2132034355964,0,10613.6321210541
44,247842,10588.0105343024,50,71.2132034355964,0,10588.0105343024
44,247843,10562.4114313715,50,71.2132034355964,0,10562.4114313715
44,247844,10536.83497613,50,71.2132034355964,0,10536.83497613
44,247845,10511.2813339055,50,71.2132034355964,0,10511.2813339055
44,247873,9805.76120644325,50,71.2132034355964,0,9805.76120644325
44,247874,9780.94810547485,50,71.2132034355964,0,9780.94810547485
44,247875,9756.16352590981,50,71.2132034355964,0,9756.16352590981
44,248505,11614.814416155,50,71.2132034355964,0,11614.814416155
44,248508,11535.6154833404,50,71.2132034355964,0,11535.6154833404
44,248517,11298.9602845434,50,71.2132034355964,0,11298.9602845434
44,248518,11272.7550923046,50,71.2132034355964,0,11272.7550923046
44,248519,11246.5683271502,50,71.2132034355964,0,11246.5683271502
44,248520,11220.4001181011,50,71.2132034355964,0,11220.4001181011
44,248543,10623.966942991,50,71.2132034355964,0,10623.966942991
44,248544,10598.2858541864,50,71.2132034355964,0,10598.2858541864
44,248545,10572.6269392014,50,71.2132034355964,0,10572.6269392014
44,248546,10546.9903598739,50,71.2132034355964,0,10546.9903598739
44,248547,10521.376279471,50,71.2132034355964,0,10521.376279471
44,248548,10495.7848627181,50,71.2132034355964,0,10495.7848627181
44,248549,10470.2162757976,50,71.2132034355964,0,10470.2162757976
44,248577,9764.28853770939,50,71.2132034355964,0,9764.28853770939
44,248578,9739.46142980582,50,71.2132034355964,0,9739.46142980582
44,248579,9714.6628940711,50,71.2132034355964,0,9714.6628940711
44,249211,11521.5798364268,50,71.2132034355964,0,11521.5798364268
44,249212,11495.1820931527,50,71.2132034355964,0,11495.1820931527
44,249221,11258.3903128682,50,71.2132034355964,0,11258.3903128682
44,249222,11232.1699162633,50,71.2132034355964,0,11232.1699162633
44,249223,11205.9679428074,50,71.2132034355964,0,11205.9679428074
44,249224,11179.7845220332,50,71.2132034355964,0,11179.7845220332
44,249225,11153.6197845984,50,71.2132034355964,0,11153.6197845984
44,249226,11127.4738623008,50,71.2132034355964,0,11127.4738623008
44,249249,10531.6316613006,50,71.2132034355964,0,10531.6316613006
44,249250,10505.9799974378,50,71.2132034355964,0,10505.9799974378
44,249251,10480.3508472161,50,71.2132034355964,0,10480.3508472161
44,249252,10454.7443762071,50,71.2132034355964,0,10454.7443762071
44,249253,10429.1607514602,50,71.2132034355964,0,10429.1607514602
44,249254,10403.6001415235,50,71.2132034355964,0,10403.6001415235
44,249281,9722.82266286982,50,71.2132034355964,0,9722.82266286982
44,249282,9697.98144660896,50,71.2132034355964,0,9697.98144660896
44,249283,9673.16885313584,50,71.2132034355964,0,9673.16885313584
44,249284,9648.38510327585,50,71.2132034355964,0,9648.38510327585
44,249914,11507.6048188517,50,71.2132034355964,0,11507.6048188517
44,249915,11481.174801515,50,71.2132034355964,0,11481.174801515
44,249916,11454.7618440937,50,71.2132034355964,0,11454.7618440937
44,249917,11428.3660648764,50,71.2132034355964,0,11428.3660648764
44,249925,11217.8327813577,50,71.2132034355964,0,11217.8327813577
44,249926,11191.5971001603,50,71.2132034355964,0,11191.5971001603
44,249927,11165.3798377031,50,71.2132034355964,0,11165.3798377031
44,249928,11139.1811240383,50,71.2132034355964,0,11139.1811240383
44,249929,11113.0010903542,50,71.2132034355964,0,11113.0010903542
44,249930,11086.8398689789,50,71.2132034355964,0,11086.8398689789
44,249953,10490.6464048345,50,71.2132034355964,0,10490.6464048345
44,249954,10464.9795637354,50,71.2132034355964,0,10464.9795637354
44,249955,10439.3352505826,50,71.2132034355964,0,10439.3352505826
44,249956,10413.7136318043,50,71.2132034355964,0,10413.7136318043
44,249957,10388.1148753259,50,71.2132034355964,0,10388.1148753259
44,249958,10362.5391505802,50,71.2132034355964,0,10362.5391505802
44,249986,9656.50824362509,50,71.2132034355964,0,9656.50824362509
44,249987,9631.6814897854,50,71.2132034355964,0,9631.6814897854
44,249988,9606.88363150113,50,71.2132034355964,0,9606.88363150113
44,249989,9582.11489310878,50,71.2132034355964,0,9582.11489310878
44,250618,11467.2284220362,50,71.2132034355964,0,11467.2284220362
44,250619,11440.7831245623,50,71.2132034355964,0,11440.7831245623
44,250620,11414.3548770371,50,71.2132034355964,0,11414.3548770371
44,250621,11387.9437981647,50,71.2132034355964,0,11387.9437981647
44,250631,11124.8041475348,50,71.2132034355964,0,11124.8041475348
44,250632,11098.5900592993,50,71.2132034355964,0,11098.5900592993
44,250658,10423.9891773085,50,71.2132034355964,0,10423.9891773085
44,250659,10398.3296073467,50,71.2132034355964,0,10398.3296073467
44,250660,10372.6927465144,50,71.2132034355964,0,10372.6927465144
44,250661,10347.0787636117,50,71.2132034355964,0,10347.0787636117
44,250662,10321.4878289619,50,71.2132034355964,0,10321.4878289619
44,250691,9590.20089219304,50,71.2132034355964,0,9590.20089219304
44,250692,9565.38882163439,50,71.2132034355964,0,9565.38882163439
44,250693,9540.60592426658,50,71.2132034355964,0,9540.60592426658
44,250694,9515.85242802501,50,71.2132034355964,0,9515.85242802501
44,251323,11400.4049488209,50,71.2132034355964,0,11400.4049488209
44,251324,11373.9613348084,50,71.2132034355964,0,11373.9613348084
44,251325,11347.5348794127,50,71.2132034355964,0,11347.5348794127
44,251326,11321.1257027962,50,71.2132034355964,0,11321.1257027962
44,251327,11294.7339261583,50,71.2132034355964,0,11294.7339261583
44,251362,10383.0089585428,50,71.2132034355964,0,10383.0089585428
44,251363,10357.3340371253,50,71.2132034355964,0,10357.3340371253
44,251364,10331.6818391714,50,71.2132034355964,0,10331.6818391714
44,251365,10306.0525343597,50,71.2132034355964,0,10306.0525343597
44,251366,10280.4462939079,50,71.2132034355964,0,10280.4462939079
44,251396,9523.90076227183,50,71.2132034355964,0,9523.90076227183
44,252028,11333.5813622229,50,71.2132034355964,0,11333.5813622229
44,252029,11307.1394530096,50,71.2132034355964,0,11307.1394530096
44,252030,11280.7148124713,50,71.2132034355964,0,11280.7148124713
44,252031,11254.3075622489,50,71.2132034355964,0,11254.3075622489
44,252032,11227.9178250458,50,71.2132034355964,0,11227.9178250458
44,252066,10342.0390297063,50,71.2132034355964,0,10342.0390297063
44,252067,10316.3486614071,50,71.2132034355964,0,10316.3486614071
44,252068,10290.6810304728,50,71.2132034355964,0,10290.6810304728
44,252069,10265.0363074666,50,71.2132034355964,0,10265.0363074666
44,252070,10239.4146645117,50,71.2132034355964,0,10239.4146645117
44,252733,11266.7576653605,50,71.2132034355964,0,11266.7576653605
44,252734,11240.3174826726,50,71.2132034355964,0,11240.3174826726
44,252735,11213.894680133,50,71.2132034355964,0,11213.894680133
44,252736,11187.4893808861,50,71.2132034355964,0,11187.4893808861
44,252770,10301.07951498,50,71.2132034355964,0,10301.07951498
44,252771,10275.3736035855,50,71.2132034355964,0,10275.3736035855
44,252772,10249.6904430174,50,71.2132034355964,0,10249.6904430174
44,252773,10224.0302047313,50,71.2132034355964,0,10224.0302047313
44,252774,10198.39306175,50,71.2132034355964,0,10198.39306175
44,252775,10172.7791886893,50,71.2132034355964,0,10172.7791886893
44,253438,11199.9338614277,50,71.2132034355964,0,11199.9338614277
44,253439,11173.4954273883,50,71.2132034355964,0,11173.4954273883
44,253440,11147.074486409,50,71.2132034355964,0,11147.074486409
44,253474,10260.1305404956,50,71.2132034355964,0,10260.1305404956
44,253475,10234.4089890024,50,71.2132034355964,0,10234.4089890024
44,253476,10208.7102013488,50,71.2132034355964,0,10208.7102013488
44,253477,10183.0343498789,50,71.2132034355964,0,10183.0343498789
44,253478,10157.3816085309,50,71.2132034355964,0,10157.3816085309
44,253479,10131.7521528424,50,71.2132034355964,0,10131.7521528424
44,254142,11159.5640988525,50,71.2132034355964,0,11159.5640988525
44,254143,11133.1099536873,50,71.2132034355964,0,11133.1099536873
44,254144,11106.6732908311,50,71.2132034355964,0,11106.6732908311
44,254178,10219.1922343722,50,71.2132034355964,0,10219.1922343722
44,254179,10193.4549449827,50,71.2132034355964,0,10193.4549449827
44,254180,10167.7404319779,50,71.2132034355964,0,10167.7404319779
44,254181,10142.0488686075,50,71.2132034355964,0,10142.0488686075
44,254182,10116.3804297187,50,71.2132034355964,0,10116.3804297187
44,254183,10090.7352917801,50,71.2132034355964,0,10090.7352917801
44,254184,10065.1136329009,50,71.2132034355964,0,10065.1136329009
44,254846,11119.2083471956,50,71.2132034355964,0,11119.2083471956
44,254847,11092.7384108331,50,71.2132034355964,0,11092.7384108331
44,254848,11066.2859454946,50,71.2132034355964,0,11066.2859454946
44,254883,10152.5116008683,50,71.2132034355964,0,10152.5116008683
44,254884,10126.7812634393,50,71.2132034355964,0,10126.7812634393
44,254885,10101.0738886213,50,71.2132034355964,0,10101.0738886213
44,254886,10075.3896521802,50,71.2132034355964,0,10075.3896521802
44,254887,10049.7287315237,50,71.2132034355964,0,10049.7287315237
44,254888,10024.0913057151,50,71.2132034355964,0,10024.0913057151
44,254889,9998.47755548433,50,71.2132034355964,0,9998.47755548433
44,255550,11078.866760874,50,71.2132034355964,0,11078.866760874
44,255551,11052.3809527887,50,71.2132034355964,0,11052.3809527887
44,255552,11025.9126039076,50,71.2132034355964,0,11025.9126039076
44,255553,10999.4618402728,50,71.2132034355964,0,10999.4618402728
44,255554,10973.0287890498,50,71.2132034355964,0,10973.0287890498
44,255588,10085.8328263166,50,71.2132034355964,0,10085.8328263166
44,255589,10060.1095396712,50,71.2132034355964,0,10060.1095396712
44,255590,10034.409404827,50,71.2132034355964,0,10034.409404827
44,255591,10008.7326001305,50,71.2132034355964,0,10008.7326001305
44,255592,9983.07930560062,50,71.2132034355964,0,9983.07930560062
44,255593,9957.44970294244,50,71.2132034355964,0,9957.44970294244
44,255594,9931.84397557382,50,71.2132034355964,0,9931.84397557382
44,256254,11038.5394965008,50,71.2132034355964,0,11038.5394965008
44,256255,11012.037735723,50,71.2132034355964,0,11012.037735723
44,256256,10985.5534217871,50,71.2132034355964,0,10985.5534217871
44,256257,10959.0866811801,50,71.2132034355964,0,10959.0866811801
44,256258,10932.6376415348,50,71.2132034355964,0,10932.6376415348
44,256293,10019.1559536002,50,71.2132034355964,0,10019.1559536002
44,256294,9993.43981864971,50,71.2132034355964,0,9993.43981864971
44,256295,9967.74702772731,50,71.2132034355964,0,9967.74702772731
44,256296,9942.07776181072,50,71.2132034355964,0,9942.07776181072
44,256297,9916.43220359302,50,71.2132034355964,0,9916.43220359302
44,256298,9890.81053748288,50,71.2132034355964,0,9890.81053748288
44,256373,8053.68737368425,50,71.2132034355964,0,8053.68737368425
44,256374,8030.58371548836,50,71.2132034355964,0,8030.58371548836
44,256959,10971.7089180498,50,71.2132034355964,0,10971.7089180498
44,256960,10945.2085570846,50,71.2132034355964,0,10945.2085570846
44,256961,10918.7257569826,50,71.2132034355964,0,10918.7257569826
44,256962,10892.2606458321,50,71.2132034355964,0,10892.2606458321
44,256999,9926.77214655568,50,71.2132034355964,0,9926.77214655568
44,257000,9901.08680571212,50,71.2132034355964,0,9901.08680571212
44,257001,9875.42518790256,50,71.2132034355964,0,9875.42518790256
44,257002,9849.78747854835,50,71.2132034355964,0,9849.78747854835
44,257076,8034.77394691806,50,71.2132034355964,0,8034.77394691806
44,257077,8011.61562206993,50,71.2132034355964,0,8011.61562206993
44,257078,7988.50207470436,50,71.2132034355964,0,7988.50207470436
44,257079,7965.43369461733,50,71.2132034355964,0,7965.43369461733
44,257664,10904.8781700407,50,71.2132034355964,0,10904.8781700407
44,257665,10878.3792274502,50,71.2132034355964,0,10878.3792274502
44,257666,10851.8979612346,50,71.2132034355964,0,10851.8979612346
44,257667,10825.4345011161,50,71.2132034355964,0,10825.4345011161
44,257704,9860.10657081337,50,71.2132034355964,0,9860.10657081337
44,257705,9834.42878848662,50,71.2132034355964,0,9834.42878848662
44,257706,9808.77493046481,50,71.2132034355964,0,9808.77493046481
44,257707,9783.14518495488,50,71.2132034355964,0,9783.14518495488
44,257780,7992.71445336837,50,71.2132034355964,0,7992.71445336837
44,257781,7969.54596346456,50,71.2132034355964,0,7969.54596346456
44,257782,7946.42242950362,50,71.2132034355964,0,7946.42242950362
44,257783,7923.34424508426,50,71.2132034355964,0,7923.34424508426
44,257784,7900.31180763123,50,71.2132034355964,0,7900.31180763123
44,258368,10864.5624232128,50,71.2132034355964,0,10864.5624232128
44,258369,10838.0472546761,50,71.2132034355964,0,10838.0472546761
44,258370,10811.549749366,50,71.2132034355964,0,10811.549749366
44,258371,10785.0700374734,50,71.2132034355964,0,10785.0700374734
44,258372,10758.6082503794,50,71.2132034355964,0,10758.6082503794
44,258373,10732.1645206727,50,71.2132034355964,0,10732.1645206727
44,258408,9819.13719282747,50,71.2132034355964,0,9819.13719282747
44,258409,9793.44314014301,50,71.2132034355964,0,9793.44314014301
44,258410,9767.77302711217,50,71.2132034355964,0,9767.77302711217
44,258411,9742.12704297611,50,71.2132034355964,0,9742.12704297611
44,258486,7904.34481358633,50,71.2132034355964,0,7904.34481358633
44,258487,7881.25672729709,50,71.2132034355964,0,7881.25672729709
44,258488,7858.21457548478,50,71.2132034355964,0,7858.21457548478
44,259073,10797.7300031187,50,71.2132034355964,0,10797.7300031187
44,259074,10771.2161742114,50,71.2132034355964,0,10771.2161742114
44,259075,10744.7201254518,50,71.2132034355964,0,10744.7201254518
44,259076,10718.2419887008,50,71.2132034355964,0,10718.2419887008
44,259077,10691.7818970386,50,71.2132034355964,0,10691.7818970386
44,259078,10665.3399847695,50,71.2132034355964,0,10665.3399847695
44,259113,9752.46837989938,50,71.2132034355964,0,9752.46837989938
44,259114,9726.78190458957,50,71.2132034355964,0,9726.78190458957
44,259115,9701.11957404854,50,71.2132034355964,0,9701.11957404854
44,259189,7885.41306660593,50,71.2132034355964,0,7885.41306660593
44,259190,7862.26926137264,50,71.2132034355964,0,7862.26926137264
44,259191,7839.17117420977,50,71.2132034355964,0,7839.17117420977
44,259192,7816.11921043759,50,71.2132034355964,0,7816.11921043759
44,259778,10730.8974021585,50,71.2132034355964,0,10730.8974021585
44,259779,10704.384930958,50,71.2132034355964,0,10704.384930958
44,259780,10677.8903583834,50,71.2132034355964,0,10677.8903583834
44,259781,10651.4138179956,50,71.2132034355964,0,10651.4138179956
44,259782,10624.9554446047,50,71.2132034355964,0,10624.9554446047
44,259817,9711.50464706361,50,71.2132034355964,0,9711.50464706361
44,259818,9685.80170126967,50,71.2132034355964,0,9685.80170126967
44,259819,9660.12291559055,50,71.2132034355964,0,9660.12291559055
44,259893,7843.34990090777,50,71.2132034355964,0,7843.34990090777
44,259894,7820.1958080191,50,71.2132034355964,0,7820.1958080191
44,259895,7797.08761949326,50,71.2132034355964,0,7797.08761949326
44,259896,7774.02574467874,50,71.2132034355964,0,7774.02574467874
44,259897,7751.0105969722,50,71.2132034355964,0,7751.0105969722
44,260482,10690.5936020465,50,71.2132034355964,0,10690.5936020465
44,260483,10664.0646223514,50,71.2132034355964,0,10664.0646223514
44,260484,10637.5535272869,50,71.2132034355964,0,10637.5535272869
44,260485,10611.0604509084,50,71.2132034355964,0,10611.0604509084
44,260487,10558.1288966753,50,71.2132034355964,0,10558.1288966753
44,260488,10531.6906932303,50,71.2132034355964,0,10531.6906932303
44,260489,10505.2710573185,50,71.2132034355964,0,10505.2710573185
44,260521,9670.55208326631,50,71.2132034355964,0,9670.55208326631
44,260522,9644.83255783351,50,71.2132034355964,0,9644.83255783351
44,260523,9619.13720732572,50,71.2132034355964,0,9619.13720732572
44,260597,7801.2889733658,50,71.2132034355964,0,7801.2889733658
44,260598,7778.12448944724,50,71.2132034355964,0,7778.12448944724
44,260599,7755.00609754295,50,71.2132034355964,0,7755.00609754295
44,260600,7731.93421109544,50,71.2132034355964,0,7731.93421109544
44,260601,7708.90924766609,50,71.2132034355964,0,7708.90924766609
44,261190,10544.2304058435,50,71.2132034355964,0,10544.2304058435
44,261191,10517.7571234923,50,71.2132034355964,0,10517.7571234923
44,261192,10491.3022569386,50,71.2132034355964,0,10491.3022569386
44,261193,10464.8659458448,50,71.2132034355964,0,10464.8659458448
44,261201,10254.0606544487,50,71.2132034355964,0,10254.0606544487
44,261202,10227.7978493646,50,71.2132034355964,0,10227.7978493646
44,261203,10201.5550711834,50,71.2132034355964,0,10201.5550711834
44,261204,10175.3324748545,50,71.2132034355964,0,10175.3324748545
44,261225,9629.6108325038,50,71.2132034355964,0,9629.6108325038
44,261226,9603.87461732556,50,71.2132034355964,0,9603.87461732556
44,261227,9578.16259133691,50,71.2132034355964,0,9578.16259133691
44,261303,7712.92664350212,50,71.2132034355964,0,7712.92664350212
44,261895,10477.4002260787,50,71.2132034355964,0,10477.4002260787
44,261896,10450.9286062504,50,71.2132034355964,0,10450.9286062504
44,261897,10424.475529179,50,71.2132034355964,0,10424.475529179
44,261904,10239.8352457277,50,71.2132034355964,0,10239.8352457277
44,261905,10213.535720116,50,71.2132034355964,0,10213.535720116
44,261906,10187.2560605257,50,71.2132034355964,0,10187.2560605257
44,261907,10160.9964210947,50,71.2132034355964,0,10160.9964210947
44,261908,10134.756957446,50,71.2132034355964,0,10134.756957446
44,261929,9588.68104119626,50,71.2132034355964,0,9588.68104119626
44,261930,9562.92802520842,50,71.2132034355964,0,9562.92802520842
44,261931,9537.19921210395,50,71.2132034355964,0,9537.19921210395
44,262599,10437.0583783762,50,71.2132034355964,0,10437.0583783762
44,262600,10410.5699145739,50,71.2132034355964,0,10410.5699145739
44,262601,10384.0999801881,50,71.2132034355964,0,10384.0999801881
44,262602,10357.6487172775,50,71.2132034355964,0,10357.6487172775
44,262608,10199.3413687868,50,71.2132034355964,0,10199.3413687868
44,262609,10173.0248995757,50,71.2132034355964,0,10173.0248995757
44,262610,10146.7282883455,50,71.2132034355964,0,10146.7282883455
44,262611,10120.4516898942,50,71.2132034355964,0,10120.4516898942
44,262612,10094.1952605111,50,71.2132034355964,0,10094.1952605111
44,262633,9547.76285823381,50,71.2132034355964,0,9547.76285823381
44,263303,10396.731756966,50,71.2132034355964,0,10396.731756966
44,263304,10370.22635796,50,71.2132034355964,0,10370.22635796
44,263305,10343.7394743705,50,71.2132034355964,0,10343.7394743705
44,263306,10317.2712488007,50,71.2132034355964,0,10317.2712488007
44,263312,10158.8618734791,50,71.2132034355964,0,10158.8618734791
44,263313,10132.5283635378,50,71.2132034355964,0,10132.5283635378
44,263314,10106.2147028864,50,71.2132034355964,0,10106.2147028864
44,263315,10079.9210469771,50,71.2132034355964,0,10079.9210469771
44,263316,10053.6475527663,50,71.2132034355964,0,10053.6475527663
44,263340,9429.56845510989,50,71.2132034355964,0,9429.56845510989
44,264007,10356.4205411137,50,71.2132034355964,0,10356.4205411137
44,264008,10329.8981151351,50,71.2132034355964,0,10329.8981151351
44,264009,10303.394189913,50,71.2132034355964,0,10303.394189913
44,264010,10276.9089085856,50,71.2132034355964,0,10276.9089085856
44,264015,10144.7672676026,50,71.2132034355964,0,10144.7672676026
44,264016,10118.3969338354,50,71.2132034355964,0,10118.3969338354
44,264018,10065.715476887,50,71.2132034355964,0,10065.715476887
44,264042,9440.15783100051,50,71.2132034355964,0,9440.15783100051
44,264043,9414.3779768907,50,71.2132034355964,0,9414.3779768907
44,264044,9388.62256291262,50,71.2132034355964,0,9388.62256291262
44,264045,9362.89179075648,50,71.2132034355964,0,9362.89179075648
44,264712,10289.5853675665,50,71.2132034355964,0,10289.5853675665
44,264713,10263.0643077344,50,71.2132034355964,0,10263.0643077344
44,264714,10236.5618769944,50,71.2132034355964,0,10236.5618769944
44,264715,10210.0782204185,50,71.2132034355964,0,10210.0782204185
44,264719,10104.3342866201,50,71.2132034355964,0,10104.3342866201
44,264746,9399.25813702824,50,71.2132034355964,0,9399.25813702824
44,264747,9373.46103936289,50,71.2132034355964,0,9373.46103936289
44,264748,9347.68839422729,50,71.2132034355964,0,9347.68839422729
44,264749,9321.94040443512,50,71.2132034355964,0,9321.94040443512
44,264750,9296.21727485087,50,71.2132034355964,0,9296.21727485087
44,264751,9270.51921241881,50,71.2132034355964,0,9270.51921241881
44,265416,10249.2882995031,50,71.2132034355964,0,10249.2882995031
44,265417,10222.7500115389,50,71.2132034355964,0,10222.7500115389
44,265418,10196.2303371791,50,71.2132034355964,0,10196.2303371791
44,265419,10169.7294220363,50,71.2132034355964,0,10169.7294220363
44,265450,9358.37055670863,50,71.2132034355964,0,9358.37055670863
44,265451,9332.55609885751,50,71.2132034355964,0,9332.55609885751
44,265452,9306.76610529907,50,71.2132034355964,0,9306.76610529907
44,265453,9281.00077997611,50,71.2132034355964,0,9281.00077997611
44,265454,9255.26032891195,50,71.2132034355964,0,9255.26032891195
44,265455,9229.54496021995,50,71.2132034355964,0,9229.54496021995
44,265456,9203.85488414291,50,71.2132034355964,0,9203.85488414291
44,266120,10209.0070980296,50,71.2132034355964,0,10209.0070980296
44,266121,10182.4514878727,50,71.2132034355964,0,10182.4514878727
44,266122,10155.914475123,50,71.2132034355964,0,10155.914475123
44,266123,10129.3962059494,50,71.2132034355964,0,10129.3962059494
44,266124,10102.8968279469,50,71.2132034355964,0,10102.8968279469
44,266155,9291.6633153717,50,71.2132034355964,0,9291.6633153717
44,266156,9265.85585508409,50,71.2132034355964,0,9265.85585508409
44,266157,9240.07307528591,50,71.2132034355964,0,9240.07307528591
44,266158,9214.31518315166,50,71.2132034355964,0,9214.31518315166
44,266159,9188.58238798438,50,71.2132034355964,0,9188.58238798438
44,266160,9162.87490122826,50,71.2132034355964,0,9162.87490122826
44,266825,10142.1689261687,50,71.2132034355964,0,10142.1689261687
44,266826,10115.6144797131,50,71.2132034355964,0,10115.6144797131
44,266827,10089.0787604706,50,71.2132034355964,0,10089.0787604706
44,266860,9224.95780532025,50,71.2132034355964,0,9224.95780532025
44,266861,9199.15745102978,50,71.2132034355964,0,9199.15745102978
44,266862,9173.38199716031,50,71.2132034355964,0,9173.38199716031
44,266863,9147.63165419971,50,71.2132034355964,0,9147.63165419971
44,266864,9121.9066348042,50,71.2132034355964,0,9121.9066348042
44,266865,9096.20715382915,50,71.2132034355964,0,9096.20715382915
44,267529,10101.9025188128,50,71.2132034355964,0,10101.9025188128
44,267530,10075.3305427745,50,71.2132034355964,0,10075.3305427745
44,267531,10048.7772768585,50,71.2132034355964,0,10048.7772768585
44,267565,9158.25407069987,50,71.2132034355964,0,9158.25407069987
44,267566,9132.46093333547,50,71.2132034355964,0,9132.46093333547
44,267567,9106.69292015519,50,71.2132034355964,0,9106.69292015519
44,267568,9080.95024503781,50,71.2132034355964,0,9080.95024503781
44,267569,9055.23312408251,50,71.2132034355964,0,9055.23312408251
44,268233,10061.6524611873,50,71.2132034355964,0,10061.6524611873
44,268234,10035.0628591387,50,71.2132034355964,0,10035.0628591387
44,268235,10008.4919493832,50,71.2132034355964,0,10008.4919493832
44,268236,9981.93988119316,50,71.2132034355964,0,9981.93988119316
44,268270,9091.55215695069,50,71.2132034355964,0,9091.55215695069
44,268271,9065.76635000991,50,71.2132034355964,0,9065.76635000991
44,268272,9040.00589495417,50,71.2132034355964,0,9040.00589495417
44,268273,9014.27100912969,50,71.2132034355964,0,9014.27100912969
44,268274,8988.56191215528,50,71.2132034355964,0,8988.56191215528
44,268938,9994.8116267002,50,71.2132034355964,0,9994.8116267002
44,268939,9968.22297537447,50,71.2132034355964,0,9968.22297537447
44,268940,9941.65314758258,50,71.2132034355964,0,9941.65314758258
44,268973,9076.48471026839,50,71.2132034355964,0,9076.48471026839
44,268974,9050.65583622201,50,71.2132034355964,0,9050.65583622201
44,268975,9024.85211085321,50,71.2132034355964,0,9024.85211085321
44,268976,8999.07375049446,50,71.2132034355964,0,8999.07375049446
44,268977,8973.3209737484,50,71.2132034355964,0,8973.3209737484
44,269642,9954.57704647311,50,71.2132034355964,0,9954.57704647311
44,269643,9927.97055528114,50,71.2132034355964,0,9927.97055528114
44,269644,9901.38286882263,50,71.2132034355964,0,9901.38286882263
44,269645,9874.81413899462,50,71.2132034355964,0,9874.81413899462
44,269678,9009.77214236711,50,71.2132034355964,0,9009.77214236711
44,269679,8983.95037276389,50,71.2132034355964,0,8983.95037276389
44,269680,8958.15398058164,50,71.2132034355964,0,8958.15398058164
44,269681,8932.38318569363,50,71.2132034355964,0,8932.38318569363
44,269682,8906.63821028823,50,71.2132034355964,0,8906.63821028823
44,269683,8880.91927891538,50,71.2132034355964,0,8880.91927891538
44,270346,9914.35932265086,50,71.2132034355964,0,9914.35932265086
44,270347,9887.73489273661,50,71.2132034355964,0,9887.73489273661
44,270348,9861.12924797526,50,71.2132034355964,0,9861.12924797526
44,270349,9834.54254082439,50,71.2132034355964,0,9834.54254082439
44,270382,8968.9012496728,50,71.2132034355964,0,8968.9012496728
44,270383,8943.0613088804,50,71.2132034355964,0,8943.0613088804
44,270384,8917.24675719671,50,71.2132034355964,0,8917.24675719671
44,270385,8891.45781575596,50,71.2132034355964,0,8891.45781575596
44,270386,8865.69470805096,50,71.2132034355964,0,8865.69470805096
44,271050,9874.15866266433,50,71.2132034355964,0,9874.15866266433
44,271051,9847.51619461833,50,71.2132034355964,0,9847.51619461833
44,271052,9820.89249134034,50,71.2132034355964,0,9820.89249134034
44,271053,9794.28770585875,50,71.2132034355964,0,9794.28770585875
44,271054,9767.70199275518,50,71.2132034355964,0,9767.70199275518
44,271086,8928.04333555922,50,71.2132034355964,0,8928.04333555922
44,271087,8902.18509547357,50,71.2132034355964,0,8902.18509547357
44,271088,8876.35225542767,50,71.2132034355964,0,8876.35225542767
44,271089,8850.54503783736,50,71.2132034355964,0,8850.54503783736
44,271755,9807.31467110439,50,71.2132034355964,0,9807.31467110439
44,271756,9780.67280853197,50,71.2132034355964,0,9780.67280853197
44,271757,9754.04984312393,50,71.2132034355964,0,9754.04984312393
44,271758,9727.44593003744,50,71.2132034355964,0,9727.44593003744
44,271759,9700.86122602363,50,71.2132034355964,0,9700.86122602363
44,271760,9674.29588944354,50,71.2132034355964,0,9674.29588944354
44,271761,9647.75008028225,50,71.2132034355964,0,9647.75008028225
44,271877,6761.31178126425,50,71.2132034355964,0,6761.31178126425
44,271878,6738.81592635043,50,71.2132034355964,0,6738.81592635043
44,271879,6716.37784832936,50,71.2132034355964,0,6716.37784832936
44,272459,9767.13053575101,50,71.2132034355964,0,9767.13053575101
44,272460,9740.47041253408,50,71.2132034355964,0,9740.47041253408
44,272461,9713.82916501991,50,71.2132034355964,0,9713.82916501991
44,272462,9687.20694894427,50,71.2132034355964,0,9687.20694894427
44,272463,9660.60392164729,50,71.2132034355964,0,9660.60392164729
44,272464,9634.02024208957,50,71.2132034355964,0,9634.02024208957
44,272465,9607.45607087496,50,71.2132034355964,0,9607.45607087496
44,272466,9580.91157027501,50,71.2132034355964,0,9580.91157027501
44,272467,9554.38690423625,50,71.2132034355964,0,9554.38690423625
44,272580,6741.6872115722,50,71.2132034355964,0,6741.6872115722
44,272581,6719.12553161947,50,71.2132034355964,0,6719.12553161947
44,273165,9673.62588739205,50,71.2132034355964,0,9673.62588739205
44,273166,9646.98526472574,50,71.2132034355964,0,9646.98526472574
44,273167,9620.36380969312,50,71.2132034355964,0,9620.36380969312
44,273168,9593.76168185619,50,71.2132034355964,0,9593.76168185619
44,273169,9567.17904244032,50,71.2132034355964,0,9567.17904244032
44,273170,9540.61605434203,50,71.2132034355964,0,9540.61605434203
44,273171,9514.07288216421,50,71.2132034355964,0,9514.07288216421
44,273872,9553.52042627579,50,71.2132034355964,0,9553.52042627579
44,273873,9526.91921186438,50,71.2132034355964,0,9526.91921186438
44,273874,9500.33762861252,50,71.2132034355964,0,9500.33762861252
44,273875,9473.77584176253,50,71.2132034355964,0,9473.77584176253
44,273876,9447.23401829237,50,71.2132034355964,0,9447.23401829237
44,274577,9486.67679962852,50,71.2132034355964,0,9486.67679962852
44,274578,9460.07651290737,50,71.2132034355964,0,9460.07651290737
44,274579,9433.49600218409,50,71.2132034355964,0,9433.49600218409
44,274580,9406.93543509986,50,71.2132034355964,0,9406.93543509986
44,274701,6414.02332685137,50,71.2132034355964,0,6414.02332685137
44,274703,6370.00745352299,50,71.2132034355964,0,6370.00745352299
44,275282,9419.83293071431,50,71.2132034355964,0,9419.83293071431
44,275283,9393.23358625046,50,71.2132034355964,0,9393.23358625046
44,275284,9366.65416477893,50,71.2132034355964,0,9366.65416477893
44,275285,9340.09483638607,50,71.2132034355964,0,9340.09483638607
44,275403,6416.06400759318,50,71.2132034355964,0,6416.06400759318
44,275404,6393.89109097232,50,71.2132034355964,0,6393.89109097232
44,275405,6371.78134367859,50,71.2132034355964,0,6371.78134367859
44,275406,6349.73542557907,50,71.2132034355964,0,6349.73542557907
44,275407,6327.75400381911,50,71.2132034355964,0,6327.75400381911
44,275408,6305.8377528772,50,71.2132034355964,0,6305.8377528772
44,275986,9379.60710926043,50,71.2132034355964,0,9379.60710926043
44,275987,9352.98882052167,50,71.2132034355964,0,9352.98882052167
44,275988,9326.39043320379,50,71.2132034355964,0,9326.39043320379
44,275989,9299.81211806614,50,71.2132034355964,0,9299.81211806614
44,276109,6329.53982410836,50,71.2132034355964,0,6329.53982410836
44,276110,6307.48790272022,50,71.2132034355964,0,6307.48790272022
44,276111,6285.50086988565,50,71.2132034355964,0,6285.50086988565
44,276112,6263.57940894434,50,71.2132034355964,0,6263.57940894434
44,276113,6241.72421077537,50,71.2132034355964,0,6241.72421077537
44,276690,9339.39927958843,50,71.2132034355964,0,9339.39927958843
44,276691,9312.76193537533,50,71.2132034355964,0,9312.76193537533
44,276692,9286.14447006982,50,71.2132034355964,0,9286.14447006982
44,276693,9259.54705510833,50,71.2132034355964,0,9259.54705510833
44,276817,6199.46126035467,50,71.2132034355964,0,6199.46126035467
44,276818,6177.66858506209,50,71.2132034355964,0,6177.66858506209
44,276819,6155.94401121339,50,71.2132034355964,0,6155.94401121339
44,276820,6134.28826235023,50,71.2132034355964,0,6134.28826235023
44,277395,9272.55316507805,50,71.2132034355964,0,9272.55316507805
44,277396,9245.91650897085,50,71.2132034355964,0,9245.91650897085
44,277397,9219.29988040381,50,71.2132034355964,0,9219.29988040381
44,277522,6135.40133714753,50,71.2132034355964,0,6135.40133714753
44,278098,9259.03853928404,50,71.2132034355964,0,9259.03853928404
44,278099,9232.36274788374,50,71.2132034355964,0,9232.36274788374
44,278100,9205.70678747702,50,71.2132034355964,0,9205.70678747702
44,278101,9179.07083083492,50,71.2132034355964,0,9179.07083083492
44,278133,8338.42273178701,50,71.2132034355964,0,8338.42273178701
44,278134,8312.55747751656,50,71.2132034355964,0,8312.55747751656
44,278803,9192.19092609175,50,71.2132034355964,0,9192.19092609175
44,278804,9165.51554722197,50,71.2132034355964,0,9165.51554722197
44,278805,9138.86014733972,50,71.2132034355964,0,9138.86014733972
44,278837,8297.58182625849,50,71.2132034355964,0,8297.58182625849
44,278839,8245.83900032818,50,71.2132034355964,0,8245.83900032818
44,279507,9152.03794615245,50,71.2132034355964,0,9152.03794615245
44,279508,9125.34303398377,50,71.2132034355964,0,9125.34303398377
44,279509,9098.66807500673,50,71.2132034355964,0,9098.66807500673
44,279510,9072.01324523347,50,71.2132034355964,0,9072.01324523347
44,279541,8256.75528043788,50,71.2132034355964,0,8256.75528043788
44,279542,8230.85037836773,50,71.2132034355964,0,8230.85037836773
44,279543,8204.972667403,50,71.2132034355964,0,8204.972667403
44,280211,9111.90405874025,50,71.2132034355964,0,9111.90405874025
44,280212,9085.18949777042,50,71.2132034355964,0,9085.18949777042
44,280213,9058.49486316543,50,71.2132034355964,0,9058.49486316543
44,280214,9031.82033161239,50,71.2132034355964,0,9031.82033161239
44,280245,8215.9433101507,50,71.2132034355964,0,8215.9433101507
44,280246,8190.01835822585,50,71.2132034355964,0,8190.01835822585
44,280247,8164.12060676836,50,71.2132034355964,0,8164.12060676836
44,280916,9045.05519291475,50,71.2132034355964,0,9045.05519291475
44,280917,9018.34076546698,50,71.2132034355964,0,9018.34076546698
44,280918,8991.64641385826,50,71.2132034355964,0,8991.64641385826
44,280919,8964.97231742181,50,71.2132034355964,0,8964.97231742181
44,280949,8175.14613545916,50,71.2132034355964,0,8175.14613545916
44,280950,8149.20098109251,50,71.2132034355964,0,8149.20098109251
44,280951,8123.28303552937,50,71.2132034355964,0,8123.28303552937
44,281620,9004.94037816164,50,71.2132034355964,0,9004.94037816164
44,281621,8978.20603997984,50,71.2132034355964,0,8978.20603997984
44,281622,8951.4917493434,50,71.2132034355964,0,8951.4917493434
44,281623,8924.79768627919,50,71.2132034355964,0,8924.79768627919
44,281653,8134.36398075617,50,71.2132034355964,0,8134.36398075617
44,281654,8108.39846988733,50,71.2132034355964,0,8108.39846988733
44,281655,8082.4601751029,50,71.2132034355964,0,8082.4601751029
44,282324,8964.84531675775,50,71.2132034355964,0,8964.84531675775
44,282325,8938.09094927875,50,71.2132034355964,0,8938.09094927875
44,282326,8911.35659995835,50,71.2132034355964,0,8911.35659995835
44,282327,8884.6424495007,50,71.2132034355964,0,8884.6424495007
44,282357,8093.5970748751,50,71.2132034355964,0,8093.5970748751
44,282358,8067.61105195842,50,71.2132034355964,0,8067.61105195842
44,282359,8041.65225132392,50,71.2132034355964,0,8041.65225132392
44,283029,8897.99576055326,50,71.2132034355964,0,8897.99576055326
44,283030,8871.24123220032,50,71.2132034355964,0,8871.24123220032
44,283031,8844.50687288123,50,71.2132034355964,0,8844.50687288123
44,283032,8817.79286604626,50,71.2132034355964,0,8817.79286604626
44,283061,8052.84565120023,50,71.2132034355964,0,8052.84565120023
44,283062,8026.83895919322,50,71.2132034355964,0,8026.83895919322
44,283063,8000.859494547,50,71.2132034355964,0,8000.859494547
44,283733,8857.92074568998,50,71.2132034355964,0,8857.92074568998
44,283734,8831.14591728168,50,71.2132034355964,0,8831.14591728168
44,283735,8804.39122693059,50,71.2132034355964,0,8804.39122693059
44,283742,8617.68799764095,50,71.2132034355964,0,8617.68799764095
44,283765,8012.10994777645,50,71.2132034355964,0,8012.10994777645
44,283766,7986.08242812305,50,71.2132034355964,0,7986.08242812305
44,283767,7960.0821397644,50,71.2132034355964,0,7960.0821397644
44,284437,8817.86618138552,50,71.2132034355964,0,8817.86618138552
44,284438,8791.07093122497,50,71.2132034355964,0,8791.07093122497
44,284440,8737.54093346885,50,71.2132034355964,0,8737.54093346885
44,284442,8684.09284873401,50,71.2132034355964,0,8684.09284873401
44,284443,8657.39999793761,50,71.2132034355964,0,8657.39999793761
44,284444,8630.72819882602,50,71.2132034355964,0,8630.72819882602
44,284445,8604.07764716976,50,71.2132034355964,0,8604.07764716976
44,284446,8577.44854102461,50,71.2132034355964,0,8577.44854102461
44,284469,7971.39020741663,50,71.2132034355964,0,7971.39020741663
44,284470,7945.34170004088,50,71.2132034355964,0,7945.34170004088
44,284471,7919.32042672259,50,71.2132034355964,0,7919.32042672259
44,285142,8751.01655496504,50,71.2132034355964,0,8751.01655496504
44,285143,8724.22083326082,50,71.2132034355964,0,8724.22083326082
44,285144,8697.4453696567,50,71.2132034355964,0,8697.4453696567
44,285145,8670.69035182571,50,71.2132034355964,0,8670.69035182571
44,285146,8643.95596961935,50,71.2132034355964,0,8643.95596961935
44,285147,8617.24241510425,50,71.2132034355964,0,8617.24241510425
44,285148,8590.54988257818,50,71.2132034355964,0,8590.54988257818
44,285173,7930.68667782743,50,71.2132034355964,0,7930.68667782743
44,285174,7904.61702112754,50,71.2132034355964,0,7904.61702112754
44,285175,7878.57460003405,50,71.2132034355964,0,7878.57460003405
44,285846,8710.98307446319,50,71.2132034355964,0,8710.98307446319
44,285847,8684.16665107329,50,71.2132034355964,0,8684.16665107329
44,285848,8657.37045191517,50,71.2132034355964,0,8657.37045191517
44,285849,8630.59466536304,50,71.2132034355964,0,8630.59466536304
44,285850,8603.83948199863,50,71.2132034355964,0,8603.83948199863
44,285851,8577.10509462573,50,71.2132034355964,0,8577.10509462573
44,285852,8550.39169831615,50,71.2132034355964,0,8550.39169831615
44,285853,8523.69949042775,50,71.2132034355964,0,8523.69949042775
44,285854,8497.02867064196,50,71.2132034355964,0,8497.02867064196
44,285877,7889.99961173076,50,71.2132034355964,0,7889.99961173076
44,285878,7863.90864255701,50,71.2132034355964,0,7863.90864255701
44,285879,7837.84490930371,50,71.2132034355964,0,7837.84490930371
44,286555,8536.98832399379,50,71.2132034355964,0,8536.98832399379
44,286556,8510.25393273451,50,71.2132034355964,0,8510.25393273451
44,286557,8483.5406984918,50,71.2132034355964,0,8483.5406984918
44,286558,8456.84882175817,50,71.2132034355964,0,8456.84882175817
44,286581,7849.32926698181,50,71.2132034355964,0,7849.32926698181
44,286582,7823.21682063809,50,71.2132034355964,0,7823.21682063809
44,286583,7797.13160925224,50,71.2132034355964,0,7797.13160925224
44,287259,8496.89239597702,50,71.2132034355964,0,8496.89239597702
44,287260,8470.13687781502,50,71.2132034355964,0,8470.13687781502
44,287261,8443.40248397622,50,71.2132034355964,0,8443.40248397622
44,287262,8416.68941575828,50,71.2132034355964,0,8416.68941575828
44,287285,7808.67590670735,50,71.2132034355964,0,7808.67590670735
44,287286,7782.54181693222,50,71.2132034355964,0,7782.54181693222
44,287287,7756.43495984469,50,71.2132034355964,0,7756.43495984469
44,287963,8456.81760874386,50,71.2132034355964,0,8456.81760874386
44,287964,8430.04083094804,50,71.2132034355964,0,8430.04083094804
44,287965,8403.28514346536,50,71.2132034355964,0,8403.28514346536
44,287966,8376.55074839054,50,71.2132034355964,0,8376.55074839054
44,287989,7768.03979942446,50,71.2132034355964,0,7768.03979942446
44,287990,7741.88389838668,50,71.2132034355964,0,7741.88389838668
44,287991,7715.75522642479,50,71.2132034355964,0,7715.75522642479
44,288666,8443.58329140523,50,71.2132034355964,0,8443.58329140523
44,288667,8416.76426598661,50,71.2132034355964,0,8416.76426598661
44,288668,8389.96609505375,50,71.2132034355964,0,8389.96609505375
44,288669,8363.18897907874,50,71.2132034355964,0,8363.18897907874
44,288670,8336.43312094953,50,71.2132034355964,0,8336.43312094953
44,288671,8309.69872601061,50,71.2132034355964,0,8309.69872601061
44,288693,7727.42121918873,50,71.2132034355964,0,7727.42121918873
44,288694,7701.24333747875,50,71.2132034355964,0,7701.24333747875
44,288695,7675.09267985465,50,71.2132034355964,0,7675.09267985465
44,289370,8403.57319237666,50,71.2132034355964,0,8403.57319237666
44,289371,8376.73267704232,50,71.2132034355964,0,8376.73267704232
44,289372,8349.91297870306,50,71.2132034355964,0,8349.91297870306
44,289373,8323.1142985947,50,71.2132034355964,0,8323.1142985947
44,289374,8296.33684039996,50,71.2132034355964,0,8296.33684039996
44,289397,7686.82044572904,50,71.2132034355964,0,7686.82044572904
44,289398,7660.62041234886,50,71.2132034355964,0,7660.62041234886
44,289399,7634.44759664603,50,71.2132034355964,0,7634.44759664603
44,290075,8336.72315701754,50,71.2132034355964,0,8336.72315701754
44,290076,8309.88179624752,50,71.2132034355964,0,8309.88179624752
44,290077,8283.06141558904,50,71.2132034355964,0,8283.06141558904
44,290078,8256.26221950152,50,71.2132034355964,0,8256.26221950152
44,290101,7646.23776459437,50,71.2132034355964,0,7646.23776459437
44,290102,7620.01540694642,50,71.2132034355964,0,7620.01540694642
44,290103,7593.82025911297,50,71.2132034355964,0,7593.82025911297
44,290110,7411.24029723452,50,71.2132034355964,0,7411.24029723452
44,290779,8296.73602692349,50,71.2132034355964,0,8296.73602692349
44,290780,8269.87286795835,50,71.2132034355964,0,8269.87286795835
44,290781,8243.03064955402,50,71.2132034355964,0,8243.03064955402
44,290782,8216.20957695171,50,71.2132034355964,0,8216.20957695171
44,290785,8135.87532443564,50,71.2132034355964,0,8135.87532443564
44,290805,7605.6734672965,50,71.2132034355964,0,7605.6734672965
44,290806,7579.42861117745,50,71.2132034355964,0,7579.42861117745
44,290807,7553.21095552489,50,71.2132034355964,0,7553.21095552489
44,290812,7422.54076182862,50,71.2132034355964,0,7422.54076182862
44,290813,7396.49240811746,50,71.2132034355964,0,7396.49240811746
44,290814,7370.47332344687,50,71.2132034355964,0,7370.47332344687
44,291483,8256.77161381443,50,71.2132034355964,0,8256.77161381443
44,291484,8229.88652014936,50,71.2132034355964,0,8229.88652014936
44,291485,8203.02232604726,50,71.2132034355964,0,8203.02232604726
44,291486,8176.1792375137,50,71.2132034355964,0,8176.1792375137
44,291487,8149.35746310676,50,71.2132034355964,0,8149.35746310676
44,291488,8122.55721397413,50,71.2132034355964,0,8122.55721397413
44,291489,8095.7787038907,50,71.2132034355964,0,8095.7787038907
44,291509,7565.12785146728,50,71.2132034355964,0,7565.12785146728
44,291510,7538.86032106842,50,71.2132034355964,0,7538.86032106842
44,291511,7512.6199802478,50,71.2132034355964,0,7512.6199802478
44,291516,7381.83625775222,50,71.2132034355964,0,7381.83625775222
44,291517,7355.76519043114,50,71.2132034355964,0,7355.76519043114
44,291518,7329.72339401946,50,71.2132034355964,0,7329.72339401946
44,292187,8216.83025091336,50,71.2132034355964,0,8216.83025091336
44,292188,8189.92308532912,50,71.2132034355964,0,8189.92308532912
44,292189,8163.03677682105,50,71.2132034355964,0,8163.03677682105
44,292190,8136.17153215857,50,71.2132034355964,0,8136.17153215857
44,292191,8109.32756068968,50,71.2132034355964,0,8109.32756068968
44,292192,8082.50507437705,50,71.2132034355964,0,8082.50507437705
44,292193,8055.70428783325,50,71.2132034355964,0,8055.70428783325
44,292213,7524.60122102179,50,71.2132034355964,0,7524.60122102179
44,292214,7498.31083890742,50,71.2132034355964,0,7498.31083890742
44,292215,7472.04763391868,50,71.2132034355964,0,7472.04763391868
44,292220,7341.14946413694,50,71.2132034355964,0,7341.14946413694
44,292221,7315.05549484735,50,71.2132034355964,0,7315.05549484735
44,292222,7288.99079680211,50,71.2132034355964,0,7288.99079680211
44,292891,8176.91227776767,50,71.2132034355964,0,8176.91227776767
44,292892,8149.98290232849,50,71.2132034355964,0,8149.98290232849
44,292893,8123.07433996963,50,71.2132034355964,0,8123.07433996963
44,292894,8096.18679821482,50,71.2132034355964,0,8096.18679821482
44,292895,8069.32048719419,50,71.2132034355964,0,8069.32048719419
44,292896,8042.47561967429,50,71.2132034355964,0,8042.47561967429
44,292917,7484.09388630466,50,71.2132034355964,0,7484.09388630466
44,292918,7457.78047342322,50,71.2132034355964,0,7457.78047342322
44,292919,7431.49422359519,50,71.2132034355964,0,7431.49422359519
44,293596,8110.06631646083,50,71.2132034355964,0,8110.06631646083
44,293597,8083.13536008107,50,71.2132034355964,0,8083.13536008107
44,293598,8056.22537951582,50,71.2132034355964,0,8056.22537951582
44,293599,8029.3365856635,50,71.2132034355964,0,8029.3365856635
44,293600,8002.46919208919,50,71.2132034355964,0,8002.46919208919
44,293621,7443.60616427983,50,71.2132034355964,0,7443.60616427983
44,293622,7417.26953994325,50,71.2132034355964,0,7417.26953994325
44,293623,7390.96006293082,50,71.2132034355964,0,7390.96006293082
44,294300,8070.17367966374,50,71.2132034355964,0,8070.17367966374
44,294301,8043.22018838264,50,71.2132034355964,0,8043.22018838264
44,294302,8016.28762654241,50,71.2132034355964,0,8016.28762654241
44,294303,7989.37620580465,50,71.2132034355964,0,7989.37620580465
44,294304,7962.48614052996,50,71.2132034355964,0,7962.48614052996
44,294325,7403.13837868173,50,71.2132034355964,0,7403.13837868173
44,294326,7376.77836056657,50,71.2132034355964,0,7376.77836056657
44,294327,7350.44547235081,50,71.2132034355964,0,7350.44547235081
44,294328,7324.14000666365,50,71.2132034355964,0,7324.14000666365
44,295004,8030.30535065964,50,71.2132034355964,0,8030.30535065964
44,295005,8003.32918289708,50,71.2132034355964,0,8003.32918289708
44,295006,7976.37389658969,50,71.2132034355964,0,7976.37389658969
44,295007,7949.43970415743,50,71.2132034355964,0,7949.43970415743
44,295008,7922.52682073656,50,71.2132034355964,0,7922.52682073656
44,295009,7895.63546423192,50,71.2132034355964,0,7895.63546423192
44,295029,7362.69086020261,50,71.2132034355964,0,7362.69086020261
44,295030,7336.30726435087,50,71.2132034355964,0,7336.30726435087
44,295031,7309.9507792297,50,71.2132034355964,0,7309.9507792297
44,295032,7283.62169914648,50,71.2132034355964,0,7283.62169914648
44,295708,7990.46169510581,50,71.2132034355964,0,7990.46169510581
44,295709,7963.46270860234,50,71.2132034355964,0,7963.46270860234
44,295710,7936.48455392765,50,71.2132034355964,0,7936.48455392765
44,295711,7909.52744424191,50,71.2132034355964,0,7909.52744424191
44,295712,7882.59159545876,50,71.2132034355964,0,7882.59159545876
44,295713,7855.67722627819,50,71.2132034355964,0,7855.67722627819
44,295733,7322.26394668062,50,71.2132034355964,0,7322.26394668062
44,295734,7295.85658749167,50,71.2132034355964,0,7295.85658749167
44,295735,7269.47631807031,50,71.2132034355964,0,7269.47631807031
44,295736,7243.12343440773,50,71.2132034355964,0,7243.12343440773
44,295737,7216.7982365129,50,71.2132034355964,0,7216.7982365129
44,296412,7950.64308576166,50,71.2132034355964,0,7950.64308576166
44,296413,7923.62113759863,50,71.2132034355964,0,7923.62113759863
44,296414,7896.61996995605,50,71.2132034355964,0,7896.61996995605
44,296415,7869.63979673419,50,71.2132034355964,0,7869.63979673419
44,296416,7842.68083460565,50,71.2132034355964,0,7842.68083460565
44,296417,7815.74330306129,50,71.2132034355964,0,7815.74330306129
44,296438,7255.42667350541,50,71.2132034355964,0,7255.42667350541
44,296439,7229.02243069908,50,71.2132034355964,0,7229.02243069908
44,296440,7202.64555253811,50,71.2132034355964,0,7202.64555253811
44,296441,7176.29634076235,50,71.2132034355964,0,7176.29634076235
44,297116,7910.84990266326,50,71.2132034355964,0,7910.84990266326
44,297117,7883.80484927198,50,71.2132034355964,0,7883.80484927198
44,297118,7856.78052338847,50,71.2132034355964,0,7856.78052338847
44,297119,7829.7771396335,50,71.2132034355964,0,7829.7771396335
44,297120,7802.79491543179,50,71.2132034355964,0,7802.79491543179
44,297121,7775.83407105762,50,71.2132034355964,0,7775.83407105762
44,297143,7188.58946646829,50,71.2132034355964,0,7188.58946646829
44,297144,7162.18840114247,50,71.2132034355964,0,7162.18840114247
44,297145,7135.81498093821,50,71.2132034355964,0,7135.81498093821
44,297821,7844.01423047176,50,71.2132034355964,0,7844.01423047176
44,297822,7816.96660041183,50,71.2132034355964,0,7816.96660041183
44,297823,7789.93985843478,50,71.2132034355964,0,7789.93985843478
44,297824,7762.93422270861,50,71.2132034355964,0,7762.93422270861
44,297847,7148.17778244452,50,71.2132034355964,0,7148.17778244452
44,297848,7121.75233554825,50,71.2132034355964,0,7121.75233554825
44,297849,7095.35451056671,50,71.2132034355964,0,7095.35451056671
44,297850,7068.98461694677,50,71.2132034355964,0,7068.98461694677
44,298525,7804.24967568227,50,71.2132034355964,0,7804.24967568227
44,298526,7777.17859487539,50,71.2132034355964,0,7777.17859487539
44,298527,7750.1283463181,50,71.2132034355964,0,7750.1283463181
44,298551,7107.78774363328,50,71.2132034355964,0,7107.78774363328
44,298552,7081.33771900831,50,71.2132034355964,0,7081.33771900831
44,298553,7054.91529110422,50,71.2132034355964,0,7054.91529110422
44,298554,7028.52077115692,50,71.2132034355964,0,7028.52077115692
44,299229,7764.51158721182,50,71.2132034355964,0,7764.51158721182
44,299256,7040.94492292376,50,71.2132034355964,0,7040.94492292376
44,299257,7014.49769215152,50,71.2132034355964,0,7014.49769215152
44,299258,6988.07834389005,50,71.2132034355964,0,6988.07834389005
44,299259,6961.68719557638,50,71.2132034355964,0,6961.68719557638
44,299960,7000.5743270667,50,71.2132034355964,0,7000.5743270667
44,299961,6974.10209168038,50,71.2132034355964,0,6974.10209168038
44,299962,6947.65771125558,50,71.2132034355964,0,6947.65771125558
44,299963,6921.24150507378,50,71.2132034355964,0,6921.24150507378
44,299964,6894.85379696914,50,71.2132034355964,0,6894.85379696914
44,300665,6933.72887626028,50,71.2132034355964,0,6933.72887626028
44,300666,6907.25925796788,50,71.2132034355964,0,6907.25925796788
44,300667,6880.81778605851,50,71.2132034355964,0,6880.81778605851
44,300668,6854.40478626232,50,71.2132034355964,0,6854.40478626232
44,300669,6828.02058900082,50,71.2132034355964,0,6828.02058900082
44,301370,6866.88337758029,50,71.2132034355964,0,6866.88337758029
44,301371,6840.41643016341,50,71.2132034355964,0,6840.41643016341
44,301372,6813.97792668342,50,71.2132034355964,0,6813.97792668342
44,301373,6787.56819951766,50,71.2132034355964,0,6787.56819951766
44,301374,6761.18758587315,50,71.2132034355964,0,6761.18758587315
44,302075,6800.03783811807,50,71.2132034355964,0,6800.03783811807
44,302076,6773.57361697924,50,71.2132034355964,0,6773.57361697924
44,302077,6747.13814365384,50,71.2132034355964,0,6747.13814365384
44,302078,6720.7317573784,50,71.2132034355964,0,6720.7317573784
44,302079,6694.35480235754,50,71.2132034355964,0,6694.35480235754
44,302080,6668.00762786471,50,71.2132034355964,0,6668.00762786471
44,302780,6733.19226524395,50,71.2132034355964,0,6733.19226524395
44,302781,6706.73082746734,50,71.2132034355964,0,6706.73082746734
44,302782,6680.29844791468,50,71.2132034355964,0,6680.29844791468
44,302783,6653.89547289033,50,71.2132034355964,0,6653.89547289033
44,302784,6627.52225381912,50,71.2132034355964,0,6627.52225381912
44,302785,6601.17914735126,50,71.2132034355964,0,6601.17914735126
44,303488,6587.05935962914,50,71.2132034355964,0,6587.05935962914
44,304149,7705.93929957644,50,71.2132034355964,0,7705.93929957644
44,304150,7678.52044511953,50,71.2132034355964,0,7678.52044511953
44,304201,6310.18333124351,50,71.2132034355964,0,6310.18333124351
44,304202,6284.07512641037,50,71.2132034355964,0,6284.07512641037
44,304203,6258.00090955669,50,71.2132034355964,0,6258.00090955669
44,304204,6231.96110729419,50,71.2132034355964,0,6231.96110729419
44,304851,7721.56502291303,50,71.2132034355964,0,7721.56502291303
44,304852,7694.08546822866,50,71.2132034355964,0,7694.08546822866
44,304853,7666.62407190757,50,71.2132034355964,0,7666.62407190757
44,304901,6374.39698548148,50,71.2132034355964,0,6374.39698548148
44,304902,6348.13009029121,50,71.2132034355964,0,6348.13009029121
44,304903,6321.89552561615,50,71.2132034355964,0,6321.89552561615
44,304904,6295.69369562392,50,71.2132034355964,0,6295.69369562392
44,304905,6269.52501073606,50,71.2132034355964,0,6269.52501073606
44,304906,6243.38988772759,50,71.2132034355964,0,6243.38988772759
44,304907,6217.28874984143,50,71.2132034355964,0,6217.28874984143
44,304908,6191.22202690853,50,71.2132034355964,0,6191.22202690853
44,304909,6165.19015545019,50,71.2132034355964,0,6165.19015545019
44,305554,7709.85141095294,50,71.2132034355964,0,7709.85141095294
44,305555,7682.32980864977,50,71.2132034355964,0,7682.32980864977
44,305556,7654.82609120499,50,71.2132034355964,0,7654.82609120499
44,305557,7627.34045209639,50,71.2132034355964,0,7627.34045209639
44,305603,6386.5521914711,50,71.2132034355964,0,6386.5521914711
44,305604,6360.19473935824,50,71.2132034355964,0,6360.19473935824
44,305605,6333.86880501189,50,71.2132034355964,0,6333.86880501189
44,305606,6307.57478307381,50,71.2132034355964,0,6307.57478307381
44,305607,6281.31307430401,50,71.2132034355964,0,6281.31307430401
44,305608,6255.08408570325,50,71.2132034355964,0,6255.08408570325
44,305609,6228.88823061131,50,71.2132034355964,0,6228.88823061131
44,305610,6202.72592882248,50,71.2132034355964,0,6202.72592882248
44,305611,6176.59760670938,50,71.2132034355964,0,6176.59760670938
44,305612,6150.50369732076,50,71.2132034355964,0,6150.50369732076
44,305613,6124.44464051994,50,71.2132034355964,0,6124.44464051994
44,306257,7698.23619718636,50,71.2132034355964,0,7698.23619718636
44,306258,7670.67277219696,50,71.2132034355964,0,7670.67277219696
44,306259,7643.12695865001,50,71.2132034355964,0,7643.12695865001
44,306260,7615.59894764996,50,71.2132034355964,0,7615.59894764996
44,306261,7588.08893295146,50,71.2132034355964,0,7588.08893295146
44,306279,7096.22397854751,50,71.2132034355964,0,7096.22397854751
44,306280,7069.09657109494,50,71.2132034355964,0,7069.09657109494
44,306281,7041.9916647864,50,71.2132034355964,0,7041.9916647864
44,306307,6346.10169392816,50,71.2132034355964,0,6346.10169392816
44,306308,6319.71691043373,50,71.2132034355964,0,6319.71691043373
44,306309,6293.36361927462,50,71.2132034355964,0,6293.36361927462
44,306310,6267.04221772986,50,71.2132034355964,0,6267.04221772986
44,306311,6240.75310930342,50,71.2132034355964,0,6240.75310930342
44,306312,6214.49670382169,50,71.2132034355964,0,6214.49670382169
44,306313,6188.27341755108,50,71.2132034355964,0,6188.27341755108
44,306314,6162.08367332379,50,71.2132034355964,0,6162.08367332379
44,306315,6135.92790063266,50,71.2132034355964,0,6135.92790063266
44,306960,7686.71982767432,50,71.2132034355964,0,7686.71982767432
44,306961,7659.11480917947,50,71.2132034355964,0,7659.11480917947
44,306981,7110.92308974827,50,71.2132034355964,0,7110.92308974827
44,306982,7083.7255728201,50,71.2132034355964,0,7083.7255728201
44,306983,7056.5499715577,50,71.2132034355964,0,7056.5499715577
44,306984,7029.39654013623,50,71.2132034355964,0,7029.39654013623
44,306985,7002.26553647296,50,71.2132034355964,0,7002.26553647296
44,307014,6226.53284070978,50,71.2132034355964,0,6226.53284070978
44,307015,6200.21607424033,50,71.2132034355964,0,6200.21607424033
44,307016,6173.93199069807,50,71.2132034355964,0,6173.93199069807
44,307017,6147.68100928968,50,71.2132034355964,0,6147.68100928968
44,307018,6121.4635558732,50,71.2132034355964,0,6121.4635558732
44,307019,6095.28006309116,50,71.2132034355964,0,6095.28006309116
44,307020,6069.13097048159,50,71.2132034355964,0,6069.13097048159
44,307663,7675.30274734816,50,71.2132034355964,0,7675.30274734816
44,307685,7071.33160170498,50,71.2132034355964,0,7071.33160170498
44,307686,7044.10803889637,50,71.2132034355964,0,7044.10803889637
44,307687,7016.90631425162,50,71.2132034355964,0,7016.90631425162
44,307688,6989.72668273549,50,71.2132034355964,0,6989.72668273549
44,307718,6186.04710989442,50,71.2132034355964,0,6186.04710989442
44,307719,6159.70242416457,50,71.2132034355964,0,6159.70242416457
44,307720,6133.39039846945,50,71.2132034355964,0,6133.39039846945
44,307721,6107.11145494435,50,71.2132034355964,0,6107.11145494435
44,307722,6080.86602249695,50,71.2132034355964,0,6080.86602249695
44,307723,6054.65453691078,50,71.2132034355964,0,6054.65453691078
44,307724,6028.47744098701,50,71.2132034355964,0,6028.47744098701
44,307725,6002.33518465883,50,71.2132034355964,0,6002.33518465883
44,307832,3565.16358527851,50,71.2132034355964,0,3565.16358527851
44,308388,7059.04261528695,50,71.2132034355964,0,7059.04261528695
44,308389,7031.77132870073,50,71.2132034355964,0,7031.77132870073
44,308390,7004.52154828754,50,71.2132034355964,0,7004.52154828754
44,308391,6977.2935260286,50,71.2132034355964,0,6977.2935260286
44,308392,6950.08751764282,50,71.2132034355964,0,6950.08751764282
44,308423,6119.21262591843,50,71.2132034355964,0,6119.21262591843
44,308424,6092.87239103738,50,71.2132034355964,0,6092.87239103738
44,308425,6066.56521540127,50,71.2132034355964,0,6066.56521540127
44,308426,6040.29153095486,50,71.2132034355964,0,6040.29153095486
44,308427,6014.05177664374,50,71.2132034355964,0,6014.05177664374
44,308428,5987.8463985254,50,71.2132034355964,0,5987.8463985254
44,308429,5961.67584992265,50,71.2132034355964,0,5961.67584992265
44,308430,5935.54059153607,50,71.2132034355964,0,5935.54059153607
44,308534,3558.04204530026,50,71.2132034355964,0,3558.04204530026
44,308535,3540.69805923454,50,71.2132034355964,0,3540.69805923454
44,308536,3523.52253077801,50,71.2132034355964,0,3523.52253077801
44,309093,6992.24280262133,50,71.2132034355964,0,6992.24280262133
44,309094,6964.96663239114,50,71.2132034355964,0,6964.96663239114
44,309095,6937.71213773416,50,71.2132034355964,0,6937.71213773416
44,309096,6910.47957511607,50,71.2132034355964,0,6910.47957511607
44,309128,6052.37844446333,50,71.2132034355964,0,6052.37844446333
44,309129,6026.04276367598,50,71.2132034355964,0,6026.04276367598
44,309130,5999.7405511356,50,71.2132034355964,0,5999.7405511356
44,309131,5973.47224893683,50,71.2132034355964,0,5973.47224893683
44,309132,5947.23830641938,50,71.2132034355964,0,5947.23830641938
44,309133,5921.03918028831,50,71.2132034355964,0,5921.03918028831
44,309134,5894.87533475493,50,71.2132034355964,0,5894.87533475493
44,309238,3516.31675152038,50,71.2132034355964,0,3516.31675152038
44,309797,6952.74656702043,50,71.2132034355964,0,6952.74656702043
44,309798,6925.44383430922,50,71.2132034355964,0,6925.44383430922
44,309799,6898.16269198062,50,71.2132034355964,0,6898.16269198062
44,309800,6870.90339721112,50,71.2132034355964,0,6870.90339721112
44,309833,5985.54458531903,50,71.2132034355964,0,5985.54458531903
44,309834,5959.21356543067,50,71.2132034355964,0,5959.21356543067
44,309835,5932.91643294111,50,71.2132034355964,0,5932.91643294111
44,309836,5906.65364046081,50,71.2132034355964,0,5906.65364046081
44,309837,5880.42564809124,50,71.2132034355964,0,5880.42564809124
44,310501,6913.28317742241,50,71.2132034355964,0,6913.28317742241
44,310502,6885.95370917734,50,71.2132034355964,0,6885.95370917734
44,310503,6858.6457434517,50,71.2132034355964,0,6858.6457434517
44,310504,6831.35953810963,50,71.2132034355964,0,6831.35953810963
44,310538,5918.71106917084,50,71.2132034355964,0,5918.71106917084
44,310539,5892.38482071446,50,71.2132034355964,0,5892.38482071446
44,310540,5866.09288933581,50,71.2132034355964,0,5866.09288933581
44,311205,6873.85320164671,50,71.2132034355964,0,6873.85320164671
44,311206,6846.49682447127,50,71.2132034355964,0,6846.49682447127
44,311207,6819.16185922661,50,71.2132034355964,0,6819.16185922661
44,311208,6791.84856444476,50,71.2132034355964,0,6791.84856444476
44,311910,6807.07376034052,50,71.2132034355964,0,6807.07376034052
44,311911,6779.71161912197,50,71.2132034355964,0,6779.71161912197
44,311912,6752.37105563919,50,71.2132034355964,0,6752.37105563919
44,311913,6725.05233306194,50,71.2132034355964,0,6725.05233306194
44,312614,6767.68510995731,50,71.2132034355964,0,6767.68510995731
44,312615,6740.29561602882,50,71.2132034355964,0,6740.29561602882
44,312616,6712.92760424465,50,71.2132034355964,0,6712.92760424465
44,312617,6685.58133842044,50,71.2132034355964,0,6685.58133842044
44,312618,6658.25708649983,50,71.2132034355964,0,6658.25708649983
44,313319,6700.91445626785,50,71.2132034355964,0,6700.91445626785
44,313320,6673.51881630907,50,71.2132034355964,0,6673.51881630907
44,313321,6646.14482441874,50,71.2132034355964,0,6646.14482441874
44,313322,6618.79274919133,50,71.2132034355964,0,6618.79274919133
44,314023,6661.56875995546,50,71.2132034355964,0,6661.56875995546
44,314024,6634.14531174708,50,71.2132034355964,0,6634.14531174708
44,314025,6606.74341070048,50,71.2132034355964,0,6606.74341070048
44,314026,6579.36332604145,50,71.2132034355964,0,6579.36332604145
44,314728,6594.80772471229,50,71.2132034355964,0,6594.80772471229
44,314729,6567.3777312288,50,71.2132034355964,0,6567.3777312288
44,314730,6539.96945074828,50,71.2132034355964,0,6539.96945074828
44,315432,6555.50670400216,50,71.2132034355964,0,6555.50670400216
44,315433,6528.04843467222,50,71.2132034355964,0,6528.04843467222
44,315434,6500.61177179553,50,71.2132034355964,0,6500.61177179553
44,315435,6473.19699011517,50,71.2132034355964,0,6473.19699011517
44,316136,6516.24291345398,50,71.2132034355964,0,6516.24291345398
44,316137,6488.75618482247,50,71.2132034355964,0,6488.75618482247
44,316138,6461.29095287252,50,71.2132034355964,0,6461.29095287252
44,316139,6433.84749289999,50,71.2132034355964,0,6433.84749289999
44,316140,6406.42608470691,50,71.2132034355964,0,6406.42608470691
44,316841,6449.50166102208,50,71.2132034355964,0,6449.50166102208
44,316842,6422.0076732868,50,71.2132034355964,0,6422.0076732868
44,316843,6394.53534498782,50,71.2132034355964,0,6394.53534498782
44,316844,6367.08495648636,50,71.2132034355964,0,6367.08495648636
44,318257,6151.30808391312,50,71.2132034355964,0,6151.30808391312
44,318960,6139.35921847135,50,71.2132034355964,0,6139.35921847135
44,318961,6111.9330406802,50,71.2132034355964,0,6111.9330406802
44,319663,6127.53306614617,50,71.2132034355964,0,6127.53306614617
44,319664,6100.05356938086,50,71.2132034355964,0,6100.05356938086
44,319669,5963.00655086632,50,71.2132034355964,0,5963.00655086632
44,320366,6115.83033880664,50,71.2132034355964,0,6115.83033880664
44,320367,6088.29787362108,50,71.2132034355964,0,6088.29787362108
44,320368,6060.78791522134,50,71.2132034355964,0,6060.78791522134
44,320369,6033.3007714836,50,71.2132034355964,0,6033.3007714836
44,320371,5978.39618648111,50,71.2132034355964,0,5978.39618648111
44,320372,5950.97938830453,50,71.2132034355964,0,5950.97938830453
44,320373,5923.58669119061,50,71.2132034355964,0,5923.58669119061
44,321070,6076.66667175715,50,71.2132034355964,0,6076.66667175715
44,321071,6049.10366888361,50,71.2132034355964,0,6049.10366888361
44,321072,6021.56304079937,50,71.2132034355964,0,6021.56304079937
44,321074,5966.55014808283,50,71.2132034355964,0,5966.55014808283
44,321075,5939.07851669617,50,71.2132034355964,0,5939.07851669617
44,321076,5911.63052681151,50,71.2132034355964,0,5911.63052681151
44,321077,5884.20650927487,50,71.2132034355964,0,5884.20650927487
44,321078,5856.80680082788,50,71.2132034355964,0,5856.80680082788
44,321779,5899.80178278165,50,71.2132034355964,0,5899.80178278165
44,321780,5872.32237654167,50,71.2132034355964,0,5872.32237654167
44,321781,5844.86680958042,50,71.2132034355964,0,5844.86680958042
44,321782,5817.43541943493,50,71.2132034355964,0,5817.43541943493
44,321783,5790.02854972864,50,71.2132034355964,0,5790.02854972864
44,322484,5833.05576300817,50,71.2132034355964,0,5833.05576300817
44,322485,5805.56841754782,50,71.2132034355964,0,5805.56841754782
44,322486,5778.10511212208,50,71.2132034355964,0,5778.10511212208
44,322487,5750.66619115889,50,71.2132034355964,0,5750.66619115889
44,322488,5723.25200537211,50,71.2132034355964,0,5723.25200537211
44,323189,5766.31218023454,50,71.2132034355964,0,5766.31218023454
44,323190,5738.81672590103,50,71.2132034355964,0,5738.81672590103
44,323191,5711.34551538628,50,71.2132034355964,0,5711.34551538628
44,323192,5683.89890021807,50,71.2132034355964,0,5683.89890021807
44,323193,5656.47723842311,50,71.2132034355964,0,5656.47723842311
44,323894,5699.57113021453,50,71.2132034355964,0,5699.57113021453
44,323895,5672.06739183923,50,71.2132034355964,0,5672.06739183923
44,323896,5644.58810414945,50,71.2132034355964,0,5644.58810414945
44,323897,5617.13362598554,50,71.2132034355964,0,5617.13362598554
44,323898,5589.70432291683,50,71.2132034355964,0,5589.70432291683
44,324598,5660.36921767251,50,71.2132034355964,0,5660.36921767251
44,324599,5632.83271324045,50,71.2132034355964,0,5632.83271324045
44,324600,5605.3205098985,50,71.2132034355964,0,5605.3205098985
44,324601,5577.83296724031,50,71.2132034355964,0,5577.83296724031
44,324602,5550.37045165067,50,71.2132034355964,0,5550.37045165067
44,325302,5621.21190477063,50,71.2132034355964,0,5621.21190477063
44,325303,5593.64239635854,50,71.2132034355964,0,5593.64239635854
44,325304,5566.09703440179,50,71.2132034355964,0,5566.09703440179
44,325305,5538.57617916546,50,71.2132034355964,0,5538.57617916546
44,325306,5511.08019779355,50,71.2132034355964,0,5511.08019779355
44,325307,5483.60946445169,50,71.2132034355964,0,5483.60946445169
44,326007,5554.49738279496,50,71.2132034355964,0,5554.49738279496
44,326008,5526.91861957829,50,71.2132034355964,0,5526.91861957829
44,326009,5499.36420389413,50,71.2132034355964,0,5499.36420389413
44,326010,5471.83450356072,50,71.2132034355964,0,5471.83450356072
44,326011,5444.3298935067,50,71.2132034355964,0,5444.3298935067
44,326712,5487.78623315417,50,71.2132034355964,0,5487.78623315417
44,326713,5460.19800952763,50,71.2132034355964,0,5460.19800952763
44,328117,5492.77487172225,50,71.2132034355964,0,5492.77487172225
44,328820,5481.67280116798,50,71.2132034355964,0,5481.67280116798
44,328821,5453.8891977123,50,71.2132034355964,0,5453.8891977123
44,329523,5470.71174527263,50,71.2132034355964,0,5470.71174527263
44,329524,5442.87204031891,50,71.2132034355964,0,5442.87204031891
44,329525,5415.05439589264,50,71.2132034355964,0,5415.05439589264
44,330227,5431.99724841635,50,71.2132034355964,0,5431.99724841635
44,330228,5404.12347612356,50,71.2132034355964,0,5404.12347612356
44,330229,5376.27157135979,50,71.2132034355964,0,5376.27157135979
44,330230,5348.44187574659,50,71.2132034355964,0,5348.44187574659
44,330931,5393.33629334132,50,71.2132034355964,0,5393.33629334132
44,330932,5365.42824215553,50,71.2132034355964,0,5365.42824215553
44,330933,5337.54185982628,50,71.2132034355964,0,5337.54185982628
44,330934,5309.67748777144,50,71.2132034355964,0,5309.67748777144
44,330935,5281.83547433691,50,71.2132034355964,0,5281.83547433691
44,331636,5326.7875033382,50,71.2132034355964,0,5326.7875033382
44,331637,5298.86642863788,50,71.2132034355964,0,5298.86642863788
44,331638,5270.96715945561,50,71.2132034355964,0,5270.96715945561
44,331639,5243.09004388226,50,71.2132034355964,0,5243.09004388226
44,332341,5260.24647781309,50,71.2132034355964,0,5260.24647781309
44,332342,5232.31209341213,50,71.2132034355964,0,5232.31209341213
44,332343,5204.39965151973,50,71.2132034355964,0,5204.39965151973
44,333045,5221.68324112645,50,71.2132034355964,0,5221.68324112645
44,333046,5193.71352632065,50,71.2132034355964,0,5193.71352632065
44,333047,5165.76553670992,50,71.2132034355964,0,5165.76553670992
44,333048,5137.83962682979,50,71.2132034355964,0,5137.83962682979
44,333749,5183.17798724143,50,71.2132034355964,0,5183.17798724143
44,333750,5155.17273006308,50,71.2132034355964,0,5155.17273006308
44,333751,5127.188974453,50,71.2132034355964,0,5127.188974453
44,333752,5099.22707440135,50,71.2132034355964,0,5099.22707440135
44,334399,6683.04202661069,50,71.2132034355964,0,6683.04202661069
44,334452,5172.79395438856,50,71.2132034355964,0,5172.79395438856
44,334453,5144.73202086401,50,71.2132034355964,0,5144.73202086401
44,334454,5116.69101291835,50,71.2132034355964,0,5116.69101291835
44,334455,5088.67127648006,50,71.2132034355964,0,5088.67127648006
44,334456,5060.67316487782,50,71.2132034355964,0,5060.67316487782
44,334457,5032.69703902344,50,71.2132034355964,0,5032.69703902344
44,334458,5004.74326761311,50,71.2132034355964,0,5004.74326761311
44,334459,4976.81222733154,50,71.2132034355964,0,4976.81222733154
44,335102,6675.13293379594,50,71.2132034355964,0,6675.13293379594
44,335103,6646.28065093753,50,71.2132034355964,0,6646.28065093753
44,335156,5134.44433696693,50,71.2132034355964,0,5134.44433696693
44,335157,5106.34668396206,50,71.2132034355964,0,5106.34668396206
44,335158,5078.26972078457,50,71.2132034355964,0,5078.26972078457
44,335159,5050.21379251847,50,71.2132034355964,0,5050.21379251847
44,335160,5022.17925169027,50,71.2132034355964,0,5022.17925169027
44,335161,4994.16645847349,50,71.2132034355964,0,4994.16645847349
44,335162,4966.17578088754,50,71.2132034355964,0,4966.17578088754
44,335163,4938.20759499612,50,71.2132034355964,0,4938.20759499612
44,335805,6667.34865078823,50,71.2132034355964,0,6667.34865078823
44,335860,5096.15692312728,50,71.2132034355964,0,5096.15692312728
44,335861,5068.02335701102,50,71.2132034355964,0,5068.02335701102
44,335862,5039.91023846513,50,71.2132034355964,0,5039.91023846513
44,335863,5011.81791158048,50,71.2132034355964,0,5011.81791158048
44,335864,4983.74672795356,50,71.2132034355964,0,4983.74672795356
44,335865,4955.69704688039,50,71.2132034355964,0,4955.69704688039
44,335866,4927.6692355535,50,71.2132034355964,0,4927.6692355535
44,335867,4899.66366928686,50,71.2132034355964,0,4899.66366928686
44,335868,4871.68073171344,50,71.2132034355964,0,4871.68073171344
44,336565,5029.76346030594,50,71.2132034355964,0,5029.76346030594
44,336566,5001.61399098119,50,71.2132034355964,0,5001.61399098119
44,336567,4973.48506331783,50,71.2132034355964,0,4973.48506331783
44,336568,4945.3770278368,50,71.2132034355964,0,4945.3770278368
44,336569,4917.29024280476,50,71.2132034355964,0,4917.29024280476
44,336570,4889.22507445518,50,71.2132034355964,0,4889.22507445518
44,336571,4861.18189718459,50,71.2132034355964,0,4861.18189718459
44,336572,4833.16109378987,50,71.2132034355964,0,4833.16109378987
44,336573,4805.16305568178,50,71.2132034355964,0,4805.16305568178
44,336683,2080.42421106335,50,71.2132034355964,0,2080.42421106335
44,337273,4878.94752774243,50,71.2132034355964,0,4878.94752774243
44,337274,4850.84478379885,50,71.2132034355964,0,4850.84478379885
44,337275,4822.76376949585,50,71.2132034355964,0,4822.76376949585
44,337276,4794.70486662007,50,71.2132034355964,0,4794.70486662007
44,337277,4766.66846565167,50,71.2132034355964,0,4766.66846565167
44,337385,2073.81747800857,50,71.2132034355964,0,2073.81747800857
44,337386,2056.12906871773,50,71.2132034355964,0,2056.12906871773
44,337387,2038.7259954945,50,71.2132034355964,0,2038.7259954945
44,337978,4812.52989470556,50,71.2132034355964,0,4812.52989470556
44,337979,4784.41082240343,50,71.2132034355964,0,4784.41082240343
44,337980,4756.31359133028,50,71.2132034355964,0,4756.31359133028
44,337981,4728.23859085479,50,71.2132034355964,0,4728.23859085479
44,337982,4700.18621933653,50,71.2132034355964,0,4700.18621933653
44,338682,4774.28198479237,50,71.2132034355964,0,4774.28198479237
44,338683,4746.12463910815,50,71.2132034355964,0,4746.12463910815
44,338684,4717.98885656172,50,71.2132034355964,0,4717.98885656172
44,338685,4689.8750252413,50,71.2132034355964,0,4689.8750252413
44,338686,4661.7835422944,50,71.2132034355964,0,4661.7835422944
44,338690,4549.64936861651,50,71.2132034355964,0,4549.64936861651
44,338691,4521.67592001561,50,71.2132034355964,0,4521.67592001561
44,338692,4493.72740773735,50,71.2132034355964,0,4493.72740773735
44,338792,2007.99368182942,50,71.2132034355964,0,2007.99368182942
44,339387,4707.90685150909,50,71.2132034355964,0,4707.90685150909
44,339388,4679.73230020423,50,71.2132034355964,0,4679.73230020423
44,339389,4651.57941256194,50,71.2132034355964,0,4651.57941256194
44,339390,4623.4485843205,50,71.2132034355964,0,4623.4485843205
44,339391,4595.34022059955,50,71.2132034355964,0,4595.34022059955
44,339392,4567.25473615967,50,71.2132034355964,0,4567.25473615967
44,339393,4539.1925556895,50,71.2132034355964,0,4539.1925556895
44,339394,4511.15411408347,50,71.2132034355964,0,4511.15411408347
44,339395,4483.13985674385,50,71.2132034355964,0,4483.13985674385
44,339396,4455.15023989063,50,71.2132034355964,0,4455.15023989063
44,339397,4427.18573086901,50,71.2132034355964,0,4427.18573086901
44,339494,2002.48895621282,50,71.2132034355964,0,2002.48895621282
44,339495,1984.16447303749,50,71.2132034355964,0,1984.16447303749
44,339496,1966.12421875906,50,71.2132034355964,0,1966.12421875906
44,340092,4641.54561119241,50,71.2132034355964,0,4641.54561119241
44,340093,4613.35344818317,50,71.2132034355964,0,4613.35344818317
44,340094,4585.18304708692,50,71.2132034355964,0,4585.18304708692
44,340095,4557.03481148079,50,71.2132034355964,0,4557.03481148079
44,340096,4528.90915466041,50,71.2132034355964,0,4528.90915466041
44,340097,4500.80649991123,50,71.2132034355964,0,4500.80649991123
44,340098,4472.7272808068,50,71.2132034355964,0,4472.7272808068
44,340099,4444.67194151425,50,71.2132034355964,0,4444.67194151425
44,340100,4416.64093709876,50,71.2132034355964,0,4416.64093709876
44,340101,4388.63473385886,50,71.2132034355964,0,4388.63473385886
44,340102,4360.65380964709,50,71.2132034355964,0,4360.65380964709
44,340103,4332.69865422852,50,71.2132034355964,0,4332.69865422852
44,340106,4248.99288456758,50,71.2132034355964,0,4248.99288456758
44,340107,4221.14595288135,50,71.2132034355964,0,4221.14595288135
44,340108,4193.32743038241,50,71.2132034355964,0,4193.32743038241
44,340109,4165.53788623875,50,71.2132034355964,0,4165.53788623875
44,340112,4082.34903876648,50,71.2132034355964,0,4082.34903876648
44,340113,4054.68140048566,50,71.2132034355964,0,4054.68140048566
44,340114,4027.04581611138,50,71.2132034355964,0,4027.04581611138
44,340202,1889.24446836663,50,71.2132034355964,0,1889.24446836663
44,340203,1872.20103323258,50,71.2132034355964,0,1872.20103323258
44,340797,4575.1988810092,50,71.2132034355964,0,4575.1988810092
44,340798,4546.98868641577,50,71.2132034355964,0,4546.98868641577
44,340799,4518.80034942733,50,71.2132034355964,0,4518.80034942733
44,340800,4490.63428165267,50,71.2132034355964,0,4490.63428165267
44,340801,4462.49090476403,50,71.2132034355964,0,4462.49090476403
44,340802,4434.37065079736,50,71.2132034355964,0,4434.37065079736
44,340803,4406.27396245311,50,71.2132034355964,0,4406.27396245311
44,340804,4378.20129342588,50,71.2132034355964,0,4378.20129342588
44,340805,4350.15310872189,50,71.2132034355964,0,4350.15310872189
44,340806,4322.12988501318,50,71.2132034355964,0,4322.12988501318
44,340807,4294.13211097939,50,71.2132034355964,0,4294.13211097939
44,340808,4266.16028768389,50,71.2132034355964,0,4266.16028768389
44,340809,4238.21492894394,50,71.2132034355964,0,4238.21492894394
44,340810,4210.29656172531,50,71.2132034355964,0,4210.29656172531
44,340811,4182.40572655182,50,71.2132034355964,0,4182.40572655182
44,340812,4154.54297791796,50,71.2132034355964,0,4154.54297791796
44,340813,4126.70888473173,50,71.2132034355964,0,4126.70888473173
44,340814,4098.90403075532,50,71.2132034355964,0,4098.90403075532
44,340815,4071.1290150847,50,71.2132034355964,0,4071.1290150847
44,340816,4043.3844526159,50,71.2132034355964,0,4043.3844526159
44,340817,4015.67097456512,50,71.2132034355964,0,4015.67097456512
44,340818,3987.98922896925,50,71.2132034355964,0,3987.98922896925
44,340905,1864.85709977082,50,71.2132034355964,0,1864.85709977082
44,341504,4452.43194389367,50,71.2132034355964,0,4452.43194389367
44,341505,4424.24760415843,50,71.2132034355964,0,4424.24760415843
44,341506,4396.08606494568,50,71.2132034355964,0,4396.08606494568
44,341507,4367.94776726648,50,71.2132034355964,0,4367.94776726648
44,341508,4339.83316319262,50,71.2132034355964,0,4339.83316319262
44,341509,4311.74271620946,50,71.2132034355964,0,4311.74271620946
44,341510,4283.67690154953,50,71.2132034355964,0,4283.67690154953
44,341511,4255.63620656448,50,71.2132034355964,0,4255.63620656448
44,341512,4227.62113109079,50,71.2132034355964,0,4227.62113109079
44,341513,4199.63218783855,50,71.2132034355964,0,4199.63218783855
44,341514,4171.66990279754,50,71.2132034355964,0,4171.66990279754
44,341515,4143.73481564129,50,71.2132034355964,0,4143.73481564129
44,341516,4115.82748016902,50,71.2132034355964,0,4115.82748016902
44,341517,4087.94846473916,50,71.2132034355964,0,4087.94846473916
44,341518,4060.09835274136,50,71.2132034355964,0,4060.09835274136
44,341519,4032.27774306282,50,71.2132034355964,0,4032.27774306282
44,341520,4004.48725059841,50,71.2132034355964,0,4004.48725059841
44,342213,4273.40548046836,50,71.2132034355964,0,4273.40548046836
44,342214,4245.29679037188,50,71.2132034355964,0,4245.29679037188
44,342215,4217.21287884249,50,71.2132034355964,0,4217.21287884249
44,342216,4189.15424422321,50,71.2132034355964,0,4189.15424422321
44,342217,4161.12139784795,50,71.2132034355964,0,4161.12139784795
44,342218,4133.1148644409,50,71.2132034355964,0,4133.1148644409
44,342219,4105.13518255245,50,71.2132034355964,0,4105.13518255245
44,342220,4077.18290498537,50,71.2132034355964,0,4077.18290498537
44,342221,4049.25859926587,50,71.2132034355964,0,4049.25859926587
44,354295,952.451997298079,50,71.2132034355964,0,952.451997298079
44,354997,926.417454607554,50,71.2132034355964,0,926.417454607554
44,354998,922.709987646929,50,71.2132034355964,0,922.709987646929
44,354999,919.960599902231,50,71.2132034355964,0,919.960599902231
44,355701,892.97929930434,50,71.2132034355964,0,892.97929930434
44,358329,5655.73708200761,50,71.2132034355964,0,5655.73708200761
44,358511,784.142928706644,50,71.2132034355964,0,784.142928706644
44,359031,5681.42633157096,50,71.2132034355964,0,5681.42633157096
44,359032,5651.76928125772,50,71.2132034355964,0,5651.76928125772
44,359033,5622.11492908536,50,71.2132034355964,0,5622.11492908536
44,359214,754.881110748122,50,71.2132034355964,0,754.881110748122
44,359215,749.133012592676,50,71.2132034355964,0,749.133012592676
44,359216,744.543128670438,50,71.2132034355964,0,744.543128670438
44,359733,5707.31380061982,50,71.2132034355964,0,5707.31380061982
44,359734,5677.63422821236,50,71.2132034355964,0,5677.63422821236
44,359735,5647.95710584073,50,71.2132034355964,0,5647.95710584073
44,359736,5618.28247232808,50,71.2132034355964,0,5618.28247232808
44,359917,725.672270123255,50,71.2132034355964,0,725.672270123255
44,359918,719.690889429116,50,71.2132034355964,0,719.690889429116
44,359919,714.911980145011,50,71.2132034355964,0,714.911980145011
44,360436,5703.69593309324,50,71.2132034355964,0,5703.69593309324
44,360437,5673.99727623602,50,71.2132034355964,0,5673.99727623602
44,360438,5644.30087108611,50,71.2132034355964,0,5644.30087108611
44,360439,5614.60675336815,50,71.2132034355964,0,5614.60675336815
44,360440,5584.91495957308,50,71.2132034355964,0,5584.91495957308
44,360621,690.289124666868,50,71.2132034355964,0,690.289124666868
44,361139,5700.23272934415,50,71.2132034355964,0,5700.23272934415
44,361140,5670.51577417543,50,71.2132034355964,0,5670.51577417543
44,361141,5640.80088022457,50,71.2132034355964,0,5640.80088022457
44,361142,5611.08808023423,50,71.2132034355964,0,5611.08808023423
44,361143,5581.37740765272,50,71.2132034355964,0,5581.37740765272
44,361144,5551.66889663092,50,71.2132034355964,0,5551.66889663092
44,361842,5696.9244714366,50,71.2132034355964,0,5696.9244714366
44,361843,5667.19000852142,50,71.2132034355964,0,5667.19000852142
44,361844,5637.45742426662,50,71.2132034355964,0,5637.45742426662
44,361845,5607.72674855054,50,71.2132034355964,0,5607.72674855054
44,361846,5577.99801189684,50,71.2132034355964,0,5577.99801189684
44,361847,5548.27124547149,50,71.2132034355964,0,5548.27124547149
44,362545,5693.77142945593,50,71.2132034355964,0,5693.77142945593
44,362546,5664.02025360652,50,71.2132034355964,0,5664.02025360652
44,362547,5634.27078188164,50,71.2132034355964,0,5634.27078188164
44,362548,5604.52304141516,50,71.2132034355964,0,5604.52304141516
44,362549,5574.77705992663,50,71.2132034355964,0,5574.77705992663
44,362550,5545.03286572046,50,71.2132034355964,0,5545.03286572046
44,363249,5661.0067714953,50,71.2132034355964,0,5661.0067714953
44,363250,5631.24121928676,50,71.2132034355964,0,5631.24121928676
44,363251,5601.47722928317,50,71.2132034355964,0,5601.47722928317
44,363252,5571.71482652579,50,71.2132034355964,0,5571.71482652579
44,363253,5541.95403658332,50,71.2132034355964,0,5541.95403658332
44,363953,5628.36899013313,50,71.2132034355964,0,5628.36899013313
44,363956,5539.03502411558,50,71.2132034355964,0,5539.03502411558
44,363957,5509.25994508388,50,71.2132034355964,0,5509.25994508388
44,363958,5479.4863604019,50,71.2132034355964,0,5479.4863604019
44,364659,5536.27608110733,50,71.2132034355964,0,5536.27608110733
44,364660,5506.48592311294,50,71.2132034355964,0,5506.48592311294
44,364661,5476.69709710762,50,71.2132034355964,0,5476.69709710762
44,364662,5446.9096249423,50,71.2132034355964,0,5446.9096249423
44,364663,5417.12352895648,50,71.2132034355964,0,5417.12352895648
44,365363,5503.87306298738,50,71.2132034355964,0,5503.87306298738
44,365364,5474.06985762905,50,71.2132034355964,0,5474.06985762905
44,365365,5444.26785025775,50,71.2132034355964,0,5444.26785025775
44,365366,5414.46706066048,50,71.2132034355964,0,5414.46706066048
44,365367,5384.66750905274,50,71.2132034355964,0,5384.66750905274
44,366065,5531.23934767261,50,71.2132034355964,0,5531.23934767261
44,366066,5501.4215943341,50,71.2132034355964,0,5501.4215943341
44,366067,5471.6048753578,50,71.2132034355964,0,5471.6048753578
44,366068,5441.78920774352,50,71.2132034355964,0,5441.78920774352
44,366069,5411.97460887395,50,71.2132034355964,0,5411.97460887395
44,366768,5528.96199556225,50,71.2132034355964,0,5528.96199556225
44,366769,5499.13173299472,50,71.2132034355964,0,5499.13173299472
44,366771,5439.47392040655,50,71.2132034355964,0,5439.47392040655
44,366772,5409.64640030395,50,71.2132034355964,0,5409.64640030395
44,366773,5379.81982482151,50,71.2132034355964,0,5379.81982482151
44,367471,5526.84558935707,50,71.2132034355964,0,5526.84558935707
44,367472,5497.00368092911,50,71.2132034355964,0,5497.00368092911
44,367475,5407.48264709734,50,71.2132034355964,0,5407.48264709734
44,367476,5377.64390969358,50,71.2132034355964,0,5377.64390969358
44,368174,5524.89031401647,50,71.2132034355964,0,5524.89031401647
44,368175,5495.03762612787,50,71.2132034355964,0,5495.03762612787
44,368176,5465.18559503171,50,71.2132034355964,0,5465.18559503171
44,368177,5435.33423154768,50,71.2132034355964,0,5435.33423154768
44,368178,5405.48354674203,50,71.2132034355964,0,5405.48354674203
44,368179,5375.63355191712,50,71.2132034355964,0,5375.63355191712
44,368878,5493.23374253008,50,71.2132034355964,0,5493.23374253008
44,368879,5463.37169396118,50,71.2132034355964,0,5463.37169396118
44,368880,5433.51020402251,50,71.2132034355964,0,5433.51020402251
44,368881,5403.6492819811,50,71.2132034355964,0,5403.6492819811
44,368882,5373.78893729933,50,71.2132034355964,0,5373.78893729933
44,369582,5461.72100511451,50,71.2132034355964,0,5461.72100511451
44,369583,5431.8502794998,50,71.2132034355964,0,5431.8502794998
44,369584,5401.9800207252,50,71.2132034355964,0,5401.9800207252
44,369585,5372.11023657387,50,71.2132034355964,0,5372.11023657387
44,369586,5342.2409350122,50,71.2132034355964,0,5342.2409350122
44,370285,5460.23367651426,50,71.2132034355964,0,5460.23367651426
44,370286,5430.35460846631,50,71.2132034355964,0,5430.35460846631
44,370287,5400.47591598041,50,71.2132034355964,0,5400.47591598041
44,370288,5370.59760532079,50,71.2132034355964,0,5370.59760532079
44,370289,5340.71968290054,50,71.2132034355964,0,5340.71968290054
44,370290,5310.84215526935,50,71.2132034355964,0,5310.84215526935
44,370989,5429.02332667556,50,71.2132034355964,0,5429.02332667556
44,370990,5399.13710577594,50,71.2132034355964,0,5399.13710577594
44,370991,5369.25118389534,50,71.2132034355964,0,5369.25118389534
44,370992,5339.36556606082,50,71.2132034355964,0,5339.36556606082
44,370993,5309.48025740322,50,71.2132034355964,0,5309.48025740322
44,370994,5279.59526317763,50,71.2132034355964,0,5279.59526317763
44,371157,460.029264321623,50,71.2132034355964,0,460.029264321623
44,371158,434.35496846281,50,71.2132034355964,0,434.35496846281
44,371692,5427.85655508585,50,71.2132034355964,0,5427.85655508585
44,371693,5397.96371310095,50,71.2132034355964,0,5397.96371310095
44,371694,5368.07109736485,50,71.2132034355964,0,5368.07109736485
44,371695,5338.17871168369,50,71.2132034355964,0,5338.17871168369
44,371696,5308.28655994062,50,71.2132034355964,0,5308.28655994062
44,371697,5278.39464611526,50,71.2132034355964,0,5278.39464611526
44,371698,5248.50297426932,50,71.2132034355964,0,5248.50297426932
44,371859,472.815489905114,50,71.2132034355964,0,472.815489905114
44,371860,445.872273997593,50,71.2132034355964,0,445.872273997593
44,371861,419.331939934734,50,71.2132034355964,0,419.331939934734
44,372396,5396.95584585019,50,71.2132034355964,0,5396.95584585019
44,372397,5367.05745544811,50,71.2132034355964,0,5367.05745544811
44,372398,5337.15923135383,50,71.2132034355964,0,5337.15923135383
44,372399,5307.26117637539,50,71.2132034355964,0,5307.26117637539
44,372400,5277.36329339194,50,71.2132034355964,0,5277.36329339194
44,372401,5247.46558533919,50,71.2132034355964,0,5247.46558533919
44,372402,5217.56805522984,50,71.2132034355964,0,5217.56805522984
44,372563,433.320480638864,50,71.2132034355964,0,433.320480638864
44,372564,405.96022786086,50,71.2132034355964,0,405.96022786086
44,373100,5366.21035246572,50,71.2132034355964,0,5366.21035246572
44,373101,5336.30722100012,50,71.2132034355964,0,5336.30722100012
44,373102,5306.40420428013,50,71.2132034355964,0,5306.40420428013
44,373103,5276.50130426096,50,71.2132034355964,0,5276.50130426096
44,373104,5246.59852293409,50,71.2132034355964,0,5246.59852293409
44,373105,5216.69586234658,50,71.2132034355964,0,5216.69586234658
44,373151,3841.35277691169,50,71.2132034355964,0,3841.35277691169
44,373267,394.407823065712,50,71.2132034355964,0,394.407823065712
44,373276,171.530231956634,50,71.2132034355964,0,171.530231956634
44,373277,156.063116051521,50,71.2132034355964,0,156.063116051521
44,373278,145.183969713071,50,71.2132034355964,0,145.183969713071
44,373279,139.966735639671,50,71.2132034355964,0,139.966735639671
44,373803,5365.5298672969,50,71.2132034355964,0,5365.5298672969
44,373804,5335.62276084903,50,71.2132034355964,0,5335.62276084903
44,373805,5305.71572525907,50,71.2132034355964,0,5305.71572525907
44,373806,5275.80876173721,50,71.2132034355964,0,5275.80876173721
44,373807,5245.90187151158,50,71.2132034355964,0,5245.90187151158
44,373808,5215.99505584835,50,71.2132034355964,0,5215.99505584835
44,373809,5186.08831603658,50,71.2132034355964,0,5186.08831603658
44,373854,3840.39228160528,50,71.2132034355964,0,3840.39228160528
44,373855,3810.49118829835,50,71.2132034355964,0,3810.49118829835
44,373978,169.769651037204,50,71.2132034355964,0,169.769651037204
44,373979,148.206477965963,50,71.2132034355964,0,148.206477965963
44,373980,129.993109757149,50,71.2132034355964,0,129.993109757149
44,373981,116.708525109625,50,71.2132034355964,0,116.708525109625
44,373982,110.15068705342,50,71.2132034355964,0,110.15068705342
44,373983,111.512737654648,50,71.2132034355964,0,111.512737654648
44,374506,5365.01606334124,50,71.2132034355964,0,5365.01606334124
44,374507,5335.10591538737,50,71.2132034355964,0,5335.10591538737
44,374508,5305.19580491166,50,71.2132034355964,0,5305.19580491166
44,374509,5275.28573255576,50,71.2132034355964,0,5275.28573255576
44,374510,5245.37569896874,50,71.2132034355964,0,5245.37569896874
44,374511,5215.46570482228,50,71.2132034355964,0,5215.46570482228
44,374512,5185.55575079867,50,71.2132034355964,0,5185.55575079867
44,374513,5155.64583759408,50,71.2132034355964,0,5155.64583759408
44,374682,127.660069262208,50,71.2132034355964,0,127.660069262208
44,374683,105.972234636891,50,71.2132034355964,0,105.972234636891
44,374684,89.1782941182444,50,71.2132034355964,0,89.1782941182444
44,374685,80.4055605545218,50,71.2132034355964,0,80.4055605545218
44,375209,5364.66898849135,50,71.2132034355964,0,5364.66898849135
44,375210,5334.7567333318,50,71.2132034355964,0,5334.7567333318
44,375211,5304.84449279717,50,71.2132034355964,0,5304.84449279717
44,375212,5274.93226714003,50,71.2132034355964,0,5274.93226714003
44,375213,5245.02005661229,50,71.2132034355964,0,5245.02005661229
44,375214,5215.10786147887,50,71.2132034355964,0,5215.10786147887
44,375215,5185.19568200568,50,71.2132034355964,0,5185.19568200568
44,375216,5155.28351846359,50,71.2132034355964,0,5155.28351846359
44,375261,3809.25875412544,50,71.2132034355964,0,3809.25875412544
44,375262,3779.34778195386,50,71.2132034355964,0,3779.34778195386
44,375384,138.834678760034,50,71.2132034355964,0,138.834678760034
44,375385,111.437964776218,50,71.2132034355964,0,111.437964776218
44,375387,63.8282851650968,50,71.2132034355964,0,63.8282851650968
44,375388,50.8559535788496,50,71.2132034355964,0,50.8559535788496
44,375389,53.7424232975743,50,71.2132034355964,0,53.7424232975743
44,375912,5364.48867510875,50,71.2132034355964,0,5364.48867510875
44,375913,5334.57524760683,50,71.2132034355964,0,5334.57524760683
44,375914,5304.66182241547,50,71.2132034355964,0,5304.66182241547
44,375915,5274.74839957846,50,71.2132034355964,0,5274.74839957846
44,375916,5244.83497913273,50,71.2132034355964,0,5244.83497913273
44,375917,5214.92156112442,50,71.2132034355964,0,5214.92156112442
44,375918,5185.00814559444,50,71.2132034355964,0,5185.00814559444
44,375919,5155.09473258557,50,71.2132034355964,0,5155.09473258557
44,376086,160.723867791172,50,71.2132034355964,0,160.723867791172
44,376087,131.094718191272,50,71.2132034355964,0,131.094718191272
44,376088,101.632377909706,50,71.2132034355964,0,101.632377909706
44,376089,72.5403817415563,50,71.2132034355964,0,72.5403817415563
44,376090,44.550256667879,50,71.2132034355964,44,0
44,376091,22.2933935869676,50,71.2132034355964,44,0
44,376092,28.2651210570586,50,71.2132034355964,44,0
44,376617,5304.64781118828,50,71.2132034355964,0,5304.64781118828
44,376618,5274.73414760635,50,71.2132034355964,0,5274.73414760635
44,376619,5244.82048458597,50,71.2132034355964,0,5244.82048458597
44,376620,5214.90682214316,50,71.2132034355964,0,5214.90682214316
44,376621,5184.99316028635,50,71.2132034355964,0,5184.99316028635
44,376791,100.146163292952,50,71.2132034355964,0,100.146163292952
44,376792,70.4428386914791,50,71.2132034355964,0,70.4428386914791
44,376793,41.0462457234665,50,71.2132034355964,44,0
44,376794,14.0376749371609,50,71.2132034355964,44,0
44,376795,22.3378515450733,50,71.2132034355964,44,0
44,377320,5304.80246045258,50,71.2132034355964,0,5304.80246045258
44,377321,5274.88951259806,50,71.2132034355964,0,5274.88951259806
44,377322,5244.97657438683,50,71.2132034355964,0,5244.97657438683
44,377323,5215.06364599039,50,71.2132034355964,0,5215.06364599039
44,377324,5185.15072757698,50,71.2132034355964,0,5185.15072757698
44,377325,5155.23781931976,50,71.2132034355964,0,5155.23781931976
44,377326,5125.32492140089,50,71.2132034355964,0,5125.32492140089
44,377327,5095.41203400016,50,71.2132034355964,0,5095.41203400016
44,377328,5065.49915730772,50,71.2132034355964,0,5065.49915730772
44,378023,5305.12575545824,50,71.2132034355964,0,5305.12575545824
44,378024,5275.2144795678,50,71.2132034355964,0,5275.2144795678
44,378025,5245.30323330622,50,71.2132034355964,0,5245.30323330622
44,378026,5215.39201718931,50,71.2132034355964,0,5215.39201718931
44,378027,5185.48083173679,50,71.2132034355964,0,5185.48083173679
44,378028,5155.56967748189,50,71.2132034355964,0,5155.56967748189
44,378029,5125.65855497566,50,71.2132034355964,0,5125.65855497566
44,378030,5095.74746477336,50,71.2132034355964,0,5095.74746477336
44,378031,5065.83640745226,50,71.2132034355964,0,5065.83640745226
44,378032,5035.92538359584,50,71.2132034355964,0,5035.92538359584
44,378033,5006.01439380812,50,71.2132034355964,0,5006.01439380812
44,378726,5305.61766537644,50,71.2132034355964,0,5305.61766537644
44,378727,5275.70901717411,50,71.2132034355964,0,5275.70901717411
44,378728,5245.80042948008,50,71.2132034355964,0,5245.80042948008
44,378729,5215.89190333971,50,71.2132034355964,0,5215.89190333971
44,378730,5185.98343981859,50,71.2132034355964,0,5185.98343981859
44,378731,5156.07504000318,50,71.2132034355964,0,5156.07504000318
44,378732,5126.16670501469,50,71.2132034355964,0,5126.16670501469
44,378733,5096.25843599116,50,71.2132034355964,0,5096.25843599116
44,378734,5066.350234105,50,71.2132034355964,0,5066.350234105
44,378735,5036.44210055002,50,71.2132034355964,0,5036.44210055002
44,378736,5006.5340365552,50,71.2132034355964,0,5006.5340365552
44,378737,4976.62604337218,50,71.2132034355964,0,4976.62604337218
44,379430,5276.37307773719,50,71.2132034355964,0,5276.37307773719
44,379431,5246.46811442368,50,71.2132034355964,0,5246.46811442368
44,379432,5216.56325513587,50,71.2132034355964,0,5216.56325513587
44,379433,5186.65850167258,50,71.2132034355964,0,5186.65850167258
44,379434,5156.75385587334,50,71.2132034355964,0,5156.75385587334
44,379435,5126.84931962699,50,71.2132034355964,0,5126.84931962699
44,379436,5096.94489485912,50,71.2132034355964,0,5096.94489485912
44,379437,5067.04058354775,50,71.2132034355964,0,5067.04058354775
44,379438,5037.13638771092,50,71.2132034355964,0,5037.13638771092
44,379439,5007.23230942263,50,71.2132034355964,0,5007.23230942263
44,379440,4977.32835079814,50,71.2132034355964,0,4977.32835079814
44,379441,4947.42451401171,50,71.2132034355964,0,4947.42451401171
44,379442,4917.52080128532,50,71.2132034355964,0,4917.52080128532
44,379443,4887.61721489555,50,71.2132034355964,0,4887.61721489555
44,380134,5247.3062230566,50,71.2132034355964,0,5247.3062230566
44,380135,5217.40600638631,50,71.2132034355964,0,5217.40600638631
44,380136,5187.50594997408,50,71.2132034355964,0,5187.50594997408
44,380137,5157.60605660487,50,71.2132034355964,0,5157.60605660487
44,380138,5127.70632913695,50,71.2132034355964,0,5127.70632913695
44,380139,5097.80677048546,50,71.2132034355964,0,5097.80677048546
44,380140,5067.9073836432,50,71.2132034355964,0,5067.9073836432
44,380141,5038.00817166656,50,71.2132034355964,0,5038.00817166656
44,380142,5008.10913769187,50,71.2132034355964,0,5008.10913769187
44,380143,4978.2102849238,50,71.2132034355964,0,4978.2102849238
44,380144,4948.31161665089,50,71.2132034355964,0,4948.31161665089
44,380145,4918.41313623723,50,71.2132034355964,0,4918.41313623723
44,380146,4888.51484712896,50,71.2132034355964,0,4888.51484712896
44,380147,4858.61675286209,50,71.2132034355964,0,4858.61675286209
44,380148,4828.71885705261,50,71.2132034355964,0,4828.71885705261
44,380837,5248.31467373311,50,71.2132034355964,0,5248.31467373311
44,380838,5218.4200740508,50,71.2132034355964,0,5218.4200740508
44,380839,5188.52570025395,50,71.2132034355964,0,5188.52570025395
44,380840,5158.63155626954,50,71.2132034355964,0,5158.63155626954
44,380841,5128.73764612046,50,71.2132034355964,0,5128.73764612046
44,380842,5098.84397391594,50,71.2132034355964,0,5098.84397391594
44,380843,5068.95054387099,50,71.2132034355964,0,5068.95054387099
44,380844,5039.05736029239,50,71.2132034355964,0,5039.05736029239
44,380845,5009.16442759773,50,71.2132034355964,0,5009.16442759773
44,380846,4979.2717503023,50,71.2132034355964,0,4979.2717503023
44,380847,4949.37933303756,50,71.2132034355964,0,4949.37933303756
44,380848,4919.48718054348,50,71.2132034355964,0,4919.48718054348
44,380849,4889.59529767489,50,71.2132034355964,0,4889.59529767489
44,380850,4859.7036894118,50,71.2132034355964,0,4859.7036894118
44,380851,4829.81236084965,50,71.2132034355964,0,4829.81236084965
44,380852,4799.92131721838,50,71.2132034355964,0,4799.92131721838
44,381523,5757.63127860185,50,71.2132034355964,0,5757.63127860185
44,381524,5727.73882445126,50,71.2132034355964,0,5727.73882445126
44,381540,5249.49336828355,50,71.2132034355964,0,5249.49336828355
44,381541,5219.6053582786,50,71.2132034355964,0,5219.6053582786
44,381542,5189.71765094446,50,71.2132034355964,0,5189.71765094446
44,381543,5159.8302515392,50,71.2132034355964,0,5159.8302515392
44,381544,5129.94316544957,50,71.2132034355964,0,5129.94316544957
44,381545,5100.05639818093,50,71.2132034355964,0,5100.05639818093
44,381546,5070.16995537569,50,71.2132034355964,0,5070.16995537569
44,381547,5040.28384280309,50,71.2132034355964,0,5040.28384280309
44,381548,5010.3980663768,50,71.2132034355964,0,5010.3980663768
44,381549,4980.51263214589,50,71.2132034355964,0,4980.51263214589
44,381550,4950.62754631096,50,71.2132034355964,0,4950.62754631096
44,381551,4920.7428152193,50,71.2132034355964,0,4920.7428152193
44,381552,4890.85844537259,50,71.2132034355964,0,4890.85844537259
44,381553,4860.97444343843,50,71.2132034355964,0,4860.97444343843
44,381554,4831.09081624112,50,71.2132034355964,0,4831.09081624112
44,381555,4801.20757078238,50,71.2132034355964,0,4801.20757078238
44,381556,4771.32471423216,50,71.2132034355964,0,4771.32471423216
44,382226,5758.86369974763,50,71.2132034355964,0,5758.86369974763
44,382227,5728.97751499242,50,71.2132034355964,0,5728.97751499242
44,382228,5699.09162582798,50,71.2132034355964,0,5699.09162582798
44,382244,5220.96174245928,50,71.2132034355964,0,5220.96174245928
44,382245,5191.08168342549,50,71.2132034355964,0,5191.08168342549
44,382246,5161.20202173888,50,71.2132034355964,0,5161.20202173888
44,382247,5131.32276434712,50,71.2132034355964,0,5131.32276434712
44,382248,5101.44391834982,50,71.2132034355964,0,5101.44391834982
44,382249,5071.56549102327,50,71.2132034355964,0,5071.56549102327
44,382250,5041.68748980837,50,71.2132034355964,0,5041.68748980837
44,382251,5011.80992233036,50,71.2132034355964,0,5011.80992233036
44,382252,4981.93279639002,50,71.2132034355964,0,4981.93279639002
44,382253,4952.05611998309,50,71.2132034355964,0,4952.05611998309
44,382254,4922.17990129514,50,71.2132034355964,0,4922.17990129514
44,382255,4892.30414871034,50,71.2132034355964,0,4892.30414871034
44,382256,4862.42887082497,50,71.2132034355964,0,4862.42887082497
44,382257,4832.55407643976,50,71.2132034355964,0,4832.55407643976
44,382258,4802.67977458225,50,71.2132034355964,0,4802.67977458225
44,382948,5192.61766208537,50,71.2132034355964,0,5192.61766208537
44,382949,5162.74672890824,50,71.2132034355964,0,5162.74672890824
44,382950,5132.87630244653,50,71.2132034355964,0,5132.87630244653
44,382951,5103.00639159548,50,71.2132034355964,0,5103.00639159548
44,382952,5073.13700546715,50,71.2132034355964,0,5073.13700546715
44,382953,5043.26815338244,50,71.2132034355964,0,5043.26815338244
44,382954,5013.39984489062,50,71.2132034355964,0,5013.39984489062
44,382955,4983.53208976312,50,71.2132034355964,0,4983.53208976312
44,382956,4953.66489801343,50,71.2132034355964,0,4953.66489801343
44,382957,4923.79827989299,50,71.2132034355964,0,4923.79827989299
44,382958,4893.93224590316,50,71.2132034355964,0,4893.93224590316
44,382959,4864.06680680822,50,71.2132034355964,0,4864.06680680822
44,382960,4834.20197363099,50,71.2132034355964,0,4834.20197363099
44,382961,4804.33775767556,50,71.2132034355964,0,4804.33775767556
44,383047,2241.03261036406,50,71.2132034355964,0,2241.03261036406
44,383118,296.4000459117,50,71.2132034355964,0,296.4000459117
44,383119,287.725010267106,50,71.2132034355964,0,287.725010267106
44,383652,5164.46421786893,50,71.2132034355964,0,5164.46421786893
44,383653,5134.60362186638,50,71.2132034355964,0,5134.60362186638
44,383654,5104.74365726791,50,71.2132034355964,0,5104.74365726791
44,383655,5074.88433522441,50,71.2132034355964,0,5074.88433522441
44,383656,5045.02566714158,50,71.2132034355964,0,5045.02566714158
44,383657,5015.16766470455,50,71.2132034355964,0,5015.16766470455
44,383658,4985.31033987129,50,71.2132034355964,0,4985.31033987129
44,383659,4955.45370489279,50,71.2132034355964,0,4955.45370489279
44,383660,4925.59777231376,50,71.2132034355964,0,4925.59777231376
44,383661,4895.74255498337,50,71.2132034355964,0,4895.74255498337
44,383662,4865.88806607223,50,71.2132034355964,0,4865.88806607223
44,383663,4836.03431906709,50,71.2132034355964,0,4836.03431906709
44,383664,4806.18132779789,50,71.2132034355964,0,4806.18132779789
44,383694,3911.0288321863,50,71.2132034355964,0,3911.0288321863
44,383695,3881.20857615992,50,71.2132034355964,0,3881.20857615992
44,383749,2274.59394302654,50,71.2132034355964,0,2274.59394302654
44,383750,2244.96052025109,50,71.2132034355964,0,2244.96052025109
44,383751,2215.3346534232,50,71.2132034355964,0,2215.3346534232
44,383820,335.118078853796,50,71.2132034355964,0,335.118078853796
44,383821,324.726094371475,50,71.2132034355964,0,324.726094371475
44,383822,316.827561048962,50,71.2132034355964,0,316.827561048962
44,383823,311.612143535994,50,71.2132034355964,0,311.612143535994
44,384356,5136.50454728694,50,71.2132034355964,0,5136.50454728694
44,384357,5106.65553697597,50,71.2132034355964,0,5106.65553697597
44,384358,5076.80729875847,50,71.2132034355964,0,5076.80729875847
44,384359,5046.95984633117,50,71.2132034355964,0,5046.95984633117
44,384360,5017.11319372216,50,71.2132034355964,0,5017.11319372216
44,384361,4987.26735528859,50,71.2132034355964,0,4987.26735528859
44,384362,4957.42234573968,50,71.2132034355964,0,4957.42234573968
44,384363,4927.57818013571,50,71.2132034355964,0,4927.57818013571
44,384364,4897.7348739034,50,71.2132034355964,0,4897.7348739034
44,384365,4867.89244285273,50,71.2132034355964,0,4867.89244285273
44,384366,4838.05090317611,50,71.2132034355964,0,4838.05090317611
44,384367,4808.21027147472,50,71.2132034355964,0,4808.21027147472
44,384368,4778.37056475627,50,71.2132034355964,0,4778.37056475627
44,384396,3943.3195616288,50,71.2132034355964,0,3943.3195616288
44,384397,3913.51653052926,50,71.2132034355964,0,3913.51653052926
44,384398,3883.71521496849,50,71.2132034355964,0,3883.71521496849
44,384399,3853.91565474869,50,71.2132034355964,0,3853.91565474869
44,384452,2278.85679582961,50,71.2132034355964,0,2278.85679582961
44,384453,2249.27937520407,50,71.2132034355964,0,2249.27937520407
44,384454,2219.71099166129,50,71.2132034355964,0,2219.71099166129
44,384524,353.313570433048,50,71.2132034355964,0,353.313570433048
44,384525,346.068084174766,50,71.2132034355964,0,346.068084174766
44,384526,341.299759482477,50,71.2132034355964,0,341.299759482477
44,384527,339.113107778204,50,71.2132034355964,0,339.113107778204
44,385059,5138.57888604034,50,71.2132034355964,0,5138.57888604034
44,385060,5108.74183467838,50,71.2132034355964,0,5108.74183467838
44,385061,5078.90569657625,50,71.2132034355964,0,5078.90569657625
44,385062,5049.07048792164,50,71.2132034355964,0,5049.07048792164
44,385063,5019.23622529445,50,71.2132034355964,0,5019.23622529445
44,385064,4989.40292566146,50,71.2132034355964,0,4989.40292566146
44,385065,4959.57060640528,50,71.2132034355964,0,4959.57060640528
44,385066,4929.73928532339,50,71.2132034355964,0,4929.73928532339
44,385067,4899.90898064533,50,71.2132034355964,0,4899.90898064533
44,385068,4870.07971105359,50,71.2132034355964,0,4870.07971105359
44,385069,4840.25149568187,50,71.2132034355964,0,4840.25149568187
44,385070,4810.42435414519,50,71.2132034355964,0,4810.42435414519
44,385071,4780.59830654154,50,71.2132034355964,0,4780.59830654154
44,385072,4750.77337347838,50,71.2132034355964,0,4750.77337347838
44,385100,3916.231113784,50,71.2132034355964,0,3916.231113784
44,385101,3886.45045299854,50,71.2132034355964,0,3886.45045299854
44,385102,3856.67186664428,50,71.2132034355964,0,3856.67186664428
44,385155,2283.50353177049,50,71.2132034355964,0,2283.50353177049
44,385156,2253.9869279604,50,71.2132034355964,0,2253.9869279604
44,385157,2224.4809596419,50,71.2132034355964,0,2224.4809596419
44,385158,2194.98605571903,50,71.2132034355964,0,2194.98605571903
44,385159,2165.50266829269,50,71.2132034355964,0,2165.50266829269
44,385228,375.414341581216,50,71.2132034355964,0,375.414341581216
44,385229,371.023337787395,50,71.2132034355964,0,371.023337787395
44,385230,369.012849679474,50,71.2132034355964,0,369.012849679474
44,385763,5111.00233678392,50,71.2132034355964,0,5111.00233678392
44,385764,5081.17931132674,50,71.2132034355964,0,5081.17931132674
44,385765,5051.35737071642,50,71.2132034355964,0,5051.35737071642
44,385766,5021.53653428578,50,71.2132034355964,0,5021.53653428578
44,385767,4991.71682182063,50,71.2132034355964,0,4991.71682182063
44,385768,4961.89825358962,50,71.2132034355964,0,4961.89825358962
44,385769,4932.08085034595,50,71.2132034355964,0,4932.08085034595
44,385770,4902.26463334606,50,71.2132034355964,0,4902.26463334606
44,385771,4872.44962437113,50,71.2132034355964,0,4872.44962437113
44,385772,4842.63584573223,50,71.2132034355964,0,4842.63584573223
44,385773,4812.823320297,50,71.2132034355964,0,4812.823320297
44,385774,4783.01207149714,50,71.2132034355964,0,4783.01207149714
44,385775,4753.20212335768,50,71.2132034355964,0,4753.20212335768
44,385804,3889.41380796227,50,71.2132034355964,0,3889.41380796227
44,385805,3859.65792439398,50,71.2132034355964,0,3859.65792439398
44,385806,3829.90451617435,50,71.2132034355964,0,3829.90451617435
44,385807,3800.1536414513,50,71.2132034355964,0,3800.1536414513
44,385858,2288.53181248984,50,71.2132034355964,0,2288.53181248984
44,385859,2259.08074857404,50,71.2132034355964,0,2259.08074857404
44,385860,2229.64203104107,50,71.2132034355964,0,2229.64203104107
44,385861,2200.21615547435,50,71.2132034355964,0,2200.21615547435
44,385862,2170.80364410236,50,71.2132034355964,0,2170.80364410236
44,385863,2141.40504760272,50,71.2132034355964,0,2141.40504760272
44,385864,2112.02094704921,50,71.2132034355964,0,2112.02094704921
44,385865,2082.65195601009,50,71.2132034355964,0,2082.65195601009
44,386467,5083.62790791765,50,71.2132034355964,0,5083.62790791765
44,386468,5053.82025546471,50,71.2132034355964,0,5053.82025546471
44,386469,5024.01387718932,50,71.2132034355964,0,5024.01387718932
44,386470,4994.20879590193,50,71.2132034355964,0,4994.20879590193
44,386471,4964.40503496733,50,71.2132034355964,0,4964.40503496733
44,386472,4934.60261830867,50,71.2132034355964,0,4934.60261830867
44,386473,4904.80157042915,50,71.2132034355964,0,4904.80157042915
44,386474,4875.00191643507,50,71.2132034355964,0,4875.00191643507
44,386475,4845.20368204313,50,71.2132034355964,0,4845.20368204313
44,386476,4815.4068936107,50,71.2132034355964,0,4815.4068936107
44,386477,4785.6115781446,50,71.2132034355964,0,4785.6115781446
44,386478,4755.81776333446,50,71.2132034355964,0,4755.81776333446
44,386508,3862.87329497418,50,71.2132034355964,0,3862.87329497418
44,386509,3833.14468455639,50,71.2132034355964,0,3833.14468455639
44,386510,3803.41899454049,50,71.2132034355964,0,3803.41899454049
44,386558,2382.16157028476,50,71.2132034355964,0,2382.16157028476
44,386563,2235.19149667849,50,71.2132034355964,0,2235.19149667849
44,386564,2205.83949331905,50,71.2132034355964,0,2205.83949331905
44,386565,2176.50281635113,50,71.2132034355964,0,2176.50281635113
44,386566,2147.18209398121,50,71.2132034355964,0,2147.18209398121
44,386567,2117.87798885841,50,71.2132034355964,0,2117.87798885841
44,386568,2088.5912004297,50,71.2132034355964,0,2088.5912004297
44,386569,2059.32246750924,50,71.2132034355964,0,2059.32246750924
44,386570,2030.07257104759,50,71.2132034355964,0,2030.07257104759
44,387158,5443.86427641355,50,71.2132034355964,0,5443.86427641355
44,387171,5056.45888498679,50,71.2132034355964,0,5056.45888498679
44,387172,5026.6679922574,50,71.2132034355964,0,5026.6679922574
44,387173,4996.8785814805,50,71.2132034355964,0,4996.8785814805
44,387175,4937.30431309202,50,71.2132034355964,0,4937.30431309202
44,387176,4907.5195107511,50,71.2132034355964,0,4907.5195107511
44,387177,4877.73630095461,50,71.2132034355964,0,4877.73630095461
44,387178,4847.95471305118,50,71.2132034355964,0,4847.95471305118
44,387179,4818.17477711984,50,71.2132034355964,0,4818.17477711984
44,387180,4788.39652397975,50,71.2132034355964,0,4788.39652397975
44,387212,3836.61532288535,50,71.2132034355964,0,3836.61532288535
44,387260,2417.09679548507,50,71.2132034355964,0,2417.09679548507
44,387261,2387.73202616686,50,71.2132034355964,0,2387.73202616686
44,387262,2358.38108545734,50,71.2132034355964,0,2358.38108545734
44,387263,2329.04449617304,50,71.2132034355964,0,2329.04449617304
44,387264,2299.72280753691,50,71.2132034355964,0,2299.72280753691
44,387265,2270.41659685905,50,71.2132034355964,0,2270.41659685905
44,387266,2241.12647133781,50,71.2132034355964,0,2241.12647133781
44,387267,2211.85306999209,50,71.2132034355964,0,2211.85306999209
44,387268,2182.59706574301,50,71.2132034355964,0,2182.59706574301
44,387269,2153.35916767325,50,71.2132034355964,0,2153.35916767325
44,387270,2124.14012345798,50,71.2132034355964,0,2124.14012345798
44,387271,2094.94072198492,50,71.2132034355964,0,2094.94072198492
44,387272,2065.76179620353,50,71.2132034355964,0,2065.76179620353
44,387273,2036.60422619463,50,71.2132034355964,0,2036.60422619463
44,387274,2007.46894250611,50,71.2132034355964,0,2007.46894250611
44,387275,1978.35692977272,50,71.2132034355964,0,1978.35692977272
44,387276,1949.26923064166,50,71.2132034355964,0,1949.26923064166
44,387860,5476.275300819,50,71.2132034355964,0,5476.275300819
44,387861,5446.48022142859,50,71.2132034355964,0,5446.48022142859
44,387862,5416.68646396083,50,71.2132034355964,0,5416.68646396083
44,387875,5029.49859963677,50,71.2132034355964,0,5029.49859963677
44,387878,4940.18563949886,50,71.2132034355964,0,4940.18563949886
44,387879,4910.418153753,50,71.2132034355964,0,4910.418153753
44,387881,4850.8886270762,50,71.2132034355964,0,4850.8886270762
44,387882,4821.12665337773,50,71.2132034355964,0,4821.12665337773
44,387883,4791.3665856465,50,71.2132034355964,0,4791.3665856465
44,387884,4761.60845962488,50,71.2132034355964,0,4761.60845962488
44,387903,4196.62791165501,50,71.2132034355964,0,4196.62791165501
44,387904,4166.91774413614,50,71.2132034355964,0,4166.91774413614
44,387905,4137.21052868315,50,71.2132034355964,0,4137.21052868315
44,387906,4107.50632934455,50,71.2132034355964,0,4107.50632934455
44,387961,2481.58697099173,50,71.2132034355964,0,2481.58697099173
44,387963,2422.95636620426,50,71.2132034355964,0,2422.95636620426
44,387964,2393.66332304233,50,71.2132034355964,0,2393.66332304233
44,387965,2364.385854862,50,71.2132034355964,0,2364.385854862
44,387966,2335.12454749931,50,71.2132034355964,0,2335.12454749931
44,387967,2305.88001618913,50,71.2132034355964,0,2305.88001618913
44,387968,2276.65290741622,50,71.2132034355964,0,2276.65290741622
44,387969,2247.44390090265,50,71.2132034355964,0,2247.44390090265
44,387970,2218.25371173949,50,71.2132034355964,0,2218.25371173949
44,387971,2189.08309268181,50,71.2132034355964,0,2189.08309268181
44,387972,2159.93283663208,50,71.2132034355964,0,2159.93283663208
44,387973,2130.8037793164,50,71.2132034355964,0,2130.8037793164
44,387974,2101.69680216308,50,71.2132034355964,0,2101.69680216308
44,387975,2072.61283543141,50,71.2132034355964,0,2072.61283543141
44,387976,2043.55286157833,50,71.2132034355964,0,2043.55286157833
44,387977,2014.5179189151,50,71.2132034355964,0,2014.5179189151
44,387978,1985.50910556904,50,71.2132034355964,0,1985.50910556904
44,387979,1956.52758377687,50,71.2132034355964,0,1956.52758377687
44,387980,1927.57458454215,50,71.2132034355964,0,1927.57458454215
44,388564,5449.25909990711,50,71.2132034355964,0,5449.25909990711
44,388565,5419.4804589062,50,71.2132034355964,0,5419.4804589062
44,388566,5389.7033290325,50,71.2132034355964,0,5389.7033290325
44,388582,4913.49717962625,50,71.2132034355964,0,4913.49717962625
44,388584,4854.00509249774,50,71.2132034355964,0,4854.00509249774
44,388585,4824.26218463957,50,71.2132034355964,0,4824.26218463957
44,388586,4794.52141912461,50,71.2132034355964,0,4794.52141912461
44,388587,4764.78283607409,50,71.2132034355964,0,4764.78283607409
44,388588,4735.04647660685,50,71.2132034355964,0,4735.04647660685
44,388603,4289.29935464442,50,71.2132034355964,0,4289.29935464442
44,388604,4259.60512283893,50,71.2132034355964,0,4259.60512283893
44,388606,4200.22606212985,50,71.2132034355964,0,4200.22606212985
44,388607,4170.54136710353,50,71.2132034355964,0,4170.54136710353
44,388608,4140.85998807095,50,71.2132034355964,0,4140.85998807095
44,388609,4111.18199685033,50,71.2132034355964,0,4111.18199685033
44,388610,4081.5074673469,50,71.2132034355964,0,4081.5074673469
44,388611,4051.83647561765,50,71.2132034355964,0,4051.83647561765
44,388661,2575.49723053691,50,71.2132034355964,0,2575.49723053691
44,388662,2546.2016130384,50,71.2132034355964,0,2546.2016130384
44,388663,2516.92056859594,50,71.2132034355964,0,2516.92056859594
44,388664,2487.65461181323,50,71.2132034355964,0,2487.65461181323
44,388665,2458.4042815191,50,71.2132034355964,0,2458.4042815191
44,388667,2399.95278554153,50,71.2132034355964,0,2399.95278554153
44,388668,2370.75283202529,50,71.2132034355964,0,2370.75283202529
44,388669,2341.57093272323,50,71.2132034355964,0,2341.57093272323
44,388670,2312.40777115095,50,71.2132034355964,0,2312.40777115095
44,388671,2283.26406529414,50,71.2132034355964,0,2283.26406529414
44,388672,2254.14056978325,50,71.2132034355964,0,2254.14056978325
44,388673,2225.03807821947,50,71.2132034355964,0,2225.03807821947
44,388674,2195.95742568262,50,71.2132034355964,0,2195.95742568262
44,388675,2166.89949143752,50,71.2132034355964,0,2166.89949143752
44,388676,2137.86520185148,50,71.2132034355964,0,2137.86520185148
44,388677,2108.8555335275,50,71.2132034355964,0,2108.8555335275
44,388678,2079.87151670791,50,71.2132034355964,0,2079.87151670791
44,388679,2050.91423893245,50,71.2132034355964,0,2050.91423893245
44,388680,2021.98484900721,50,71.2132034355964,0,2021.98484900721
44,388681,1993.08456130149,50,71.2132034355964,0,1993.08456130149
44,388682,1964.21466039678,50,71.2132034355964,0,1964.21466039678
44,388683,1935.37650612713,50,71.2132034355964,0,1935.37650612713
44,388684,1906.57153905922,50,71.2132034355964,0,1906.57153905922
44,388685,1877.80128644598,50,71.2132034355964,0,1877.80128644598
44,388686,1849.06736868585,50,71.2132034355964,0,1849.06736868585
44,388687,1820.3715063841,50,71.2132034355964,0,1820.3715063841
44,388688,1791.71552801105,50,71.2132034355964,0,1791.71552801105
44,388689,1763.10137828821,50,71.2132034355964,0,1763.10137828821
44,389268,5422.43801561482,50,71.2132034355964,0,5422.43801561482
44,389269,5392.67705628996,50,71.2132034355964,0,5392.67705628996
44,389270,5362.9178128447,50,71.2132034355964,0,5362.9178128447
44,389271,5333.16031400086,50,71.2132034355964,0,5333.16031400086
44,389286,4887.02885094814,50,71.2132034355964,0,4887.02885094814
44,389287,4857.30375793892,50,71.2132034355964,0,4857.30375793892
44,389288,4827.58101305179,50,71.2132034355964,0,4827.58101305179
44,389289,4797.86065992371,50,71.2132034355964,0,4797.86065992371
44,389290,4768.14274328343,50,71.2132034355964,0,4768.14274328343
44,389291,4738.42730897228,50,71.2132034355964,0,4738.42730897228
44,389292,4708.7144039865,50,71.2132034355964,0,4708.7144039865
44,389293,4679.00407651556,50,71.2132034355964,0,4679.00407651556
44,389306,4293.02871597971,50,71.2132034355964,0,4293.02871597971
44,389307,4263.36029914689,50,71.2132034355964,0,4263.36029914689
44,389308,4233.6953549335,50,71.2132034355964,0,4233.6953549335
44,389309,4204.03395685462,50,71.2132034355964,0,4204.03395685462
44,389310,4174.37618050076,50,71.2132034355964,0,4174.37618050076
44,389311,4144.72210362266,50,71.2132034355964,0,4144.72210362266
44,389312,4115.07180619443,50,71.2132034355964,0,4115.07180619443
44,389313,4085.42537050916,50,71.2132034355964,0,4085.42537050916
44,389314,4055.7828812504,50,71.2132034355964,0,4055.7828812504
44,389315,4026.14442558735,50,71.2132034355964,0,4026.14442558735
44,389365,2552.46649441088,50,71.2132034355964,0,2552.46649441088
44,389366,2523.2579936465,50,71.2132034355964,0,2523.2579936465
44,389367,2494.06624495093,50,71.2132034355964,0,2494.06624495093
44,389372,2348.38063504961,50,71.2132034355964,0,2348.38063504961
44,389373,2319.30294367967,50,71.2132034355964,0,2319.30294367967
44,389374,2290.24682432842,50,71.2132034355964,0,2290.24682432842
44,389375,2261.21310858746,50,71.2132034355964,0,2261.21310858746
44,389376,2232.20267065419,50,71.2132034355964,0,2232.20267065419
44,389377,2203.21643004633,50,71.2132034355964,0,2203.21643004633
44,389378,2174.25535452828,50,71.2132034355964,0,2174.25535452828
44,389379,2145.32046326406,50,71.2132034355964,0,2145.32046326406
44,389383,2029.86512041565,50,71.2132034355964,0,2029.86512041565
44,389384,2001.07848976035,50,71.2132034355964,0,2001.07848976035
44,389385,1972.32544769857,50,71.2132034355964,0,1972.32544769857
44,389386,1943.6074849237,50,71.2132034355964,0,1943.6074849237
44,389387,1914.92617967796,50,71.2132034355964,0,1914.92617967796
44,389388,1886.28320412057,50,71.2132034355964,0,1886.28320412057
44,389389,1857.68033122873,50,71.2132034355964,0,1857.68033122873
44,389390,1829.11944232636,50,71.2132034355964,0,1829.11944232636
44,389391,1800.60253524373,50,71.2132034355964,0,1800.60253524373
44,389392,1772.13173323039,50,71.2132034355964,0,1772.13173323039
44,389393,1743.70929466324,50,71.2132034355964,0,1743.70929466324
44,389972,5395.81496022557,50,71.2132034355964,0,5395.81496022557
44,389973,5366.0729587144,50,71.2132034355964,0,5366.0729587144
44,389974,5336.33289392006,50,71.2132034355964,0,5336.33289392006
44,389975,5306.59479840948,50,71.2132034355964,0,5306.59479840948
44,389989,4890.48834976257,50,71.2132034355964,0,4890.48834976257
44,389990,4860.78425246141,50,71.2132034355964,0,4860.78425246141
44,389991,4831.08276085255,50,71.2132034355964,0,4831.08276085255
44,389992,4801.38392329166,50,71.2132034355964,0,4801.38392329166
44,389993,4771.68778933771,50,71.2132034355964,0,4771.68778933771
44,389994,4741.99440978303,50,71.2132034355964,0,4741.99440978303
44,389995,4712.30383669603,50,71.2132034355964,0,4712.30383669603
44,389996,4682.61612346455,50,71.2132034355964,0,4682.61612346455
44,389997,4652.93132482704,50,71.2132034355964,0,4652.93132482704
44,390009,4296.96306150874,50,71.2132034355964,0,4296.96306150874
44,390010,4267.32183827776,50,71.2132034355964,0,4267.32183827776
44,390011,4237.68446612765,50,71.2132034355964,0,4237.68446612765
44,390012,4208.05102643285,50,71.2132034355964,0,4208.05102643285
44,390013,4178.4216028576,50,71.2132034355964,0,4178.4216028576
44,390014,4148.79628145264,50,71.2132034355964,0,4148.79628145264
44,390015,4119.17515072349,50,71.2132034355964,0,4119.17515072349
44,390016,4089.55830173491,50,71.2132034355964,0,4089.55830173491
44,390017,4059.94582818972,50,71.2132034355964,0,4059.94582818972
44,390018,4030.33782653634,50,71.2132034355964,0,4030.33782653634
44,390019,4000.73439605806,50,71.2132034355964,0,4000.73439605806
44,390020,3971.1356389838,50,71.2132034355964,0,3971.1356389838
44,390021,3941.54166060187,50,71.2132034355964,0,3941.54166060187
44,390022,3911.95256936171,50,71.2132034355964,0,3911.95256936171
44,390080,2210.85631674954,50,71.2132034355964,0,2210.85631674954
44,390081,2181.9964896556,50,71.2132034355964,0,2181.9964896556
44,390082,2153.1654725973,50,71.2132034355964,0,2153.1654725973
44,390083,2124.36443856769,50,71.2132034355964,0,2124.36443856769
44,390085,2066.85733195924,50,71.2132034355964,0,2066.85733195924
44,390086,2038.15393874591,50,71.2132034355964,0,2038.15393874591
44,390087,2009.48589677716,50,71.2132034355964,0,2009.48589677716
44,390088,1980.85474092483,50,71.2132034355964,0,1980.85474092483
44,390092,1866.73289080648,50,71.2132034355964,0,1866.73289080648
44,390093,1838.31249814294,50,71.2132034355964,0,1838.31249814294
44,390094,1809.94028631575,50,71.2132034355964,0,1809.94028631575
44,390095,1781.61855716021,50,71.2132034355964,0,1781.61855716021
44,390096,1753.34975700905,50,71.2132034355964,0,1753.34975700905
44,390676,5369.39288209451,50,71.2132034355964,0,5369.39288209451
44,390677,5339.67114790408,50,71.2132034355964,0,5339.67114790408
44,390678,5309.95158792781,50,71.2132034355964,0,5309.95158792781
44,390679,5280.23423887518,50,71.2132034355964,0,5280.23423887518
44,390692,4894.12821670184,50,71.2132034355964,0,4894.12821670184
44,390693,4864.44618577049,50,71.2132034355964,0,4864.44618577049
44,390694,4834.76703058612,50,71.2132034355964,0,4834.76703058612
44,390695,4805.0908044329,50,71.2132034355964,0,4805.0908044329
44,390696,4775.41756192188,50,71.2132034355964,0,4775.41756192188
44,390697,4745.74735901795,50,71.2132034355964,0,4745.74735901795
44,390698,4716.0802530902,50,71.2132034355964,0,4716.0802530902
44,390699,4686.41630295848,50,71.2132034355964,0,4686.41630295848
44,390700,4656.7555689277,50,71.2132034355964,0,4656.7555689277
44,390701,4627.09811285102,50,71.2132034355964,0,4627.09811285102
44,390712,4301.1018287163,50,71.2132034355964,0,4301.1018287163
44,390713,4271.48916606556,50,71.2132034355964,0,4271.48916606556
44,390714,4241.88075077734,50,71.2132034355964,0,4241.88075077734
44,390715,4212.27667242086,50,71.2132034355964,0,4212.27667242086
44,390716,4182.67702308112,50,71.2132034355964,0,4182.67702308112
44,390717,4153.08189746173,50,71.2132034355964,0,4153.08189746173
44,390719,4093.90560979051,50,71.2132034355964,0,4093.90560979051
44,390720,4064.32465105014,50,71.2132034355964,0,4064.32465105014
44,390721,4034.74862285581,50,71.2132034355964,0,4034.74862285581
44,390722,4005.17763443556,50,71.2132034355964,0,4005.17763443556
44,390723,3975.61179824745,50,71.2132034355964,0,3975.61179824745
44,390724,3946.05123010506,50,71.2132034355964,0,3946.05123010506
44,390725,3916.49604929052,50,71.2132034355964,0,3916.49604929052
44,390785,2161.39598596505,50,71.2132034355964,0,2161.39598596505
44,390786,2132.70594816665,50,71.2132034355964,0,2132.70594816665
44,390787,2104.05003936037,50,71.2132034355964,0,2104.05003936037
44,390788,2075.42967322478,50,71.2132034355964,0,2075.42967322478
44,390789,2046.84634070437,50,71.2132034355964,0,2046.84634070437
44,390790,2018.30161521897,50,71.2132034355964,0,2018.30161521897
44,390791,1989.7971582894,50,71.2132034355964,0,1989.7971582894
44,390792,1961.33472560785,50,71.2132034355964,0,1961.33472560785
44,390793,1932.91617361126,50,71.2132034355964,0,1932.91617361126
44,390797,1819.72184237804,50,71.2132034355964,0,1819.72184237804
44,390798,1791.55459866831,50,71.2132034355964,0,1791.55459866831
44,391380,5343.17476542754,50,71.2132034355964,0,5343.17476542754
44,391381,5313.47464197283,50,71.2132034355964,0,5313.47464197283
44,391382,5283.77694744738,50,71.2132034355964,0,5283.77694744738
44,391383,5254.08172304219,50,71.2132034355964,0,5254.08172304219
44,391384,5224.38901087738,50,71.2132034355964,0,5224.38901087738
44,391385,5194.69885403103,50,71.2132034355964,0,5194.69885403103
44,391398,4808.98087873612,50,71.2132034355964,0,4808.98087873612
44,391399,4779.3316285556,50,71.2132034355964,0,4779.3316285556
44,391400,4749.68571613342,50,71.2132034355964,0,4749.68571613342
44,391401,4720.04320436213,50,71.2132034355964,0,4720.04320436213
44,391402,4690.40415772005,50,71.2132034355964,0,4690.40415772005
44,391403,4660.76864231064,50,71.2132034355964,0,4660.76864231064
44,391404,4631.13672593034,50,71.2132034355964,0,4631.13672593034
44,391415,4305.44442807811,50,71.2132034355964,0,4305.44442807811
44,391416,4275.86168081488,50,71.2132034355964,0,4275.86168081488
44,391417,4246.28359467982,50,71.2132034355964,0,4246.28359467982
44,391418,4216.71026776309,50,71.2132034355964,0,4216.71026776309
44,391419,4187.14180090396,50,71.2132034355964,0,4187.14180090396
44,391420,4157.57829780025,50,71.2132034355964,0,4157.57829780025
44,391421,4128.01986509504,50,71.2132034355964,0,4128.01986509504
44,391422,4098.46661249699,50,71.2132034355964,0,4098.46661249699
44,391423,4068.91865287651,50,71.2132034355964,0,4068.91865287651
44,391424,4039.37610239116,50,71.2132034355964,0,4039.37610239116
44,391425,4009.83908059528,50,71.2132034355964,0,4009.83908059528
44,391426,3980.30771057091,50,71.2132034355964,0,3980.30771057091
44,391427,3950.78211905938,50,71.2132034355964,0,3950.78211905938
44,391428,3921.26243658771,50,71.2132034355964,0,3921.26243658771
44,391429,3891.74879762531,50,71.2132034355964,0,3891.74879762531
44,391490,2112.89509972911,50,71.2132034355964,0,2112.89509972911
44,391491,2084.39603238161,50,71.2132034355964,0,2084.39603238161
44,391492,2055.93720730031,50,71.2132034355964,0,2055.93720730031
44,391493,2027.52031904122,50,71.2132034355964,0,2027.52031904122
44,391494,1999.14715594164,50,71.2132034355964,0,1999.14715594164
44,391495,1970.819606487,50,71.2132034355964,0,1970.819606487
44,391496,1942.53966619351,50,71.2132034355964,0,1942.53966619351
44,391497,1914.3094450447,50,71.2132034355964,0,1914.3094450447
44,392085,5287.48649515942,50,71.2132034355964,0,5287.48649515942
44,392086,5257.8120617213,50,71.2132034355964,0,5257.8120617213
44,392087,5228.14037573891,50,71.2132034355964,0,5228.14037573891
44,392088,5198.47148425618,50,71.2132034355964,0,5198.47148425618
44,392089,5168.80543539942,50,71.2132034355964,0,5168.80543539942
44,392090,5139.14227839315,50,71.2132034355964,0,5139.14227839315
44,392091,5109.48206360814,50,71.2132034355964,0,5109.48206360814
44,392092,5079.82484257888,50,71.2132034355964,0,5079.82484257888
44,392104,4724.19222108123,50,71.2132034355964,0,4724.19222108123
44,392105,4694.57920948218,50,71.2132034355964,0,4694.57920948218
44,392106,4664.97005765055,50,71.2132034355964,0,4664.97005765055
44,392107,4635.36483955676,50,71.2132034355964,0,4635.36483955676
44,392108,4605.76363105386,50,71.2132034355964,0,4605.76363105386
44,392118,4309.99024347174,50,71.2132034355964,0,4309.99024347174
44,392119,4280.43875372413,50,71.2132034355964,0,4280.43875372413
44,392120,4250.89235600702,50,71.2132034355964,0,4250.89235600702
44,392121,4221.35115724577,50,71.2132034355964,0,4221.35115724577
44,392122,4191.81526735475,50,71.2132034355964,0,4191.81526735475
44,392123,4162.28479935547,50,71.2132034355964,0,4162.28479935547
44,392124,4132.75986946981,50,71.2132034355964,0,4132.75986946981
44,392125,4103.24059725096,50,71.2132034355964,0,4103.24059725096
44,392126,4073.72710568833,50,71.2132034355964,0,4073.72710568833
44,392127,4044.21952134153,50,71.2132034355964,0,4044.21952134153
44,392128,4014.71797446137,50,71.2132034355964,0,4014.71797446137
44,392129,3985.22259912882,50,71.2132034355964,0,3985.22259912882
44,392130,3955.73353339922,50,71.2132034355964,0,3955.73353339922
44,392131,3926.25091943976,50,71.2132034355964,0,3926.25091943976
44,392132,3896.77490369556,50,71.2132034355964,0,3896.77490369556
44,392133,3867.30563703488,50,71.2132034355964,0,3867.30563703488
44,392138,3720.06615252306,50,71.2132034355964,0,3720.06615252306
44,392197,2008.89904290115,50,71.2132034355964,0,2008.89904290115
44,392198,1980.7108143897,50,71.2132034355964,0,1980.7108143897
44,392199,1952.57398547393,50,71.2132034355964,0,1952.57398547393
44,392200,1924.49081060753,50,71.2132034355964,0,1924.49081060753
44,392201,1896.463673345,50,71.2132034355964,0,1896.463673345
44,392202,1868.49509535947,50,71.2132034355964,0,1868.49509535947
44,392790,5232.06005632822,50,71.2132034355964,0,5232.06005632822
44,392791,5202.41335865592,50,71.2132034355964,0,5202.41335865592
44,392792,5172.76975685535,50,71.2132034355964,0,5172.76975685535
44,392793,5143.12930445457,50,71.2132034355964,0,5143.12930445457
44,392794,5113.4920562247,50,71.2132034355964,0,5113.4920562247
44,392795,5083.85806820133,50,71.2132034355964,0,5083.85806820133
44,392796,5054.22739773437,50,71.2132034355964,0,5054.22739773437
44,392797,5024.60010351304,50,71.2132034355964,0,5024.60010351304
44,392798,4994.97624561986,50,71.2132034355964,0,4994.97624561986
44,392808,4698.94095926553,50,71.2132034355964,0,4698.94095926553
44,392809,4669.35930654618,50,71.2132034355964,0,4669.35930654618
44,392810,4639.78193566942,50,71.2132034355964,0,4639.78193566942
44,392811,4610.20892904383,50,71.2132034355964,0,4610.20892904383
44,392824,4226.19865796469,50,71.2132034355964,0,4226.19865796469
44,392825,4196.69672524314,50,71.2132034355964,0,4196.69672524314
44,392826,4167.20069025263,50,71.2132034355964,0,4167.20069025263
44,392827,4137.7106791162,50,71.2132034355964,0,4137.7106791162
44,392828,4108.22682156201,50,71.2132034355964,0,4108.22682156201
44,392829,4078.74925103442,50,71.2132034355964,0,4078.74925103442
44,392830,4049.2781048401,50,71.2132034355964,0,4049.2781048401
44,392831,4019.81352427719,50,71.2132034355964,0,4019.81352427719
44,392832,3990.35565478747,50,71.2132034355964,0,3990.35565478747
44,392833,3960.90464610707,50,71.2132034355964,0,3960.90464610707
44,392835,3902.02383253138,50,71.2132034355964,0,3902.02383253138
44,392839,3784.35163846455,50,71.2132034355964,0,3784.35163846455
44,392840,3754.95324370771,50,71.2132034355964,0,3754.95324370771
44,392841,3725.56308273947,50,71.2132034355964,0,3725.56308273947
44,392842,3696.18135197701,50,71.2132034355964,0,3696.18135197701
44,392901,1991.00229348229,50,71.2132034355964,0,1991.00229348229
44,392902,1963.0128314027,50,71.2132034355964,0,1963.0128314027
44,392903,1935.08100665747,50,71.2132034355964,0,1935.08100665747
44,392904,1907.20935160897,50,71.2132034355964,0,1907.20935160897
44,392905,1879.40054322779,50,71.2132034355964,0,1879.40054322779
44,392906,1851.65741307151,50,71.2132034355964,0,1851.65741307151
44,392907,1823.9829580766,50,71.2132034355964,0,1823.9829580766
44,393497,5117.67373451766,50,71.2132034355964,0,5117.67373451766
44,393498,5088.06394192428,50,71.2132034355964,0,5088.06394192428
44,393499,5058.45774843659,50,71.2132034355964,0,5058.45774843659
44,393500,5028.85521761899,50,71.2132034355964,0,5028.85521761899
44,393501,4999.25641453923,50,71.2132034355964,0,4999.25641453923
44,393502,4969.66140580398,50,71.2132034355964,0,4969.66140580398
44,393513,4644.38747506664,50,71.2132034355964,0,4644.38747506664
44,393514,4614.84382259743,50,71.2132034355964,0,4614.84382259743
44,393528,4201.78544966165,50,71.2132034355964,0,4201.78544966165
44,393529,4172.32523037459,50,71.2132034355964,0,4172.32523037459
44,393530,4142.87153828537,50,71.2132034355964,0,4142.87153828537
44,393531,4113.4245136101,50,71.2132034355964,0,4113.4245136101
44,393532,4083.98430057036,50,71.2132034355964,0,4083.98430057036
44,393533,4054.55104754808,50,71.2132034355964,0,4054.55104754808
44,393534,4025.12490722549,50,71.2132034355964,0,4025.12490722549
44,393535,3995.70603674576,50,71.2132034355964,0,3995.70603674576
44,393542,3789.99171430081,50,71.2132034355964,0,3789.99171430081
44,393543,3760.63725210375,50,71.2132034355964,0,3760.63725210375
44,393544,3731.29170410668,50,71.2132034355964,0,3731.29170410668
44,393545,3701.95528230245,50,71.2132034355964,0,3701.95528230245
44,393608,1890.71633934812,50,71.2132034355964,0,1890.71633934812
44,393609,1863.14156546212,50,71.2132034355964,0,1863.14156546212
44,393610,1835.64010691706,50,71.2132034355964,0,1835.64010691706
44,393611,1808.21530891605,50,71.2132034355964,0,1808.21530891605
44,394204,5003.71173185481,50,71.2132034355964,0,5003.71173185481
44,394205,4974.14307188743,50,71.2132034355964,0,4974.14307188743
44,394206,4944.57858718062,50,71.2132034355964,0,4944.57858718062
44,394231,4207.08068850565,50,71.2132034355964,0,4207.08068850565
44,394232,4177.6576519019,50,71.2132034355964,0,4177.6576519019
44,394233,4148.24166300545,50,71.2132034355964,0,4148.24166300545
44,394234,4118.83287282123,50,71.2132034355964,0,4118.83287282123
44,394235,4089.4314366547,50,71.2132034355964,0,4089.4314366547
44,394236,4060.03751427471,50,71.2132034355964,0,4060.03751427471
44,394237,4030.65127006567,50,71.2132034355964,0,4030.65127006567
44,394238,4001.27287319819,50,71.2132034355964,0,4001.27287319819
44,394245,3795.85911997818,50,71.2132034355964,0,3795.85911997818
44,394246,3766.5502272943,50,71.2132034355964,0,3766.5502272943
44,394247,3737.25095118574,50,71.2132034355964,0,3737.25095118574
44,394248,3707.96151961972,50,71.2132034355964,0,3707.96151961972
44,394249,3678.68216773912,50,71.2132034355964,0,3678.68216773912
44,394250,3649.41313815569,50,71.2132034355964,0,3649.41313815569
44,394251,3620.15468123582,50,71.2132034355964,0,3620.15468123582
44,394313,1847.70797649165,50,71.2132034355964,0,1847.70797649165
44,394317,1739.26249691771,50,71.2132034355964,0,1739.26249691771
44,394318,1712.38462508325,50,71.2132034355964,0,1712.38462508325
44,394320,1658.94091260533,50,71.2132034355964,0,1658.94091260533
44,394321,1632.38528778678,50,71.2132034355964,0,1632.38528778678
44,394908,4978.80040813629,50,71.2132034355964,0,4978.80040813629
44,394909,4949.26358491533,50,71.2132034355964,0,4949.26358491533
44,394910,4919.73134150992,50,71.2132034355964,0,4919.73134150992
44,394911,4890.20376089086,50,71.2132034355964,0,4890.20376089086
44,394935,4183.19715985921,50,71.2132034355964,0,4183.19715985921
44,394936,4153.82024165015,50,71.2132034355964,0,4153.82024165015
44,394937,4124.45107045711,50,71.2132034355964,0,4124.45107045711
44,394938,4095.08981295774,50,71.2132034355964,0,4095.08981295774
44,394939,4065.73664060549,50,71.2132034355964,0,4065.73664060549
44,394940,4036.39172978814,50,71.2132034355964,0,4036.39172978814
44,394949,3772.69109269329,50,71.2132034355964,0,3772.69109269329
44,394950,3743.43972256553,50,71.2132034355964,0,3743.43972256553
44,394951,3714.19893693568,50,71.2132034355964,0,3714.19893693568
44,394952,3684.96898776997,50,71.2132034355964,0,3684.96898776997
44,394953,3655.75013500427,50,71.2132034355964,0,3655.75013500427
44,394954,3626.54264684495,50,71.2132034355964,0,3626.54264684495
44,394959,3480.68568454438,50,71.2132034355964,0,3480.68568454438
44,394960,3451.55252327197,50,71.2132034355964,0,3451.55252327197
44,394961,3422.43286542083,50,71.2132034355964,0,3422.43286542083
44,395020,1752.5043509131,50,71.2132034355964,0,1752.5043509131
44,395021,1725.83257366299,50,71.2132034355964,0,1725.83257366299
44,395022,1699.26882982647,50,71.2132034355964,0,1699.26882982647
44,395023,1672.81826600874,50,71.2132034355964,0,1672.81826600874
44,395024,1646.4863368804,50,71.2132034355964,0,1646.4863368804
44,395025,1620.27882641756,50,71.2132034355964,0,1620.27882641756
44,395026,1594.20187069072,50,71.2132034355964,0,1594.20187069072
44,395612,4954.12475159029,50,71.2132034355964,0,4954.12475159029
44,395613,4924.62150091972,50,71.2132034355964,0,4924.62150091972
44,395614,4895.12325898693,50,71.2132034355964,0,4895.12325898693
44,395615,4865.63011689418,50,71.2132034355964,0,4865.63011689418
44,395638,4188.94293268648,50,71.2132034355964,0,4188.94293268648
44,395639,4159.60643552781,50,71.2132034355964,0,4159.60643552781
44,395640,4130.278250221,50,71.2132034355964,0,4130.278250221
44,395641,4100.95855509184,50,71.2132034355964,0,4100.95855509184
44,395642,4071.64753355564,50,71.2132034355964,0,4071.64753355564
44,395643,4042.34537428787,50,71.2132034355964,0,4042.34537428787
44,395644,4013.05227141812,50,71.2132034355964,0,4013.05227141812
44,395645,3983.76842472771,50,71.2132034355964,0,3983.76842472771
44,395646,3954.49403984588,50,71.2132034355964,0,3954.49403984588
44,395647,3925.22932847631,50,71.2132034355964,0,3925.22932847631
44,395650,3837.49544817206,50,71.2132034355964,0,3837.49544817206
44,395653,3749.85688182462,50,71.2132034355964,0,3749.85688182462
44,395654,3720.66637158344,50,71.2132034355964,0,3720.66637158344
44,395655,3691.48747576884,50,71.2132034355964,0,3691.48747576884
44,395656,3662.32047199232,50,71.2132034355964,0,3662.32047199232
44,395657,3633.16564665778,50,71.2132034355964,0,3633.16564665778
44,395660,3545.7772447924,50,71.2132034355964,0,3545.7772447924
44,395661,3516.67418578642,50,71.2132034355964,0,3516.67418578642
44,395662,3487.5848819732,50,71.2132034355964,0,3487.5848819732
44,395663,3458.50968043853,50,71.2132034355964,0,3458.50968043853
44,395664,3429.44893986204,50,71.2132034355964,0,3429.44893986204
44,395723,1766.15354945578,50,71.2132034355964,0,1766.15354945578
44,395724,1739.69090183081,50,71.2132034355964,0,1739.69090183081
44,395725,1713.3418889843,50,71.2132034355964,0,1713.3418889843
44,395726,1687.11183511229,50,71.2132034355964,0,1687.11183511229
44,395727,1661.00637590332,50,71.2132034355964,0,1661.00637590332
44,395728,1635.03147932723,50,71.2132034355964,0,1635.03147932723
44,395729,1609.19346785477,50,71.2132034355964,0,1609.19346785477
44,395730,1583.49904217905,50,71.2132034355964,0,1583.49904217905
44,396316,4929.6883040612,50,71.2132034355964,0,4929.6883040612
44,396317,4900.22040438118,50,71.2132034355964,0,4900.22040438118
44,396318,4870.75796748803,50,71.2132034355964,0,4870.75796748803
44,396319,4841.3010931126,50,71.2132034355964,0,4841.3010931126
44,396343,4136.31352888042,50,71.2132034355964,0,4136.31352888042
44,396344,4107.03676125127,50,71.2132034355964,0,4107.03676125127
44,396345,4077.76927223186,50,71.2132034355964,0,4077.76927223186
44,396346,4048.51126305189,50,71.2132034355964,0,4048.51126305189
44,396347,4019.2629407356,50,71.2132034355964,0,4019.2629407356
44,396348,3990.0245183102,50,71.2132034355964,0,3990.0245183102
44,396349,3960.79621501573,50,71.2132034355964,0,3960.79621501573
44,396350,3931.57825654082,50,71.2132034355964,0,3931.57825654082
44,396351,3902.37087524446,50,71.2132034355964,0,3902.37087524446
44,396352,3873.17431041736,50,71.2132034355964,0,3873.17431041736
44,396353,3843.98880852199,50,71.2132034355964,0,3843.98880852199
44,396354,3814.81462347595,50,71.2132034355964,0,3814.81462347595
44,396355,3785.6520169193,50,71.2132034355964,0,3785.6520169193
44,396357,3727.3626262377,50,71.2132034355964,0,3727.3626262377
44,396358,3698.23640672647,50,71.2132034355964,0,3698.23640672647
44,396359,3669.12289558554,50,71.2132034355964,0,3669.12289558554
44,396362,3581.86171053068,50,71.2132034355964,0,3581.86171053068
44,396363,3552.80218102239,50,71.2132034355964,0,3552.80218102239
44,396364,3523.75698536848,50,71.2132034355964,0,3523.75698536848
44,396365,3494.72648095799,50,71.2132034355964,0,3494.72648095799
44,396366,3465.71103697913,50,71.2132034355964,0,3465.71103697913
44,396427,1753.94988212642,50,71.2132034355964,0,1753.94988212642
44,396428,1727.81818909874,50,71.2132034355964,0,1727.81818909874
44,396429,1701.8111325182,50,71.2132034355964,0,1701.8111325182
44,396430,1675.93451469745,50,71.2132034355964,0,1675.93451469745
44,396431,1650.19447185825,50,71.2132034355964,0,1650.19447185825
44,396432,1624.59749567892,50,71.2132034355964,0,1624.59749567892
44,396433,1599.15045621176,50,71.2132034355964,0,1599.15045621176
44,396434,1573.86062624894,50,71.2132034355964,0,1573.86062624894
44,397020,4905.49464331029,50,71.2132034355964,0,4905.49464331029
44,397021,4876.06391615912,50,71.2132034355964,0,4876.06391615912
44,397022,4846.63913170791,50,71.2132034355964,0,4846.63913170791
44,397023,4817.22039886015,50,71.2132034355964,0,4817.22039886015
44,397024,4787.80782916575,50,71.2132034355964,0,4787.80782916575
44,397047,4113.32350286988,50,71.2132034355964,0,4113.32350286988
44,397048,4084.10090851273,50,71.2132034355964,0,4084.10090851273
44,397049,4054.88842786088,50,71.2132034355964,0,4054.88842786088
44,397050,4025.68628108472,50,71.2132034355964,0,4025.68628108472
44,397051,3996.49469471566,50,71.2132034355964,0,3996.49469471566
44,397052,3967.31390186169,50,71.2132034355964,0,3967.31390186169
44,397053,3938.14414246097,50,71.2132034355964,0,3938.14414246097
44,397054,3908.98566351196,50,71.2132034355964,0,3908.98566351196
44,397055,3879.83871935107,50,71.2132034355964,0,3879.83871935107
44,397056,3850.70357190398,50,71.2132034355964,0,3850.70357190398
44,397057,3821.58049098476,50,71.2132034355964,0,3821.58049098476
44,397058,3792.46975457581,50,71.2132034355964,0,3792.46975457581
44,397059,3763.37164914084,50,71.2132034355964,0,3763.37164914084
44,397060,3734.28646995091,50,71.2132034355964,0,3734.28646995091
44,397063,3647.1115817101,50,71.2132034355964,0,3647.1115817101
44,397064,3618.08124829138,50,71.2132034355964,0,3618.08124829138
44,397065,3589.06546178381,50,71.2132034355964,0,3589.06546178381
44,397066,3560.06457787334,50,71.2132034355964,0,3560.06457787334
44,397067,3531.07896375252,50,71.2132034355964,0,3531.07896375252
44,397068,3502.108998564,50,71.2132034355964,0,3502.108998564
44,397131,1742.68768117453,50,71.2132034355964,0,1742.68768117453
44,397132,1716.90573732372,50,71.2132034355964,0,1716.90573732372
44,397133,1691.25994685182,50,71.2132034355964,0,1691.25994685182
44,397134,1665.75659837241,50,71.2132034355964,0,1665.75659837241
44,397135,1640.40233554321,50,71.2132034355964,0,1640.40233554321
44,397136,1615.20417908461,50,71.2132034355964,0,1615.20417908461
44,397137,1590.16955009517,50,71.2132034355964,0,1590.16955009517
44,397138,1565.30629469322,50,71.2132034355964,0,1565.30629469322
44,397724,4881.54738216145,50,71.2132034355964,0,4881.54738216145
44,397725,4852.15569257994,50,71.2132034355964,0,4852.15569257994
44,397726,4822.77045224628,50,71.2132034355964,0,4822.77045224628
44,397727,4793.39177976761,50,71.2132034355964,0,4793.39177976761
44,397728,4764.0197966521,50,71.2132034355964,0,4764.0197966521
44,397729,4734.6546273983,50,71.2132034355964,0,4734.6546273983
44,397730,4705.29639957576,50,71.2132034355964,0,4705.29639957576
44,397751,4090.64146773739,50,71.2132034355964,0,4090.64146773739
44,397752,4061.47587350278,50,71.2132034355964,0,4061.47587350278
44,397753,4032.32127613494,50,71.2132034355964,0,4032.32127613494
44,397754,4003.17791590366,50,71.2132034355964,0,4003.17791590366
44,397755,3974.04604002583,50,71.2132034355964,0,3974.04604002583
44,397756,3944.92590293039,50,71.2132034355964,0,3944.92590293039
44,397757,3915.81776650159,50,71.2132034355964,0,3915.81776650159
44,397758,3886.72190036791,50,71.2132034355964,0,3886.72190036791
44,397759,3857.63858216899,50,71.2132034355964,0,3857.63858216899
44,397760,3828.56809786616,50,71.2132034355964,0,3828.56809786616
44,397761,3799.51074203983,50,71.2132034355964,0,3799.51074203983
44,397762,3770.46681821519,50,71.2132034355964,0,3770.46681821519
44,397763,3741.4366392051,50,71.2132034355964,0,3741.4366392051
44,397766,3654.43184587836,50,71.2132034355964,0,3654.43184587836
44,397767,3625.4599725099,50,71.2132034355964,0,3625.4599725099
44,397768,3596.50356011685,50,71.2132034355964,0,3596.50356011685
44,397769,3567.56298516848,50,71.2132034355964,0,3567.56298516848
44,397770,3538.63863624722,50,71.2132034355964,0,3538.63863624722
44,397833,1783.6310940654,50,71.2132034355964,0,1783.6310940654
44,397834,1757.94038782826,50,71.2132034355964,0,1757.94038782826
44,397835,1732.3853163926,50,71.2132034355964,0,1732.3853163926
44,397836,1706.97197153383,50,71.2132034355964,0,1706.97197153383
44,397837,1681.70677842433,50,71.2132034355964,0,1681.70677842433
44,397838,1656.59651558645,50,71.2132034355964,0,1656.59651558645
44,397839,1631.64833593939,50,71.2132034355964,0,1631.64833593939
44,397840,1606.86978898598,50,71.2132034355964,0,1606.86978898598
44,398429,4828.49942447269,50,71.2132034355964,0,4828.49942447269
44,398430,4799.15566458051,50,71.2132034355964,0,4799.15566458051
44,398431,4769.81901674537,50,71.2132034355964,0,4769.81901674537
44,398432,4740.48961301047,50,71.2132034355964,0,4740.48961301047
44,398433,4711.1675886666,50,71.2132034355964,0,4711.1675886666
44,398434,4681.85308236885,50,71.2132034355964,0,4681.85308236885
44,398435,4652.54623622119,50,71.2132034355964,0,4652.54623622119
44,398442,4447.62551233271,50,71.2132034355964,0,4447.62551233271
44,398443,4418.38551565714,50,71.2132034355964,0,4418.38551565714
44,398456,4039.16688285287,50,71.2132034355964,0,4039.16688285287
44,398457,4010.07311668736,50,71.2132034355964,0,4010.07311668736
44,398458,3980.99154155086,50,71.2132034355964,0,3980.99154155086
44,398459,3951.92242658495,50,71.2132034355964,0,3951.92242658495
44,398460,3922.86604878124,50,71.2132034355964,0,3922.86604878124
44,398461,3893.82269328638,50,71.2132034355964,0,3893.82269328638
44,398462,3864.79265367891,50,71.2132034355964,0,3864.79265367891
44,398463,3835.77623229667,50,71.2132034355964,0,3835.77623229667
44,398464,3806.7737405467,50,71.2132034355964,0,3806.7737405467
44,398465,3777.78549924465,50,71.2132034355964,0,3777.78549924465
44,398468,3690.90963490332,50,71.2132034355964,0,3690.90963490332
44,398469,3661.98180446664,50,71.2132034355964,0,3661.98180446664
44,398470,3633.06998262613,50,71.2132034355964,0,3633.06998262613
44,398471,3604.17455463158,50,71.2132034355964,0,3604.17455463158
44,398472,3575.29591796505,50,71.2132034355964,0,3575.29591796505
44,398473,3546.43448282781,50,71.2132034355964,0,3546.43448282781
44,398537,1773.56642212763,50,71.2132034355964,0,1773.56642212763
44,398538,1748.23964362837,50,71.2132034355964,0,1748.23964362837
44,398539,1723.06001313998,50,71.2132034355964,0,1723.06001313998
44,398541,1673.16873086925,50,71.2132034355964,0,1673.16873086925
44,398542,1648.47124261313,50,71.2132034355964,0,1648.47124261313
44,398543,1623.94927044223,50,71.2132034355964,0,1623.94927044223
44,399134,4775.79853797667,50,71.2132034355964,0,4775.79853797667
44,399135,4746.50592484608,50,71.2132034355964,0,4746.50592484608
44,399136,4717.22113986281,50,71.2132034355964,0,4717.22113986281
44,399137,4687.94432973577,50,71.2132034355964,0,4687.94432973577
44,399138,4658.67564481185,50,71.2132034355964,0,4658.67564481185
44,399144,4483.24307313332,50,71.2132034355964,0,4483.24307313332
44,399145,4454.03580561807,50,71.2132034355964,0,4454.03580561807
44,399146,4424.83801186936,50,71.2132034355964,0,4424.83801186936
44,399147,4395.64988067113,50,71.2132034355964,0,4395.64988067113
44,399148,4366.47160579847,50,71.2132034355964,0,4366.47160579847
44,399149,4337.30338617017,50,71.2132034355964,0,4337.30338617017
44,399167,3814.25748185572,50,71.2132034355964,0,3814.25748185572
44,399168,3785.32639579321,50,71.2132034355964,0,3785.32639579321
44,399169,3756.41074381764,50,71.2132034355964,0,3756.41074381764
44,399170,3727.51088511048,50,71.2132034355964,0,3727.51088511048
44,399171,3698.62718988572,50,71.2132034355964,0,3698.62718988572
44,399172,3669.76003979497,50,71.2132034355964,0,3669.76003979497
44,399173,3640.90982838136,50,71.2132034355964,0,3640.90982838136
44,399174,3612.07696151843,50,71.2132034355964,0,3612.07696151843
44,399240,1789.55600464101,50,71.2132034355964,0,1789.55600464101
44,399241,1764.45861729918,50,71.2132034355964,0,1764.45861729918
44,399242,1739.51363882882,50,71.2132034355964,0,1739.51363882882
44,399243,1714.72772073929,50,71.2132034355964,0,1714.72772073929
44,399838,4752.70287429704,50,71.2132034355964,0,4752.70287429704
44,399839,4723.45635202206,50,71.2132034355964,0,4723.45635202206
44,399840,4694.21827205995,50,71.2132034355964,0,4694.21827205995
44,399841,4664.98879314608,50,71.2132034355964,0,4664.98879314608
44,399842,4635.76807797941,50,71.2132034355964,0,4635.76807797941
44,399843,4606.55629332969,50,71.2132034355964,0,4606.55629332969
44,399850,4402.33878173683,50,71.2132034355964,0,4402.33878173683
44,399851,4373.20497870531,50,71.2132034355964,0,4373.20497870531
44,399852,4344.0818132967,50,71.2132034355964,0,4344.0818132967
44,399853,4314.96950090157,50,71.2132034355964,0,4314.96950090157
44,399854,4285.8682626842,50,71.2132034355964,0,4285.8682626842
44,399859,4140.53635368862,50,71.2132034355964,0,4140.53635368862
44,399860,4111.50655324301,50,71.2132034355964,0,4111.50655324301
44,399869,3850.8490924426,50,71.2132034355964,0,3850.8490924426
44,399870,3821.96066926417,50,71.2132034355964,0,3821.96066926417
44,399871,3793.08818252531,50,71.2132034355964,0,3793.08818252531
44,399872,3764.23199893782,50,71.2132034355964,0,3764.23199893782
44,399873,3735.39249632859,50,71.2132034355964,0,3735.39249632859
44,399874,3706.57006406773,50,71.2132034355964,0,3706.57006406773
44,399875,3677.76510349122,50,71.2132034355964,0,3677.76510349122
44,399945,1756.32257400604,50,71.2132034355964,0,1756.32257400604
44,399946,1731.77711625025,50,71.2132034355964,0,1731.77711625025
44,399947,1707.40298567605,50,71.2132034355964,0,1707.40298567605
44,399948,1683.2076251466,50,71.2132034355964,0,1683.2076251466
44,400545,4642.30495356133,50,71.2132034355964,0,4642.30495356133
44,400546,4613.13440531318,50,71.2132034355964,0,4613.13440531318
44,400547,4583.97347166673,50,71.2132034355964,0,4583.97347166673
44,400548,4554.82233728422,50,71.2132034355964,0,4554.82233728422
44,400549,4525.68119152475,50,71.2132034355964,0,4525.68119152475
44,400550,4496.5502285942,50,71.2132034355964,0,4496.5502285942
44,400555,4351.05531231539,50,71.2132034355964,0,4351.05531231539
44,400556,4321.98981592422,50,71.2132034355964,0,4321.98981592422
44,400557,4292.93601105146,50,71.2132034355964,0,4292.93601105146
44,400558,4263.89413668954,50,71.2132034355964,0,4263.89413668954
44,400559,4234.86443829454,50,71.2132034355964,0,4234.86443829454
44,400562,4147.8509548567,50,71.2132034355964,0,4147.8509548567
44,400563,4118.87255170987,50,71.2132034355964,0,4118.87255170987
44,400564,4089.90765649931,50,71.2132034355964,0,4089.90765649931
44,400565,4060.95655826212,50,71.2132034355964,0,4060.95655826212
44,400573,3829.88197863229,50,71.2132034355964,0,3829.88197863229
44,400575,3772.27422130547,50,71.2132034355964,0,3772.27422130547
44,400649,1749.17186061694,50,71.2132034355964,0,1749.17186061694
44,400650,1725.04339728824,50,71.2132034355964,0,1725.04339728824
44,400651,1701.09883176464,50,71.2132034355964,0,1701.09883176464
44,400652,1677.34603963526,50,71.2132034355964,0,1677.34603963526
44,400672,1258.74434168537,50,71.2132034355964,0,1258.74434168537
44,400673,1241.68416866638,50,71.2132034355964,0,1241.68416866638
44,400674,1225.11706383399,50,71.2132034355964,0,1225.11706383399
44,400675,1209.06329605414,50,71.2132034355964,0,1209.06329605414
44,401250,4590.77868106291,50,71.2132034355964,0,4590.77868106291
44,401251,4561.67087829095,50,71.2132034355964,0,4561.67087829095
44,401252,4532.57360697346,50,71.2132034355964,0,4532.57360697346
44,401253,4503.48707124759,50,71.2132034355964,0,4503.48707124759
44,401254,4474.41148047487,50,71.2132034355964,0,4474.41148047487
44,401255,4445.34704942168,50,71.2132034355964,0,4445.34704942168
44,401256,4416.29399841937,50,71.2132034355964,0,4416.29399841937
44,401259,4329.20541641071,50,71.2132034355964,0,4329.20541641071
44,401260,4300.20020675397,50,71.2132034355964,0,4300.20020675397
44,401261,4271.20756886825,50,71.2132034355964,0,4271.20756886825
44,401262,4242.22776051608,50,71.2132034355964,0,4242.22776051608
44,401263,4213.26104642779,50,71.2132034355964,0,4213.26104642779
44,401264,4184.30769855066,50,71.2132034355964,0,4184.30769855066
44,401265,4155.36799627809,50,71.2132034355964,0,4155.36799627809
44,401266,4126.44222671318,50,71.2132034355964,0,4126.44222671318
44,401267,4097.53068492144,50,71.2132034355964,0,4097.53068492144
44,401268,4068.63367420821,50,71.2132034355964,0,4068.63367420821
44,401269,4039.75150640686,50,71.2132034355964,0,4039.75150640686
44,401270,4010.88450216357,50,71.2132034355964,0,4010.88450216357
44,401352,1766.90175422641,50,71.2132034355964,0,1766.90175422641
44,401353,1743.01861237047,50,71.2132034355964,0,1743.01861237047
44,401354,1719.32427279504,50,71.2132034355964,0,1719.32427279504
44,401355,1695.8266494374,50,71.2132034355964,0,1695.8266494374
44,401356,1672.53403338407,50,71.2132034355964,0,1672.53403338407
44,401375,1283.26497646987,50,71.2132034355964,0,1283.26497646987
44,401376,1266.53504789281,50,71.2132034355964,0,1266.53504789281
44,401377,1250.29718597512,50,71.2132034355964,0,1250.29718597512
44,401378,1234.57080679225,50,71.2132034355964,0,1234.57080679225
44,401379,1219.37570039564,50,71.2132034355964,0,1219.37570039564
44,401380,1204.73196955128,50,71.2132034355964,0,1204.73196955128
44,401381,1190.6599582656,50,71.2132034355964,0,1190.6599582656
44,401382,1177.18016972164,50,71.2132034355964,0,1177.18016972164
44,401383,1164.31317340642,50,71.2132034355964,0,1164.31317340642
44,401957,4481.58207884372,50,71.2132034355964,0,4481.58207884372
44,401958,4452.56429815114,50,71.2132034355964,0,4452.56429815114
44,401959,4423.5584924371,50,71.2132034355964,0,4423.5584924371
44,401960,4394.56489882521,50,71.2132034355964,0,4394.56489882521
44,401961,4365.58376062993,50,71.2132034355964,0,4365.58376062993
44,401965,4249.78885672467,50,71.2132034355964,0,4249.78885672467
44,401966,4220.87387676015,50,71.2132034355964,0,4220.87387676015
44,401967,4191.97295404785,50,71.2132034355964,0,4191.97295404785
44,401968,4163.08638134981,50,71.2132034355964,0,4163.08638134981
44,401970,4105.35749750946,50,71.2132034355964,0,4105.35749750946
44,401971,4076.51581316898,50,71.2132034355964,0,4076.51581316898
44,401972,4047.68973303054,50,71.2132034355964,0,4047.68973303054
44,401973,4018.8795928634,50,71.2132034355964,0,4018.8795928634
44,401974,3990.08573795327,50,71.2132034355964,0,3990.08573795327
44,402056,1761.31838039511,50,71.2132034355964,0,1761.31838039511
44,402057,1737.87343271035,50,71.2132034355964,0,1737.87343271035
44,402058,1714.62990371445,50,71.2132034355964,0,1714.62990371445
44,402059,1691.59609626205,50,71.2132034355964,0,1691.59609626205
44,402079,1291.60050862951,50,71.2132034355964,0,1291.60050862951
44,402080,1275.68165305659,50,71.2132034355964,0,1275.68165305659
44,402081,1260.27199192425,50,71.2132034355964,0,1260.27199192425
44,402082,1245.39042670939,50,71.2132034355964,0,1245.39042670939
44,402083,1231.0561091531,50,71.2132034355964,0,1231.0561091531
44,402084,1217.28837194056,50,71.2132034355964,0,1217.28837194056
44,402085,1204.10665004112,50,71.2132034355964,0,1204.10665004112
44,402086,1191.53039261241,50,71.2132034355964,0,1191.53039261241
44,402087,1179.57896556435,50,71.2132034355964,0,1179.57896556435
44,402088,1168.27154511234,50,71.2132034355964,0,1168.27154511234
44,402089,1157.62700291417,50,71.2132034355964,0,1157.62700291417
44,402090,1147.66378363593,50,71.2132034355964,0,1147.66378363593
44,402091,1138.39977613385,50,71.2132034355964,0,1138.39977613385
44,402092,1129.85217970007,50,71.2132034355964,0,1129.85217970007
44,402093,1122.03736715185,50,71.2132034355964,0,1122.03736715185
44,402662,4431.01299759143,50,71.2132034355964,0,4431.01299759143
44,402663,4402.06834619775,50,71.2132034355964,0,4402.06834619775
44,402664,4373.13677823031,50,71.2132034355964,0,4373.13677823031
44,402665,4344.21855508646,50,71.2132034355964,0,4344.21855508646
44,402666,4315.31394505316,50,71.2132034355964,0,4315.31394505316
44,402667,4286.42322351995,50,71.2132034355964,0,4286.42322351995
44,402668,4257.54667322381,50,71.2132034355964,0,4257.54667322381
44,402669,4228.68458447606,50,71.2132034355964,0,4228.68458447606
44,402670,4199.83725542834,50,71.2132034355964,0,4199.83725542834
44,402671,4171.00499232087,50,71.2132034355964,0,4171.00499232087
44,402672,4142.18810976218,50,71.2132034355964,0,4142.18810976218
44,402673,4113.38693100323,50,71.2132034355964,0,4113.38693100323
44,402690,3626.53135225263,50,71.2132034355964,0,3626.53135225263
44,402691,3598.07999632561,50,71.2132034355964,0,3598.07999632561
44,402692,3569.65260045815,50,71.2132034355964,0,3569.65260045815
44,402761,1733.7453048221,50,71.2132034355964,0,1733.7453048221
44,402762,1710.96873333906,50,71.2132034355964,0,1710.96873333906
44,402784,1286.15524094306,50,71.2132034355964,0,1286.15524094306
44,402785,1271.57655085945,50,71.2132034355964,0,1271.57655085945
44,402786,1257.54068039129,50,71.2132034355964,0,1257.54068039129
44,402787,1244.06600236487,50,71.2132034355964,0,1244.06600236487
44,402788,1231.17094300296,50,71.2132034355964,0,1231.17094300296
44,402789,1218.87389864738,50,71.2132034355964,0,1218.87389864738
44,402790,1207.19314443558,50,71.2132034355964,0,1207.19314443558
44,402791,1196.14673531126,50,71.2132034355964,0,1196.14673531126
44,402792,1185.75239998919,50,71.2132034355964,0,1185.75239998919
44,402793,1176.02742868622,50,71.2132034355964,0,1176.02742868622
44,402794,1166.98855573801,50,71.2132034355964,0,1166.98855573801
44,402795,1158.65183842493,50,71.2132034355964,0,1158.65183842493
44,403370,4294.32335979094,50,71.2132034355964,0,4294.32335979094
44,403371,4265.50013666678,50,71.2132034355964,0,4265.50013666678
44,403372,4236.69207516227,50,71.2132034355964,0,4236.69207516227
44,403373,4207.89948667922,50,71.2132034355964,0,4207.89948667922
44,403374,4179.12269102636,50,71.2132034355964,0,4179.12269102636
44,403375,4150.3620167085,50,71.2132034355964,0,4150.3620167085
44,403376,4121.61780120934,50,71.2132034355964,0,4121.61780120934
44,403377,4092.89039129758,50,71.2132034355964,0,4092.89039129758
44,403378,4064.18014334438,50,71.2132034355964,0,4064.18014334438
44,403379,4035.48742364124,50,71.2132034355964,0,4035.48742364124
44,403380,4006.81260875109,50,71.2132034355964,0,4006.81260875109
44,403381,3978.15608584778,50,71.2132034355964,0,3978.15608584778
44,403382,3949.51825310001,50,71.2132034355964,0,3949.51825310001
44,403383,3920.89952003724,50,71.2132034355964,0,3920.89952003724
44,403384,3892.30030796467,50,71.2132034355964,0,3892.30030796467
44,403385,3863.72105036318,50,71.2132034355964,0,3863.72105036318
44,403390,3721.1401600399,50,71.2132034355964,0,3721.1401600399
44,403391,3692.69047136931,50,71.2132034355964,0,3692.69047136931
44,403392,3664.26415130655,50,71.2132034355964,0,3664.26415130655
44,403393,3635.86174796003,50,71.2132034355964,0,3635.86174796003
44,403394,3607.48382623727,50,71.2132034355964,0,3607.48382623727
44,403395,3579.13096845868,50,71.2132034355964,0,3579.13096845868
44,403396,3550.80377502936,50,71.2132034355964,0,3550.80377502936
44,403490,1270.98341828296,50,71.2132034355964,0,1270.98341828296
44,403491,1258.36415661259,50,71.2132034355964,0,1258.36415661259
44,403492,1246.33537967188,50,71.2132034355964,0,1246.33537967188
44,403493,1234.91434256593,50,71.2132034355964,0,1234.91434256593
44,403494,1224.11805607376,50,71.2132034355964,0,1224.11805607376
44,403495,1213.96318882301,50,71.2132034355964,0,1213.96318882301
44,404075,4244.8952351966,50,71.2132034355964,0,4244.8952351966
44,404076,4216.15851234331,50,71.2132034355964,0,4216.15851234331
44,404077,4187.43831962198,50,71.2132034355964,0,4187.43831962198
44,404078,4158.73499950691,50,71.2132034355964,0,4158.73499950691
44,404079,4130.04890378454,50,71.2132034355964,0,4130.04890378454
44,404080,4101.38039387023,50,71.2132034355964,0,4101.38039387023
44,404081,4072.72984113453,50,71.2132034355964,0,4072.72984113453
44,404082,4044.09762722885,50,71.2132034355964,0,4044.09762722885
44,404083,4015.48414445179,50,71.2132034355964,0,4015.48414445179
44,404084,3986.88979609287,50,71.2132034355964,0,3986.88979609287
44,404085,3958.31499683122,50,71.2132034355964,0,3958.31499683122
44,404086,3929.76017311056,50,71.2132034355964,0,3929.76017311056
44,404087,3901.2257635654,50,71.2132034355964,0,3901.2257635654
44,404091,3787.30149050354,50,71.2132034355964,0,3787.30149050354
44,404092,3758.87618853095,50,71.2132034355964,0,3758.87618853095
44,404093,3730.47421349616,50,71.2132034355964,0,3730.47421349616
44,404094,3702.09610228827,50,71.2132034355964,0,3702.09610228827
44,404095,3673.74240791909,50,71.2132034355964,0,3673.74240791909
44,404096,3645.41370012377,50,71.2132034355964,0,3645.41370012377
44,404097,3617.11056598119,50,71.2132034355964,0,3617.11056598119
44,404098,3588.83361054416,50,71.2132034355964,0,3588.83361054416
44,404099,3560.58345752439,50,71.2132034355964,0,3560.58345752439
44,404100,3532.36074997799,50,71.2132034355964,0,3532.36074997799
44,404780,4195.9507013215,50,71.2132034355964,0,4195.9507013215
44,404781,4167.30585820271,50,71.2132034355964,0,4167.30585820271
44,404782,4138.67901501933,50,71.2132034355964,0,4138.67901501933
44,404783,4110.07054788323,50,71.2132034355964,0,4110.07054788323
44,404784,4081.48084320924,50,71.2132034355964,0,4081.48084320924
44,404785,4052.91029805344,50,71.2132034355964,0,4052.91029805344
44,404794,3796.70884272226,50,71.2132034355964,0,3796.70884272226
44,404795,3768.35434961151,50,71.2132034355964,0,3768.35434961151
44,404796,3740.02420016391,50,71.2132034355964,0,3740.02420016391
44,404797,3711.71895180217,50,71.2132034355964,0,3711.71895180217
44,404798,3683.43917857912,50,71.2132034355964,0,3683.43917857912
44,404799,3655.18547178959,50,71.2132034355964,0,3655.18547178959
44,404800,3626.95844060361,50,71.2132034355964,0,3626.95844060361
44,404801,3598.75871271318,50,71.2132034355964,0,3598.75871271318
44,404802,3570.5869350286,50,71.2132034355964,0,3570.5869350286
44,404808,3402.18205747181,50,71.2132034355964,0,3402.18205747181
44,404809,3374.22581656472,50,71.2132034355964,0,3374.22581656472
44,404810,3346.30348533911,50,71.2132034355964,0,3346.30348533911
44,404811,3318.4159197832,50,71.2132034355964,0,3318.4159197832
44,405485,4147.50689262602,50,71.2132034355964,0,4147.50689262602
44,405486,4118.9595865029,50,71.2132034355964,0,4118.9595865029
44,405487,4090.43185756968,50,71.2132034355964,0,4090.43185756968
44,405488,4061.92411830823,50,71.2132034355964,0,4061.92411830823
44,405489,4033.43679257465,50,71.2132034355964,0,4033.43679257465
44,405491,3976.52513625353,50,71.2132034355964,0,3976.52513625353
44,405492,3948.10171373866,50,71.2132034355964,0,3948.10171373866
44,405493,3919.70052174341,50,71.2132034355964,0,3919.70052174341
44,405494,3891.32204702117,50,71.2132034355964,0,3891.32204702117
44,405503,3637.02565382312,50,71.2132034355964,0,3637.02565382312
44,405504,3608.90443955707,50,71.2132034355964,0,3608.90443955707
44,405505,3580.81233193955,50,71.2132034355964,0,3580.81233193955
44,405511,3412.91112349622,50,71.2132034355964,0,3412.91112349622
44,405512,3385.04334206631,50,71.2132034355964,0,3385.04334206631
44,405513,3357.2108325072,50,71.2132034355964,0,3357.2108325072
44,405514,3329.414479397,50,71.2132034355964,0,3329.414479397
44,405515,3301.65519592706,50,71.2132034355964,0,3301.65519592706
44,405516,3273.93392502834,50,71.2132034355964,0,3273.93392502834
44,406191,4071.13775191091,50,71.2132034355964,0,4071.13775191091
44,406193,4014.31436419656,50,71.2132034355964,0,4014.31436419656
44,406194,3985.93571471049,50,71.2132034355964,0,3985.93571471049
44,406195,3957.57972679683,50,71.2132034355964,0,3957.57972679683
44,406196,3929.24689108245,50,71.2132034355964,0,3929.24689108245
44,406197,3900.93771203522,50,71.2132034355964,0,3900.93771203522
44,406198,3872.65270844623,50,71.2132034355964,0,3872.65270844623
44,406204,3703.48135778675,50,71.2132034355964,0,3703.48135778675
44,406205,3675.3814209593,50,71.2132034355964,0,3675.3814209593
44,406206,3647.31038940114,50,71.2132034355964,0,3647.31038940114
44,406207,3619.26893567634,50,71.2132034355964,0,3619.26893567634
44,406208,3591.25775264288,50,71.2132034355964,0,3591.25775264288
44,406209,3563.27755417887,50,71.2132034355964,0,3563.27755417887
44,406210,3535.32907596607,50,71.2132034355964,0,3535.32907596607
44,406211,3507.4130762817,50,71.2132034355964,0,3507.4130762817
44,406213,3451.68166369344,50,71.2132034355964,0,3451.68166369344
44,406214,3423.86788807216,50,71.2132034355964,0,3423.86788807216
44,406215,3396.0898674144,50,71.2132034355964,0,3396.0898674144
44,406216,3368.34848630748,50,71.2132034355964,0,3368.34848630748
44,406217,3340.64465754195,50,71.2132034355964,0,3340.64465754195
44,406218,3312.97932317684,50,71.2132034355964,0,3312.97932317684
44,406219,3285.35345567858,50,71.2132034355964,0,3285.35345567858
44,406900,3910.75851799335,50,71.2132034355964,0,3910.75851799335
44,406904,3798.06052807664,50,71.2132034355964,0,3798.06052807664
44,406905,3769.95316399046,50,71.2132034355964,0,3769.95316399046
44,406906,3741.87386439912,50,71.2132034355964,0,3741.87386439912
44,406907,3713.82326586749,50,71.2132034355964,0,3713.82326586749
44,406908,3685.80202367812,50,71.2132034355964,0,3685.80202367812
44,406909,3657.81081250248,50,71.2132034355964,0,3657.81081250248
44,406910,3629.85032708145,50,71.2132034355964,0,3629.85032708145
44,406911,3601.92128295872,50,71.2132034355964,0,3601.92128295872
44,406912,3574.02441722237,50,71.2132034355964,0,3574.02441722237
44,406913,3546.16048929754,50,71.2132034355964,0,3546.16048929754
44,406914,3518.33028174879,50,71.2132034355964,0,3518.33028174879
44,406915,3490.53460114351,50,71.2132034355964,0,3490.53460114351
44,406916,3462.77427892333,50,71.2132034355964,0,3462.77427892333
44,406917,3435.05017233361,50,71.2132034355964,0,3435.05017233361
44,406918,3407.36316538619,50,71.2132034355964,0,3407.36316538619
44,406919,3379.71416985337,50,71.2132034355964,0,3379.71416985337
44,406920,3352.10412632144,50,71.2132034355964,0,3352.10412632144
44,406921,3324.53400527025,50,71.2132034355964,0,3324.53400527025
44,406922,3297.00480821999,50,71.2132034355964,0,3297.00480821999
44,407616,3557.21044495817,50,71.2132034355964,0,3557.21044495817
44,407617,3529.46721881032,50,71.2132034355964,0,3529.46721881032
44,407618,3501.75979072011,50,71.2132034355964,0,3501.75979072011
44,407619,3474.08901720403,50,71.2132034355964,0,3474.08901720403
44,407620,3446.45578113449,50,71.2132034355964,0,3446.45578113449
44,407621,3418.86099271393,50,71.2132034355964,0,3418.86099271393
44,407622,3391.30559047704,50,71.2132034355964,0,3391.30559047704
44,407623,3363.79054235589,50,71.2132034355964,0,3363.79054235589
44,407624,3336.31684676442,50,71.2132034355964,0,3336.31684676442
44,408321,3513.20378791277,50,71.2132034355964,0,3513.20378791277
44,408322,3485.62371542389,50,71.2132034355964,0,3485.62371542389
44,408323,3458.08250473681,50,71.2132034355964,0,3458.08250473681
44,408324,3430.5810918208,50,71.2132034355964,0,3430.5810918208
44,408325,3403.12044151916,50,71.2132034355964,0,3403.12044151916
