"OID","cell_id","NEAR_DIST","uc","radius","assigned_community","fringe_dist"
54,2859,17762.838513514,50,71.2132034355964,0,17762.838513514
54,3561,17759.4857757925,50,71.2132034355964,0,17759.4857757925
54,3562,17740.0904980023,50,71.2132034355964,0,17740.0904980023
54,3563,17720.724323091,50,71.2132034355964,0,17720.724323091
54,4264,17736.7840081144,50,71.2132034355964,0,17736.7840081144
54,4265,17717.3637736837,50,71.2132034355964,0,17717.3637736837
54,4266,17697.9726250823,50,71.2132034355964,0,17697.9726250823
54,4267,17678.6106580178,50,71.2132034355964,0,17678.6106580178
54,4967,17714.1036542079,50,71.2132034355964,0,17714.1036542079
54,4968,17694.6584225968,50,71.2132034355964,0,17694.6584225968
54,4969,17675.2422595265,50,71.2132034355964,0,17675.2422595265
54,4970,17655.8552608939,50,71.2132034355964,0,17655.8552608939
54,5666,17769.6144717242,50,71.2132034355964,0,17769.6144717242
54,5671,17671.9745271229,50,71.2132034355964,0,17671.9745271229
54,5672,17652.5333088285,50,71.2132034355964,0,17652.5333088285
54,5673,17633.1212376334,50,71.2132034355964,0,17633.1212376334
54,5674,17613.7384099103,50,71.2132034355964,0,17613.7384099103
54,6368,17766.7164034379,50,71.2132034355964,0,17766.7164034379
54,6369,17747.0773240951,50,71.2132034355964,0,17747.0773240951
54,6370,17727.4668008142,50,71.2132034355964,0,17727.4668008142
54,6375,17629.8458557438,50,71.2132034355964,0,17629.8458557438
54,6376,17610.4086710149,50,71.2132034355964,0,17610.4086710149
54,6377,17591.000712369,50,71.2132034355964,0,17591.000712369
54,7048,18204.1623749895,50,71.2132034355964,0,18204.1623749895
54,7071,17744.2261029238,50,71.2132034355964,0,17744.2261029238
54,7072,17724.5619977638,50,71.2132034355964,0,17724.5619977638
54,7073,17704.9264297384,50,71.2132034355964,0,17704.9264297384
54,7077,17626.671434274,50,71.2132034355964,0,17626.671434274
54,7078,17607.1799833703,50,71.2132034355964,0,17607.1799833703
54,7079,17587.7176441629,50,71.2132034355964,0,17587.7176441629
54,7080,17568.2845134044,50,71.2132034355964,0,17568.2845134044
54,7750,18202.610610215,50,71.2132034355964,0,18202.610610215
54,7751,18182.2648391733,50,71.2132034355964,0,18182.2648391733
54,7752,18161.9453857397,50,71.2132034355964,0,18161.9453857397
54,7764,17920.1971888293,50,71.2132034355964,0,17920.1971888293
54,7773,17741.4753394033,50,71.2132034355964,0,17741.4753394033
54,7774,17721.7577461918,50,71.2132034355964,0,17721.7577461918
54,7775,17702.0685759968,50,71.2132034355964,0,17702.0685759968
54,7776,17682.4079237667,50,71.2132034355964,0,17682.4079237667
54,7779,17623.5980286034,50,71.2132034355964,0,17623.5980286034
54,7780,17604.0524033954,50,71.2132034355964,0,17604.0524033954
54,8454,18160.3901659627,50,71.2132034355964,0,18160.3901659627
54,8455,18140.0460998558,50,71.2132034355964,0,18140.0460998558
54,8466,17918.0223393851,50,71.2132034355964,0,17918.0223393851
54,8467,17898.0007960082,50,71.2132034355964,0,17898.0007960082
54,8468,17878.0067205811,50,71.2132034355964,0,17878.0067205811
54,8476,17719.0540946512,50,71.2132034355964,0,17719.0540946512
54,8477,17699.3114168114,50,71.2132034355964,0,17699.3114168114
54,8478,17679.5971424003,50,71.2132034355964,0,17679.5971424003
54,8479,17659.9113665414,50,71.2132034355964,0,17659.9113665414
54,8481,17620.6256924056,50,71.2132034355964,0,17620.6256924056
54,8482,17601.0259858109,50,71.2132034355964,0,17601.0259858109
54,8483,17581.4551611283,50,71.2132034355964,0,17581.4551611283
54,9157,18138.5384380718,50,71.2132034355964,0,18138.5384380718
54,9158,18118.1697256225,50,71.2132034355964,0,18118.1697256225
54,9159,18097.8273729454,50,71.2132034355964,0,18097.8273729454
54,9170,17875.8268925577,50,71.2132034355964,0,17875.8268925577
54,9171,17855.8078797153,50,71.2132034355964,0,17855.8078797153
54,9179,17696.6550000606,50,71.2132034355964,0,17696.6550000606
54,9180,17676.8871986941,50,71.2132034355964,0,17676.8871986941
54,9181,17657.1477809226,50,71.2132034355964,0,17657.1477809226
54,9182,17637.4368420479,50,71.2132034355964,0,17637.4368420479
54,9861,18096.3163461338,50,71.2132034355964,0,18096.3163461338
54,9865,18015.007032101,50,71.2132034355964,0,18015.007032101
54,9869,17934.1248358369,50,71.2132034355964,0,17934.1248358369
54,9873,17853.6755622737,50,71.2132034355964,0,17853.6755622737
54,9874,17833.6315753392,50,71.2132034355964,0,17833.6315753392
54,9883,17654.485176096,50,71.2132034355964,0,17654.485176096
54,9884,17634.7205758609,50,71.2132034355964,0,17634.7205758609
54,9885,17614.9844346209,50,71.2132034355964,0,17614.9844346209
54,10567,18013.3899599069,50,71.2132034355964,0,18013.3899599069
54,10568,17993.0776410213,50,71.2132034355964,0,17993.0776410213
54,10569,17972.7919934725,50,71.2132034355964,0,17972.7919934725
54,10572,17912.0959844376,50,71.2132034355964,0,17912.0959844376
54,11271,17971.1712755839,50,71.2132034355964,0,17971.1712755839
54,15481,18004.8512719524,50,71.2132034355964,0,18004.8512719524
54,15482,17984.1813569601,50,71.2132034355964,0,17984.1813569601
54,16183,18004.0289708645,50,71.2132034355964,0,18004.0289708645
54,16184,17983.3083982994,50,71.2132034355964,0,17983.3083982994
54,16185,17962.613581732,50,71.2132034355964,0,17962.613581732
54,16886,17982.5349777075,50,71.2132034355964,0,17982.5349777075
54,16887,17961.789497787,50,71.2132034355964,0,17961.789497787
54,16888,17941.0697474944,50,71.2132034355964,0,17941.0697474944
54,17589,17961.0650757804,50,71.2132034355964,0,17961.0650757804
54,17590,17940.2946566807,50,71.2132034355964,0,17940.2946566807
54,18291,17960.4403285719,50,71.2132034355964,0,17960.4403285719
54,18292,17939.6193515816,50,71.2132034355964,0,17939.6193515816
54,18293,17918.8239615639,50,71.2132034355964,0,17918.8239615639
54,18995,17918.1978919212,50,71.2132034355964,0,17918.1978919212
54,18996,17897.3774993352,50,71.2132034355964,0,17897.3774993352
54,19698,17896.8007839317,50,71.2132034355964,0,17896.8007839317
54,19699,17875.9553572162,50,71.2132034355964,0,17875.9553572162
54,19725,17343.2353991235,50,71.2132034355964,0,17343.2353991235
54,19726,17323.1141639793,50,71.2132034355964,0,17323.1141639793
54,19727,17303.0210827329,50,71.2132034355964,0,17303.0210827329
54,20401,17875.4281150583,50,71.2132034355964,0,17875.4281150583
54,20402,17854.5576227438,50,71.2132034355964,0,17854.5576227438
54,20428,17321.1766569087,50,71.2132034355964,0,17321.1766569087
54,20429,17301.0296584504,50,71.2132034355964,0,17301.0296584504
54,20430,17280.9107901556,50,71.2132034355964,0,17280.9107901556
54,21105,17833.1843837778,50,71.2132034355964,0,17833.1843837778
54,21106,17812.3143608001,50,71.2132034355964,0,17812.3143608001
54,21132,17278.9687058697,50,71.2132034355964,0,17278.9687058697
54,21808,17811.8357284988,50,71.2132034355964,0,17811.8357284988
54,21809,17790.9405491849,50,71.2132034355964,0,17790.9405491849
54,22511,17790.5117454076,50,71.2132034355964,0,17790.5117454076
54,22512,17769.5913783223,50,71.2132034355964,0,17769.5913783223
54,23215,17748.266937133,50,71.2132034355964,0,17748.266937133
54,26729,17663.0909595791,50,71.2132034355964,0,17663.0909595791
54,27431,17663.0650449938,50,71.2132034355964,0,17663.0650449938
54,27432,17641.9421870015,50,71.2132034355964,0,17641.9421870015
54,27433,17620.8446336472,50,71.2132034355964,0,17620.8446336472
54,28134,17641.9670695812,50,71.2132034355964,0,17641.9670695812
54,28135,17620.8188062856,50,71.2132034355964,0,17620.8188062856
54,28136,17599.6958172896,50,71.2132034355964,0,17599.6958172896
54,28838,17599.7209088556,50,71.2132034355964,0,17599.7209088556
54,57711,15678.1405876583,50,71.2132034355964,0,15678.1405876583
54,58413,15677.7763274463,50,71.2132034355964,0,15677.7763274463
54,58414,15656.8189100946,50,71.2132034355964,0,15656.8189100946
54,59116,15656.5114123928,50,71.2132034355964,0,15656.5114123928
54,59117,15635.5253788419,50,71.2132034355964,0,15635.5253788419
54,59118,15614.5682841573,50,71.2132034355964,0,15614.5682841573
54,59819,15635.2747987064,50,71.2132034355964,0,15635.2747987064
54,59820,15614.2601090491,50,71.2132034355964,0,15614.2601090491
54,59821,15593.2743209001,50,71.2132034355964,0,15593.2743209001
54,60523,15593.0232163447,50,71.2132034355964,0,15593.0232163447
54,60524,15572.0086946054,50,71.2132034355964,0,15572.0086946054
54,60525,15551.0231536601,50,71.2132034355964,0,15551.0231536601
54,61226,15571.8148168295,50,71.2132034355964,0,15571.8148168295
54,61227,15550.7715215237,50,71.2132034355964,0,15550.7715215237
54,61228,15529.757169083,50,71.2132034355964,0,15529.757169083
54,61930,15529.5629183889,50,71.2132034355964,0,15529.5629183889
54,61931,15508.5197142569,50,71.2132034355964,0,15508.5197142569
54,61932,15487.5055325109,50,71.2132034355964,0,15487.5055325109
54,62634,15487.3109065479,50,71.2132034355964,0,15487.3109065479
54,62635,15466.26779456,50,71.2132034355964,0,15466.26779456
54,62636,15445.2537849123,50,71.2132034355964,0,15445.2537849123
54,63338,15445.0587813157,50,71.2132034355964,0,15445.0587813157
54,63339,15424.0157624449,50,71.2132034355964,0,15424.0157624449
54,64003,16245.0779837131,50,71.2132034355964,0,16245.0779837131
54,64042,15402.8065426975,50,71.2132034355964,0,15402.8065426975
54,64043,15381.7636179272,50,71.2132034355964,0,15381.7636179272
54,64706,16225.0016668489,50,71.2132034355964,0,16225.0016668489
54,64711,16114.6367144016,50,71.2132034355964,0,16114.6367144016
54,64745,15381.6262448145,50,71.2132034355964,0,15381.6262448145
54,64746,15360.5541906979,50,71.2132034355964,0,15360.5541906979
54,64747,15339.5113610215,50,71.2132034355964,0,15339.5113610215
54,65414,16094.4526766255,50,71.2132034355964,0,16094.4526766255
54,65415,16072.4274620311,50,71.2132034355964,0,16072.4274620311
54,65449,15339.3737644261,50,71.2132034355964,0,15339.3737644261
54,65450,15318.301725326,50,71.2132034355964,0,15318.301725326
54,65451,15297.2589917405,50,71.2132034355964,0,15297.2589917405
54,66117,16074.2989543743,50,71.2132034355964,0,16074.2989543743
54,66118,16052.245967885,50,71.2132034355964,0,16052.245967885
54,66119,16030.2183082529,50,71.2132034355964,0,16030.2183082529
54,66153,15297.121170114,50,71.2132034355964,0,15297.121170114
54,66154,15276.0491465852,50,71.2132034355964,0,15276.0491465852
54,66155,15255.0065101025,50,71.2132034355964,0,15255.0065101025
54,66821,16032.0948754731,50,71.2132034355964,0,16032.0948754731
54,66822,16010.0393715739,50,71.2132034355964,0,16010.0393715739
54,66857,15254.8684618788,50,71.2132034355964,0,15254.8684618788
54,66858,15233.7964544859,50,71.2132034355964,0,15233.7964544859
54,66859,15212.7539161188,50,71.2132034355964,0,15212.7539161188
54,67525,15989.8909233278,50,71.2132034355964,0,15989.8909233278
54,67526,15967.8328894884,50,71.2132034355964,0,15967.8328894884
54,67560,15233.7170592528,50,71.2132034355964,0,15233.7170592528
54,67561,15212.6156397239,50,71.2132034355964,0,15212.6156397239
54,67562,15191.5436490305,50,71.2132034355964,0,15191.5436490305
54,67563,15170.5012098072,50,71.2132034355964,0,15170.5012098072
54,68229,15947.6870998506,50,71.2132034355964,0,15947.6870998506
54,68264,15191.4641881246,50,71.2132034355964,0,15191.4641881246
54,68265,15170.3627036483,50,71.2132034355964,0,15170.3627036483
54,68266,15149.2907302293,50,71.2132034355964,0,15149.2907302293
54,68932,15927.5720018567,50,71.2132034355964,0,15927.5720018567
54,68933,15905.4834069787,50,71.2132034355964,0,15905.4834069787
54,68968,15149.211202962,50,71.2132034355964,0,15149.211202962
54,68969,15128.109653658,50,71.2132034355964,0,15128.109653658
54,68970,15107.0376980863,50,71.2132034355964,0,15107.0376980863
54,69635,15907.4877119362,50,71.2132034355964,0,15907.4877119362
54,69636,15885.3710704674,50,71.2132034355964,0,15885.3710704674
54,69637,15863.2798466635,50,71.2132034355964,0,15863.2798466635
54,69672,15106.9581037692,50,71.2132034355964,0,15106.9581037692
54,69673,15085.8564897516,50,71.2132034355964,0,15085.8564897516
54,70339,15865.2896309753,50,71.2132034355964,0,15865.2896309753
54,70375,15085.8362047609,50,71.2132034355964,0,15085.8362047609
54,70376,15064.7048905461,50,71.2132034355964,0,15064.7048905461
54,70377,15043.6032119335,50,71.2132034355964,0,15043.6032119335
54,71078,15064.7440813485,50,71.2132034355964,0,15064.7440813485
54,71079,15043.5830253613,50,71.2132034355964,0,15043.5830253613
54,71080,15022.4515632927,50,71.2132034355964,0,15022.4515632927
54,71782,15022.4910196188,50,71.2132034355964,0,15022.4910196188
54,71783,15001.3297322855,50,71.2132034355964,0,15001.3297322855
54,72485,15001.4289992647,50,71.2132034355964,0,15001.4289992647
54,72486,14980.2378450381,50,71.2132034355964,0,14980.2378450381
54,72487,14959.0763255362,50,71.2132034355964,0,14959.0763255362
54,73189,14959.1760282086,50,71.2132034355964,0,14959.1760282086
54,73190,14937.9845576157,50,71.2132034355964,0,14937.9845576157
54,73191,14916.8228051142,50,71.2132034355964,0,14916.8228051142
54,73892,14938.1444089899,50,71.2132034355964,0,14938.1444089899
54,73893,14916.9229456292,50,71.2132034355964,0,14916.9229456292
54,73894,14895.7311573625,50,71.2132034355964,0,14895.7311573625
54,73895,14874.5691710291,50,71.2132034355964,0,14874.5691710291
54,74559,15700.9043417583,50,71.2132034355964,0,15700.9043417583
54,74560,15678.6661948926,50,71.2132034355964,0,15678.6661948926
54,74596,14895.8916174883,50,71.2132034355964,0,14895.8916174883
54,74597,14874.669751545,50,71.2132034355964,0,14874.669751545
54,74598,14853.477644291,50,71.2132034355964,0,14853.477644291
54,74599,14832.3154232798,50,71.2132034355964,0,14832.3154232798
54,75263,15658.7192673857,50,71.2132034355964,0,15658.7192673857
54,75300,14853.6387163058,50,71.2132034355964,0,14853.6387163058
54,75301,14832.4164459839,50,71.2132034355964,0,14832.4164459839
54,75302,14811.2240184113,50,71.2132034355964,0,14811.2240184113
54,75303,14790.0615618736,50,71.2132034355964,0,14790.0615618736
54,76004,14811.3857054853,50,71.2132034355964,0,14811.3857054853
54,76005,14790.1630289654,50,71.2132034355964,0,14790.1630289654
54,76006,14768.9702797358,50,71.2132034355964,0,14768.9702797358
54,76708,14769.1325850607,50,71.2132034355964,0,14769.1325850607
54,76709,14747.9095005144,50,71.2132034355964,0,14747.9095005144
54,77412,14726.8793550744,50,71.2132034355964,0,14726.8793550744
54,78078,15512.2605297363,50,71.2132034355964,0,15512.2605297363
54,78781,15492.3877406284,50,71.2132034355964,0,15492.3877406284
54,78782,15470.0798686259,50,71.2132034355964,0,15470.0798686259
54,79484,15472.5472518625,50,71.2132034355964,0,15472.5472518625
54,80185,15497.5459797836,50,71.2132034355964,0,15497.5459797836
54,80888,15477.8279553724,50,71.2132034355964,0,15477.8279553724
54,80889,15455.3832223896,50,71.2132034355964,0,15455.3832223896
54,81591,15458.142657779,50,71.2132034355964,0,15458.142657779
54,81592,15435.6691794387,50,71.2132034355964,0,15435.6691794387
54,81593,15413.2208339428,50,71.2132034355964,0,15413.2208339428
54,82294,15438.490212191,50,71.2132034355964,0,15438.490212191
54,82295,15415.9879629812,50,71.2132034355964,0,15415.9879629812
54,82296,15393.5107950485,50,71.2132034355964,0,15393.5107950485
54,82998,15396.3396989046,50,71.2132034355964,0,15396.3396989046
54,92148,14893.6155568369,50,71.2132034355964,0,14893.6155568369
54,92850,14896.7816187816,50,71.2132034355964,0,14896.7816187816
54,92851,14874.1180080555,50,71.2132034355964,0,14874.1180080555
54,93553,14877.3484798836,50,71.2132034355964,0,14877.3484798836
54,93554,14854.6550977095,50,71.2132034355964,0,14854.6550977095
54,94262,14721.9943578024,50,71.2132034355964,0,14721.9943578024
54,94964,14725.0762948113,50,71.2132034355964,0,14725.0762948113
54,94965,14702.4511614231,50,71.2132034355964,0,14702.4511614231
54,94966,14679.8519567911,50,71.2132034355964,0,14679.8519567911
54,95668,14682.9428871948,50,71.2132034355964,0,14682.9428871948
54,95669,14660.3134879786,50,71.2132034355964,0,14660.3134879786
54,95670,14637.7100793065,50,71.2132034355964,0,14637.7100793065
54,96372,14640.8100544346,50,71.2132034355964,0,14640.8100544346
54,97120,13629.0117759861,50,71.2132034355964,0,13629.0117759861
54,97823,13608.1562686683,50,71.2132034355964,0,13608.1562686683
54,97824,13586.758269103,50,71.2132034355964,0,13586.758269103
54,98526,13587.3345976014,50,71.2132034355964,0,13587.3345976014
54,98527,13565.9036395905,50,71.2132034355964,0,13565.9036395905
54,98528,13544.5046698758,50,71.2132034355964,0,13544.5046698758
54,99230,13545.0829545787,50,71.2132034355964,0,13545.0829545787
54,99231,13523.6509238671,50,71.2132034355964,0,13523.6509238671
54,99933,13524.2963708397,50,71.2132034355964,0,13524.2963708397
54,99934,13502.8312313041,50,71.2132034355964,0,13502.8312313041
54,99935,13481.3981217594,50,71.2132034355964,0,13481.3981217594
54,100637,13482.0457499486,50,71.2132034355964,0,13482.0457499486
54,100638,13460.5794281007,50,71.2132034355964,0,13460.5794281007
54,100639,13439.1452335272,50,71.2132034355964,0,13439.1452335272
54,101340,13461.2946382761,50,71.2132034355964,0,13461.2946382761
54,101341,13439.7950562947,50,71.2132034355964,0,13439.7950562947
54,101342,13418.3275452896,50,71.2132034355964,0,13418.3275452896
54,102044,13419.045165822,50,71.2132034355964,0,13419.045165822
54,102045,13397.5442902686,50,71.2132034355964,0,13397.5442902686
54,102046,13376.0755831973,50,71.2132034355964,0,13376.0755831973
54,102748,13376.7956289583,50,71.2132034355964,0,13376.7956289583
54,102749,13355.2934522651,50,71.2132034355964,0,13355.2934522651
54,102750,13333.8235421566,50,71.2132034355964,0,13333.8235421566
54,103451,13356.0817225813,50,71.2132034355964,0,13356.0817225813
54,103452,13334.546028155,50,71.2132034355964,0,13334.546028155
54,103453,13313.0425426858,50,71.2132034355964,0,13313.0425426858
54,104155,13313.8334731226,50,71.2132034355964,0,13313.8334731226
54,104156,13292.2963638935,50,71.2132034355964,0,13292.2963638935
54,104157,13270.7915619402,50,71.2132034355964,0,13270.7915619402
54,104859,13271.5851690718,50,71.2132034355964,0,13271.5851690718
54,104860,13250.0466366578,50,71.2132034355964,0,13250.0466366578
54,105562,13250.9091222636,50,71.2132034355964,0,13250.9091222636
54,105563,13229.3368110028,50,71.2132034355964,0,13229.3368110028
54,105564,13207.7968469389,50,71.2132034355964,0,13207.7968469389
54,106266,13208.6622500731,50,71.2132034355964,0,13208.6622500731
54,106267,13187.0883994914,50,71.2132034355964,0,13187.0883994914
54,106268,13165.5469952334,50,71.2132034355964,0,13165.5469952334
54,106970,13166.4153342577,50,71.2132034355964,0,13166.4153342577
54,106971,13144.8399351204,50,71.2132034355964,0,13144.8399351204
54,107673,13145.7778181659,50,71.2132034355964,0,13145.7778181659
54,107674,13124.1683754978,50,71.2132034355964,0,13124.1683754978
54,107675,13102.5914184862,50,71.2132034355964,0,13102.5914184862
54,121010,13212.2590300424,50,71.2132034355964,0,13212.2590300424
54,121011,13189.4026930687,50,71.2132034355964,0,13189.4026930687
54,121713,13193.0520149283,50,71.2132034355964,0,13193.0520149283
54,121714,13170.1622213729,50,71.2132034355964,0,13170.1622213729
54,121715,13147.3004767401,50,71.2132034355964,0,13147.3004767401
54,122417,13150.961632773,50,71.2132034355964,0,13150.961632773
54,122418,13128.0663279246,50,71.2132034355964,0,13128.0663279246
54,122419,13105.1991432208,50,71.2132034355964,0,13105.1991432208
54,123121,13108.8722088185,50,71.2132034355964,0,13108.8722088185
54,123122,13085.9713596342,50,71.2132034355964,0,13085.9713596342
54,123123,13063.0987021564,50,71.2132034355964,0,13063.0987021564
54,123124,13040.2543847289,50,71.2132034355964,0,13040.2543847289
54,123824,13089.718295514,50,71.2132034355964,0,13089.718295514
54,123825,13066.7837534304,50,71.2132034355964,0,13066.7837534304
54,123826,13043.8773265696,50,71.2132034355964,0,13043.8773265696
54,123827,13020.999163312,50,71.2132034355964,0,13020.999163312
54,124528,13047.6365018622,50,71.2132034355964,0,13047.6365018622
54,124529,13024.696277112,50,71.2132034355964,0,13024.696277112
54,124530,13001.7842389264,50,71.2132034355964,0,13001.7842389264
54,124531,12978.9005365844,50,71.2132034355964,0,12978.9005365844
54,125232,13005.5557322036,50,71.2132034355964,0,13005.5557322036
54,125233,12982.6097904951,50,71.2132034355964,0,12982.6097904951
54,125234,12959.6921070319,50,71.2132034355964,0,12959.6921070319
54,125235,12936.8028319911,50,71.2132034355964,0,12936.8028319911
54,125936,12963.4759976258,50,71.2132034355964,0,12963.4759976258
54,125937,12940.5243043583,50,71.2132034355964,0,12940.5243043583
54,125938,12917.600941349,50,71.2132034355964,0,12917.600941349
54,125939,12894.7060596919,50,71.2132034355964,0,12894.7060596919
54,126640,12921.3973093626,50,71.2132034355964,0,12921.3973093626
54,126641,12898.4398296128,50,71.2132034355964,0,12898.4398296128
54,126642,12875.5107524789,50,71.2132034355964,0,12875.5107524789
54,127344,12879.3196787892,50,71.2132034355964,0,12879.3196787892
54,127345,12856.3563773191,50,71.2132034355964,0,12856.3563773191
54,128047,12860.240671575,50,71.2132034355964,0,12860.240671575
54,128048,12837.2431174361,50,71.2132034355964,0,12837.2431174361
54,128049,12814.2739586754,50,71.2132034355964,0,12814.2739586754
54,128751,12818.1711567525,50,71.2132034355964,0,12818.1711567525
54,128752,12795.1676369803,50,71.2132034355964,0,12795.1676369803
54,128753,12772.1925850359,50,71.2132034355964,0,12772.1925850359
54,129455,12776.1027712276,50,71.2132034355964,0,12776.1027712276
54,131560,12811.8910316092,50,71.2132034355964,0,12811.8910316092
54,131561,12788.6662904196,50,71.2132034355964,0,12788.6662904196
54,131582,12307.5812390304,50,71.2132034355964,0,12307.5812390304
54,132263,12793.1313329953,50,71.2132034355964,0,12793.1313329953
54,132264,12769.8723477997,50,71.2132034355964,0,12769.8723477997
54,132265,12746.640962197,50,71.2132034355964,0,12746.640962197
54,132285,12288.0488745611,50,71.2132034355964,0,12288.0488745611
54,132286,12265.4334630808,50,71.2132034355964,0,12265.4334630808
54,132967,12751.120870832,50,71.2132034355964,0,12751.120870832
54,132968,12727.855133769,50,71.2132034355964,0,12727.855133769
54,132969,12704.6170632494,50,71.2132034355964,0,12704.6170632494
54,132988,12268.558339273,50,71.2132034355964,0,12268.558339273
54,132989,12245.9068109952,50,71.2132034355964,0,12245.9068109952
54,132990,12223.286346039,50,71.2132034355964,0,12223.286346039
54,133671,12709.1119353537,50,71.2132034355964,0,12709.1119353537
54,133672,12685.8394052644,50,71.2132034355964,0,12685.8394052644
54,133673,12662.5946089453,50,71.2132034355964,0,12662.5946089453
54,133692,12226.4221504963,50,71.2132034355964,0,12226.4221504963
54,133693,12203.7654472397,50,71.2132034355964,0,12203.7654472397
54,134375,12667.1045428939,50,71.2132034355964,0,12667.1045428939
54,134376,12643.8251782358,50,71.2132034355964,0,12643.8251782358
54,134396,12184.2867036808,50,71.2132034355964,0,12184.2867036808
54,134397,12161.6247917582,50,71.2132034355964,0,12161.6247917582
54,134398,12138.994120894,50,71.2132034355964,0,12138.994120894
54,135078,12648.4126663064,50,71.2132034355964,0,12648.4126663064
54,135079,12625.0987099989,50,71.2132034355964,0,12625.0987099989
54,135080,12601.8124688533,50,71.2132034355964,0,12601.8124688533
54,135100,12142.1520077415,50,71.2132034355964,0,12142.1520077415
54,135101,12119.4848531356,50,71.2132034355964,0,12119.4848531356
54,135102,12096.8490291822,50,71.2132034355964,0,12096.8490291822
54,135782,12606.4153956922,50,71.2132034355964,0,12606.4153956922
54,135783,12583.094453439,50,71.2132034355964,0,12583.094453439
54,135784,12559.8012934946,50,71.2132034355964,0,12559.8012934946
54,135804,12100.0180717193,50,71.2132034355964,0,12100.0180717193
54,135805,12077.3456400695,50,71.2132034355964,0,12077.3456400695
54,135806,12054.7046291616,50,71.2132034355964,0,12054.7046291616
54,136486,12564.4197613866,50,71.2132034355964,0,12564.4197613866
54,136487,12541.0917902053,50,71.2132034355964,0,12541.0917902053
54,136488,12517.7916687594,50,71.2132034355964,0,12517.7916687594
54,136508,12057.8849047785,50,71.2132034355964,0,12057.8849047785
54,136509,12035.2071613853,50,71.2132034355964,0,12035.2071613853
54,136510,12012.5609293158,50,71.2132034355964,0,12012.5609293158
54,137189,12545.7885861582,50,71.2132034355964,0,12545.7885861582
54,137190,12522.4257810041,50,71.2132034355964,0,12522.4257810041
54,137191,12499.0907375156,50,71.2132034355964,0,12499.0907375156
54,137192,12475.7836114748,50,71.2132034355964,0,12475.7836114748
54,137198,12336.5359693264,50,71.2132034355964,0,12336.5359693264
54,137212,12015.7525162142,50,71.2132034355964,0,12015.7525162142
54,137213,11993.0694260295,50,71.2132034355964,0,11993.0694260295
54,137893,12503.8034606793,50,71.2132034355964,0,12503.8034606793
54,137894,12480.4334723989,50,71.2132034355964,0,12480.4334723989
54,137895,12457.0913128256,50,71.2132034355964,0,12457.0913128256
54,137896,12433.7771386876,50,71.2132034355964,0,12433.7771386876
54,137900,12340.8034658615,50,71.2132034355964,0,12340.8034658615
54,137901,12317.6316046899,50,71.2132034355964,0,12317.6316046899
54,137902,12294.4886903119,50,71.2132034355964,0,12294.4886903119
54,137916,11973.6209154508,50,71.2132034355964,0,11973.6209154508
54,137917,11950.9324430719,50,71.2132034355964,0,11950.9324430719
54,138597,12461.8200695327,50,71.2132034355964,0,12461.8200695327
54,138598,12438.4428536666,50,71.2132034355964,0,12438.4428536666
54,138599,12415.0935338187,50,71.2132034355964,0,12415.0935338187
54,138604,12298.7709291373,50,71.2132034355964,0,12298.7709291373
54,138605,12275.5923320855,50,71.2132034355964,0,12275.5923320855
54,138606,12252.4427560725,50,71.2132034355964,0,12252.4427560725
54,138619,11954.2156074153,50,71.2132034355964,0,11954.2156074153
54,138620,11931.4901120424,50,71.2132034355964,0,11931.4901120424
54,138621,11908.796221716,50,71.2132034355964,0,11908.796221716
54,139301,12419.8384314748,50,71.2132034355964,0,12419.8384314748
54,139302,12396.4539431452,50,71.2132034355964,0,12396.4539431452
54,139303,12373.0974184243,50,71.2132034355964,0,12373.0974184243
54,139308,12256.7398374574,50,71.2132034355964,0,12256.7398374574
54,139309,12233.5544617597,50,71.2132034355964,0,12233.5544617597
54,139310,12210.3981816896,50,71.2132034355964,0,12210.3981816896
54,139311,12187.2711630932,50,71.2132034355964,0,12187.2711630932
54,139323,11912.0911565089,50,71.2132034355964,0,11912.0911565089
54,139324,11889.3601156854,50,71.2132034355964,0,11889.3601156854
54,139325,11866.6607712953,50,71.2132034355964,0,11866.6607712953
54,140005,12377.8585655092,50,71.2132034355964,0,12377.8585655092
54,140006,12354.4667594254,50,71.2132034355964,0,12354.4667594254
54,140007,12331.1029848129,50,71.2132034355964,0,12331.1029848129
54,140011,12237.9314091439,50,71.2132034355964,0,12237.9314091439
54,140012,12214.7102069221,50,71.2132034355964,0,12214.7102069221
54,140013,12191.5180094089,50,71.2132034355964,0,12191.5180094089
54,140014,12168.3549824455,50,71.2132034355964,0,12168.3549824455
54,140015,12145.2212929353,50,71.2132034355964,0,12145.2212929353
54,140027,11869.967559471,50,71.2132034355964,0,11869.967559471
54,140028,11847.2309362122,50,71.2132034355964,0,11847.2309362122
54,140029,11824.5261012722,50,71.2132034355964,0,11824.5261012722
54,140709,12335.8804909018,50,71.2132034355964,0,12335.8804909018
54,140710,12312.4813213442,50,71.2132034355964,0,12312.4813213442
54,140711,12289.1102513986,50,71.2132034355964,0,12289.1102513986
54,140715,12195.9101956981,50,71.2132034355964,0,12195.9101956981
54,140716,12172.6820538563,50,71.2132034355964,0,12172.6820538563
54,140717,12149.482990937,50,71.2132034355964,0,12149.482990937
54,140718,12126.3131738371,50,71.2132034355964,0,12126.3131738371
54,140719,12103.1727705172,50,71.2132034355964,0,12103.1727705172
54,140731,11827.8448266458,50,71.2132034355964,0,11827.8448266458
54,141413,12293.9042271776,50,71.2132034355964,0,12293.9042271776
54,141414,12270.4976479993,50,71.2132034355964,0,12270.4976479993
54,141415,12247.1192368546,50,71.2132034355964,0,12247.1192368546
54,141419,12153.890520612,50,71.2132034355964,0,12153.890520612
54,141420,12130.6553948061,50,71.2132034355964,0,12130.6553948061
54,141421,12107.4494224759,50,71.2132034355964,0,12107.4494224759
54,141422,12084.2727715738,50,71.2132034355964,0,12084.2727715738
54,142116,12275.371904661,50,71.2132034355964,0,12275.371904661
54,142117,12251.9297941288,50,71.2132034355964,0,12251.9297941288
54,142118,12228.5157587516,50,71.2132034355964,0,12228.5157587516
54,142119,12205.129960107,50,71.2132034355964,0,12205.129960107
54,142123,12111.8724010886,50,71.2132034355964,0,12111.8724010886
54,142124,12088.6302465534,50,71.2132034355964,0,12088.6302465534
54,142125,12065.4173203779,50,71.2132034355964,0,12065.4173203779
54,142126,12042.233791586,50,71.2132034355964,0,12042.233791586
54,142138,11766.3874730075,50,71.2132034355964,0,11766.3874730075
54,142139,11743.6019957535,50,71.2132034355964,0,11743.6019957535
54,142140,11720.848399498,50,71.2132034355964,0,11720.848399498
54,142141,11698.1268702712,50,71.2132034355964,0,11698.1268702712
54,142143,11652.7807629691,50,71.2132034355964,0,11652.7807629691
54,142144,11630.1565629062,50,71.2132034355964,0,11630.1565629062
54,142145,11607.5651859149,50,71.2132034355964,0,11607.5651859149
54,142820,12233.4068935493,50,71.2132034355964,0,12233.4068935493
54,142821,12209.9572118217,50,71.2132034355964,0,12209.9572118217
54,142822,12186.5356732264,50,71.2132034355964,0,12186.5356732264
54,142823,12163.1424403412,50,71.2132034355964,0,12163.1424403412
54,142827,12069.8558545739,50,71.2132034355964,0,12069.8558545739
54,142828,12046.6066261078,50,71.2132034355964,0,12046.6066261078
54,142829,12023.3867012237,50,71.2132034355964,0,12023.3867012237
54,142840,11769.9510092045,50,71.2132034355964,0,11769.9510092045
54,142841,11747.0963148942,50,71.2132034355964,0,11747.0963148942
54,142842,11724.2732232284,50,71.2132034355964,0,11724.2732232284
54,142843,11701.4819191284,50,71.2132034355964,0,11701.4819191284
54,142844,11678.7225886946,50,71.2132034355964,0,11678.7225886946
54,142845,11655.9954192231,50,71.2132034355964,0,11655.9954192231
54,142846,11633.3005992075,50,71.2132034355964,0,11633.3005992075
54,142847,11610.638318341,50,71.2132034355964,0,11610.638318341
54,142848,11588.0087675342,50,71.2132034355964,0,11588.0087675342
54,142849,11565.4121389124,50,71.2132034355964,0,11565.4121389124
54,143524,12191.4438012576,50,71.2132034355964,0,12191.4438012576
54,143525,12167.9865005992,50,71.2132034355964,0,12167.9865005992
54,143526,12144.5574113194,50,71.2132034355964,0,12144.5574113194
54,143527,12121.1566970086,50,71.2132034355964,0,12121.1566970086
54,143531,12027.8408987552,50,71.2132034355964,0,12027.8408987552
54,143532,12004.5845507201,50,71.2132034355964,0,12004.5845507201
54,143544,11727.8497129796,50,71.2132034355964,0,11727.8497129796
54,143545,11704.988969817,50,71.2132034355964,0,11704.988969817
54,143546,11682.1599199696,50,71.2132034355964,0,11682.1599199696
54,143547,11659.362749601,50,71.2132034355964,0,11659.362749601
54,143548,11636.5976460798,50,71.2132034355964,0,11636.5976460798
54,143550,11591.1643950623,50,71.2132034355964,0,11591.1643950623
54,143551,11568.4966283453,50,71.2132034355964,0,11568.4966283453
54,143552,11545.8616900472,50,71.2132034355964,0,11545.8616900472
54,143553,11523.2597736203,50,71.2132034355964,0,11523.2597736203
54,144228,12149.4826488567,50,71.2132034355964,0,12149.4826488567
54,144229,12126.0176810786,50,71.2132034355964,0,12126.0176810786
54,144230,12102.5809931987,50,71.2132034355964,0,12102.5809931987
54,144231,12079.172749831,50,71.2132034355964,0,12079.172749831
54,144235,11985.8275515641,50,71.2132034355964,0,11985.8275515641
54,144248,11685.749455919,50,71.2132034355964,0,11685.749455919
54,144249,11662.8826230975,50,71.2132034355964,0,11662.8826230975
54,144250,11640.0475747419,50,71.2132034355964,0,11640.0475747419
54,144253,11571.7350168317,50,71.2132034355964,0,11571.7350168317
54,144254,11549.0289927784,50,71.2132034355964,0,11549.0289927784
54,144255,11526.3557025146,50,71.2132034355964,0,11526.3557025146
54,144256,11503.7153395911,50,71.2132034355964,0,11503.7153395911
54,144257,11481.1080988021,50,71.2132034355964,0,11481.1080988021
54,144932,12107.5234577112,50,71.2132034355964,0,12107.5234577112
54,144933,12084.0507741674,50,71.2132034355964,0,12084.0507741674
54,144934,12060.6064393182,50,71.2132034355964,0,12060.6064393182
54,144935,12037.1906188031,50,71.2132034355964,0,12037.1906188031
54,144952,11643.6502505405,50,71.2132034355964,0,11643.6502505405
54,144953,11620.7772868291,50,71.2132034355964,0,11620.7772868291
54,144954,11597.9361992309,50,71.2132034355964,0,11597.9361992309
54,144955,11575.1271764477,50,71.2132034355964,0,11575.1271764477
54,144958,11506.8944024218,50,71.2132034355964,0,11506.8944024218
54,144959,11484.2155505191,50,71.2132034355964,0,11484.2155505191
54,144960,11461.5697254466,50,71.2132034355964,0,11461.5697254466
54,144961,11438.957123359,50,71.2132034355964,0,11438.957123359
54,145636,12065.5662494792,50,71.2132034355964,0,12065.5662494792
54,145637,12042.0858010642,50,71.2132034355964,0,12042.0858010642
54,145638,12018.6337704108,50,71.2132034355964,0,12018.6337704108
54,145639,11995.2103242022,50,71.2132034355964,0,11995.2103242022
54,145645,11855.2793938958,50,71.2132034355964,0,11855.2793938958
54,145656,11601.5521095365,50,71.2132034355964,0,11601.5521095365
54,145657,11578.6729732878,50,71.2132034355964,0,11578.6729732878
54,145658,11555.8258052889,50,71.2132034355964,0,11555.8258052889
54,145659,11533.0107955289,50,71.2132034355964,0,11533.0107955289
54,145662,11464.7606342057,50,71.2132034355964,0,11464.7606342057
54,145663,11442.0761821711,50,71.2132034355964,0,11442.0761821711
54,145664,11419.4248570351,50,71.2132034355964,0,11419.4248570351
54,145665,11396.8068563171,50,71.2132034355964,0,11396.8068563171
54,146340,12023.6110461256,50,71.2132034355964,0,12023.6110461256
54,146341,12000.1227832618,50,71.2132034355964,0,12000.1227832618
54,146342,11976.663007506,50,71.2132034355964,0,11976.663007506
54,146343,11953.2318865853,50,71.2132034355964,0,11953.2318865853
54,146347,11859.7973449184,50,71.2132034355964,0,11859.7973449184
54,146348,11836.5120532829,50,71.2132034355964,0,11836.5120532829
54,146349,11813.2564464569,50,71.2132034355964,0,11813.2564464569
54,146350,11790.0307000963,50,71.2132034355964,0,11790.0307000963
54,146360,11559.4550457907,50,71.2132034355964,0,11559.4550457907
54,146361,11536.5696949238,50,71.2132034355964,0,11536.5696949238
54,146362,11513.7164049409,50,71.2132034355964,0,11513.7164049409
54,146363,11490.8953671345,50,71.2132034355964,0,11490.8953671345
54,146366,11422.6276984926,50,71.2132034355964,0,11422.6276984926
54,146367,11399.9376074318,50,71.2132034355964,0,11399.9376074318
54,146368,11377.2807439128,50,71.2132034355964,0,11377.2807439128
54,146369,11354.6573068432,50,71.2132034355964,0,11354.6573068432
54,146370,11332.0674964201,50,71.2132034355964,0,11332.0674964201
54,147044,11981.6578699143,50,71.2132034355964,0,11981.6578699143
54,147045,11958.1617425546,50,71.2132034355964,0,11958.1617425546
54,147046,11934.6941719206,50,71.2132034355964,0,11934.6941719206
54,147047,11911.255326799,50,71.2132034355964,0,11911.255326799
54,147051,11817.790616692,50,71.2132034355964,0,11817.790616692
54,147052,11794.4979705383,50,71.2132034355964,0,11794.4979705383
54,147053,11771.2350864694,50,71.2132034355964,0,11771.2350864694
54,147054,11748.0021412895,50,71.2132034355964,0,11748.0021412895
54,147064,11517.3590723683,50,71.2132034355964,0,11517.3590723683
54,147065,11494.4674643681,50,71.2132034355964,0,11494.4674643681
54,147066,11471.6080103901,50,71.2132034355964,0,11471.6080103901
54,147067,11448.7809030387,50,71.2132034355964,0,11448.7809030387
54,147071,11357.7998364057,50,71.2132034355964,0,11357.7998364057
54,147072,11335.1373957822,50,71.2132034355964,0,11335.1373957822
54,147073,11312.5084842328,50,71.2132034355964,0,11312.5084842328
54,147074,11289.9133033686,50,71.2132034355964,0,11289.9133033686
54,147748,11939.7067434289,50,71.2132034355964,0,11939.7067434289
54,147749,11916.2027010417,50,71.2132034355964,0,11916.2027010417
54,147750,11892.727285275,50,71.2132034355964,0,11892.727285275
54,147755,11775.7855906345,50,71.2132034355964,0,11775.7855906345
54,147756,11752.4855415763,50,71.2132034355964,0,11752.4855415763
54,147757,11729.2153322306,50,71.2132034355964,0,11729.2153322306
54,147758,11705.9751405538,50,71.2132034355964,0,11705.9751405538
54,147775,11315.6628793505,50,71.2132034355964,0,11315.6628793505
54,147776,11292.9948224859,50,71.2132034355964,0,11292.9948224859
54,147777,11270.3603979231,50,71.2132034355964,0,11270.3603979231
54,147778,11247.7598087033,50,71.2132034355964,0,11247.7598087033
54,148452,11897.7576895644,50,71.2132034355964,0,11897.7576895644
54,148453,11874.2456811329,50,71.2132034355964,0,11874.2456811329
54,148454,11850.7623694949,50,71.2132034355964,0,11850.7623694949
54,148455,11827.3079255879,50,71.2132034355964,0,11827.3079255879
54,148459,11733.7822862569,50,71.2132034355964,0,11733.7822862569
54,148460,11710.4747854328,50,71.2132034355964,0,11710.4747854328
54,148461,11687.1972022978,50,71.2132034355964,0,11687.1972022978
54,148462,11663.9497159694,50,71.2132034355964,0,11663.9497159694
54,148479,11273.5267466764,50,71.2132034355964,0,11273.5267466764
54,148480,11250.8530340163,50,71.2132034355964,0,11250.8530340163
54,148481,11228.2130574952,50,71.2132034355964,0,11228.2130574952
54,148482,11205.6070215983,50,71.2132034355964,0,11205.6070215983
54,149156,11855.8107315408,50,71.2132034355964,0,11855.8107315408
54,149157,11832.2907055561,50,71.2132034355964,0,11832.2907055561
54,149158,11808.799446819,50,71.2132034355964,0,11808.799446819
54,149159,11785.3371273498,50,71.2132034355964,0,11785.3371273498
54,149163,11691.7807233532,50,71.2132034355964,0,11691.7807233532
54,149164,11668.4657214148,50,71.2132034355964,0,11668.4657214148
54,149165,11645.1807154916,50,71.2132034355964,0,11645.1807154916
54,149166,11621.9258858806,50,71.2132034355964,0,11621.9258858806
54,149183,11231.3914489461,50,71.2132034355964,0,11231.3914489461
54,149184,11208.712040516,50,71.2132034355964,0,11208.712040516
54,149185,11186.0664726746,50,71.2132034355964,0,11186.0664726746
54,149186,11163.4549513621,50,71.2132034355964,0,11163.4549513621
54,149860,11813.8658929083,50,71.2132034355964,0,11813.8658929083
54,149861,11790.3377973659,50,71.2132034355964,0,11790.3377973659
54,149862,11766.838539798,50,71.2132034355964,0,11766.838539798
54,149863,11743.3682933253,50,71.2132034355964,0,11743.3682933253
54,149868,11626.4583691078,50,71.2132034355964,0,11626.4583691078
54,149869,11603.1658909121,50,71.2132034355964,0,11603.1658909121
54,149870,11579.9036688974,50,71.2132034355964,0,11579.9036688974
54,149887,11189.2569968877,50,71.2132034355964,0,11189.2569968877
54,149888,11166.5718522825,50,71.2132034355964,0,11166.5718522825
54,149889,11143.9206533309,50,71.2132034355964,0,11143.9206533309
54,149890,11121.3036074462,50,71.2132034355964,0,11121.3036074462
54,150564,11771.9231975514,50,71.2132034355964,0,11771.9231975514
54,150565,11748.3869799363,50,71.2132034355964,0,11748.3869799363
54,150566,11724.8796713047,50,71.2132034355964,0,11724.8796713047
54,150567,11701.4014458881,50,71.2132034355964,0,11701.4014458881
54,150571,11607.7829025632,50,71.2132034355964,0,11607.7829025632
54,150572,11584.4527483804,50,71.2132034355964,0,11584.4527483804
54,150573,11561.152747932,50,71.2132034355964,0,11561.152747932
54,150574,11537.8830838954,50,71.2132034355964,0,11537.8830838954
54,150591,11147.1234013871,50,71.2132034355964,0,11147.1234013871
54,150592,11124.4324797643,50,71.2132034355964,0,11124.4324797643
54,150593,11101.7756094817,50,71.2132034355964,0,11101.7756094817
54,150594,11079.1529994474,50,71.2132034355964,0,11079.1529994474
54,150595,11056.5648599565,50,71.2132034355964,0,11056.5648599565
54,151268,11729.9826696922,50,71.2132034355964,0,11729.9826696922
54,151269,11706.4382769801,50,71.2132034355964,0,11706.4382769801
54,151270,11682.9228645432,50,71.2132034355964,0,11682.9228645432
54,151271,11659.4366077269,50,71.2132034355964,0,11659.4366077269
54,151275,11565.7866857053,50,71.2132034355964,0,11565.7866857053
54,151276,11542.4488793931,50,71.2132034355964,0,11542.4488793931
54,151277,11519.1413062046,50,71.2132034355964,0,11519.1413062046
54,151278,11495.8641500289,50,71.2132034355964,0,11495.8641500289
54,151295,11104.9906734959,50,71.2132034355964,0,11104.9906734959
54,151296,11082.2939335706,50,71.2132034355964,0,11082.2939335706
54,151297,11059.6313513039,50,71.2132034355964,0,11059.6313513039
54,151298,11037.0031371039,50,71.2132034355964,0,11037.0031371039
54,151299,11014.4095027936,50,71.2132034355964,0,11014.4095027936
54,151972,11688.0443339001,50,71.2132034355964,0,11688.0443339001
54,151973,11664.4917125527,50,71.2132034355964,0,11664.4917125527
54,151974,11640.9681430475,50,71.2132034355964,0,11640.9681430475
54,151975,11617.4738018637,50,71.2132034355964,0,11617.4738018637
54,151980,11500.4467825965,50,71.2132034355964,0,11500.4467825965
54,151981,11477.1315856722,50,71.2132034355964,0,11477.1315856722
54,152001,11017.4878891234,50,71.2132034355964,0,11017.4878891234
54,152002,10994.8540303107,50,71.2132034355964,0,10994.8540303107
54,152003,10972.254861395,50,71.2132034355964,0,10972.254861395
54,152676,11646.1082151015,50,71.2132034355964,0,11646.1082151015
54,152677,11622.5473110498,50,71.2132034355964,0,11622.5473110498
54,152678,11599.0155306935,50,71.2132034355964,0,11599.0155306935
54,152679,11575.5130516479,50,71.2132034355964,0,11575.5130516479
54,152683,11481.7997438863,50,71.2132034355964,0,11481.7997438863
54,152684,11458.4464787386,50,71.2132034355964,0,11458.4464787386
54,152685,11435.1236065716,50,71.2132034355964,0,11435.1236065716
54,152704,10998.0193634144,50,71.2132034355964,0,10998.0193634144
54,152705,10975.3452334297,50,71.2132034355964,0,10975.3452334297
54,152706,10952.7056891084,50,71.2132034355964,0,10952.7056891084
54,152707,10930.1009453622,50,71.2132034355964,0,10930.1009453622
54,152708,10907.5312185546,50,71.2132034355964,0,10907.5312185546
54,153380,11604.1743385751,50,71.2132034355964,0,11604.1743385751
54,153381,11580.6050972244,50,71.2132034355964,0,11580.6050972244
54,153382,11557.0650517004,50,71.2132034355964,0,11557.0650517004
54,153383,11533.5543807675,50,71.2132034355964,0,11533.5543807675
54,153387,11439.8090617696,50,71.2132034355964,0,11439.8090617696
54,153388,11416.4479888772,50,71.2132034355964,0,11416.4479888772
54,153389,11393.1173894311,50,71.2132034355964,0,11393.1173894311
54,153408,10955.883361492,50,71.2132034355964,0,10955.883361492
54,153409,10933.2033948694,50,71.2132034355964,0,10933.2033948694
54,153410,10910.5581236939,50,71.2132034355964,0,10910.5581236939
54,153411,10887.9477644501,50,71.2132034355964,0,10887.9477644501
54,153412,10865.3725350915,50,71.2132034355964,0,10865.3725350915
54,154084,11562.242729971,50,71.2132034355964,0,11562.242729971
54,154085,11538.665096185,50,71.2132034355964,0,11538.665096185
54,154086,11515.1167306378,50,71.2132034355964,0,11515.1167306378
54,154087,11491.5978132607,50,71.2132034355964,0,11491.5978132607
54,154091,11397.8202679402,50,71.2132034355964,0,11397.8202679402
54,154092,11374.4513343748,50,71.2132034355964,0,11374.4513343748
54,154093,11351.1129550887,50,71.2132034355964,0,11351.1129550887
54,154113,10891.0623842546,50,71.2132034355964,0,10891.0623842546
54,154114,10868.4113444235,50,71.2132034355964,0,10868.4113444235
54,154115,10845.7953285651,50,71.2132034355964,0,10845.7953285651
54,154116,10823.2145562356,50,71.2132034355964,0,10823.2145562356
54,154117,10800.6692484816,50,71.2132034355964,0,10800.6692484816
54,154788,11520.3134153078,50,71.2132034355964,0,11520.3134153078
54,154789,11496.7273334036,50,71.2132034355964,0,11496.7273334036
54,154790,11473.1705924382,50,71.2132034355964,0,11473.1705924382
54,154791,11449.6433735131,50,71.2132034355964,0,11449.6433735131
54,154795,11355.8333846154,50,71.2132034355964,0,11355.8333846154
54,154796,11332.4565369147,50,71.2132034355964,0,11332.4565369147
54,154797,11309.1103246868,50,71.2132034355964,0,11309.1103246868
54,154817,10848.9222125673,50,71.2132034355964,0,10848.9222125673
54,154818,10826.2653618166,50,71.2132034355964,0,10826.2653618166
54,154819,10803.6436477649,50,71.2132034355964,0,10803.6436477649
54,154820,10781.0572915897,50,71.2132034355964,0,10781.0572915897
54,154821,10758.506515987,50,71.2132034355964,0,10758.506515987
54,155492,11478.3864209807,50,71.2132034355964,0,11478.3864209807
54,155493,11454.7918347285,50,71.2132034355964,0,11454.7918347285
54,155494,11431.2266623969,50,71.2132034355964,0,11431.2266623969
54,155495,11407.691086267,50,71.2132034355964,0,11407.691086267
54,155499,11313.8484343444,50,71.2132034355964,0,11313.8484343444
54,155500,11290.4636184985,50,71.2132034355964,0,11290.4636184985
54,155501,11267.1095196812,50,71.2132034355964,0,11267.1095196812
54,155522,10784.1201865525,50,71.2132034355964,0,10784.1201865525
54,155523,10761.492732262,50,71.2132034355964,0,10761.492732262
54,155524,10738.9007509158,50,71.2132034355964,0,10738.9007509158
54,155525,10716.3444668601,50,71.2132034355964,0,10716.3444668601
54,156196,11436.4617737785,50,71.2132034355964,0,11436.4617737785
54,156197,11412.8586263872,50,71.2132034355964,0,11412.8586263872
54,156198,11389.2849661787,50,71.2132034355964,0,11389.2849661787
54,156199,11365.7409766299,50,71.2132034355964,0,11365.7409766299
54,156203,11271.8654400117,50,71.2132034355964,0,11271.8654400117
54,156206,11201.7795139114,50,71.2132034355964,0,11201.7795139114
54,156226,10741.9758294783,50,71.2132034355964,0,10741.9758294783
54,156227,10719.3425924394,50,71.2132034355964,0,10719.3425924394
54,156228,10696.7449441227,50,71.2132034355964,0,10696.7449441227
54,156229,10674.1831105589,50,71.2132034355964,0,10674.1831105589
54,156230,10651.6573193315,50,71.2132034355964,0,10651.6573193315
54,156900,11394.5395008776,50,71.2132034355964,0,11394.5395008776
54,156901,11370.9277349869,50,71.2132034355964,0,11370.9277349869
54,156902,11347.3455298265,50,71.2132034355964,0,11347.3455298265
54,156908,11206.4835084486,50,71.2132034355964,0,11206.4835084486
54,156909,11183.1134733094,50,71.2132034355964,0,11183.1134733094
54,156910,11159.7745134296,50,71.2132034355964,0,11159.7745134296
54,156930,10699.832301617,50,71.2132034355964,0,10699.832301617
54,156931,10677.1932388333,50,71.2132034355964,0,10677.1932388333
54,156932,10654.5898812803,50,71.2132034355964,0,10654.5898812803
54,156933,10632.0224566824,50,71.2132034355964,0,10632.0224566824
54,156934,10609.4911943379,50,71.2132034355964,0,10609.4911943379
54,157604,11352.6196298533,50,71.2132034355964,0,11352.6196298533
54,157607,11281.8473924793,50,71.2132034355964,0,11281.8473924793
54,157612,11164.4963624849,50,71.2132034355964,0,11164.4963624849
54,157613,11141.1182764836,50,71.2132034355964,0,11141.1182764836
54,157614,11117.7713497238,50,71.2132034355964,0,11117.7713497238
54,157635,10635.0446821543,50,71.2132034355964,0,10635.0446821543
54,157636,10612.4355726162,50,71.2132034355964,0,10612.4355726162
54,157637,10589.8625149847,50,71.2132034355964,0,10589.8625149847
54,157638,10567.3257402954,50,71.2132034355964,0,10567.3257402954
54,158309,11287.0730114212,50,71.2132034355964,0,11287.0730114212
54,158310,11263.4735428343,50,71.2132034355964,0,11263.4735428343
54,158311,11239.9039700617,50,71.2132034355964,0,11239.9039700617
54,158316,11122.5111869137,50,71.2132034355964,0,11122.5111869137
54,158317,11099.1249941506,50,71.2132034355964,0,11099.1249941506
54,158318,11075.7700449998,50,71.2132034355964,0,11075.7700449998
54,158338,10615.5477784764,50,71.2132034355964,0,10615.5477784764
54,158339,10592.8969332777,50,71.2132034355964,0,10592.8969332777
54,158340,10570.2820285185,50,71.2132034355964,0,10570.2820285185
54,158341,10547.7032953775,50,71.2132034355964,0,10547.7032953775
54,158342,10525.1609666429,50,71.2132034355964,0,10525.1609666429
54,158343,10502.6552767249,50,71.2132034355964,0,10502.6552767249
54,159013,11245.1492344675,50,71.2132034355964,0,11245.1492344675
54,159014,11221.5410462369,50,71.2132034355964,0,11221.5410462369
54,159015,11197.9628294624,50,71.2132034355964,0,11197.9628294624
54,159020,11080.5280054355,50,71.2132034355964,0,11080.5280054355
54,159021,11057.1336494333,50,71.2132034355964,0,11057.1336494333
54,159022,11033.7706217961,50,71.2132034355964,0,11033.7706217961
54,159023,11010.4391219536,50,71.2132034355964,0,11010.4391219536
54,159043,10550.7500032544,50,71.2132034355964,0,10550.7500032544
54,159044,10528.1292595472,50,71.2132034355964,0,10528.1292595472
54,159045,10505.5448079316,50,71.2132034355964,0,10505.5448079316
54,159046,10482.9968829692,50,71.2132034355964,0,10482.9968829692
54,159047,10460.4857208628,50,71.2132034355964,0,10460.4857208628
54,159717,11203.227884897,50,71.2132034355964,0,11203.227884897
54,159718,11179.6109176066,50,71.2132034355964,0,11179.6109176066
54,159724,11038.5468421153,50,71.2132034355964,0,11038.5468421153
54,159725,11015.1442658021,50,71.2132034355964,0,11015.1442658021
54,159726,10991.7731029969,50,71.2132034355964,0,10991.7731029969
54,159727,10968.4335545049,50,71.2132034355964,0,10968.4335545049
54,159748,10485.9772764289,50,71.2132034355964,0,10485.9772764289
54,159749,10463.3870628779,50,71.2132034355964,0,10463.3870628779
54,159750,10440.8334990169,50,71.2132034355964,0,10440.8334990169
54,160421,11161.3089913548,50,71.2132034355964,0,11161.3089913548
54,160422,11137.6831849836,50,71.2132034355964,0,11137.6831849836
54,160423,11114.087502248,50,71.2132034355964,0,11114.087502248
54,160428,10996.56772138,50,71.2132034355964,0,10996.56772138
54,160429,10973.1568670896,50,71.2132034355964,0,10973.1568670896
54,160430,10949.7775118363,50,71.2132034355964,0,10949.7775118363
54,160431,10926.4298578147,50,71.2132034355964,0,10926.4298578147
54,161125,11119.3925829165,50,71.2132034355964,0,11119.3925829165
54,161126,11095.7578768343,50,71.2132034355964,0,11095.7578768343
54,161127,11072.1533709262,50,71.2132034355964,0,11072.1533709262
54,161128,11048.5792587526,50,71.2132034355964,0,11048.5792587526
54,161132,10954.5906680342,50,71.2132034355964,0,10954.5906680342
54,161133,10931.17147749,50,71.2132034355964,0,10931.17147749
54,161134,10907.7838719004,50,71.2132034355964,0,10907.7838719004
54,161135,10884.4280548708,50,71.2132034355964,0,10884.4280548708
54,161829,11077.4786890993,50,71.2132034355964,0,11077.4786890993
54,161830,11053.8350220554,50,71.2132034355964,0,11053.8350220554
54,161831,11030.2216320196,50,71.2132034355964,0,11030.2216320196
54,161832,11006.6387138572,50,71.2132034355964,0,11006.6387138572
54,161837,10889.1881215688,50,71.2132034355964,0,10889.1881215688
54,161838,10865.7922071466,50,71.2132034355964,0,10865.7922071466
54,161839,10842.428169017,50,71.2132034355964,0,10842.428169017
54,162533,11035.5673398672,50,71.2132034355964,0,11035.5673398672
54,162534,11011.914649979,50,71.2132034355964,0,11011.914649979
54,162535,10988.2923142306,50,71.2132034355964,0,10988.2923142306
54,162536,10964.7005288108,50,71.2132034355964,0,10964.7005288108
54,162537,10941.1394913397,50,71.2132034355964,0,10941.1394913397
54,162541,10847.2068242742,50,71.2132034355964,0,10847.2068242742
54,162542,10823.8025418994,50,71.2132034355964,0,10823.8025418994
54,162543,10800.4302239543,50,71.2132034355964,0,10800.4302239543
54,163238,10969.9967903836,50,71.2132034355964,0,10969.9967903836
54,163239,10946.3654467058,50,71.2132034355964,0,10946.3654467058
54,163240,10922.7647321181,50,71.2132034355964,0,10922.7647321181
54,163241,10899.1948455921,50,71.2132034355964,0,10899.1948455921
54,163245,10805.2276109417,50,71.2132034355964,0,10805.2276109417
54,163246,10781.8149008604,50,71.2132034355964,0,10781.8149008604
54,163247,10758.4342437561,50,71.2132034355964,0,10758.4342437561
54,163248,10735.0858490635,50,71.2132034355964,0,10735.0858490635
54,163942,10928.0814735067,50,71.2132034355964,0,10928.0814735067
54,163943,10904.4410590311,50,71.2132034355964,0,10904.4410590311
54,163944,10880.8313527236,50,71.2132034355964,0,10880.8313527236
54,163945,10857.2525549138,50,71.2132034355964,0,10857.2525549138
54,163950,10739.8293091153,50,71.2132034355964,0,10739.8293091153
54,163951,10716.4402528737,50,71.2132034355964,0,10716.4402528737
54,163952,10693.0835494816,50,71.2132034355964,0,10693.0835494816
54,164647,10862.5191812537,50,71.2132034355964,0,10862.5191812537
54,164648,10838.9004200174,50,71.2132034355964,0,10838.9004200174
54,164649,10815.3126480396,50,71.2132034355964,0,10815.3126480396
54,164654,10697.8457921474,50,71.2132034355964,0,10697.8457921474
54,164655,10674.4482761364,50,71.2132034355964,0,10674.4482761364
54,164656,10651.0832038469,50,71.2132034355964,0,10651.0832038469
54,165351,10820.5998438802,50,71.2132034355964,0,10820.5998438802
54,165352,10796.9719638424,50,71.2132034355964,0,10796.9719638424
54,165353,10773.3751541536,50,71.2132034355964,0,10773.3751541536
54,165354,10749.8096194221,50,71.2132034355964,0,10749.8096194221
54,165358,10655.864375833,50,71.2132034355964,0,10655.864375833
54,165359,10632.4583387718,50,71.2132034355964,0,10632.4583387718
54,165360,10609.0848367281,50,71.2132034355964,0,10609.0848367281
54,165361,10585.744085216,50,71.2132034355964,0,10585.744085216
54,166055,10778.6830778911,50,71.2132034355964,0,10778.6830778911
54,166056,10755.0460145089,50,71.2132034355964,0,10755.0460145089
54,166057,10731.4401028929,50,71.2132034355964,0,10731.4401028929
54,166058,10707.865549068,50,71.2132034355964,0,10707.865549068
54,166759,10736.7689147506,50,71.2132034355964,0,10736.7689147506
54,166760,10713.1226027997,50,71.2132034355964,0,10713.1226027997
54,166761,10689.507524357,50,71.2132034355964,0,10689.507524357
54,166762,10665.9238868803,50,71.2132034355964,0,10665.9238868803
54,167463,10694.8573864133,50,71.2132034355964,0,10694.8573864133
54,167464,10671.2017599757,50,71.2132034355964,0,10671.2017599757
54,167465,10647.5774491153,50,71.2132034355964,0,10647.5774491153
54,167466,10623.9846627431,50,71.2132034355964,0,10623.9846627431
54,168168,10629.2835177906,50,71.2132034355964,0,10629.2835177906
54,168169,10605.6499082257,50,71.2132034355964,0,10605.6499082257
54,168170,10582.0479070066,50,71.2132034355964,0,10582.0479070066
54,168872,10587.3679085045,50,71.2132034355964,0,10587.3679085045
54,168873,10563.7249332314,50,71.2132034355964,0,10563.7249332314
54,168874,10540.1136505117,50,71.2132034355964,0,10540.1136505117
54,169576,10545.4549648782,50,71.2132034355964,0,10545.4549648782
54,170282,10456.2527610422,50,71.2132034355964,0,10456.2527610422
54,170984,10461.6372082983,50,71.2132034355964,0,10461.6372082983
54,170985,10437.9657266539,50,71.2132034355964,0,10437.9657266539
54,170986,10414.3261922319,50,71.2132034355964,0,10414.3261922319
54,171088,8219.53912666494,50,71.2132034355964,0,8219.53912666494
54,171688,10419.7324635198,50,71.2132034355964,0,10419.7324635198
54,171690,10372.4022510116,50,71.2132034355964,0,10372.4022510116
54,171790,8215.2939628212,50,71.2132034355964,0,8215.2939628212
54,171791,8196.3587323515,50,71.2132034355964,0,8196.3587323515
54,171792,8177.48886570293,50,71.2132034355964,0,8177.48886570293
54,172393,10354.1396864155,50,71.2132034355964,0,10354.1396864155
54,172394,10330.4809707698,50,71.2132034355964,0,10330.4809707698
54,172395,10306.8545950254,50,71.2132034355964,0,10306.8545950254
54,173097,10312.2307980099,50,71.2132034355964,0,10312.2307980099
54,173098,10288.5623854375,50,71.2132034355964,0,10288.5623854375
54,173099,10264.9264006265,50,71.2132034355964,0,10264.9264006265
54,173801,10270.3247109148,50,71.2132034355964,0,10270.3247109148
54,173802,10246.646529502,50,71.2132034355964,0,10246.646529502
54,173803,10223.0008640656,50,71.2132034355964,0,10223.0008640656
54,174505,10228.4214609783,50,71.2132034355964,0,10228.4214609783
54,174506,10204.7334380103,50,71.2132034355964,0,10204.7334380103
54,174507,10181.0780196012,50,71.2132034355964,0,10181.0780196012
54,175209,10186.5210846288,50,71.2132034355964,0,10186.5210846288
54,175210,10162.823146591,50,71.2132034355964,0,10162.823146591
54,175211,10139.1579020509,50,71.2132034355964,0,10139.1579020509
54,175912,10168.3640998394,50,71.2132034355964,0,10168.3640998394
54,175913,10144.6236189009,50,71.2132034355964,0,10144.6236189009
54,175914,10120.915691457,50,71.2132034355964,0,10120.915691457
54,175915,10097.2405468089,50,71.2132034355964,0,10097.2405468089
54,175916,10073.5984160993,50,71.2132034355964,0,10073.5984160993
54,176616,10126.4797349334,50,71.2132034355964,0,10126.4797349334
54,176617,10102.7291014368,50,71.2132034355964,0,10102.7291014368
54,176618,10079.0111094183,50,71.2132034355964,0,10079.0111094183
54,176619,10055.3259898598,50,71.2132034355964,0,10055.3259898598
54,177321,10060.837570503,50,71.2132034355964,0,10060.837570503
54,177322,10037.1094379045,50,71.2132034355964,0,10037.1094379045
54,177323,10013.4142677885,50,71.2132034355964,0,10013.4142677885
54,178025,10018.9490650059,50,71.2132034355964,0,10018.9490650059
54,178026,9995.21071496434,50,71.2132034355964,0,9995.21071496434
54,178027,9971.50541778873,50,71.2132034355964,0,9971.50541778873
54,178028,9947.83340976878,50,71.2132034355964,0,9947.83340976878
54,178729,9977.06362450205,50,71.2132034355964,0,9977.06362450205
54,178730,9953.31497928834,50,71.2132034355964,0,9953.31497928834
54,178731,9929.5994776825,50,71.2132034355964,0,9929.5994776825
54,178732,9905.91735773184,50,71.2132034355964,0,9905.91735773184
54,178733,9882.26885942549,50,71.2132034355964,0,9882.26885942549
54,179434,9911.42227021384,50,71.2132034355964,0,9911.42227021384
54,179435,9887.69648593098,50,71.2132034355964,0,9887.69648593098
54,179436,9864.0041761773,50,71.2132034355964,0,9864.0041761773
54,179437,9840.34558274312,50,71.2132034355964,0,9840.34558274312
54,180138,9869.53262774903,50,71.2132034355964,0,9869.53262774903
54,180139,9845.79648164485,50,71.2132034355964,0,9845.79648164485
54,180140,9822.09390332717,50,71.2132034355964,0,9822.09390332717
54,180141,9798.4251363991,50,71.2132034355964,0,9798.4251363991
54,180842,9827.64609257668,50,71.2132034355964,0,9827.64609257668
54,180843,9803.89950460449,50,71.2132034355964,0,9803.89950460449
54,180844,9780.1865780509,50,71.2132034355964,0,9780.1865780509
54,180845,9756.50755835445,50,71.2132034355964,0,9756.50755835445
54,180846,9732.86269299358,50,71.2132034355964,0,9732.86269299358
54,181547,9762.00559526589,50,71.2132034355964,0,9762.00559526589
54,181548,9738.28223988459,50,71.2132034355964,0,9738.28223988459
54,181549,9714.59288722947,50,71.2132034355964,0,9714.59288722947
54,181550,9690.93778666038,50,71.2132034355964,0,9690.93778666038
54,182251,9720.11479478263,50,71.2132034355964,0,9720.11479478263
54,182252,9696.38092905048,50,71.2132034355964,0,9696.38092905048
54,182253,9672.68116231058,50,71.2132034355964,0,9672.68116231058
54,182254,9649.01574582414,50,71.2132034355964,0,9649.01574582414
54,182255,9625.38493295428,50,71.2132034355964,0,9625.38493295428
54,182329,7993.75474722613,50,71.2132034355964,0,7993.75474722613
54,182330,7973.61987495419,50,71.2132034355964,0,7973.61987495419
54,182955,9678.22714501731,50,71.2132034355964,0,9678.22714501731
54,182956,9654.48268646134,50,71.2132034355964,0,9654.48268646134
54,182957,9630.77242356106,50,71.2132034355964,0,9630.77242356106
54,182958,9607.09660949798,50,71.2132034355964,0,9607.09660949798
54,182959,9583.4554995923,50,71.2132034355964,0,9583.4554995923
54,183032,7971.71438209914,50,71.2132034355964,0,7971.71438209914
54,183033,7951.52359039624,50,71.2132034355964,0,7951.52359039624
54,183660,9612.58755374234,50,71.2132034355964,0,9612.58755374234
54,183661,9588.8667116402,50,71.2132034355964,0,9588.8667116402
54,183662,9565.18041738397,50,71.2132034355964,0,9565.18041738397
54,183663,9541.52892826122,50,71.2132034355964,0,9541.52892826122
54,183664,9517.91250374084,50,71.2132034355964,0,9517.91250374084
54,183735,7949.72545524974,50,71.2132034355964,0,7949.72545524974
54,183736,7929.47856420039,50,71.2132034355964,0,7929.47856420039
54,183737,7909.29276581964,50,71.2132034355964,0,7909.29276581964
54,183738,7889.16852905705,50,71.2132034355964,0,7889.16852905705
54,184364,9570.69557324142,50,71.2132034355964,0,9570.69557324142
54,184365,9546.9640679236,50,71.2132034355964,0,9546.9640679236
54,184366,9523.26720987361,50,71.2132034355964,0,9523.26720987361
54,184367,9499.60525837726,50,71.2132034355964,0,9499.60525837726
54,184368,9475.97847492467,50,71.2132034355964,0,9475.97847492467
54,184369,9452.38712322807,50,71.2132034355964,0,9452.38712322807
54,184440,7887.24303017684,50,71.2132034355964,0,7887.24303017684
54,184441,7867.06228068292,50,71.2132034355964,0,7867.06228068292
54,184442,7846.94345066719,50,71.2132034355964,0,7846.94345066719
54,185071,9457.68453005221,50,71.2132034355964,0,9457.68453005221
54,185072,9434.04730397832,50,71.2132034355964,0,9434.04730397832
54,185073,9410.44561564305,50,71.2132034355964,0,9410.44561564305
54,185074,9386.87973310842,50,71.2132034355964,0,9386.87973310842
54,185144,7845.00778645472,50,71.2132034355964,0,7845.00778645472
54,185776,9392.11903072253,50,71.2132034355964,0,9392.11903072253
54,185777,9368.50692154104,50,71.2132034355964,0,9368.50692154104
54,185778,9344.93072675611,50,71.2132034355964,0,9344.93072675611
54,186480,9350.19369568346,50,71.2132034355964,0,9350.19369568346
54,186481,9326.57108042272,50,71.2132034355964,0,9326.57108042272
54,186482,9302.98448866662,50,71.2132034355964,0,9302.98448866662
54,186483,9279.43419511479,50,71.2132034355964,0,9279.43419511479
54,187185,9284.63813250289,50,71.2132034355964,0,9284.63813250289
54,187186,9261.04105802026,50,71.2132034355964,0,9261.04105802026
54,187187,9237.48039357172,50,71.2132034355964,0,9237.48039357172
54,187188,9213.95641846902,50,71.2132034355964,0,9213.95641846902
54,187200,8934.63552092328,50,71.2132034355964,0,8934.63552092328
54,187201,8911.6150538142,50,71.2132034355964,0,8911.6150538142
54,187202,8888.6354498132,50,71.2132034355964,0,8888.6354498132
54,187203,8865.69702666701,50,71.2132034355964,0,8865.69702666701
54,187204,8842.80010485155,50,71.2132034355964,0,8842.80010485155
54,187889,9242.70811872631,50,71.2132034355964,0,9242.70811872631
54,187890,9219.10047469939,50,71.2132034355964,0,9219.10047469939
54,187891,9195.52935308296,50,71.2132034355964,0,9195.52935308296
54,187892,9171.9950354529,50,71.2132034355964,0,9171.9950354529
54,187893,9148.49780584067,50,71.2132034355964,0,9148.49780584067
54,187903,8915.62963431903,50,71.2132034355964,0,8915.62963431903
54,187904,8892.55984169288,50,71.2132034355964,0,8892.55984169288
54,187905,8869.53074441634,50,71.2132034355964,0,8869.53074441634
54,187906,8846.54266029926,50,71.2132034355964,0,8846.54266029926
54,187907,8823.59590990028,50,71.2132034355964,0,8823.59590990028
54,187908,8800.69081653454,50,71.2132034355964,0,8800.69081653454
54,188594,9177.16277932006,50,71.2132034355964,0,9177.16277932006
54,188595,9153.58111318786,50,71.2132034355964,0,9153.58111318786
54,188596,9130.03636625048,50,71.2132034355964,0,9130.03636625048
54,188597,9106.52882487078,50,71.2132034355964,0,9106.52882487078
54,188609,8827.44808566992,50,71.2132034355964,0,8827.44808566992
54,188610,8804.45144576978,50,71.2132034355964,0,8804.45144576978
54,188611,8781.49629349019,50,71.2132034355964,0,8781.49629349019
54,188612,8758.58295503693,50,71.2132034355964,0,8758.58295503693
54,189299,9111.6357141522,50,71.2132034355964,0,9111.6357141522
54,189300,9088.08045004192,50,71.2132034355964,0,9088.08045004192
54,189301,9064.56250962578,50,71.2132034355964,0,9064.56250962578
54,189302,9041.08218416645,50,71.2132034355964,0,9041.08218416645
54,189303,9017.63976749061,50,71.2132034355964,0,9017.63976749061
54,190004,9046.12732673129,50,71.2132034355964,0,9046.12732673129
54,190005,9022.59889890444,50,71.2132034355964,0,9022.59889890444
54,190006,8999.10820718643,50,71.2132034355964,0,8999.10820718643
54,190007,8975.65554786497,50,71.2132034355964,0,8975.65554786497
54,190008,8952.24121984409,50,71.2132034355964,0,8952.24121984409
54,190709,8980.63803222664,50,71.2132034355964,0,8980.63803222664
54,190710,8957.13688538521,50,71.2132034355964,0,8957.13688538521
54,190711,8933.67389520702,50,71.2132034355964,0,8933.67389520702
54,190712,8910.24936312478,50,71.2132034355964,0,8910.24936312478
54,190713,8886.86359324763,50,71.2132034355964,0,8886.86359324763
54,191414,8915.16825788214,50,71.2132034355964,0,8915.16825788214
54,191416,8868.26002270799,50,71.2132034355964,0,8868.26002270799
54,194945,8448.78278808413,50,71.2132034355964,0,8448.78278808413
54,195647,8453.01914769808,50,71.2132034355964,0,8453.01914769808
54,195648,8429.84744082739,50,71.2132034355964,0,8429.84744082739
54,195649,8406.71811542605,50,71.2132034355964,0,8406.71811542605
54,196350,8434.19951670484,50,71.2132034355964,0,8434.19951670484
54,196351,8410.97583779249,50,71.2132034355964,0,8410.97583779249
54,196352,8387.79434906715,50,71.2132034355964,0,8387.79434906715
54,196353,8364.65540130063,50,71.2132034355964,0,8364.65540130063
54,196434,6670.97263009997,50,71.2132034355964,0,6670.97263009997
54,197055,8368.93469954109,50,71.2132034355964,0,8368.93469954109
54,197056,8345.74333758153,50,71.2132034355964,0,8345.74333758153
54,197057,8322.59467714239,50,71.2132034355964,0,8322.59467714239
54,197136,6665.48153012884,50,71.2132034355964,0,6665.48153012884
54,197137,6647.23329598559,50,71.2132034355964,0,6647.23329598559
54,197138,6629.06957320491,50,71.2132034355964,0,6629.06957320491
54,197759,8326.89576756982,50,71.2132034355964,0,8326.89576756982
54,197760,8303.69443971502,50,71.2132034355964,0,8303.69443971502
54,197761,8280.53597501849,50,71.2132034355964,0,8280.53597501849
54,197767,8142.50574654711,50,71.2132034355964,0,8142.50574654711
54,197840,6623.54395654372,50,71.2132034355964,0,6623.54395654372
54,197841,6605.31499325025,50,71.2132034355964,0,6605.31499325025
54,197842,6587.17118631444,50,71.2132034355964,0,6587.17118631444
54,197843,6569.11324133751,50,71.2132034355964,0,6569.11324133751
54,198470,8123.295767726,50,71.2132034355964,0,8123.295767726
54,198471,8100.39332639336,50,71.2132034355964,0,8100.39332639336
54,198544,6581.61061648303,50,71.2132034355964,0,6581.61061648303
54,198545,6563.40118346002,50,71.2132034355964,0,6563.40118346002
54,198546,6545.27756131543,50,71.2132034355964,0,6545.27756131543
54,198547,6527.24046484419,50,71.2132034355964,0,6527.24046484419
54,199173,8104.15065385367,50,71.2132034355964,0,8104.15065385367
54,199174,8081.19383078135,50,71.2132034355964,0,8081.19383078135
54,199175,8058.28245481372,50,71.2132034355964,0,8058.28245481372
54,199249,6521.49195545951,50,71.2132034355964,0,6521.49195545951
54,199250,6503.38879246133,50,71.2132034355964,0,6503.38879246133
54,199251,6485.3728287515,50,71.2132034355964,0,6485.3728287515
54,199252,6467.44479305219,50,71.2132034355964,0,6467.44479305219
54,199876,8085.07086571885,50,71.2132034355964,0,8085.07086571885
54,199877,8062.05958871533,50,71.2132034355964,0,8062.05958871533
54,199878,8039.09355652169,50,71.2132034355964,0,8039.09355652169
54,199879,8016.17315801304,50,71.2132034355964,0,8016.17315801304
54,199880,7993.29878574359,50,71.2132034355964,0,7993.29878574359
54,199953,6479.58740038322,50,71.2132034355964,0,6479.58740038322
54,199954,6461.50497642611,50,71.2132034355964,0,6461.50497642611
54,199955,6443.51043550293,50,71.2132034355964,0,6443.51043550293
54,199956,6425.60451594759,50,71.2132034355964,0,6425.60451594759
54,199957,6407.78796069087,50,71.2132034355964,0,6407.78796069087
54,200580,8042.99106591046,50,71.2132034355964,0,8042.99106591046
54,200581,8019.97030496106,50,71.2132034355964,0,8019.97030496106
54,200582,7996.99497301533,50,71.2132034355964,0,7996.99497301533
54,200583,7974.06546275103,50,71.2132034355964,0,7974.06546275103
54,200658,6419.62621240723,50,71.2132034355964,0,6419.62621240723
54,200659,6401.65339020951,50,71.2132034355964,0,6401.65339020951
54,200660,6383.76989327125,50,71.2132034355964,0,6383.76989327125
54,200661,6365.97647439964,50,71.2132034355964,0,6365.97647439964
54,200662,6348.27389102902,50,71.2132034355964,0,6348.27389102902
54,201284,8000.91317084239,50,71.2132034355964,0,8000.91317084239
54,201285,7977.88283259395,50,71.2132034355964,0,7977.88283259395
54,201286,7954.89810891872,50,71.2132034355964,0,7954.89810891872
54,201362,6377.75260218682,50,71.2132034355964,0,6377.75260218682
54,201363,6359.80180073324,50,71.2132034355964,0,6359.80180073324
54,201364,6341.94103919704,50,71.2132034355964,0,6341.94103919704
54,201365,6324.17108045499,50,71.2132034355964,0,6324.17108045499
54,201366,6306.49269207795,50,71.2132034355964,0,6306.49269207795
54,201367,6288.90664629019,50,71.2132034355964,0,6288.90664629019
54,201988,7958.83721254101,50,71.2132034355964,0,7958.83721254101
54,201989,7935.79720225353,50,71.2132034355964,0,7935.79720225353
54,202067,6317.95577778268,50,71.2132034355964,0,6317.95577778268
54,202068,6300.11807092015,50,71.2132034355964,0,6300.11807092015
54,202069,6282.37190277954,50,71.2132034355964,0,6282.37190277954
54,202070,6264.71805126988,50,71.2132034355964,0,6264.71805126988
54,202071,6247.15729902723,50,71.2132034355964,0,6247.15729902723
54,202772,6258.3011087503,50,71.2132034355964,0,6258.3011087503
54,202773,6240.5790685975,50,71.2132034355964,0,6240.5790685975
54,202774,6222.95010300433,50,71.2132034355964,0,6222.95010300433
54,202775,6205.41500521607,50,71.2132034355964,0,6205.41500521607
54,202776,6187.97457322635,50,71.2132034355964,0,6187.97457322635
54,203477,6198.79270854567,50,71.2132034355964,0,6198.79270854567
54,203478,6181.1889852851,50,71.2132034355964,0,6181.1889852851
54,203479,6163.67991050635,50,71.2132034355964,0,6163.67991050635
54,203480,6146.26629309272,50,71.2132034355964,0,6146.26629309272
54,203481,6128.94894668708,50,71.2132034355964,0,6128.94894668708
54,203482,6111.72868963116,50,71.2132034355964,0,6111.72868963116
54,204183,6121.95216449026,50,71.2132034355964,0,6121.95216449026
54,204184,6104.56575068948,50,71.2132034355964,0,6104.56575068948
54,204185,6087.27642327603,50,71.2132034355964,0,6087.27642327603
54,204186,6070.08501184143,50,71.2132034355964,0,6070.08501184143
54,204888,6062.87310806055,50,71.2132034355964,0,6062.87310806055
54,204889,6045.61221018964,50,71.2132034355964,0,6045.61221018964
54,204890,6028.45006829242,50,71.2132034355964,0,6028.45006829242
54,204891,6011.38752819373,50,71.2132034355964,0,6011.38752819373
54,204892,5994.42544041672,50,71.2132034355964,0,5994.42544041672
54,205593,6003.95648284004,50,71.2132034355964,0,6003.95648284004
54,205594,5986.82404361983,50,71.2132034355964,0,5986.82404361983
54,205595,5969.79207164587,50,71.2132034355964,0,5969.79207164587
54,205596,5952.86142926852,50,71.2132034355964,0,5952.86142926852
54,206298,5945.20712759684,50,71.2132034355964,0,5945.20712759684
54,206299,5928.20618061427,50,71.2132034355964,0,5928.20618061427
54,206300,5911.30745498425,50,71.2132034355964,0,5911.30745498425
54,209779,6467.93035559467,50,71.2132034355964,0,6467.93035559467
54,209780,6447.59746770852,50,71.2132034355964,0,6447.59746770852
54,209781,6427.33924356576,50,71.2132034355964,0,6427.33924356576
54,209782,6407.1563913859,50,71.2132034355964,0,6407.1563913859
54,209783,6387.04962569008,50,71.2132034355964,0,6387.04962569008
54,210483,6425.67982125682,50,71.2132034355964,0,6425.67982125682
54,210484,6405.35216880583,50,71.2132034355964,0,6405.35216880583
54,210485,6385.09970812401,50,71.2132034355964,0,6385.09970812401
54,210486,6364.92315696917,50,71.2132034355964,0,6364.92315696917
54,210487,6344.82323951729,50,71.2132034355964,0,6344.82323951729
54,210488,6324.80068638293,50,71.2132034355964,0,6324.80068638293
54,211151,7159.85338562804,50,71.2132034355964,0,7159.85338562804
54,211152,7137.23628428723,50,71.2132034355964,0,7137.23628428723
54,211153,7114.6728453462,50,71.2132034355964,0,7114.6728453462
54,211187,6383.42952136514,50,71.2132034355964,0,6383.42952136514
54,211188,6363.10717613389,50,71.2132034355964,0,6363.10717613389
54,211189,6342.86055817845,50,71.2132034355964,0,6342.86055817845
54,211190,6322.6903949828,50,71.2132034355964,0,6322.6903949828
54,211191,6302.59742058022,50,71.2132034355964,0,6302.59742058022
54,211192,6282.58237556941,50,71.2132034355964,0,6282.58237556941
54,211854,7140.37692241476,50,71.2132034355964,0,7140.37692241476
54,211855,7117.69781082194,50,71.2132034355964,0,7117.69781082194
54,211856,7095.07211466742,50,71.2132034355964,0,7095.07211466742
54,211857,7072.50034659486,50,71.2132034355964,0,7072.50034659486
54,211891,6341.17946288417,50,71.2132034355964,0,6341.17946288417
54,211892,6320.86249811948,50,71.2132034355964,0,6320.86249811948
54,211893,6300.62180377203,50,71.2132034355964,0,6300.62180377203
54,211894,6280.45811725627,50,71.2132034355964,0,6280.45811725627
54,211895,6260.37218266587,50,71.2132034355964,0,6260.37218266587
54,212558,7098.23160144239,50,71.2132034355964,0,7098.23160144239
54,212559,7075.54353540886,50,71.2132034355964,0,7075.54353540886
54,212560,7052.9091472196,50,71.2132034355964,0,7052.9091472196
54,212561,7030.32895532941,50,71.2132034355964,0,7030.32895532941
54,212562,7007.80348362557,50,71.2132034355964,0,7007.80348362557
54,212597,6258.38345522168,50,71.2132034355964,0,6258.38345522168
54,212598,6238.22633594317,50,71.2132034355964,0,6238.22633594317
54,213263,7033.39058480354,50,71.2132034355964,0,7033.39058480354
54,213264,7010.7474056948,50,71.2132034355964,0,7010.7474056948
54,213265,6988.15869366975,50,71.2132034355964,0,6988.15869366975
54,213266,6965.6249786169,50,71.2132034355964,0,6965.6249786169
54,213968,6968.58691442081,50,71.2132034355964,0,6968.58691442081
54,213969,6945.98958426818,50,71.2132034355964,0,6945.98958426818
54,213970,6923.44753058301,50,71.2132034355964,0,6923.44753058301
54,214009,6093.8132817687,50,71.2132034355964,0,6093.8132817687
54,214673,6903.82165033454,50,71.2132034355964,0,6903.82165033454
54,214674,6881.27116105683,50,71.2132034355964,0,6881.27116105683
54,214675,6858.7767784785,50,71.2132034355964,0,6858.7767784785
54,214711,6091.47733030528,50,71.2132034355964,0,6091.47733030528
54,214712,6071.5014457026,50,71.2132034355964,0,6071.5014457026
54,214713,6051.60724417058,50,71.2132034355964,0,6051.60724417058
54,214714,6031.79553393565,50,71.2132034355964,0,6031.79553393565
54,215377,6861.65491564334,50,71.2132034355964,0,6861.65491564334
54,215378,6839.09589210194,50,71.2132034355964,0,6839.09589210194
54,215379,6816.59326670396,50,71.2132034355964,0,6816.59326670396
54,215380,6794.14759983155,50,71.2132034355964,0,6794.14759983155
54,215415,6049.25521783937,50,71.2132034355964,0,6049.25521783937
54,215416,6029.28750548791,50,71.2132034355964,0,6029.28750548791
54,215417,6009.40210501095,50,71.2132034355964,0,6009.40210501095
54,215418,5989.59983623067,50,71.2132034355964,0,5989.59983623067
54,215419,5969.88152640199,50,71.2132034355964,0,5969.88152640199
54,216082,6796.92174633616,50,71.2132034355964,0,6796.92174633616
54,216085,6729.5612010188,50,71.2132034355964,0,6729.5612010188
54,216120,5987.07435643878,50,71.2132034355964,0,5987.07435643878
54,216121,5967.19788577429,50,71.2132034355964,0,5967.19788577429
54,216122,5947.40519711854,50,71.2132034355964,0,5947.40519711854
54,216787,6732.22934167588,50,71.2132034355964,0,6732.22934167588
54,216788,6709.76750008312,50,71.2132034355964,0,6709.76750008312
54,216789,6687.36380220385,50,71.2132034355964,0,6687.36380220385
54,216824,5944.86201783485,50,71.2132034355964,0,5944.86201783485
54,216825,5924.99460855843,50,71.2132034355964,0,5924.99460855843
54,217492,6667.5788968888,50,71.2132034355964,0,6667.5788968888
54,217493,6645.16727994205,50,71.2132034355964,0,6645.16727994205
54,217494,6622.81471444324,50,71.2132034355964,0,6622.81471444324
54,218196,6625.3912856179,50,71.2132034355964,0,6625.3912856179
54,218197,6602.97165322963,50,71.2132034355964,0,6602.97165322963
54,218198,6580.61139712875,50,71.2132034355964,0,6580.61139712875
54,218199,6558.31112463802,50,71.2132034355964,0,6558.31112463802
54,218901,6560.77694154566,50,71.2132034355964,0,6560.77694154566
54,218902,6538.4089001748,50,71.2132034355964,0,6538.4089001748
54,218903,6516.10117827773,50,71.2132034355964,0,6516.10117827773
54,218904,6493.85439748614,50,71.2132034355964,0,6493.85439748614
54,219605,6518.58316487657,50,71.2132034355964,0,6518.58316487657
54,219606,6496.20724179427,50,71.2132034355964,0,6496.20724179427
54,219607,6473.89197773862,50,71.2132034355964,0,6473.89197773862
54,219608,6451.63800214027,50,71.2132034355964,0,6451.63800214027
54,220310,6454.00644067677,50,71.2132034355964,0,6454.00644067677
54,220311,6431.68353994882,50,71.2132034355964,0,6431.68353994882
54,220312,6409.42227892389,50,71.2132034355964,0,6409.42227892389
54,220313,6387.22330209913,50,71.2132034355964,0,6387.22330209913
54,220314,6365.08726114385,50,71.2132034355964,0,6365.08726114385
54,221014,6411.80651600179,50,71.2132034355964,0,6411.80651600179
54,221015,6389.47588228506,50,71.2132034355964,0,6389.47588228506
54,221016,6367.20724347787,50,71.2132034355964,0,6367.20724347787
54,221017,6345.00125231597,50,71.2132034355964,0,6345.00125231597
54,221018,6322.85856886238,50,71.2132034355964,0,6322.85856886238
54,221719,6347.26902258837,50,71.2132034355964,0,6347.26902258837
54,221720,6324.99291185448,50,71.2132034355964,0,6324.99291185448
54,221721,6302.77981639689,50,71.2132034355964,0,6302.77981639689
54,221722,6280.63040482492,50,71.2132034355964,0,6280.63040482492
54,221723,6258.54535328249,50,71.2132034355964,0,6258.54535328249
54,222424,6282.7793005437,50,71.2132034355964,0,6282.7793005437
54,222425,6260.5590090678,50,71.2132034355964,0,6260.5590090678
54,222426,6238.40278207406,50,71.2132034355964,0,6238.40278207406
54,222427,6216.31130458018,50,71.2132034355964,0,6216.31130458018
54,222428,6194.28526936331,50,71.2132034355964,0,6194.28526936331
54,223129,6218.33884545659,50,71.2132034355964,0,6218.33884545659
54,223130,6196.17571400976,50,71.2132034355964,0,6196.17571400976
54,223131,6174.07772620459,50,71.2132034355964,0,6174.07772620459
54,223132,6152.04558402247,50,71.2132034355964,0,6152.04558402247
54,223834,6153.94921439949,50,71.2132034355964,0,6153.94921439949
54,223835,6131.84463022752,50,71.2132034355964,0,6131.84463022752
54,223836,6109.80629996109,50,71.2132034355964,0,6109.80629996109
54,223837,6087.83494313357,50,71.2132034355964,0,6087.83494313357
54,224538,6111.72329738924,50,71.2132034355964,0,6111.72329738924
54,224539,6089.6120290575,50,71.2132034355964,0,6089.6120290575
54,225248,5937.81092369812,50,71.2132034355964,0,5937.81092369812
54,225249,5916.10665672839,50,71.2132034355964,0,5916.10665672839
54,225951,5917.3313644218,50,71.2132034355964,0,5917.3313644218
54,225952,5895.55158562301,50,71.2132034355964,0,5895.55158562301
54,225953,5873.84315146544,50,71.2132034355964,0,5873.84315146544
54,225954,5852.20685589615,50,71.2132034355964,0,5852.20685589615
54,226656,5853.29239915834,50,71.2132034355964,0,5853.29239915834
54,226657,5831.5797396295,50,71.2132034355964,0,5831.5797396295
54,226658,5809.93971275338,50,71.2132034355964,0,5809.93971275338
54,226659,5788.37313314759,50,71.2132034355964,0,5788.37313314759
54,227359,5832.82263105486,50,71.2132034355964,0,5832.82263105486
54,227360,5811.03337009728,50,71.2132034355964,0,5811.03337009728
54,227361,5789.3164257631,50,71.2132034355964,0,5789.3164257631
54,227362,5767.67261492911,50,71.2132034355964,0,5767.67261492911
54,227363,5746.10276401372,50,71.2132034355964,0,5746.10276401372
54,228064,5768.77450440546,50,71.2132034355964,0,5768.77450440546
54,228065,5747.0532145396,50,71.2132034355964,0,5747.0532145396
54,228066,5725.40556595407,50,71.2132034355964,0,5725.40556595407
54,228067,5703.83239711573,50,71.2132034355964,0,5703.83239711573
54,228068,5682.33455631846,50,71.2132034355964,0,5682.33455631846
54,228768,5726.51580821785,50,71.2132034355964,0,5726.51580821785
54,228769,5704.79011077461,50,71.2132034355964,0,5704.79011077461
54,228770,5683.13856945749,50,71.2132034355964,0,5683.13856945749
54,228771,5661.5620350533,50,71.2132034355964,0,5661.5620350533
54,228772,5640.06136839981,50,71.2132034355964,0,5640.06136839981
54,228773,5618.63744046257,50,71.2132034355964,0,5618.63744046257
54,228774,5597.29113240397,50,71.2132034355964,0,5597.29113240397
54,228775,5576.02333566402,50,71.2132034355964,0,5576.02333566402
54,229472,5684.25728786231,50,71.2132034355964,0,5684.25728786231
54,229473,5662.52711942478,50,71.2132034355964,0,5662.52711942478
54,229474,5640.87162918009,50,71.2132034355964,0,5640.87162918009
54,229475,5619.29168050865,50,71.2132034355964,0,5619.29168050865
54,229476,5597.78814707152,50,71.2132034355964,0,5597.78814707152
54,229477,5576.36191288302,50,71.2132034355964,0,5576.36191288302
54,229478,5555.01387239502,50,71.2132034355964,0,5555.01387239502
54,229479,5533.74493057654,50,71.2132034355964,0,5533.74493057654
54,230177,5620.2642455935,50,71.2132034355964,0,5620.2642455935
54,230178,5598.60474897473,50,71.2132034355964,0,5598.60474897473
54,230179,5577.02133624376,50,71.2132034355964,0,5577.02133624376
54,230180,5555.51489416785,50,71.2132034355964,0,5555.51489416785
54,230181,5534.08632010999,50,71.2132034355964,0,5534.08632010999
54,230182,5512.73652211847,50,71.2132034355964,0,5512.73652211847
54,230183,5491.46641899034,50,71.2132034355964,0,5491.46641899034
54,230184,5470.276940362,50,71.2132034355964,0,5470.276940362
54,230185,5449.16902677603,50,71.2132034355964,0,5449.16902677603
54,230186,5428.14362975478,50,71.2132034355964,0,5428.14362975478
54,230187,5407.20171187318,50,71.2132034355964,0,5407.20171187318
48,230306,3517.90104370861,50,71.2132034355964,0,3517.90104370861
54,230882,5556.33793281555,50,71.2132034355964,0,5556.33793281555
54,230883,5534.75100510329,50,71.2132034355964,0,5534.75100510329
54,230884,5513.24161158148,50,71.2132034355964,0,5513.24161158148
54,230885,5491.81066327284,50,71.2132034355964,0,5491.81066327284
54,230886,5470.45908211992,50,71.2132034355964,0,5470.45908211992
54,230887,5449.18780108131,50,71.2132034355964,0,5449.18780108131
54,230888,5427.9977641982,50,71.2132034355964,0,5427.9977641982
54,230889,5406.88992667716,50,71.2132034355964,0,5406.88992667716
54,230890,5385.8652549663,50,71.2132034355964,0,5385.8652549663
54,230891,5364.92472682805,50,71.2132034355964,0,5364.92472682805
54,230892,5344.06933140032,50,71.2132034355964,0,5344.06933140032
54,230893,5323.30006927013,50,71.2132034355964,0,5323.30006927013
54,230894,5302.61795254104,50,71.2132034355964,0,5302.61795254104
48,230969,4001.22400148095,50,71.2132034355964,0,4001.22400148095
48,230970,3984.8561539598,50,71.2132034355964,0,3984.8561539598
48,230971,3968.64591279153,50,71.2132034355964,0,3968.64591279153
48,231008,3497.98466485275,50,71.2132034355964,0,3497.98466485275
48,231009,3489.24995454103,50,71.2132034355964,0,3489.24995454103
48,231010,3480.74999543622,50,71.2132034355964,0,3480.74999543622
54,231587,5492.48069001749,50,71.2132034355964,0,5492.48069001749
54,231588,5470.96830126763,50,71.2132034355964,0,5470.96830126763
54,231589,5449.53494352592,50,71.2132034355964,0,5449.53494352592
54,231590,5428.18155296555,50,71.2132034355964,0,5428.18155296555
54,231591,5406.90907702513,50,71.2132034355964,0,5406.90907702513
54,231592,5385.71847449076,50,71.2132034355964,0,5385.71847449076
54,231593,5364.61071558289,50,71.2132034355964,0,5364.61071558289
54,231594,5343.58678202755,50,71.2132034355964,0,5343.58678202755
54,231595,5322.64766713076,50,71.2132034355964,0,5322.64766713076
54,231596,5301.7943758495,50,71.2132034355964,0,5301.7943758495
54,231597,5281.02792486683,50,71.2132034355964,0,5281.02792486683
54,231598,5260.34934264794,50,71.2132034355964,0,5260.34934264794
48,231673,3959.81380937127,50,71.2132034355964,0,3959.81380937127
48,231674,3943.50054188142,50,71.2132034355964,0,3943.50054188142
48,231675,3927.34699358187,50,71.2132034355964,0,3927.34699358187
48,231676,3911.35514335477,50,71.2132034355964,0,3911.35514335477
48,231712,3460.62019452015,50,71.2132034355964,0,3460.62019452015
48,231713,3452.04969504761,50,71.2132034355964,0,3452.04969504761
48,231714,3443.71729803746,50,71.2132034355964,0,3443.71729803746
48,231715,3435.62473589495,50,71.2132034355964,0,3435.62473589495
54,232292,5428.69496523644,50,71.2132034355964,0,5428.69496523644
54,232293,5407.25916206923,50,71.2132034355964,0,5407.25916206923
54,232294,5385.90393523802,50,71.2132034355964,0,5385.90393523802
54,232295,5364.63024700336,50,71.2132034355964,0,5364.63024700336
54,232296,5343.43907125038,50,71.2132034355964,0,5343.43907125038
54,232297,5322.33139356474,50,71.2132034355964,0,5322.33139356474
54,232298,5301.30821131425,50,71.2132034355964,0,5301.30821131425
54,232299,5280.37053372373,50,71.2132034355964,0,5280.37053372373
54,232300,5259.51938195671,50,71.2132034355964,0,5259.51938195671
54,232301,5238.75578917325,50,71.2132034355964,0,5238.75578917325
48,232377,3918.42213907475,50,71.2132034355964,0,3918.42213907475
48,232378,3902.16468890805,50,71.2132034355964,0,3902.16468890805
48,232379,3886.06912362956,50,71.2132034355964,0,3886.06912362956
48,232380,3870.13746303545,50,71.2132034355964,0,3870.13746303545
48,232416,3423.37013145735,50,71.2132034355964,0,3423.37013145735
48,232417,3414.96771276046,50,71.2132034355964,0,3414.96771276046
54,232997,5364.98332013599,50,71.2132034355964,0,5364.98332013599
54,232998,5343.62622953664,50,71.2132034355964,0,5343.62622953664
54,233004,5217.24435155627,50,71.2132034355964,0,5217.24435155627
54,233005,5196.48366518506,50,71.2132034355964,0,5196.48366518506
48,233081,3877.0495875344,50,71.2132034355964,0,3877.0495875344
48,233082,3860.84923343112,50,71.2132034355964,0,3860.84923343112
48,233083,3844.81298464433,50,71.2132034355964,0,3844.81298464433
48,233084,3828.94290307358,50,71.2132034355964,0,3828.94290307358
54,233707,5195.81604971075,50,71.2132034355964,0,5195.81604971075
54,233708,5174.96928654644,50,71.2132034355964,0,5174.96928654644
54,233709,5154.21155598956,50,71.2132034355964,0,5154.21155598956
48,233786,3819.55484113739,50,71.2132034355964,0,3819.55484113739
48,233787,3803.57928754424,50,71.2132034355964,0,3803.57928754424
48,233788,3787.77222163135,50,71.2132034355964,0,3787.77222163135
48,233789,3772.13576153406,50,71.2132034355964,0,3772.13576153406
54,234410,5174.47191647255,50,71.2132034355964,0,5174.47191647255
54,234411,5153.53870114589,50,71.2132034355964,0,5153.53870114589
54,234412,5132.69418888484,50,71.2132034355964,0,5132.69418888484
54,234413,5111.93946478005,50,71.2132034355964,0,5111.93946478005
54,234414,5091.27562690422,50,71.2132034355964,0,5091.27562690422
48,234490,3778.28220647259,50,71.2132034355964,0,3778.28220647259
48,234491,3762.36877402617,50,71.2132034355964,0,3762.36877402617
48,234492,3746.6262097472,50,71.2132034355964,0,3746.6262097472
48,234497,3670.55252397642,50,71.2132034355964,0,3670.55252397642
54,235115,5111.26128295877,50,71.2132034355964,0,5111.26128295877
54,235116,5090.41906059469,50,71.2132034355964,0,5090.41906059469
54,235117,5069.66739485558,50,71.2132034355964,0,5069.66739485558
54,235118,5049.00740231896,50,71.2132034355964,0,5049.00740231896
54,235162,4250.09429311588,50,71.2132034355964,0,4250.09429311588
54,235163,4234.9337077812,50,71.2132034355964,0,4234.9337077812
54,235164,4219.93038931415,50,71.2132034355964,0,4219.93038931415
54,235165,4205.08602105115,50,71.2132034355964,0,4205.08602105115
48,235199,3659.5381325594,50,71.2132034355964,0,3659.5381325594
48,235200,3644.57705883808,50,71.2132034355964,0,3644.57705883808
48,235201,3629.80045531202,50,71.2132034355964,0,3629.80045531202
54,235819,5068.98379625555,50,71.2132034355964,0,5068.98379625555
54,235820,5048.14390376836,50,71.2132034355964,0,5048.14390376836
54,235821,5027.39534962687,50,71.2132034355964,0,5027.39534962687
54,235822,5006.73926938274,50,71.2132034355964,0,5006.73926938274
54,235823,4986.17681230171,50,71.2132034355964,0,4986.17681230171
54,235866,4209.13899235808,50,71.2132034355964,0,4209.13899235808
54,235867,4194.04331822488,50,71.2132034355964,0,4194.04331822488
54,235868,4179.10691839284,50,71.2132034355964,0,4179.10691839284
54,235869,4164.33150669288,50,71.2132034355964,0,4164.33150669288
48,235902,3633.73023658057,50,71.2132034355964,0,3633.73023658057
48,235903,3618.66238240465,50,71.2132034355964,0,3618.66238240465
48,235904,3603.77944198383,50,71.2132034355964,0,3603.77944198383
48,235905,3589.0837156764,50,71.2132034355964,0,3589.0837156764
54,236524,5005.86872057182,50,71.2132034355964,0,5005.86872057182
54,236525,4985.123332621,50,71.2132034355964,0,4985.123332621
54,236526,4964.47123334742,50,71.2132034355964,0,4964.47123334742
54,236527,4943.9135918328,50,71.2132034355964,0,4943.9135918328
54,236528,4923.45159128742,50,71.2132034355964,0,4923.45159128742
54,236570,4168.210121038,50,71.2132034355964,0,4168.210121038
54,236571,4153.18073526359,50,71.2132034355964,0,4153.18073526359
54,236572,4138.3126776613,50,71.2132034355964,0,4138.3126776613
54,236573,4123.60769328295,50,71.2132034355964,0,4123.60769328295
48,236606,3592.80981007235,50,71.2132034355964,0,3592.80981007235
48,236607,3577.81924935439,50,71.2132034355964,0,3577.81924935439
48,236608,3563.01637147588,50,71.2132034355964,0,3563.01637147588
48,236609,3548.40352530977,50,71.2132034355964,0,3548.40352530977
54,237228,4963.59351323827,50,71.2132034355964,0,4963.59351323827
54,237229,4942.85134748021,50,71.2132034355964,0,4942.85134748021
54,237230,4922.20329964397,50,71.2132034355964,0,4922.20329964397
54,237231,4901.65055913346,50,71.2132034355964,0,4901.65055913346
54,237232,4881.19432985453,50,71.2132034355964,0,4881.19432985453
54,237274,4127.30846892192,50,71.2132034355964,0,4127.30846892192
54,237275,4112.34679131245,50,71.2132034355964,0,4112.34679131245
54,237276,4097.54854366742,50,71.2132034355964,0,4097.54854366742
48,237309,3567.02069216858,50,71.2132034355964,0,3567.02069216858
48,237310,3551.92121099563,50,71.2132034355964,0,3551.92121099563
48,237311,3537.0098674107,50,71.2132034355964,0,3537.0098674107
48,237312,3522.28905081656,50,71.2132034355964,0,3522.28905081656
48,237313,3507.76115993434,50,71.2132034355964,0,3507.76115993434
54,237932,4921.31828407898,50,71.2132034355964,0,4921.31828407898
54,237933,4900.57939798116,50,71.2132034355964,0,4900.57939798116
54,237934,4879.93547389002,50,71.2132034355964,0,4879.93547389002
54,237935,4859.3877220793,50,71.2132034355964,0,4859.3877220793
54,237936,4838.93736768681,50,71.2132034355964,0,4838.93736768681
54,237978,4086.43485686783,50,71.2132034355964,0,4086.43485686783
54,237979,4071.5423515905,50,71.2132034355964,0,4071.5423515905
48,238013,3526.08669642166,50,71.2132034355964,0,3526.08669642166
48,238014,3511.06555541405,50,71.2132034355964,0,3511.06555541405
48,238015,3496.23542257494,50,71.2132034355964,0,3496.23542257494
48,238016,3481.59873874732,50,71.2132034355964,0,3481.59873874732
54,238637,4858.30748802254,50,71.2132034355964,0,4858.30748802254
54,238638,4837.66776190346,50,71.2132034355964,0,4837.66776190346
54,238639,4817.12508881566,50,71.2132034355964,0,4817.12508881566
54,238640,4796.68071570288,50,71.2132034355964,0,4796.68071570288
54,238641,4776.33590484,50,71.2132034355964,0,4776.33590484
54,238682,4045.59013833068,50,71.2132034355964,0,4045.59013833068
54,238683,4030.76831571653,50,71.2132034355964,0,4030.76831571653
48,238716,3500.31711216757,50,71.2132034355964,0,3500.31711216757
48,238717,3485.18482439007,50,71.2132034355964,0,3485.18482439007
48,238718,3470.24401103471,50,71.2132034355964,0,3470.24401103471
48,238719,3455.49715578502,50,71.2132034355964,0,3455.49715578502
54,239342,4795.40016970149,50,71.2132034355964,0,4795.40016970149
54,239343,4774.86266777761,50,71.2132034355964,0,4774.86266777761
54,239344,4754.42438521228,50,71.2132034355964,0,4754.42438521228
54,239345,4734.08660707415,50,71.2132034355964,0,4734.08660707415
54,239346,4713.85063423344,50,71.2132034355964,0,4713.85063423344
54,239385,4019.69294939212,50,71.2132034355964,0,4019.69294939212
54,239386,4004.7752009728,50,71.2132034355964,0,4004.7752009728
54,239387,3990.02561939882,50,71.2132034355964,0,3990.02561939882
48,239420,3459.36910135205,50,71.2132034355964,0,3459.36910135205
48,239421,3444.3162246912,50,71.2132034355964,0,3444.3162246912
48,239422,3429.45780016717,50,71.2132034355964,0,3429.45780016717
48,239423,3414.79636607456,50,71.2132034355964,0,3414.79636607456
48,239424,3400.33447054178,50,71.2132034355964,0,3400.33447054178
48,239426,3372.01952910779,50,71.2132034355964,0,3372.01952910779
54,240047,4732.60046770432,50,71.2132034355964,0,4732.60046770432
54,240048,4712.16838793056,50,71.2132034355964,0,4712.16838793056
54,240049,4691.83777267953,50,71.2132034355964,0,4691.83777267953
54,240050,4671.6099466563,50,71.2132034355964,0,4671.6099466563
54,240051,4651.48625085695,50,71.2132034355964,0,4651.48625085695
54,240052,4631.46804261501,50,71.2132034355964,0,4631.46804261501
54,240053,4611.55669565952,50,71.2132034355964,0,4611.55669565952
54,240054,4591.75360014647,50,71.2132034355964,0,4591.75360014647
54,240055,4572.06016269372,50,71.2132034355964,0,4572.06016269372
54,240089,3978.83714157159,50,71.2132034355964,0,3978.83714157159
54,240090,3963.99096835649,50,71.2132034355964,0,3963.99096835649
54,240091,3949.31523622659,50,71.2132034355964,0,3949.31523622659
54,240092,3934.81185227296,50,71.2132034355964,0,3934.81185227296
54,240093,3920.48272924726,50,71.2132034355964,0,3920.48272924726
54,240094,3906.32978481008,50,71.2132034355964,0,3906.32978481008
48,240125,3403.48210015957,50,71.2132034355964,0,3403.48210015957
48,240126,3388.70820288516,50,71.2132034355964,0,3388.70820288516
48,240127,3374.13441393311,50,71.2132034355964,0,3374.13441393311
48,240128,3359.76333736136,50,71.2132034355964,0,3359.76333736136
48,240129,3345.59758543429,50,71.2132034355964,0,3345.59758543429
48,240130,3331.63977720654,50,71.2132034355964,0,3331.63977720654
54,240752,4669.91273599517,50,71.2132034355964,0,4669.91273599517
54,240753,4649.5894173938,50,71.2132034355964,0,4649.5894173938
54,240754,4629.36989104834,50,71.2132034355964,0,4629.36989104834
54,240755,4609.25552288124,50,71.2132034355964,0,4609.25552288124
54,240756,4589.2476956007,50,71.2132034355964,0,4589.2476956007
54,240757,4569.34780873761,50,71.2132034355964,0,4569.34780873761
54,240758,4549.55727869639,50,71.2132034355964,0,4549.55727869639
54,240795,3908.63817956726,50,71.2132034355964,0,3908.63817956726
54,240796,3894.21267140296,50,71.2132034355964,0,3894.21267140296
54,240797,3879.96382598049,50,71.2132034355964,0,3879.96382598049
54,240798,3865.89359672112,50,71.2132034355964,0,3865.89359672112
54,240799,3852.00394092327,50,71.2132034355964,0,3852.00394092327
48,240830,3347.99656041022,50,71.2132034355964,0,3347.99656041022
48,240831,3333.51272490776,50,71.2132034355964,0,3333.51272490776
48,240832,3319.23486607195,50,71.2132034355964,0,3319.23486607195
48,240833,3305.16565327768,50,71.2132034355964,0,3305.16565327768
48,240834,3291.30776219725,50,71.2132034355964,0,3291.30776219725
48,240835,3277.66387322161,50,71.2132034355964,0,3277.66387322161
54,241460,4547.02837723495,50,71.2132034355964,0,4547.02837723495
54,241461,4527.14017083642,50,71.2132034355964,0,4527.14017083642
54,241462,4507.36244918645,50,71.2132034355964,0,4507.36244918645
54,241463,4487.69667303959,50,71.2132034355964,0,4487.69667303959
54,241464,4468.1443205214,50,71.2132034355964,0,4468.1443205214
54,241500,3853.64964515846,50,71.2132034355964,0,3853.64964515846
54,241501,3839.48290931759,50,71.2132034355964,0,3839.48290931759
54,241502,3825.49728706461,50,71.2132034355964,0,3825.49728706461
54,241503,3811.69477199082,50,71.2132034355964,0,3811.69477199082
48,241534,3307.32427872897,50,71.2132034355964,0,3307.32427872897
48,241535,3292.93279344278,50,71.2132034355964,0,3292.93279344278
48,241536,3278.75064310394,50,71.2132034355964,0,3278.75064310394
48,241537,3264.78055575482,50,71.2132034355964,0,3264.78055575482
48,241538,3251.02526518363,50,71.2132034355964,0,3251.02526518363
48,241539,3237.48750925071,50,71.2132034355964,0,3237.48750925071
54,242166,4465.16915714654,50,71.2132034355964,0,4465.16915714654
54,242169,4406.55996190965,50,71.2132034355964,0,4406.55996190965
54,242204,3813.12393113492,50,71.2132034355964,0,3813.12393113492
54,242205,3799.04119736559,50,71.2132034355964,0,3799.04119736559
54,242206,3785.14213644254,50,71.2132034355964,0,3785.14213644254
54,242207,3771.42877906897,50,71.2132034355964,0,3771.42877906897
48,242239,3252.39618699817,50,71.2132034355964,0,3252.39618699817
48,242240,3238.31233244464,50,71.2132034355964,0,3238.31233244464
48,242241,3224.44405710547,50,71.2132034355964,0,3224.44405710547
48,242242,3210.79415441556,50,71.2132034355964,0,3210.79415441556
48,242243,3197.36542114716,50,71.2132034355964,0,3197.36542114716
54,242871,4403.34043127622,50,71.2132034355964,0,4403.34043127622
54,242872,4383.81927818884,50,71.2132034355964,0,4383.81927818884
54,242873,4364.41554530666,50,71.2132034355964,0,4364.41554530666
54,242874,4345.13080569699,50,71.2132034355964,0,4345.13080569699
54,242907,3786.81774197522,50,71.2132034355964,0,3786.81774197522
54,242908,3772.63673558834,50,71.2132034355964,0,3772.63673558834
54,242909,3758.63995945479,50,71.2132034355964,0,3758.63995945479
54,242910,3744.82947932979,50,71.2132034355964,0,3744.82947932979
54,242911,3731.20736385014,50,71.2132034355964,0,3731.20736385014
54,242912,3717.77568354792,50,71.2132034355964,0,3717.77568354792
48,242943,3211.90455044971,50,71.2132034355964,0,3211.90455044971
48,242944,3197.9216803179,50,71.2132034355964,0,3197.9216803179
48,242945,3184.15800880034,50,71.2132034355964,0,3184.15800880034
48,242946,3170.61639052806,50,71.2132034355964,0,3170.61639052806
48,242947,3157.29968265213,50,71.2132034355964,0,3157.29968265213
48,242948,3144.21074286888,50,71.2132034355964,0,3144.21074286888
54,243575,4361.16516806623,50,71.2132034355964,0,4361.16516806623
54,243576,4341.66008541593,50,71.2132034355964,0,4341.66008541593
54,243577,4322.27371406114,50,71.2132034355964,0,4322.27371406114
54,243578,4303.00765849412,50,71.2132034355964,0,4303.00765849412
54,243610,3760.56544965908,50,71.2132034355964,0,3760.56544965908
54,243611,3746.28499338031,50,71.2132034355964,0,3746.28499338031
54,243612,3732.18931594338,50,71.2132034355964,0,3732.18931594338
54,243613,3718.28051879131,50,71.2132034355964,0,3718.28051879131
54,243614,3704.56070685524,50,71.2132034355964,0,3704.56070685524
54,243615,3691.03198754626,50,71.2132034355964,0,3691.03198754626
48,243648,3157.58052019185,50,71.2132034355964,0,3157.58052019185
48,243649,3143.92435483555,50,71.2132034355964,0,3143.92435483555
48,243650,3130.49403214559,50,71.2132034355964,0,3130.49403214559
48,243651,3117.29247113626,50,71.2132034355964,0,3117.29247113626
48,243652,3104.32259033351,50,71.2132034355964,0,3104.32259033351
54,244280,4299.50320308488,50,71.2132034355964,0,4299.50320308488
54,244281,4280.13454791169,50,71.2132034355964,0,4280.13454791169
54,244282,4260.88756018813,50,71.2132034355964,0,4260.88756018813
54,244314,3719.98709111203,50,71.2132034355964,0,3719.98709111203
54,244315,3705.79130939212,50,71.2132034355964,0,3705.79130939212
54,244316,3691.78298347682,50,71.2132034355964,0,3691.78298347682
54,244317,3677.96425526372,50,71.2132034355964,0,3677.96425526372
54,244318,3664.33726975266,50,71.2132034355964,0,3664.33726975266
54,244319,3650.90417398123,50,71.2132034355964,0,3650.90417398123
54,244320,3637.66711592657,50,71.2132034355964,0,3637.66711592657
48,244351,3131.06318228928,50,71.2132034355964,0,3131.06318228928
48,244352,3117.29077814093,50,71.2132034355964,0,3117.29077814093
48,244353,3103.74513741665,50,71.2132034355964,0,3103.74513741665
48,244354,3090.42924189355,50,71.2132034355964,0,3090.42924189355
48,244355,3077.34607394604,50,71.2132034355964,0,3077.34607394604
48,244356,3064.49861430436,50,71.2132034355964,0,3064.49861430436
54,244984,4257.34870322165,50,71.2132034355964,0,4257.34870322165
54,244985,4237.99812976401,50,71.2132034355964,0,4237.99812976401
54,244986,4218.77060552316,50,71.2132034355964,0,4218.77060552316
54,245019,3665.33798867756,50,71.2132034355964,0,3665.33798867756
54,245020,3651.41910614422,50,71.2132034355964,0,3651.41910614422
54,245021,3637.69260842607,50,71.2132034355964,0,3637.69260842607
54,245022,3624.16068149656,50,71.2132034355964,0,3624.16068149656
54,245023,3610.82551287665,50,71.2132034355964,0,3610.82551287665
54,245024,3597.68929047538,50,71.2132034355964,0,3597.68929047538
54,245025,3584.75420139078,50,71.2132034355964,0,3584.75420139078
48,245056,3077.05447860171,50,71.2132034355964,0,3077.05447860171
48,245057,3063.62250305119,50,71.2132034355964,0,3063.62250305119
48,245058,3050.4242928348,50,71.2132034355964,0,3050.4242928348
48,245059,3037.46289518335,50,71.2132034355964,0,3037.46289518335
48,245060,3024.74135441536,50,71.2132034355964,0,3024.74135441536
54,245688,4215.19666072932,50,71.2132034355964,0,4215.19666072932
54,245689,4195.86454584931,50,71.2132034355964,0,4195.86454584931
54,245690,4176.65689305865,50,71.2132034355964,0,4176.65689305865
54,245724,3611.09911159967,50,71.2132034355964,0,3611.09911159967
54,245725,3597.46708067103,50,71.2132034355964,0,3597.46708067103
54,245726,3584.03252162723,50,71.2132034355964,0,3584.03252162723
54,245727,3570.79766333843,50,71.2132034355964,0,3570.79766333843
54,245728,3557.76473446102,50,71.2132034355964,0,3557.76473446102
54,245729,3544.93596217213,50,71.2132034355964,0,3544.93596217213
48,245760,3036.87375054718,50,71.2132034355964,0,3036.87375054718
48,245761,3023.55870908902,50,71.2132034355964,0,3023.55870908902
48,245762,3010.48157537347,50,71.2132034355964,0,3010.48157537347
48,245763,2997.64546299919,50,71.2132034355964,0,2997.64546299919
48,245764,2985.05348123539,50,71.2132034355964,0,2985.05348123539
54,246392,4173.04715353669,50,71.2132034355964,0,4173.04715353669
54,246393,4153.73388589531,50,71.2132034355964,0,4153.73388589531
54,246394,4134.54652535962,50,71.2132034355964,0,4134.54652535962
54,246395,4115.48683295576,50,71.2132034355964,0,4115.48683295576
54,246396,4096.55659065763,50,71.2132034355964,0,4096.55659065763
54,246429,3557.28924059216,50,71.2132034355964,0,3557.28924059216
54,246430,3543.95443928315,50,71.2132034355964,0,3543.95443928315
54,246431,3530.82235756332,50,71.2132034355964,0,3530.82235756332
54,246432,3517.89526565321,50,71.2132034355964,0,3517.89526565321
48,246464,2996.75083412345,50,71.2132034355964,0,2996.75083412345
48,246465,2983.55613073229,50,71.2132034355964,0,2983.55613073229
48,246466,2970.60360467157,50,71.2132034355964,0,2970.60360467157
48,246467,2957.89643740052,50,71.2132034355964,0,2957.89643740052
54,247097,4111.60624329344,50,71.2132034355964,0,4111.60624329344
54,247098,4092.4396092042,50,71.2132034355964,0,4092.4396092042
54,247099,4073.40215864618,50,71.2132034355964,0,4073.40215864618
54,247100,4054.4957113196,50,71.2132034355964,0,4054.4957113196
54,247134,3503.9281569489,50,71.2132034355964,0,3503.9281569489
54,247135,3490.90140476703,50,71.2132034355964,0,3490.90140476703
54,247136,3478.08278260542,50,71.2132034355964,0,3478.08278260542
54,247137,3465.47460005413,50,71.2132034355964,0,3465.47460005413
48,247138,3447.69539031426,50,71.2132034355964,0,3447.69539031426
48,247168,2956.68808776008,50,71.2132034355964,0,2956.68808776008
48,247169,2943.61726857284,50,71.2132034355964,0,2943.61726857284
48,247170,2930.79302859228,50,71.2132034355964,0,2930.79302859228
48,247171,2918.21861862832,50,71.2132034355964,0,2918.21861862832
54,247801,4069.48171530192,50,71.2132034355964,0,4069.48171530192
54,247802,4050.33625580739,50,71.2132034355964,0,4050.33625580739
54,247803,4031.32153079262,50,71.2132034355964,0,4031.32153079262
54,247814,3831.33519683018,50,71.2132034355964,0,3831.33519683018
54,247815,3814.04046092282,50,71.2132034355964,0,3814.04046092282
54,247816,3796.90229401538,50,71.2132034355964,0,3796.90229401538
54,247839,3451.03669537136,50,71.2132034355964,0,3451.03669537136
54,247840,3438.32926903819,50,71.2132034355964,0,3438.32926903819
48,247841,3424.73460217071,50,71.2132034355964,0,3424.73460217071
48,247842,3405.5946993369,50,71.2132034355964,0,3405.5946993369
48,247843,3386.61045938359,50,71.2132034355964,0,3386.61045938359
48,247844,3367.78451472896,50,71.2132034355964,0,3367.78451472896
48,247845,3349.11953478949,50,71.2132034355964,0,3349.11953478949
48,247873,2903.74475669317,50,71.2132034355964,0,2903.74475669317
48,247874,2891.05263625856,50,71.2132034355964,0,2891.05263625856
48,247875,2878.61495617382,50,71.2132034355964,0,2878.61495617382
54,248505,4027.36040323977,50,71.2132034355964,0,4027.36040323977
54,248508,3970.3878021303,50,71.2132034355964,0,3970.3878021303
54,248517,3807.0366596417,50,71.2132034355964,0,3807.0366596417
54,248518,3789.63094019799,50,71.2132034355964,0,3789.63094019799
54,248519,3772.38178784158,50,71.2132034355964,0,3772.38178784158
54,248520,3755.29136004975,50,71.2132034355964,0,3755.29136004975
54,248543,3411.23020544339,50,71.2132034355964,0,3411.23020544339
54,248544,3398.63679847814,50,71.2132034355964,0,3398.63679847814
48,248545,3382.61253124114,50,71.2132034355964,0,3382.61253124114
48,248546,3363.49847473949,50,71.2132034355964,0,3363.49847473949
48,248547,3344.54233623271,50,71.2132034355964,0,3344.54233623271
48,248548,3325.74681603564,50,71.2132034355964,0,3325.74681603564
48,248549,3307.11465270278,50,71.2132034355964,0,3307.11465270278
48,248577,2863.94137136891,50,71.2132034355964,0,2863.94137136891
48,248578,2851.38536723476,50,71.2132034355964,0,2851.38536723476
48,248579,2839.08855843586,50,71.2132034355964,0,2839.08855843586
54,249211,3947.17294674697,50,71.2132034355964,0,3947.17294674697
54,249212,3928.34107615275,50,71.2132034355964,0,3928.34107615275
54,249221,3765.30079564971,50,71.2132034355964,0,3765.30079564971
54,249222,3747.93957657249,50,71.2132034355964,0,3747.93957657249
54,249223,3730.73708836203,50,71.2132034355964,0,3730.73708836203
54,249224,3713.69553682486,50,71.2132034355964,0,3713.69553682486
54,249225,3696.81714761413,50,71.2132034355964,0,3696.81714761413
54,249226,3680.10416571024,50,71.2132034355964,0,3680.10416571024
48,249249,3340.49441984424,50,71.2132034355964,0,3340.49441984424
48,249250,3321.4068906902,50,71.2132034355964,0,3321.4068906902
48,249251,3302.47959931627,50,71.2132034355964,0,3302.47959931627
48,249252,3283.71531654837,50,71.2132034355964,0,3283.71531654837
48,249253,3265.11685276596,50,71.2132034355964,0,3265.11685276596
48,249254,3246.68705762756,50,71.2132034355964,0,3246.68705762756
48,249281,2824.21004044714,50,71.2132034355964,0,2824.21004044714
48,249282,2811.79432140876,50,71.2132034355964,0,2811.79432140876
48,249283,2799.64270313014,50,71.2132034355964,0,2799.64270313014
48,249284,2787.75863919585,50,71.2132034355964,0,2787.75863919585
54,249914,3924.04875571276,50,71.2132034355964,0,3924.04875571276
54,249915,3905.1052710039,50,71.2132034355964,0,3905.1052710039
54,249916,3886.2993827707,50,71.2132034355964,0,3886.2993827707
54,249917,3867.63309815381,50,71.2132034355964,0,3867.63309815381
54,249925,3723.5772020357,50,71.2132034355964,0,3723.5772020357
54,249926,3706.26154495031,50,71.2132034355964,0,3706.26154495031
54,249927,3689.10683962448,50,71.2132034355964,0,3689.10683962448
54,249928,3672.11534177368,50,71.2132034355964,0,3672.11534177368
54,249929,3655.28932739404,50,71.2132034355964,0,3655.28932739404
54,249930,3638.63109220651,50,71.2132034355964,0,3638.63109220651
48,249953,3298.38042403749,50,71.2132034355964,0,3298.38042403749
48,249954,3279.32013028789,50,71.2132034355964,0,3279.32013028789
48,249955,3260.42246152677,50,71.2132034355964,0,3260.42246152677
48,249956,3241.69026185713,50,71.2132034355964,0,3241.69026185713
48,249957,3223.12641630764,50,71.2132034355964,0,3223.12641630764
48,249958,3204.73385052101,50,71.2132034355964,0,3204.73385052101
48,249986,2772.28276962854,50,71.2132034355964,0,2772.28276962854
48,249987,2760.28084846945,50,71.2132034355964,0,2760.28084846945
48,249988,2748.55161597,50,71.2132034355964,0,2748.55161597
48,249989,2737.09857777254,50,71.2132034355964,0,2737.09857777254
54,250618,3881.96086251469,50,71.2132034355964,0,3881.96086251469
54,250619,3863.04220323599,50,71.2132034355964,0,3863.04220323599
54,250620,3844.26289085375,50,71.2132034355964,0,3844.26289085375
54,250621,3825.62497745552,50,71.2132034355964,0,3825.62497745552
54,250631,3647.4915403813,50,71.2132034355964,0,3647.4915403813
54,250632,3630.55131583554,50,71.2132034355964,0,3630.55131583554
48,250658,3237.23838612432,50,71.2132034355964,0,3237.23838612432
48,250659,3218.3711468531,50,71.2132034355964,0,3218.3711468531
48,250660,3199.6719104164,50,71.2132034355964,0,3199.6719104164
48,250661,3181.14363945342,50,71.2132034355964,0,3181.14363945342
48,250662,3162.78933861916,50,71.2132034355964,0,3162.78933861916
48,250691,2721.0066452017,50,71.2132034355964,0,2721.0066452017
48,250692,2709.43711196589,50,71.2132034355964,0,2709.43711196589
48,250693,2698.14914142248,50,71.2132034355964,0,2698.14914142248
48,250694,2687.14628188006,50,71.2132034355964,0,2687.14628188006
54,251323,3820.98389940455,50,71.2132034355964,0,3820.98389940455
54,251324,3802.2317767167,50,71.2132034355964,0,3802.2317767167
54,251325,3783.62289373323,50,71.2132034355964,0,3783.62289373323
54,251326,3765.15937429716,50,71.2132034355964,0,3765.15937429716
54,251327,3746.84336735356,50,71.2132034355964,0,3746.84336735356
48,251362,3195.16186091586,50,71.2132034355964,0,3195.16186091586
48,251363,3176.3258911196,50,71.2132034355964,0,3176.3258911196
48,251364,3157.66053439624,50,71.2132034355964,0,3157.66053439624
48,251365,3139.16883411989,50,71.2132034355964,0,3139.16883411989
48,251366,3120.8538771419,50,71.2132034355964,0,3120.8538771419
48,251396,2670.41919807232,50,71.2132034355964,0,2670.41919807232
54,252028,3760.20622453482,50,71.2132034355964,0,3760.20622453482
54,252029,3741.6270541548,50,71.2132034355964,0,3741.6270541548
54,252030,3723.1951838596,50,71.2132034355964,0,3723.1951838596
54,252031,3704.91281209617,50,71.2132034355964,0,3704.91281209617
54,252032,3686.78216290992,50,71.2132034355964,0,3686.78216290992
48,252066,3153.09076817673,50,71.2132034355964,0,3153.09076817673
48,252067,3134.28694276823,50,71.2132034355964,0,3134.28694276823
48,252068,3115.65642059813,50,71.2132034355964,0,3115.65642059813
48,252069,3097.20232906728,50,71.2132034355964,0,3097.20232906728
48,252070,3078.92784058399,50,71.2132034355964,0,3078.92784058399
54,252733,3699.6376752594,50,71.2132034355964,0,3699.6376752594
54,252734,3681.23821085357,50,71.2132034355964,0,3681.23821085357
54,252735,3662.99028321361,50,71.2132034355964,0,3662.99028321361
54,252736,3644.89616831444,50,71.2132034355964,0,3644.89616831444
48,252770,3111.02533294197,50,71.2132034355964,0,3111.02533294197
48,252771,3092.25456371149,50,71.2132034355964,0,3092.25456371149
48,252772,3073.65987145128,50,71.2132034355964,0,3073.65987145128
48,252773,3055.24447105989,50,71.2132034355964,0,3055.24447105989
48,252774,3037.01162403204,50,71.2132034355964,0,3037.01162403204
48,252775,3018.96463793001,50,71.2132034355964,0,3018.96463793001
54,253438,3639.28870887659,50,71.2132034355964,0,3639.28870887659
54,253439,3621.0760634667,50,71.2132034355964,0,3621.0760634667
54,253440,3603.01937698273,50,71.2132034355964,0,3603.01937698273
48,253474,3068.96579255453,50,71.2132034355964,0,3068.96579255453
48,253475,3050.22903026173,50,71.2132034355964,0,3050.22903026173
48,253476,3031.67120609329,50,71.2132034355964,0,3031.67120609329
48,253477,3013.29562609984,50,71.2132034355964,0,3013.29562609984
48,253478,2995.10564460039,50,71.2132034355964,0,2995.10564460039
48,253479,2977.10466359278,50,71.2132034355964,0,2977.10466359278
54,254142,3597.34694330324,50,71.2132034355964,0,3597.34694330324
54,254143,3579.17044880446,50,71.2132034355964,0,3579.17044880446
54,254144,3561.1521176418,50,71.2132034355964,0,3561.1521176418
48,254178,3026.91239751219,50,71.2132034355964,0,3026.91239751219
48,254179,3008.21063412319,50,71.2132034355964,0,3008.21063412319
48,254180,2989.69076152065,50,71.2132034355964,0,2989.69076152065
48,254181,2971.35618077763,50,71.2132034355964,0,2971.35618077763
48,254182,2953.21034296885,50,71.2132034355964,0,2953.21034296885
48,254183,2935.25674853742,50,71.2132034355964,0,2935.25674853742
48,254184,2917.49894654685,50,71.2132034355964,0,2917.49894654685
54,254846,3555.41319198546,50,71.2132034355964,0,3555.41319198546
54,254847,3537.27374914131,50,71.2132034355964,0,3537.27374914131
54,254848,3519.2947345856,50,71.2132034355964,0,3519.2947345856
48,254883,2966.19968347732,50,71.2132034355964,0,2966.19968347732
48,254884,2947.71889386741,50,71.2132034355964,0,2947.71889386741
48,254885,2929.42654373501,50,71.2132034355964,0,2929.42654373501
48,254886,2911.32618507113,50,71.2132034355964,0,2911.32618507113
48,254887,2893.42142099949,50,71.2132034355964,0,2893.42142099949
48,254888,2875.71590495433,50,71.2132034355964,0,2875.71590495433
48,254889,2858.21333972761,50,71.2132034355964,0,2858.21333972761
54,255550,3513.48774598861,50,71.2132034355964,0,3513.48774598861
54,255551,3495.3862891793,50,71.2132034355964,0,3495.3862891793
54,255552,3477.4475886025,50,71.2132034355964,0,3477.4475886025
54,255553,3459.6741759756,50,71.2132034355964,0,3459.6741759756
54,255554,3442.0686117324,50,71.2132034355964,0,3442.0686117324
48,255588,2905.75597976682,50,71.2132034355964,0,2905.75597976682
48,255589,2887.50714725017,50,71.2132034355964,0,2887.50714725017
48,255590,2869.45366392155,50,71.2132034355964,0,2869.45366392155
48,255591,2851.59924005279,50,71.2132034355964,0,2851.59924005279
48,255592,2833.94763798781,50,71.2132034355964,0,2833.94763798781
48,255593,2816.50267110593,50,71.2132034355964,0,2816.50267110593
48,255594,2799.26820264734,50,71.2132034355964,0,2799.26820264734
54,256254,3471.57091037371,50,71.2132034355964,0,3471.57091037371
54,256255,3453.50840930359,50,71.2132034355964,0,3453.50840930359
54,256256,3435.61105797298,50,71.2132034355964,0,3435.61105797298
54,256257,3417.8814507461,50,71.2132034355964,0,3417.8814507461
54,256258,3400.32221152779,50,71.2132034355964,0,3400.32221152779
48,256293,2845.5984489684,50,71.2132034355964,0,2845.5984489684
48,256294,2827.59330159535,50,71.2132034355964,0,2827.59330159535
48,256295,2809.79079787343,50,71.2132034355964,0,2809.79079787343
48,256296,2792.19481385576,50,71.2132034355964,0,2792.19481385576
48,256297,2774.80927837853,50,71.2132034355964,0,2774.80927837853
48,256298,2757.63817176125,50,71.2132034355964,0,2757.63817176125
48,256373,2360.70776106782,50,71.2132034355964,0,2360.70776106782
48,256374,2369.33802038882,50,71.2132034355964,0,2369.33802038882
54,256959,3411.64046653518,50,71.2132034355964,0,3411.64046653518
54,256960,3393.78553952888,50,71.2132034355964,0,3393.78553952888
54,256961,3376.10088334565,50,71.2132034355964,0,3376.10088334565
54,256962,3358.5891876694,50,71.2132034355964,0,3358.5891876694
48,256999,2767.99672221671,50,71.2132034355964,0,2767.99672221671
48,257000,2750.45814109194,50,71.2132034355964,0,2750.45814109194
48,257001,2733.13395744698,50,71.2132034355964,0,2733.13395744698
48,257002,2716.02827389015,50,71.2132034355964,0,2716.02827389015
48,257076,2332.03411994293,50,71.2132034355964,0,2332.03411994293
48,257077,2340.77014635813,50,71.2132034355964,0,2340.77014635813
48,257078,2349.85398086864,50,71.2132034355964,0,2349.85398086864
48,257079,2359.28160602928,50,71.2132034355964,0,2359.28160602928
54,257664,3351.97144980633,50,71.2132034355964,0,3351.97144980633
54,257665,3334.33293513017,50,71.2132034355964,0,3334.33293513017
54,257666,3316.87004941162,50,71.2132034355964,0,3316.87004941162
54,257667,3299.58558117408,50,71.2132034355964,0,3299.58558117408
48,257704,2708.73837161094,50,71.2132034355964,0,2708.73837161094
48,257705,2691.47755315764,50,71.2132034355964,0,2691.47755315764
48,257706,2674.43945413817,50,71.2132034355964,0,2674.43945413817
48,257707,2657.62835813063,50,71.2132034355964,0,2657.62835813063
48,257780,2312.23625411177,50,71.2132034355964,0,2312.23625411177
48,257781,2321.43179472994,50,71.2132034355964,0,2321.43179472994
48,257782,2330.97442752595,50,71.2132034355964,0,2330.97442752595
48,257783,2340.85990768767,50,71.2132034355964,0,2340.85990768767
48,257784,2351.08391056089,50,71.2132034355964,0,2351.08391056089
54,258368,3310.16922627042,50,71.2132034355964,0,3310.16922627042
54,258369,3292.57809072741,50,71.2132034355964,0,3292.57809072741
54,258370,3275.16533179211,50,71.2132034355964,0,3275.16533179211
54,258371,3257.93380958898,50,71.2132034355964,0,3257.93380958898
54,258372,3240.88641497989,50,71.2132034355964,0,3240.88641497989
54,258373,3224.026068751,50,71.2132034355964,0,3224.026068751
48,258408,2667.0363040724,50,71.2132034355964,0,2667.0363040724
48,258409,2649.84096308766,50,71.2132034355964,0,2649.84096308766
48,258410,2632.87271684112,50,71.2132034355964,0,2632.87271684112
48,258411,2616.13598414342,50,71.2132034355964,0,2616.13598414342
48,258486,2312.71417059328,50,71.2132034355964,0,2312.71417059328
48,258487,2323.06210425822,50,71.2132034355964,0,2323.06210425822
48,258488,2333.74706784624,50,71.2132034355964,0,2333.74706784624
54,259073,3250.83685950727,50,71.2132034355964,0,3250.83685950727
54,259074,3233.47559725964,50,71.2132034355964,0,3233.47559725964
54,259075,3216.29847630563,50,71.2132034355964,0,3216.29847630563
54,259076,3199.30846261672,50,71.2132034355964,0,3199.30846261672
54,259077,3182.50855284642,50,71.2132034355964,0,3182.50855284642
54,259078,3165.90177336368,50,71.2132034355964,0,3165.90177336368
48,259113,2608.22514168735,50,71.2132034355964,0,2608.22514168735
48,259114,2591.32913022216,50,71.2132034355964,0,2591.32913022216
48,259115,2574.6693133671,50,71.2132034355964,0,2574.6693133671
48,259189,2284.61330553513,50,71.2132034355964,0,2284.61330553513
48,259190,2295.08799820516,50,71.2132034355964,0,2295.08799820516
48,259191,2305.9026483934,50,71.2132034355964,0,2305.9026483934
48,259192,2317.05249593295,50,71.2132034355964,0,2317.05249593295
54,259778,3191.80143744241,50,71.2132034355964,0,3191.80143744241
54,259779,3174.68023262883,50,71.2132034355964,0,3174.68023262883
54,259780,3157.74920665649,50,71.2132034355964,0,3157.74920665649
54,259781,3141.01143489327,50,71.2132034355964,0,3141.01143489327
54,259782,3124.47002313084,50,71.2132034355964,0,3124.47002313084
48,259817,2566.63110482512,50,71.2132034355964,0,2566.63110482512
48,259818,2549.80983151702,50,71.2132034355964,0,2549.80983151702
48,259819,2533.22961371659,50,71.2132034355964,0,2533.22961371659
48,259893,2267.16335809712,50,71.2132034355964,0,2267.16335809712
48,259894,2278.11063484214,50,71.2132034355964,0,2278.11063484214
48,259895,2289.39590005013,50,71.2132034355964,0,2289.39590005013
48,259896,2301.01418075909,50,71.2132034355964,0,2301.01418075909
48,259897,2312.96045864384,50,71.2132034355964,0,2312.96045864384
54,260482,3150.14347505178,50,71.2132034355964,0,3150.14347505178
54,260483,3133.07976419822,50,71.2132034355964,0,3133.07976419822
54,260484,3116.20939976279,50,71.2132034355964,0,3116.20939976279
54,260485,3099.53553882716,50,71.2132034355964,0,3099.53553882716
54,260487,3066.79011016778,50,71.2132034355964,0,3066.79011016778
54,260488,3050.72500725895,50,71.2132034355964,0,3050.72500725895
54,260489,3034.869334742,50,71.2132034355964,0,3034.869334742
48,260521,2525.05993475705,50,71.2132034355964,0,2525.05993475705
48,260522,2508.31603256814,50,71.2132034355964,0,2508.31603256814
48,260523,2491.81823659883,50,71.2132034355964,0,2491.81823659883
48,260597,2250.37296882573,50,71.2132034355964,0,2250.37296882573
48,260598,2261.79669708628,50,71.2132034355964,0,2261.79669708628
48,260599,2273.55608222132,50,71.2132034355964,0,2273.55608222132
48,260600,2285.64594348916,50,71.2132034355964,0,2285.64594348916
48,260601,2298.06106509207,50,71.2132034355964,0,2298.06106509207
54,261190,3041.67676079095,50,71.2132034355964,0,3041.67676079095
54,261191,3025.47822303753,50,71.2132034355964,0,3025.47822303753
54,261192,3009.48945297783,50,71.2132034355964,0,3009.48945297783
54,261193,2993.71381158321,50,71.2132034355964,0,2993.71381158321
54,261201,2875.59231449248,50,71.2132034355964,0,2875.59231449248
54,261202,2861.88971389599,50,71.2132034355964,0,2861.88971389599
54,261203,2848.43494544642,50,71.2132034355964,0,2848.43494544642
54,261204,2835.23153745224,50,71.2132034355964,0,2835.23153745224
48,261225,2483.51278558555,50,71.2132034355964,0,2483.51278558555
48,261226,2466.84902598747,50,71.2132034355964,0,2466.84902598747
48,261227,2450.43662382559,50,71.2132034355964,0,2450.43662382559
48,261303,2258.39723437814,50,71.2132034355964,0,2258.39723437814
54,261895,2984.19353422597,50,71.2132034355964,0,2984.19353422597
54,261896,2968.28336886644,50,71.2132034355964,0,2968.28336886644
54,261897,2952.59015175681,50,71.2132034355964,0,2952.59015175681
54,261904,2849.10708794228,50,71.2132034355964,0,2849.10708794228
54,261905,2835.27641520212,50,71.2132034355964,0,2835.27641520212
54,261906,2821.69467534376,50,71.2132034355964,0,2821.69467534376
54,261907,2808.36548001457,50,71.2132034355964,0,2808.36548001457
54,261908,2795.2924419528,50,71.2132034355964,0,2795.2924419528
48,261929,2441.99088927376,50,71.2132034355964,0,2441.99088927376
48,261930,2425.41019193208,50,71.2132034355964,0,2425.41019193208
48,261931,2409.08631520241,50,71.2132034355964,0,2409.08631520241
54,262599,2942.93719328209,50,71.2132034355964,0,2942.93719328209
54,262600,2927.10800444469,50,71.2132034355964,0,2927.10800444469
54,262601,2911.49971038877,50,71.2132034355964,0,2911.49971038877
54,262602,2896.1158825784,50,71.2132034355964,0,2896.1158825784
54,262608,2808.72949217333,50,71.2132034355964,0,2808.72949217333
54,262609,2795.01868272662,50,71.2132034355964,0,2795.01868272662
54,262610,2781.56158680967,50,71.2132034355964,0,2781.56158680967
54,262611,2768.36190435579,50,71.2132034355964,0,2768.36190435579
54,262612,2755.4233347368,50,71.2132034355964,0,2755.4233347368
48,262633,2400.49556224819,50,71.2132034355964,0,2400.49556224819
54,263303,2901.71041432853,50,71.2132034355964,0,2901.71041432853
54,263304,2885.9646795955,50,71.2132034355964,0,2885.9646795955
54,263305,2870.44391907726,50,71.2132034355964,0,2870.44391907726
54,263306,2855.15180169405,50,71.2132034355964,0,2855.15180169405
54,263312,2768.40882570409,50,71.2132034355964,0,2768.40882570409
54,263313,2754.82167237921,50,71.2132034355964,0,2754.82167237921
54,263314,2741.49317424925,50,71.2132034355964,0,2741.49317424925
54,263315,2728.42712194758,50,71.2132034355964,0,2728.42712194758
54,263316,2715.62730369561,50,71.2132034355964,0,2715.62730369561
48,263340,2310.62363314436,50,71.2132034355964,0,2310.62363314436
54,264007,2860.51448058798,50,71.2132034355964,0,2860.51448058798
54,264008,2844.85478949522,50,71.2132034355964,0,2844.85478949522
54,264009,2829.42429127446,50,71.2132034355964,0,2829.42429127446
54,264010,2814.22675594357,50,71.2132034355964,0,2814.22675594357
54,264015,2741.86702981621,50,71.2132034355964,0,2741.86702981621
54,264016,2728.14761798538,50,71.2132034355964,0,2728.14761798538
54,264018,2701.49232082239,50,71.2132034355964,0,2701.49232082239
48,264042,2301.27800148716,50,71.2132034355964,0,2301.27800148716
48,264043,2285.24026404176,50,71.2132034355964,0,2285.24026404176
48,264044,2269.48295800799,50,71.2132034355964,0,2269.48295800799
48,264045,2254.01196469836,50,71.2132034355964,0,2254.01196469836
54,264712,2803.77980998785,50,71.2132034355964,0,2803.77980998785
54,264713,2788.44242811755,50,71.2132034355964,0,2788.44242811755
54,264714,2773.34247860858,50,71.2132034355964,0,2773.34247860858
54,264715,2758.48386058308,50,71.2132034355964,0,2758.48386058308
54,264719,2701.54137446428,50,71.2132034355964,0,2701.54137446428
48,264746,2259.96768743829,50,71.2132034355964,0,2259.96768743829
48,264747,2244.03284158973,50,71.2132034355964,0,2244.03284158973
48,264748,2228.38507840309,50,71.2132034355964,0,2228.38507840309
48,264749,2213.030487547,50,71.2132034355964,0,2213.030487547
48,264750,2197.97521314968,50,71.2132034355964,0,2197.97521314968
48,264751,2183.22544737842,50,71.2132034355964,0,2183.22544737842
54,265416,2762.74130339589,50,71.2132034355964,0,2762.74130339589
54,265417,2747.50002475995,50,71.2132034355964,0,2747.50002475995
54,265418,2732.50080493274,50,71.2132034355964,0,2732.50080493274
54,265419,2717.74765167428,50,71.2132034355964,0,2717.74765167428
48,265450,2218.69404945737,50,71.2132034355964,0,2218.69404945737
48,265451,2202.86621741198,50,71.2132034355964,0,2202.86621741198
48,265452,2187.33241319208,50,71.2132034355964,0,2187.33241319208
48,265453,2172.09894504211,50,71.2132034355964,0,2172.09894504211
48,265454,2157.17217569316,50,71.2132034355964,0,2157.17217569316
48,265455,2142.55851527704,50,71.2132034355964,0,2142.55851527704
48,265456,2128.26441366359,50,71.2132034355964,0,2128.26441366359
54,266120,2721.74092484218,50,71.2132034355964,0,2721.74092484218
54,266121,2706.59887724838,50,71.2132034355964,0,2706.59887724838
54,266122,2691.70367957412,50,71.2132034355964,0,2691.70367957412
54,266123,2677.05945225445,50,71.2132034355964,0,2677.05945225445
54,266124,2662.67033617369,50,71.2132034355964,0,2662.67033617369
48,266155,2161.74272898074,50,71.2132034355964,0,2161.74272898074
48,266156,2146.32756353794,50,71.2132034355964,0,2146.32756353794
48,266157,2131.22022104776,50,71.2132034355964,0,2131.22022104776
48,266158,2116.4272933642,50,71.2132034355964,0,2116.4272933642
48,266159,2101.95541876946,50,71.2132034355964,0,2101.95541876946
48,266160,2087.81127350898,50,71.2132034355964,0,2087.81127350898
54,266825,2665.74088999702,50,71.2132034355964,0,2665.74088999702
54,266826,2650.95316472897,50,71.2132034355964,0,2650.95316472897
54,266827,2636.42149061039,50,71.2132034355964,0,2636.42149061039
48,266860,2105.37333011248,50,71.2132034355964,0,2105.37333011248
48,266861,2090.39742114695,50,71.2132034355964,0,2090.39742114695
48,266862,2075.74399771485,50,71.2132034355964,0,2075.74399771485
48,266863,2061.41993690915,50,71.2132034355964,0,2061.41993690915
48,266864,2047.43215151226,50,71.2132034355964,0,2047.43215151226
48,266865,2033.78757994338,50,71.2132034355964,0,2033.78757994338
54,267529,2624.92808392439,50,71.2132034355964,0,2624.92808392439
54,267530,2610.25144893641,50,71.2132034355964,0,2610.25144893641
54,267531,2595.83613172641,50,71.2132034355964,0,2595.83613172641
48,267565,2049.63389392486,50,71.2132034355964,0,2049.63389392486
48,267566,2035.12598929478,50,71.2132034355964,0,2035.12598929478
48,267567,2020.95614539861,50,71.2132034355964,0,2020.95614539861
48,267568,2007.13152212148,50,71.2132034355964,0,2007.13152212148
48,267569,1993.65930106341,50,71.2132034355964,0,1993.65930106341
54,268233,2584.16260531599,50,71.2132034355964,0,2584.16260531599
54,268234,2569.60085670398,50,71.2132034355964,0,2569.60085670398
54,268235,2555.30588769117,50,71.2132034355964,0,2555.30588769117
54,268236,2541.28220026844,50,71.2132034355964,0,2541.28220026844
48,268270,1994.57726391502,50,71.2132034355964,0,1994.57726391502
48,268271,1980.56844551797,50,71.2132034355964,0,1980.56844551797
48,268272,1966.91421745174,50,71.2132034355964,0,1966.91421745174
48,268273,1953.62201462314,50,71.2132034355964,0,1953.62201462314
48,268274,1940.69927577654,50,71.2132034355964,0,1940.69927577654
54,268938,2529.0038589848,50,71.2132034355964,0,2529.0038589848
54,268939,2514.83342901676,50,71.2132034355964,0,2514.83342901676
54,268940,2500.94007667066,50,71.2132034355964,0,2500.94007667066
48,268973,1968.29941201867,50,71.2132034355964,0,1968.29941201867
48,268974,1954.10214195552,50,71.2132034355964,0,1954.10214195552
48,268975,1940.26159639217,50,71.2132034355964,0,1940.26159639217
48,268976,1926.78546264849,50,71.2132034355964,0,1926.78546264849
48,268977,1913.68143929638,50,71.2132034355964,0,1913.68143929638
54,269642,2488.46308461801,50,71.2132034355964,0,2488.46308461801
54,269643,2474.42159700679,50,71.2132034355964,0,2474.42159700679
54,269644,2460.66320329382,50,71.2132034355964,0,2460.66320329382
54,269645,2447.19267824287,50,71.2132034355964,0,2447.19267824287
48,269678,1913.7053011309,50,71.2132034355964,0,1913.7053011309
48,269679,1900.04075104937,50,71.2132034355964,0,1900.04075104937
48,269680,1886.75091539244,50,71.2132034355964,0,1886.75091539244
48,269681,1873.84376692684,50,71.2132034355964,0,1873.84376692684
48,269682,1861.32726676035,50,71.2132034355964,0,1861.32726676035
48,269683,1849.20934730237,50,71.2132034355964,0,1849.20934730237
54,270346,2447.98133283304,50,71.2132034355964,0,2447.98133283304
54,270347,2434.0734172701,50,71.2132034355964,0,2434.0734172701
54,270348,2420.45484344131,50,71.2132034355964,0,2420.45484344131
54,270349,2407.13052228734,50,71.2132034355964,0,2407.13052228734
48,270382,1873.39181319681,50,71.2132034355964,0,1873.39181319681
48,270383,1859.91149679142,50,71.2132034355964,0,1859.91149679142
48,270384,1846.8167100957,50,71.2132034355964,0,1846.8167100957
48,270385,1834.11571066961,50,71.2132034355964,0,1834.11571066961
48,270386,1821.81673452985,50,71.2132034355964,0,1821.81673452985
54,271050,2407.56158691608,50,71.2132034355964,0,2407.56158691608
54,271051,2393.79211448069,50,71.2132034355964,0,2393.79211448069
54,271052,2380.3184751702,50,71.2132034355964,0,2380.3184751702
54,271053,2367.14572058069,50,71.2132034355964,0,2367.14572058069
54,271054,2354.27890128415,50,71.2132034355964,0,2354.27890128415
48,271086,1833.16718511475,50,71.2132034355964,0,1833.16718511475
48,271087,1819.87990044747,50,71.2132034355964,0,1819.87990044747
48,271088,1806.98950738237,50,71.2132034355964,0,1806.98950738237
48,271089,1794.50455886868,50,71.2132034355964,0,1794.50455886868
54,271755,2353.58112855024,50,71.2132034355964,0,2353.58112855024
54,271756,2340.25780870817,50,71.2132034355964,0,2340.25780870817
54,271757,2327.24226644643,50,71.2132034355964,0,2327.24226644643
54,271758,2314.53969402329,50,71.2132034355964,0,2314.53969402329
54,271759,2302.15527205434,50,71.2132034355964,0,2302.15527205434
54,271760,2290.0941620505,50,71.2132034355964,0,2290.0941620505
54,271761,2278.36149862925,50,71.2132034355964,0,2278.36149862925
48,271877,2415.34642394519,50,71.2132034355964,0,2415.34642394519
48,271878,2437.7536035764,50,71.2132034355964,0,2437.7536035764
48,271879,2460.31994457111,50,71.2132034355964,0,2460.31994457111
54,272459,2313.44413234836,50,71.2132034355964,0,2313.44413234836
54,272460,2300.27680550869,50,71.2132034355964,0,2300.27680550869
54,272461,2287.42442345252,50,71.2132034355964,0,2287.42442345252
54,272462,2274.89232418615,50,71.2132034355964,0,2274.89232418615
54,272463,2262.68582946663,50,71.2132034355964,0,2262.68582946663
54,272464,2250.81023671194,50,71.2132034355964,0,2250.81023671194
54,272465,2239.27081057592,50,71.2132034355964,0,2239.27081057592
54,272466,2228.07277419393,50,71.2132034355964,0,2228.07277419393
54,272467,2217.22130011931,50,71.2132034355964,0,2217.22130011931
48,272580,2395.56300803847,50,71.2132034355964,0,2395.56300803847
48,272581,2418.15363345927,50,71.2132034355964,0,2418.15363345927
54,273165,2247.69674781919,50,71.2132034355964,0,2247.69674781919
54,273166,2235.34168488898,50,71.2132034355964,0,2235.34168488898
54,273167,2223.31997662558,50,71.2132034355964,0,2223.31997662558
54,273168,2211.63705904389,50,71.2132034355964,0,2211.63705904389
54,273169,2200.29832877934,50,71.2132034355964,0,2200.29832877934
54,273170,2189.30913361689,50,71.2132034355964,0,2189.30913361689
54,273171,2178.67476271081,50,71.2132034355964,0,2178.67476271081
54,273872,2172.58062627909,50,71.2132034355964,0,2172.58062627909
54,273873,2161.45045395559,50,71.2132034355964,0,2161.45045395559
54,273874,2150.67827765369,50,71.2132034355964,0,2150.67827765369
54,273875,2140.26950286231,50,71.2132034355964,0,2140.26950286231
48,273876,2122.12178464212,50,71.2132034355964,0,2122.12178464212
54,274577,2122.73403416349,50,71.2132034355964,0,2122.73403416349
54,274578,2112.18749884223,50,71.2132034355964,0,2112.18749884223
48,274579,2100.85391510139,50,71.2132034355964,0,2100.85391510139
48,274580,2079.83774308071,50,71.2132034355964,0,2079.83774308071
48,274701,2624.28172673888,50,71.2132034355964,0,2624.28172673888
48,274703,2673.76731225031,50,71.2132034355964,0,2673.76731225031
54,275282,2073.84460369966,50,71.2132034355964,0,2073.84460369966
48,275283,2058.56752665218,50,71.2132034355964,0,2058.56752665218
48,275284,2037.55368412482,50,71.2132034355964,0,2037.55368412482
48,275285,2016.76402475779,50,71.2132034355964,0,2016.76402475779
48,275403,2582.71860664797,50,71.2132034355964,0,2582.71860664797
48,275404,2607.45922180781,50,71.2132034355964,0,2607.45922180781
48,275405,2632.3068110586,50,71.2132034355964,0,2632.3068110586
48,275406,2657.25837350936,50,71.2132034355964,0,2657.25837350936
48,275407,2682.31100760067,50,71.2132034355964,0,2682.31100760067
48,275408,2707.46190763443,50,71.2132034355964,0,2707.46190763443
54,275986,2035.6579557791,50,71.2132034355964,0,2035.6579557791
48,275987,2016.28102457319,50,71.2132034355964,0,2016.28102457319
48,275988,1995.26961390191,50,71.2132034355964,0,1995.26961390191
48,275989,1974.48724124756,50,71.2132034355964,0,1974.48724124756
48,276109,2640.98502089137,50,71.2132034355964,0,2640.98502089137
48,276110,2666.19070560038,50,71.2132034355964,0,2666.19070560038
48,276111,2691.49238308339,50,71.2132034355964,0,2691.49238308339
48,276112,2716.88737146775,50,71.2132034355964,0,2716.88737146775
48,276113,2742.37307851951,50,71.2132034355964,0,2742.37307851951
48,276690,1995.22999123673,50,71.2132034355964,0,1995.22999123673
48,276691,1973.99440887727,50,71.2132034355964,0,1973.99440887727
48,276692,1952.9855390731,50,71.2132034355964,0,1952.9855390731
48,276693,1932.21077695909,50,71.2132034355964,0,1932.21077695909
48,276817,2752.65390000488,50,71.2132034355964,0,2752.65390000488
48,276818,2778.4549873945,50,71.2132034355964,0,2778.4549873945
48,276819,2804.3373766063,50,71.2132034355964,0,2804.3373766063
48,276820,2830.29883718684,50,71.2132034355964,0,2830.29883718684
48,277395,1931.70767957048,50,71.2132034355964,0,1931.70767957048
48,277396,1910.70146688766,50,71.2132034355964,0,1910.70146688766
48,277397,1889.93466094769,50,71.2132034355964,0,1889.93466094769
48,277522,2789.56483502626,50,71.2132034355964,0,2789.56483502626
48,278098,1910.66114115241,50,71.2132034355964,0,1910.66114115241
48,278099,1889.42083667232,50,71.2132034355964,0,1889.42083667232
48,278100,1868.41740525143,50,71.2132034355964,0,1868.41740525143
48,278101,1847.65892493882,50,71.2132034355964,0,1847.65892493882
48,278133,1374.44819545482,50,71.2132034355964,0,1374.44819545482
48,278134,1367.82746016515,50,71.2132034355964,0,1367.82746016515
48,278803,1847.13388019123,50,71.2132034355964,0,1847.13388019123
48,278804,1826.1333628028,50,71.2132034355964,0,1826.1333628028
48,278805,1805.38360361989,50,71.2132034355964,0,1805.38360361989
48,278837,1338.6049494874,50,71.2132034355964,0,1338.6049494874
48,278839,1326.99415344994,50,71.2132034355964,0,1326.99415344994
48,279507,1804.8468101451,50,71.2132034355964,0,1804.8468101451
48,279508,1783.84934899901,50,71.2132034355964,0,1783.84934899901
48,279509,1763.1087350077,50,71.2132034355964,0,1763.1087350077
48,279510,1742.63413908663,50,71.2132034355964,0,1742.63413908663
48,279541,1303.14818704762,50,71.2132034355964,0,1303.14818704762
48,279542,1297.54150616673,50,71.2132034355964,0,1297.54150616673
48,279543,1292.60208215744,50,71.2132034355964,0,1292.60208215744
48,280211,1762.55962655041,50,71.2132034355964,0,1762.55962655041
48,280212,1741.56537421441,50,71.2132034355964,0,1741.56537421441
48,280213,1720.83436085878,50,71.2132034355964,0,1720.83436085878
48,280214,1700.37621475456,50,71.2132034355964,0,1700.37621475456
48,280245,1268.11033853498,50,71.2132034355964,0,1268.11033853498
48,280246,1263.05579623423,50,71.2132034355964,0,1263.05579623423
48,280247,1258.69118034374,50,71.2132034355964,0,1258.69118034374
48,280916,1699.28144985769,50,71.2132034355964,0,1699.28144985769
48,280917,1678.56052713108,50,71.2132034355964,0,1678.56052713108
48,280918,1658.11968193382,50,71.2132034355964,0,1658.11968193382
48,280919,1637.96939988114,50,71.2132034355964,0,1637.96939988114
48,280949,1233.5271134186,50,71.2132034355964,0,1233.5271134186
48,280950,1229.05761596633,50,71.2132034355964,0,1229.05761596633
48,280951,1225.30141034239,50,71.2132034355964,0,1225.30141034239
48,281620,1656.9975885026,50,71.2132034355964,0,1656.9975885026
48,281621,1636.28728453275,50,71.2132034355964,0,1636.28728453275
48,281622,1615.86465872677,50,71.2132034355964,0,1615.86465872677
48,281623,1595.74075642295,50,71.2132034355964,0,1595.74075642295
48,281653,1199.43784865688,50,71.2132034355964,0,1199.43784865688
48,281654,1195.58856885873,50,71.2132034355964,0,1195.58856885873
48,281655,1192.47656069166,50,71.2132034355964,0,1192.47656069166
48,282324,1614.71380403683,50,71.2132034355964,0,1614.71380403683
48,282325,1594.0146891467,50,71.2132034355964,0,1594.0146891467
48,282326,1573.6112759179,50,71.2132034355964,0,1573.6112759179
48,282327,1553.51521536857,50,71.2132034355964,0,1553.51521536857
48,282357,1165.88588606226,50,71.2132034355964,0,1165.88588606226
48,282358,1162.69436273147,50,71.2132034355964,0,1162.69436273147
48,282359,1160.26459102181,50,71.2132034355964,0,1160.26459102181
48,283029,1551.7428031736,50,71.2132034355964,0,1551.7428031736
48,283030,1531.35967871782,50,71.2132034355964,0,1531.35967871782
48,283031,1511.29304631436,50,71.2132034355964,0,1511.29304631436
48,283032,1491.55567978868,50,71.2132034355964,0,1491.55567978868
48,283061,1132.91897679926,50,71.2132034355964,0,1132.91897679926
48,283062,1130.42519330532,50,71.2132034355964,0,1130.42519330532
48,283063,1128.71798744938,50,71.2132034355964,0,1128.71798744938
48,283733,1509.47169577488,50,71.2132034355964,0,1509.47169577488
48,283734,1489.11002881527,50,71.2132034355964,0,1489.11002881527
48,283735,1469.07454982738,50,71.2132034355964,0,1469.07454982738
48,283742,1339.15976906059,50,71.2132034355964,0,1339.15976906059
48,283765,1100.58970905551,50,71.2132034355964,0,1100.58970905551
48,283766,1098.83614085525,50,71.2132034355964,0,1098.83614085525
48,283767,1097.89411998854,50,71.2132034355964,0,1097.89411998854
48,284437,1467.20144408347,50,71.2132034355964,0,1467.20144408347
48,284438,1446.86250677563,50,71.2132034355964,0,1446.86250677563
48,284440,1407.20845887572,50,71.2132034355964,0,1407.20845887572
48,284442,1369.01794301209,50,71.2132034355964,0,1369.01794301209
48,284443,1350.51049595757,50,71.2132034355964,0,1350.51049595757
48,284444,1332.41681098203,50,71.2132034355964,0,1332.41681098203
48,284445,1314.75397081298,50,71.2132034355964,0,1314.75397081298
48,284446,1297.53957028041,50,71.2132034355964,0,1297.53957028041
48,284469,1068.95595196587,50,71.2132034355964,0,1068.95595196587
48,284470,1067.98757032066,50,71.2132034355964,0,1067.98757032066
48,284471,1067.85558976039,50,71.2132034355964,0,1067.85558976039
48,285142,1404.61731487683,50,71.2132034355964,0,1404.61731487683
48,285143,1384.64995995639,50,71.2132034355964,0,1384.64995995639
48,285144,1365.04531744216,50,71.2132034355964,0,1365.04531744216
48,285145,1345.8192383976,50,71.2132034355964,0,1345.8192383976
48,285146,1326.98817738335,50,71.2132034355964,0,1326.98817738335
48,285147,1308.56918812211,50,71.2132034355964,0,1308.56918812211
48,285148,1290.57991383698,50,71.2132034355964,0,1290.57991383698
48,285173,1038.0813048857,50,71.2132034355964,0,1038.0813048857
48,285174,1037.9455208534,50,71.2132034355964,0,1037.9455208534
48,285175,1038.67054916149,50,71.2132034355964,0,1038.67054916149
48,285846,1362.37468047665,50,71.2132034355964,0,1362.37468047665
48,285847,1342.44466809436,50,71.2132034355964,0,1342.44466809436
48,285848,1322.89005972364,50,71.2132034355964,0,1322.89005972364
48,285849,1303.72774752303,50,71.2132034355964,0,1303.72774752303
48,285850,1284.97528207479,50,71.2132034355964,0,1284.97528207479
48,285851,1266.65086655879,50,71.2132034355964,0,1266.65086655879
48,285852,1248.77334464727,50,71.2132034355964,0,1248.77334464727
48,285853,1231.36218115707,50,71.2132034355964,0,1231.36218115707
48,285854,1214.43743453586,50,71.2132034355964,0,1214.43743453586
48,285877,1008.03553581663,50,71.2132034355964,0,1008.03553581663
48,285878,1008.78206517056,50,71.2132034355964,0,1008.78206517056
48,285879,1010.41297245269,50,71.2132034355964,0,1010.41297245269
48,286555,1224.75790322933,50,71.2132034355964,0,1224.75790322933
48,286556,1207.00026676251,50,71.2132034355964,0,1207.00026676251
48,286557,1189.72891129186,50,71.2132034355964,0,1189.72891129186
48,286558,1172.96531778334,50,71.2132034355964,0,1172.96531778334
48,286581,978.894986124991,50,71.2132034355964,0,978.894986124991
48,286582,980.575612320738,50,71.2132034355964,0,980.575612320738
48,286583,983.162847684976,50,71.2132034355964,0,983.162847684976
48,287259,1182.89300457677,50,71.2132034355964,0,1182.89300457677
48,287260,1165.26429442333,50,71.2132034355964,0,1165.26429442333
48,287261,1148.14346534756,50,71.2132034355964,0,1148.14346534756
48,287262,1131.55357087847,50,71.2132034355964,0,1131.55357087847
48,287285,950.742910357702,50,71.2132034355964,0,950.742910357702
48,287286,953.411119367451,50,71.2132034355964,0,953.411119367451
48,287287,957.006253409977,50,71.2132034355964,0,957.006253409977
48,287963,1141.05927229014,50,71.2132034355964,0,1141.05927229014
48,287964,1123.56957543644,50,71.2132034355964,0,1123.56957543644
48,287965,1106.61124791802,50,71.2132034355964,0,1106.61124791802
48,287966,1090.20908655058,50,71.2132034355964,0,1090.20908655058
48,287989,923.669710195207,50,71.2132034355964,0,923.669710195207
48,287990,927.380168557819,50,71.2132034355964,0,927.380168557819
48,287991,932.035276024193,50,71.2132034355964,0,932.035276024193
48,288666,1117.13071904445,50,71.2132034355964,0,1117.13071904445
48,288667,1099.26027773432,50,71.2132034355964,0,1099.26027773432
48,288668,1081.92089258129,50,71.2132034355964,0,1081.92089258129
48,288669,1065.13849908412,50,71.2132034355964,0,1065.13849908412
48,288670,1048.93983215643,50,71.2132034355964,0,1048.93983215643
48,288671,1033.35234337986,50,71.2132034355964,0,1033.35234337986
48,288693,897.773010588858,50,71.2132034355964,0,897.773010588858
48,288694,902.580857237799,50,71.2132034355964,0,902.580857237799
48,288695,908.347716460417,50,71.2132034355964,0,908.347716460417
48,289370,1075.23351840129,50,71.2132034355964,0,1075.23351840129
48,289371,1057.50015372109,50,71.2132034355964,0,1057.50015372109
48,289372,1040.3237888252,50,71.2132034355964,0,1040.3237888252
48,289373,1023.7324604204,50,71.2132034355964,0,1023.7324604204
48,289374,1007.75506443519,50,71.2132034355964,0,1007.75506443519
48,289397,873.157514704956,50,71.2132034355964,0,873.157514704956
48,289398,879.11743916588,50,71.2132034355964,0,879.11743916588
48,289399,886.046529627421,50,71.2132034355964,0,886.046529627421
48,290075,1015.78370851815,50,71.2132034355964,0,1015.78370851815
48,290076,998.784723093776,50,71.2132034355964,0,998.784723093776
48,290077,982.401581713802,50,71.2132034355964,0,982.401581713802
48,290078,966.665597036839,50,71.2132034355964,0,966.665597036839
48,290101,849.934564086089,50,71.2132034355964,0,849.934564086089
48,290102,857.099649913577,50,71.2132034355964,0,857.099649913577
48,290103,865.23893845297,50,71.2132034355964,0,865.23893845297
48,290110,947.00606648214,50,71.2132034355964,0,947.00606648214
48,290779,974.116568580648,50,71.2132034355964,0,974.116568580648
48,290780,957.311265548319,50,71.2132034355964,0,957.311265548319
48,290781,941.155780304619,50,71.2132034355964,0,941.155780304619
48,290782,925.684136276025,50,71.2132034355964,0,925.684136276025
48,290785,883.723550888039,50,71.2132034355964,0,883.723550888039
48,290805,828.221323459957,50,71.2132034355964,0,828.221323459957
48,290806,836.641647793963,50,71.2132034355964,0,836.641647793963
48,290807,846.035168721496,50,71.2132034355964,0,846.035168721496
48,290812,906.432794900779,50,71.2132034355964,0,906.432794900779
48,290813,920.951743447013,50,71.2132034355964,0,920.951743447013
48,290814,936.200507125506,50,71.2132034355964,0,936.200507125506
48,291483,932.505358735586,50,71.2132034355964,0,932.505358735586
48,291484,915.912344409024,50,71.2132034355964,0,915.912344409024
48,291485,900.006769158285,50,71.2132034355964,0,900.006769158285
48,291486,884.825705853553,50,71.2132034355964,0,884.825705853553
48,291487,870.407064692142,50,71.2132034355964,0,870.407064692142
48,291488,856.789338234187,50,71.2132034355964,0,856.789338234187
48,291489,844.011294521555,50,71.2132034355964,0,844.011294521555
48,291509,808.139509347585,50,71.2132034355964,0,808.139509347585
48,291510,817.860508605232,50,71.2132034355964,0,817.860508605232
48,291511,828.546763814587,50,71.2132034355964,0,828.546763814587
48,291516,895.138609991771,50,71.2132034355964,0,895.138609991771
48,291517,910.819718336445,50,71.2132034355964,0,910.819718336445
48,291518,927.19985485487,50,71.2132034355964,0,927.19985485487
48,292187,890.957931675231,50,71.2132034355964,0,890.957931675231
48,292188,874.59856073649,50,71.2132034355964,0,874.59856073649
48,292189,858.968475445647,50,71.2132034355964,0,858.968475445647
48,292190,844.108188632266,50,71.2132034355964,0,844.108188632266
48,292191,830.059045709381,50,71.2132034355964,0,830.059045709381
48,292192,816.862900097388,50,71.2132034355964,0,816.862900097388
48,292193,804.561724599787,50,71.2132034355964,0,804.561724599787
48,292213,789.813591865247,50,71.2132034355964,0,789.813591865247
48,292214,800.87423037855,50,71.2132034355964,0,800.87423037855
48,292215,812.884462157164,50,71.2132034355964,0,812.884462157164
48,292220,885.721808815953,50,71.2132034355964,0,885.721808815953
48,292221,902.557641480448,50,71.2132034355964,0,902.557641480448
48,292222,920.057097528645,50,71.2132034355964,0,920.057097528645
48,292891,849.48366310663,50,71.2132034355964,0,849.48366310663
48,292892,833.382593657138,50,71.2132034355964,0,833.382593657138
48,292893,818.057579574338,50,71.2132034355964,0,818.057579574338
48,292894,803.553023856484,50,71.2132034355964,0,803.553023856484
48,292895,789.914124044242,50,71.2132034355964,0,789.914124044242
48,292896,777.186455842727,50,71.2132034355964,0,777.186455842727
48,292917,773.368424151826,50,71.2132034355964,0,773.368424151826
48,292918,785.799236272618,50,71.2132034355964,0,785.799236272618
48,292919,799.155656016674,50,71.2132034355964,0,799.155656016674
48,293596,792.279727380405,50,71.2132034355964,0,792.279727380405
48,293597,777.294216157276,50,71.2132034355964,0,777.294216157276
48,293598,763.186112760974,50,71.2132034355964,0,763.186112760974
48,293599,750.00493274191,50,71.2132034355964,0,750.00493274191
48,293600,737.800357649939,50,71.2132034355964,0,737.800357649939
48,293621,758.926296931574,50,71.2132034355964,0,758.926296931574
48,293622,772.747410821737,50,71.2132034355964,0,772.747410821737
48,293623,787.461497392649,50,71.2132034355964,0,787.461497392649
48,294300,751.308544026006,50,71.2132034355964,0,751.308544026006
48,294301,736.702895060741,50,71.2132034355964,0,736.702895060741
48,294302,723.039006321797,50,71.2132034355964,0,723.039006321797
48,294303,710.371223756977,50,71.2132034355964,0,710.371223756977
48,294304,698.753725021284,50,71.2132034355964,0,698.753725021284
48,294325,746.603477659983,50,71.2132034355964,0,746.603477659983
48,294326,761.82276505828,50,71.2132034355964,0,761.82276505828
48,294327,777.893771458686,50,71.2132034355964,0,777.893771458686
48,294328,794.764830495109,50,71.2132034355964,0,794.764830495109
48,295004,710.491845137052,50,71.2132034355964,0,710.491845137052
48,295005,696.31372507224,50,71.2132034355964,0,696.31372507224
48,295006,683.150478936348,50,71.2132034355964,0,683.150478936348
48,295007,671.061831315948,50,71.2132034355964,0,671.061831315948
48,295008,660.106822761749,50,71.2132034355964,0,660.106822761749
48,295009,650.342744171342,50,71.2132034355964,0,650.342744171342
48,295029,736.506370902192,50,71.2132034355964,0,736.506370902192
48,295030,753.117893743467,50,71.2132034355964,0,753.117893743467
48,295031,770.531713038967,50,71.2132034355964,0,770.531713038967
48,295032,788.694688169852,50,71.2132034355964,0,788.694688169852
48,295708,669.857892632697,50,71.2132034355964,0,669.857892632697
48,295709,656.164058553185,50,71.2132034355964,0,656.164058553185
48,295710,643.568635193458,50,71.2132034355964,0,643.568635193458
48,295711,632.137283921612,50,71.2132034355964,0,632.137283921612
48,295712,621.934196113708,50,71.2132034355964,0,621.934196113708
48,295713,613.020704315806,50,71.2132034355964,0,613.020704315806
48,295733,728.72751945737,50,71.2132034355964,0,728.72751945737
48,295734,746.710452144025,50,71.2132034355964,0,746.710452144025
48,295735,765.438986540309,50,71.2132034355964,0,765.438986540309
48,295736,784.859749216312,50,71.2132034355964,0,784.859749216312
48,295737,804.922636535717,50,71.2132034355964,0,804.922636535717
48,296412,629.442102291242,50,71.2132034355964,0,629.442102291242
48,296413,616.300728941729,50,71.2132034355964,0,616.300728941729
48,296414,604.353760246884,50,71.2132034355964,0,604.353760246884
48,296415,593.673308503017,50,71.2132034355964,0,593.673308503017
48,296416,584.328826610164,50,71.2132034355964,0,584.328826610164
48,296417,576.38529531947,50,71.2132034355964,0,576.38529531947
48,296438,742.659926625668,50,71.2132034355964,0,742.659926625668
48,296439,762.66107314239,50,71.2132034355964,0,762.66107314239
48,296440,783.292862869937,50,71.2132034355964,0,783.292862869937
48,296441,804.506778235988,50,71.2132034355964,0,804.506778235988
48,297116,589.289387585944,50,71.2132034355964,0,589.289387585944
48,297117,576.783133303244,50,71.2132034355964,0,576.783133303244
48,297118,565.582216570325,50,71.2132034355964,0,565.582216570325
48,297119,555.765566433857,50,71.2132034355964,0,555.765566433857
48,297120,547.407660032166,50,71.2132034355964,0,547.407660032166
48,297121,540.57616298432,50,71.2132034355964,0,540.57616298432
48,297143,762.223301121409,50,71.2132034355964,0,762.223301121409
48,297144,784.007646178859,50,71.2132034355964,0,784.007646178859
48,297145,806.312146780815,50,71.2132034355964,0,806.312146780815
48,297821,537.687533524261,50,71.2132034355964,0,537.687533524261
48,297822,527.351823353747,50,71.2132034355964,0,527.351823353747
48,297823,518.53609073885,50,71.2132034355964,0,518.53609073885
48,297824,511.318960259364,50,71.2132034355964,0,511.318960259364
48,297847,764.129711394712,50,71.2132034355964,0,764.129711394712
48,297848,786.997900585606,50,71.2132034355964,0,786.997900585606
48,297849,810.32391370557,50,71.2132034355964,0,810.32391370557
48,297850,834.06934042049,50,71.2132034355964,0,834.06934042049
48,298525,499.113133359697,50,71.2132034355964,0,499.113133359697
48,298526,489.789344588688,50,71.2132034355964,0,489.789344588688
48,298527,482.142057688434,50,71.2132034355964,0,482.142057688434
48,298551,768.362874258067,50,71.2132034355964,0,768.362874258067
48,298552,792.237878838126,50,71.2132034355964,0,792.237878838126
48,298553,816.509575157915,50,71.2132034355964,0,816.509575157915
48,298554,841.143623591873,50,71.2132034355964,0,841.143623591873
48,299229,461.190763440517,50,71.2132034355964,0,461.190763440517
48,299256,799.683375811945,50,71.2132034355964,0,799.683375811945
48,299257,824.82024133029,50,71.2132034355964,0,824.82024133029
48,299258,850.26528131533,50,71.2132034355964,0,850.26528131533
48,299259,875.991641432171,50,71.2132034355964,0,875.991641432171
48,299960,809.273537831923,50,71.2132034355964,0,809.273537831923
48,299961,835.192496692365,50,71.2132034355964,0,835.192496692365
48,299962,861.369289442648,50,71.2132034355964,0,861.369289442648
48,299963,887.781109185083,50,71.2132034355964,0,887.781109185083
48,299964,914.407590530185,50,71.2132034355964,0,914.407590530185
48,300665,847.550672975188,50,71.2132034355964,0,847.550672975188
48,300666,874.380144403779,50,71.2132034355964,0,874.380144403779
48,300667,901.402706329592,50,71.2132034355964,0,901.402706329592
48,300668,928.601501945182,50,71.2132034355964,0,928.601501945182
48,300669,955.961488885181,50,71.2132034355964,0,955.961488885181
48,301370,889.214164227823,50,71.2132034355964,0,889.214164227823
48,301371,916.774785963126,50,71.2132034355964,0,916.774785963126
48,301372,944.477582842917,50,71.2132034355964,0,944.477582842917
48,301373,972.310402500287,50,71.2132034355964,0,972.310402500287
48,301374,1000.26239114198,50,71.2132034355964,0,1000.26239114198
48,302075,933.810919983768,50,71.2132034355964,0,933.810919983768
48,302076,961.952564172291,50,71.2132034355964,0,961.952564172291
48,302077,990.197134302309,50,71.2132034355964,0,990.197134302309
48,302078,1018.53606782493,50,71.2132034355964,0,1018.53606782493
48,302079,1046.96170214706,50,71.2132034355964,0,1046.96170214706
48,302080,1075.46716252868,50,71.2132034355964,0,1075.46716252868
48,302780,980.941013492283,50,71.2132034355964,0,980.941013492283
48,302781,1009.53996205782,50,71.2132034355964,0,1009.53996205782
48,302782,1038.21208588475,50,71.2132034355964,0,1038.21208588475
48,302783,1066.95148568022,50,71.2132034355964,0,1066.95148568022
48,302784,1095.75286791969,50,71.2132034355964,0,1095.75286791969
48,302785,1124.61147048375,50,71.2132034355964,0,1124.61147048375
48,303488,1117.27207440781,50,71.2132034355964,0,1117.27207440781
48,304149,285.733934953435,50,71.2132034355964,0,285.733934953435
48,304150,269.11552682114,50,71.2132034355964,0,269.11552682114
48,304201,1404.53972286046,50,71.2132034355964,0,1404.53972286046
48,304202,1434.04130201522,50,71.2132034355964,0,1434.04130201522
48,304203,1463.55896195861,50,71.2132034355964,0,1463.55896195861
48,304204,1493.09174896504,50,71.2132034355964,0,1493.09174896504
48,304851,282.437476742427,50,71.2132034355964,0,282.437476742427
48,304852,262.225852480065,50,71.2132034355964,0,262.225852480065
48,304853,244.011543330668,50,71.2132034355964,0,244.011543330668
48,304901,1311.242884623,50,71.2132034355964,0,1311.242884623
48,304902,1340.79740368032,50,71.2132034355964,0,1340.79740368032
48,304903,1370.36681915145,50,71.2132034355964,0,1370.36681915145
48,304904,1399.95018712421,50,71.2132034355964,0,1399.95018712421
48,304905,1429.54664138576,50,71.2132034355964,0,1429.54664138576
48,304906,1459.15538563808,50,71.2132034355964,0,1459.15538563808
48,304907,1488.77568661391,50,71.2132034355964,0,1488.77568661391
48,304908,1518.40686798036,50,71.2132034355964,0,1518.40686798036
48,304909,1548.04830495649,50,71.2132034355964,0,1548.04830495649
48,305554,262.066589198016,50,71.2132034355964,0,262.066589198016
48,305555,240.146429019064,50,71.2132034355964,0,240.146429019064
48,305556,220.112456070722,50,71.2132034355964,0,220.112456070722
48,305557,202.525196001882,50,71.2132034355964,0,202.525196001882
48,305603,1277.37319279929,50,71.2132034355964,0,1277.37319279929
48,305604,1307.00982973529,50,71.2132034355964,0,1307.00982973529
48,305605,1336.65810590287,50,71.2132034355964,0,1336.65810590287
48,305606,1366.31726360437,50,71.2132034355964,0,1366.31726360437
48,305607,1395.98660927462,50,71.2132034355964,0,1395.98660927462
48,305608,1425.66550684788,50,71.2132034355964,0,1425.66550684788
48,305609,1455.35337195138,50,71.2132034355964,0,1455.35337195138
48,305610,1485.0496667732,50,71.2132034355964,0,1485.0496667732
48,305611,1514.75389552127,50,71.2132034355964,0,1514.75389552127
48,305612,1544.46560042748,50,71.2132034355964,0,1544.46560042748
48,305613,1574.1843581641,50,71.2132034355964,0,1574.1843581641
48,306257,243.672443282785,50,71.2132034355964,0,243.672443282785
48,306258,219.926375335752,50,71.2132034355964,0,219.926375335752
48,306259,197.855368622812,50,71.2132034355964,0,197.855368622812
48,306260,178.083319234026,50,71.2132034355964,0,178.083319234026
48,306261,161.457039669118,50,71.2132034355964,0,161.457039669118
48,306279,479.754522134083,50,71.2132034355964,0,479.754522134083
48,306280,508.416198229719,50,71.2132034355964,0,508.416198229719
48,306281,537.212662830098,50,71.2132034355964,0,537.212662830098
48,306307,1303.44960818853,50,71.2132034355964,0,1303.44960818853
48,306308,1333.1772200077,50,71.2132034355964,0,1333.1772200077
48,306309,1362.91228775925,50,71.2132034355964,0,1362.91228775925
48,306310,1392.65433386339,50,71.2132034355964,0,1392.65433386339
48,306311,1422.40292056879,50,71.2132034355964,0,1422.40292056879
48,306312,1452.15764590837,50,71.2132034355964,0,1452.15764590837
48,306313,1481.91814012066,50,71.2132034355964,0,1481.91814012066
48,306314,1511.68406248351,50,71.2132034355964,0,1511.68406248351
48,306315,1541.45509854534,50,71.2132034355964,0,1541.45509854534
48,306960,227.734528767792,50,71.2132034355964,0,227.734528767792
48,306961,202.124484669172,50,71.2132034355964,0,202.124484669172
48,306981,442.851092403018,50,71.2132034355964,0,442.851092403018
48,306982,471.860229929258,50,71.2132034355964,0,471.860229929258
48,306983,500.973909622561,50,71.2132034355964,0,500.973909622561
48,306984,530.174909483412,50,71.2132034355964,0,530.174909483412
48,306985,559.449556396168,50,71.2132034355964,0,559.449556396168
48,307014,1419.76314678778,50,71.2132034355964,0,1419.76314678778
48,307015,1449.572217379,50,71.2132034355964,0,1449.572217379
48,307016,1479.38488188743,50,71.2132034355964,0,1479.38488188743
48,307017,1509.20092732611,50,71.2132034355964,0,1509.20092732611
48,307018,1539.02015719758,50,71.2132034355964,0,1539.02015719758
48,307019,1568.84238991714,50,71.2132034355964,0,1568.84238991714
48,307020,1598.6674574374,50,71.2132034355964,0,1598.6674574374
48,307663,214.800291217394,50,71.2132034355964,0,214.800291217394
48,307685,465.756529963157,50,71.2132034355964,0,465.756529963157
48,307686,495.229319766311,50,71.2132034355964,0,495.229319766311
48,307687,524.750243181423,50,71.2132034355964,0,524.750243181423
48,307688,554.311609914922,50,71.2132034355964,0,554.311609914922
48,307718,1447.6003563584,50,71.2132034355964,0,1447.6003563584
48,307719,1477.45296947216,50,71.2132034355964,0,1477.45296947216
48,307720,1507.30738962524,50,71.2132034355964,0,1507.30738962524
48,307721,1537.16351153471,50,71.2132034355964,0,1537.16351153471
48,307722,1567.02123792502,50,71.2132034355964,0,1567.02123792502
48,307723,1596.88047879984,50,71.2132034355964,0,1596.88047879984
48,307724,1626.74115075862,50,71.2132034355964,0,1626.74115075862
48,307725,1656.60317641699,50,71.2132034355964,0,1656.60317641699
47,307832,1573.68481473768,800,821.213203435596,0,1573.68481473768
48,308388,461.51447144332,50,71.2132034355964,0,461.51447144332
48,308389,491.241991001453,50,71.2132034355964,0,491.241991001453
48,308390,520.989053939951,50,71.2132034355964,0,520.989053939951
48,308391,550.752493551325,50,71.2132034355964,0,550.752493551325
48,308392,580.529790975869,50,71.2132034355964,0,580.529790975869
48,308423,1506.00567332932,50,71.2132034355964,0,1506.00567332932
48,308424,1535.88725876186,50,71.2132034355964,0,1535.88725876186
48,308425,1565.76948153811,50,71.2132034355964,0,1565.76948153811
48,308426,1595.6523058537,50,71.2132034355964,0,1595.6523058537
48,308427,1625.53569852808,50,71.2132034355964,0,1625.53569852808
48,308428,1655.41962878633,50,71.2132034355964,0,1655.41962878633
48,308429,1685.3040680249,50,71.2132034355964,0,1685.3040680249
48,308430,1715.18898964102,50,71.2132034355964,0,1715.18898964102
47,308534,1583.52786197952,800,821.213203435596,0,1583.52786197952
47,308535,1557.9172505239,800,821.213203435596,0,1557.9172505239
47,308536,1532.46203471984,800,821.213203435596,0,1532.46203471984
48,309093,518.927513689882,50,71.2132034355964,0,518.927513689882
48,309094,548.802925422483,50,71.2132034355964,0,548.802925422483
48,309095,578.680707549824,50,71.2132034355964,0,578.680707549824
48,309096,608.560510938378,50,71.2132034355964,0,608.560510938378
48,309128,1565.08848696326,50,71.2132034355964,0,1565.08848696326
48,309129,1594.98422947631,50,71.2132034355964,0,1594.98422947631
48,309130,1624.88006828394,50,71.2132034355964,0,1624.88006828394
48,309131,1654.77599817079,50,71.2132034355964,0,1654.77599817079
48,309132,1684.67201428378,50,71.2132034355964,0,1684.67201428378
48,309133,1714.56811211198,50,71.2132034355964,0,1714.56811211198
48,309134,1744.46428745627,50,71.2132034355964,0,1744.46428745627
47,309238,1542.56857751523,800,821.213203435596,0,1542.56857751523
48,309797,548.480069176497,50,71.2132034355964,0,548.480069176497
48,309798,578.374686429142,50,71.2132034355964,0,578.374686429142
48,309799,608.26967949001,50,71.2132034355964,0,608.26967949001
48,309800,638.16499554392,50,71.2132034355964,0,638.16499554392
48,309833,1624.77492561958,50,71.2132034355964,0,1624.77492561958
48,309834,1654.6729146186,50,71.2132034355964,0,1654.6729146186
48,309835,1684.57091961547,50,71.2132034355964,0,1684.57091961547
48,309836,1714.46893977439,50,71.2132034355964,0,1714.46893977439
48,309837,1744.36697431683,50,71.2132034355964,0,1744.36697431683
48,310501,579.614171709153,50,71.2132034355964,0,579.614171709153
48,310502,609.44852451355,50,71.2132034355964,0,609.44852451355
48,310503,639.28887297089,50,71.2132034355964,0,639.28887297089
48,310504,669.134414946834,50,71.2132034355964,0,669.134414946834
48,310538,1685.00087958833,50,71.2132034355964,0,1685.00087958833
48,310539,1714.89156313842,50,71.2132034355964,0,1714.89156313842
48,310540,1744.78251523083,50,71.2132034355964,0,1744.78251523083
48,311205,612.088554547192,50,71.2132034355964,0,612.088554547192
48,311206,641.806324525788,50,71.2132034355964,0,641.806324525788
48,311207,671.540148097028,50,71.2132034355964,0,671.540148097028
48,311208,701.287983296815,50,71.2132034355964,0,701.287983296815
48,311910,675.263555417896,50,71.2132034355964,0,675.263555417896
48,311911,704.854420464663,50,71.2132034355964,0,704.854420464663
48,311912,734.470218010717,50,71.2132034355964,0,734.470218010717
48,311913,764.10804901313,50,71.2132034355964,0,764.10804901313
48,312614,709.664756141865,50,71.2132034355964,0,709.664756141865
48,312615,739.087980276882,50,71.2132034355964,0,739.087980276882
48,312616,768.547910682513,50,71.2132034355964,0,768.547910682513
48,312617,798.040482297758,50,71.2132034355964,0,798.040482297758
48,312618,827.562205334813,50,71.2132034355964,0,827.562205334813
48,313319,774.11889590076,50,71.2132034355964,0,774.11889590076
48,313320,803.407140860733,50,71.2132034355964,0,803.407140860733
48,313321,832.738785300395,50,71.2132034355964,0,832.738785300395
48,313322,862.109399476597,50,71.2132034355964,0,862.109399476597
48,314023,809.843719561919,50,71.2132034355964,0,809.843719561919
48,314024,838.950510408308,50,71.2132034355964,0,838.950510408308
48,314025,868.111144325181,50,71.2132034355964,0,868.111144325181
48,314026,897.320372033592,50,71.2132034355964,0,897.320372033592
48,314728,875.094677542198,50,71.2132034355964,0,875.094677542198
48,314729,904.078460816472,50,71.2132034355964,0,904.078460816472
48,314730,933.119999123047,50,71.2132034355964,0,933.119999123047
48,315432,911.768210722785,50,71.2132034355964,0,911.768210722785
48,315433,940.572499406245,50,71.2132034355964,0,940.572499406245
48,315434,969.443084259947,50,71.2132034355964,0,969.443084259947
48,315435,998.374213916329,50,71.2132034355964,0,998.374213916329
48,316136,948.9097502081,50,71.2132034355964,0,948.9097502081
48,316137,977.534284689929,50,71.2132034355964,0,977.534284689929
48,316138,1006.23295587235,50,71.2132034355964,0,1006.23295587235
48,316139,1034.99959674637,50,71.2132034355964,0,1034.99959674637
48,316140,1063.8286934827,50,71.2132034355964,0,1063.8286934827
48,316841,1014.91272801031,50,71.2132034355964,0,1014.91272801031
48,316842,1043.4402547457,50,71.2132034355964,0,1043.4402547457
48,316843,1072.04254328908,50,71.2132034355964,0,1072.04254328908
48,316844,1100.71376555337,50,71.2132034355964,0,1100.71376555337
48,318257,1318.39425473954,50,71.2132034355964,0,1318.39425473954
48,318960,1327.05624147675,50,71.2132034355964,0,1327.05624147675
48,318961,1355.61001795276,50,71.2132034355964,0,1355.61001795276
48,319663,1336.33173975163,50,71.2132034355964,0,1336.33173975163
48,319664,1364.69160749424,50,71.2132034355964,0,1364.69160749424
48,319669,1507.38383625735,50,71.2132034355964,0,1507.38383625735
48,320366,1346.20806817021,50,71.2132034355964,0,1346.20806817021
48,320367,1374.36430391321,50,71.2132034355964,0,1374.36430391321
48,320368,1402.59270448704,50,71.2132034355964,0,1402.59270448704
48,320369,1430.88899891709,50,71.2132034355964,0,1430.88899891709
48,320371,1487.66976359456,50,71.2132034355964,0,1487.66976359456
48,320372,1516.14718654016,50,71.2132034355964,0,1516.14718654016
48,320373,1544.67835963596,50,71.2132034355964,0,1544.67835963596
48,321070,1384.61571913916,50,71.2132034355964,0,1384.61571913916
48,321071,1412.63943250987,50,71.2132034355964,0,1412.63943250987
48,321072,1440.73857109086,50,71.2132034355964,0,1440.73857109086
48,321074,1497.1461251979,50,71.2132034355964,0,1497.1461251979
48,321075,1525.44680215407,50,71.2132034355964,0,1525.44680215407
48,321076,1553.80737530883,50,71.2132034355964,0,1553.80737530883
48,321077,1582.22462383331,50,71.2132034355964,0,1582.22462383331
48,321078,1610.69554799032,50,71.2132034355964,0,1610.69554799032
48,321779,1563.45542881957,50,71.2132034355964,0,1563.45542881957
48,321780,1591.70058682902,50,71.2132034355964,0,1591.70058682902
48,321781,1620.00513434127,50,71.2132034355964,0,1620.00513434127
48,321782,1648.3660119723,50,71.2132034355964,0,1648.3660119723
48,321783,1676.78036144402,50,71.2132034355964,0,1676.78036144402
48,322484,1629.81057665294,50,71.2132034355964,0,1629.81057665294
48,322485,1658.00388680184,50,71.2132034355964,0,1658.00388680184
48,322486,1686.25599127681,50,71.2132034355964,0,1686.25599127681
48,322487,1714.5639836853,50,71.2132034355964,0,1714.5639836853
48,322488,1742.92514089593,50,71.2132034355964,0,1742.92514089593
48,323189,1696.20622248782,50,71.2132034355964,0,1696.20622248782
48,323190,1724.35102378481,50,71.2132034355964,0,1724.35102378481
48,323191,1752.55395735772,50,71.2132034355964,0,1752.55395735772
48,323192,1780.81226126095,50,71.2132034355964,0,1780.81226126095
48,323193,1809.12334086238,50,71.2132034355964,0,1809.12334086238
48,323894,1762.63782259211,50,71.2132034355964,0,1762.63782259211
48,323895,1790.7371575036,50,71.2132034355964,0,1790.7371575036
48,323896,1818.89391298775,50,71.2132034355964,0,1818.89391298775
48,323897,1847.10546313889,50,71.2132034355964,0,1847.10546313889
48,323898,1875.36933509296,50,71.2132034355964,0,1875.36933509296
48,324598,1801.10416638356,50,71.2132034355964,0,1801.10416638356
48,324599,1829.10149101932,50,71.2132034355964,0,1829.10149101932
48,324600,1857.15813709202,50,71.2132034355964,0,1857.15813709202
48,324601,1885.27145613098,50,71.2132034355964,0,1885.27145613098
48,324602,1913.43895012719,50,71.2132034355964,0,1913.43895012719
48,325302,1839.73880094143,50,71.2132034355964,0,1839.73880094143
48,325303,1867.63580332753,50,71.2132034355964,0,1867.63580332753
48,325304,1895.59388506336,50,71.2132034355964,0,1895.59388506336
48,325305,1923.61038293995,50,71.2132034355964,0,1923.61038293995
48,325306,1951.68278125566,50,71.2132034355964,0,1951.68278125566
48,325307,1979.80870211924,50,71.2132034355964,0,1979.80870211924
48,326007,1906.32979422913,50,71.2132034355964,0,1906.32979422913
48,326008,1934.19093895415,50,71.2132034355964,0,1934.19093895415
48,326009,1962.11211375725,50,71.2132034355964,0,1962.11211375725
48,326010,1990.0907919569,50,71.2132034355964,0,1990.0907919569
48,326011,2018.12458192154,50,71.2132034355964,0,2018.12458192154
48,326712,1972.93983910857,50,71.2132034355964,0,1972.93983910857
48,326713,2000.7672570701,50,71.2132034355964,0,2000.7672570701
48,328117,1968.32009546352,50,71.2132034355964,0,1968.32009546352
48,328820,1980.46945322059,50,71.2132034355964,0,1980.46945322059
48,328821,2007.74773192107,50,71.2132034355964,0,2007.74773192107
48,329523,1992.9937043459,50,71.2132034355964,0,1992.9937043459
48,329524,2020.10301489128,50,71.2132034355964,0,2020.10301489128
48,329525,2047.29005730607,50,71.2132034355964,0,2047.29005730607
48,330227,2032.82336173141,50,71.2132034355964,0,2032.82336173141
48,330228,2059.84266459973,50,71.2132034355964,0,2059.84266459973
48,330229,2086.9405593298,50,71.2132034355964,0,2086.9405593298
46,330230,2094.29201093551,720,741.213203435596,0,2094.29201093551
46,330931,2062.01834311094,720,741.213203435596,0,2062.01834311094
46,330932,2063.00506688846,720,741.213203435596,0,2063.00506688846
46,330933,2064.42467562171,720,741.213203435596,0,2064.42467562171
46,330934,2066.27627708587,720,741.213203435596,0,2066.27627708587
46,330935,2068.55871123012,720,741.213203435596,0,2068.55871123012
46,331636,2034.55863741774,720,741.213203435596,0,2034.55863741774
46,331637,2036.43740443156,720,741.213203435596,0,2036.43740443156
46,331638,2038.75325664762,720,741.213203435596,0,2038.75325664762
46,331639,2041.50470659944,720,741.213203435596,0,2041.50470659944
46,332341,2008.95095378627,720,741.213203435596,0,2008.95095378627
46,332342,2011.74317960441,720,741.213203435596,0,2011.74317960441
46,332343,2014.97553397607,720,741.213203435596,0,2014.97553397607
46,333045,1981.98616741758,720,741.213203435596,0,1981.98616741758
46,333046,1985.26698952192,720,741.213203435596,0,1985.26698952192
46,333047,1988.99220135127,720,741.213203435596,0,1988.99220135127
46,333048,1993.15931121482,720,741.213203435596,0,1993.15931121482
46,333749,1955.56463211677,720,741.213203435596,0,1955.56463211677
46,333750,1959.34633676017,720,741.213203435596,0,1959.34633676017
46,333751,1963.57638493704,720,741.213203435596,0,1963.57638493704
46,333752,1968.25188599175,720,741.213203435596,0,1968.25188599175
48,334399,1151.25946729603,50,71.2132034355964,0,1151.25946729603
46,334452,1925.86874802646,720,741.213203435596,0,1925.86874802646
46,334453,1929.70867004612,720,741.213203435596,0,1929.70867004612
46,334454,1934.00356582395,720,741.213203435596,0,1934.00356582395
46,334455,1938.75041166554,720,741.213203435596,0,1938.75041166554
46,334456,1943.94589677463,720,741.213203435596,0,1943.94589677463
46,334457,1949.58643439697,720,741.213203435596,0,1949.58643439697
46,334458,1955.6681736747,720,741.213203435596,0,1955.6681736747
46,334459,1962.18701213772,720,741.213203435596,0,1962.18701213772
48,335102,1178.75433295788,50,71.2132034355964,0,1178.75433295788
48,335103,1190.71014753128,50,71.2132034355964,0,1190.71014753128
46,335156,1900.07958482332,720,741.213203435596,0,1900.07958482332
46,335157,1904.44132471815,720,741.213203435596,0,1904.44132471815
46,335158,1909.26169612539,720,741.213203435596,0,1909.26169612539
46,335159,1914.53723485739,720,741.213203435596,0,1914.53723485739
46,335160,1920.26418947619,720,741.213203435596,0,1920.26418947619
46,335161,1926.43853405201,720,741.213203435596,0,1926.43853405201
46,335162,1933.05598158468,720,741.213203435596,0,1933.05598158468
46,335163,1940.11199799551,720,741.213203435596,0,1940.11199799551
48,335805,1206.36420181879,50,71.2132034355964,0,1206.36420181879
46,335860,1874.8901619841,720,741.213203435596,0,1874.8901619841
46,335861,1879.78633982382,720,741.213203435596,0,1879.78633982382
46,335862,1885.14439533424,720,741.213203435596,0,1885.14439533424
46,335863,1890.96040231456,720,741.213203435596,0,1890.96040231456
46,335864,1897.23014918447,720,741.213203435596,0,1897.23014918447
46,335865,1903.94915342142,720,741.213203435596,0,1903.94915342142
46,335866,1911.1126765955,720,741.213203435596,0,1911.1126765955
46,335867,1918.71573987848,720,741.213203435596,0,1918.71573987848
46,335868,1926.75313993795,720,741.213203435596,0,1926.75313993795
46,336565,1855.7681300199,720,741.213203435596,0,1855.7681300199
46,336566,1861.67594451649,720,741.213203435596,0,1861.67594451649
46,336567,1868.0440160767,720,741.213203435596,0,1868.0440160767
46,336568,1874.86765485427,720,741.213203435596,0,1874.86765485427
46,336569,1882.14190592862,720,741.213203435596,0,1882.14190592862
46,336570,1889.86156595997,720,741.213203435596,0,1889.86156595997
46,336571,1898.02120023654,720,741.213203435596,0,1898.02120023654
52,336572,1906.23252688883,25,46.2132034355964,0,1906.23252688883
52,336573,1914.6502862288,25,46.2132034355964,0,1914.6502862288
47,336683,626.259762542606,800,821.213203435596,47,0
46,337273,1861.04077872117,720,741.213203435596,0,1861.04077872117
46,337274,1869.32626482573,720,741.213203435596,0,1869.32626482573
52,337275,1877.4859258421,25,46.2132034355964,0,1877.4859258421
52,337276,1886.03203756646,25,46.2132034355964,0,1886.03203756646
52,337277,1895.01173044506,25,46.2132034355964,0,1895.01173044506
47,337385,668.263321361444,800,821.213203435596,47,0
47,337386,645.120510043725,800,821.213203435596,47,0
47,337387,622.554038907353,800,821.213203435596,47,0
52,337978,1848.7762845822,25,46.2132034355964,0,1848.7762845822
52,337979,1857.45454007036,25,46.2132034355964,0,1857.45454007036
52,337980,1866.57176739938,25,46.2132034355964,0,1866.57176739938
52,337981,1876.1215668794,25,46.2132034355964,0,1876.1215668794
52,337982,1886.09736784628,25,46.2132034355964,0,1886.09736784628
52,338682,1828.91970399506,25,46.2132034355964,0,1828.91970399506
52,338683,1838.17851709576,25,46.2132034355964,0,1838.17851709576
52,338684,1847.87511044983,25,46.2132034355964,0,1847.87511044983
52,338685,1858.00262997162,25,46.2132034355964,0,1858.00262997162
52,338686,1868.55406884414,25,46.2132034355964,0,1868.55406884414
52,338690,1914.85464449647,25,46.2132034355964,0,1914.85464449647
52,338691,1927.41660649832,25,46.2132034355964,0,1927.41660649832
52,338692,1940.35832425584,25,46.2132034355964,0,1940.35832425584
47,338792,685.205821398204,800,821.213203435596,47,0
52,339387,1819.68186985139,25,46.2132034355964,0,1819.68186985139
52,339388,1829.96548013956,25,46.2132034355964,0,1829.96548013956
52,339389,1840.67770269883,25,46.2132034355964,0,1840.67770269883
52,339390,1851.81109932926,25,46.2132034355964,0,1851.81109932926
52,339391,1863.35812061355,25,46.2132034355964,0,1863.35812061355
52,339392,1875.31112602454,25,46.2132034355964,0,1875.31112602454
52,339393,1887.66240328974,25,46.2132034355964,0,1887.66240328974
52,339394,1900.40418697333,25,46.2132034355964,0,1900.40418697333
52,339395,1913.52867619173,25,46.2132034355964,0,1913.52867619173
52,339396,1927.02805143471,25,46.2132034355964,0,1927.02805143471
52,339397,1940.8944904584,25,46.2132034355964,0,1940.8944904584
47,339494,727.495886793845,800,821.213203435596,47,0
47,339495,706.296241371729,800,821.213203435596,47,0
47,339496,685.745563449424,800,821.213203435596,47,0
52,340092,1812.86621010855,25,46.2132034355964,0,1812.86621010855
52,340093,1824.16941627154,25,46.2132034355964,0,1824.16941627154
52,340094,1835.89036384611,25,46.2132034355964,0,1835.89036384611
52,340095,1848.02110436153,25,46.2132034355964,0,1848.02110436153
52,340096,1860.55362232806,25,46.2132034355964,0,1860.55362232806
52,340097,1873.47985477425,25,46.2132034355964,0,1873.47985477425
52,340098,1886.79170981495,25,46.2132034355964,0,1886.79170981495
52,340099,1900.48108422505,25,46.2132034355964,0,1900.48108422505
52,340100,1914.53987998657,25,46.2132034355964,0,1914.53987998657
52,340101,1928.96001977869,25,46.2132034355964,0,1928.96001977869
52,340102,1943.73346141919,25,46.2132034355964,0,1943.73346141919
52,340103,1958.85221123449,25,46.2132034355964,0,1958.85221123449
52,340106,2006.20135240747,25,46.2132034355964,0,2006.20135240747
52,340107,2022.62277845897,25,46.2132034355964,0,2022.62277845897
52,340108,2039.35066792207,25,46.2132034355964,0,2039.35066792207
52,340109,2056.3775419031,25,46.2132034355964,0,2056.3775419031
52,340112,2109.17902766065,25,46.2132034355964,0,2109.17902766065
52,340113,2127.3294149914,25,46.2132034355964,0,2127.3294149914
52,340114,2145.74320791388,25,46.2132034355964,0,2145.74320791388
47,340202,652.910299882895,800,821.213203435596,47,0
47,340203,636.269022722334,800,821.213203435596,47,0
52,340797,1808.50014210727,25,46.2132034355964,0,1808.50014210727
52,340798,1820.81343867811,25,46.2132034355964,0,1820.81343867811
52,340799,1833.53200349916,25,46.2132034355964,0,1833.53200349916
52,340800,1846.64746287851,25,46.2132034355964,0,1846.64746287851
52,340801,1860.15142162556,25,46.2132034355964,0,1860.15142162556
52,340802,1874.03548138969,25,46.2132034355964,0,1874.03548138969
52,340803,1888.29125787169,25,46.2132034355964,0,1888.29125787169
52,340804,1902.91039686823,25,46.2132034355964,0,1902.91039686823
52,340805,1917.88458917052,25,46.2132034355964,0,1917.88458917052
52,340806,1933.20558429548,25,46.2132034355964,0,1933.20558429548
52,340807,1948.86520309471,25,46.2132034355964,0,1948.86520309471
52,340808,1964.85534923483,25,46.2132034355964,0,1964.85534923483
52,340809,1981.16801960439,25,46.2132034355964,0,1981.16801960439
52,340810,1997.79531366311,25,46.2132034355964,0,1997.79531366311
52,340811,2014.72944178127,25,46.2132034355964,0,2014.72944178127
52,340812,2031.96273262277,25,46.2132034355964,0,2031.96273262277
52,340813,2049.48763959323,25,46.2132034355964,0,2049.48763959323
52,340814,2067.29674643516,25,46.2132034355964,0,2067.29674643516
52,340815,2085.38277198287,25,46.2132034355964,0,2085.38277198287
52,340816,2103.73857416704,25,46.2132034355964,0,2103.73857416704
52,340817,2122.35715327947,25,46.2132034355964,0,2122.35715327947
52,340818,2141.23165458488,25,46.2132034355964,0,2141.23165458488
47,340905,677.655850585802,800,821.213203435596,47,0
52,341504,1833.61202549709,25,46.2132034355964,0,1833.61202549709
52,341505,1847.69559534049,25,46.2132034355964,0,1847.69559534049
52,341506,1862.15310610368,25,46.2132034355964,0,1862.15310610368
52,341507,1876.97591690309,25,46.2132034355964,0,1876.97591690309
52,341508,1892.1554426721,25,46.2132034355964,0,1892.1554426721
52,341509,1907.68316823373,25,46.2132034355964,0,1907.68316823373
52,341510,1923.55066115344,25,46.2132034355964,0,1923.55066115344
52,341511,1939.74958337646,25,46.2132034355964,0,1939.74958337646
52,341512,1956.27170171295,25,46.2132034355964,0,1956.27170171295
52,341513,1973.1088971879,25,46.2132034355964,0,1973.1088971879
52,341514,1990.25317332293,25,46.2132034355964,0,1990.25317332293
52,341515,2007.69666339478,25,46.2132034355964,0,2007.69666339478
52,341516,2025.43163671444,25,46.2132034355964,0,2025.43163671444
52,341517,2043.45050400638,25,46.2132034355964,0,2043.45050400638
52,341518,2061.74582190747,25,46.2132034355964,0,2061.74582190747
52,341519,2080.31029668622,25,46.2132034355964,0,2080.31029668622
52,341520,2099.13678719393,25,46.2132034355964,0,2099.13678719393
52,342213,1898.36985483224,25,46.2132034355964,0,1898.36985483224
52,342214,1914.78190468863,25,46.2132034355964,0,1914.78190468863
52,342215,1931.51769690586,25,46.2132034355964,0,1931.51769690586
52,342216,1948.56888986477,25,46.2132034355964,0,1948.56888986477
52,342217,1965.92727682902,25,46.2132034355964,0,1965.92727682902
52,342218,1983.58479303525,25,46.2132034355964,0,1983.58479303525
52,342219,2001.53352174693,25,46.2132034355964,0,2001.53352174693
52,342220,2019.76569936711,25,46.2132034355964,0,2019.76569936711
52,342221,2038.27371963014,25,46.2132034355964,0,2038.27371963014
47,354295,1288.86343946591,800,821.213203435596,0,1288.86343946591
47,354997,1301.57655115587,800,821.213203435596,0,1301.57655115587
47,354998,1315.25043234084,800,821.213203435596,0,1315.25043234084
47,354999,1329.45649594725,800,821.213203435596,0,1329.45649594725
47,355701,1341.7853134853,800,821.213203435596,0,1341.7853134853
46,358329,1032.52487062558,720,741.213203435596,0,1032.52487062558
47,358511,1424.96341298676,800,821.213203435596,0,1424.96341298676
46,359031,1022.34681979169,720,741.213203435596,0,1022.34681979169
46,359032,1006.71491652352,720,741.213203435596,0,1006.71491652352
46,359033,991.739022081174,720,741.213203435596,0,991.739022081174
47,359214,1452.5740767507,800,821.213203435596,0,1452.5740767507
47,359215,1464.22881855092,800,821.213203435596,0,1464.22881855092
47,359216,1476.39742922251,800,821.213203435596,0,1476.39742922251
46,359733,1013.83314073856,720,741.213203435596,0,1013.83314073856
46,359734,997.170947595693,720,741.213203435596,0,997.170947595693
46,359735,981.137926785194,720,741.213203435596,0,981.137926785194
46,359736,965.765414167552,720,741.213203435596,0,965.765414167552
47,359917,1480.27415098527,800,821.213203435596,0,1480.27415098527
47,359918,1491.71254922922,800,821.213203435596,0,1491.71254922922
47,359919,1503.6588236402,800,821.213203435596,0,1503.6588236402
46,360436,989.345283391261,720,741.213203435596,0,989.345283391261
46,360437,972.263426777201,720,741.213203435596,0,972.263426777201
46,360438,955.812603564549,720,741.213203435596,0,955.812603564549
46,360439,940.025944331187,720,741.213203435596,0,940.025944331187
46,360440,924.937457184502,720,741.213203435596,0,924.937457184502
47,360621,1519.28799755525,800,821.213203435596,0,1519.28799755525
46,361139,965.163165382049,720,741.213203435596,0,965.163165382049
46,361140,947.64541728614,720,741.213203435596,0,947.64541728614
46,361141,930.759490106508,720,741.213203435596,0,930.759490106508
46,361142,914.540382030395,720,741.213203435596,0,914.540382030395
46,361143,899.024183620322,720,741.213203435596,0,899.024183620322
46,361144,884.247898232011,720,741.213203435596,0,884.247898232011
46,361842,941.310350194337,720,741.213203435596,0,941.310350194337
46,361843,923.340076185512,720,741.213203435596,0,923.340076185512
46,361844,906.001168457152,720,741.213203435596,0,906.001168457152
46,361845,889.330556230749,720,741.213203435596,0,889.330556230749
46,361846,873.366509145501,720,741.213203435596,0,873.366509145501
46,361847,858.148460579824,720,741.213203435596,0,858.148460579824
46,362545,917.812512711281,720,741.213203435596,0,917.812512711281
46,362546,899.372753206213,720,741.213203435596,0,899.372753206213
46,362547,881.56247628947,720,741.213203435596,0,881.56247628947
46,362548,864.420591877387,720,741.213203435596,0,864.420591877387
46,362549,847.987635166518,720,741.213203435596,0,847.987635166518
46,362550,832.305598202135,720,741.213203435596,0,832.305598202135
46,363249,875.771200520558,720,741.213203435596,0,875.771200520558
46,363250,857.470743227228,720,741.213203435596,0,857.470743227228
46,363251,839.837171486529,720,741.213203435596,0,839.837171486529
46,363252,822.913356937669,720,741.213203435596,0,822.913356937669
46,363253,806.743968514455,720,741.213203435596,0,806.743968514455
46,363953,833.756046401436,720,741.213203435596,0,833.756046401436
46,363956,781.491168346992,720,741.213203435596,0,781.491168346992
46,363957,765.615615787925,720,741.213203435596,0,765.615615787925
46,363958,750.596845844086,720,741.213203435596,0,750.596845844086
46,364659,756.578122343523,720,741.213203435596,0,756.578122343523
46,364660,740.168324147704,720,741.213203435596,46,0
46,364661,724.622232253809,720,741.213203435596,46,0
46,364662,709.996584091796,720,741.213203435596,46,0
46,364663,696.349379199468,720,741.213203435596,46,0
46,365363,715.066723138876,720,741.213203435596,46,0
46,365364,698.962465013209,720,741.213203435596,46,0
46,365365,683.788113831491,720,741.213203435596,46,0
46,365366,669.606892066892,720,741.213203435596,46,0
46,365367,656.483163039831,720,741.213203435596,46,0
46,366065,707.914298359325,720,741.213203435596,46,0
46,366066,690.348522518427,720,741.213203435596,46,0
46,366067,673.653523001327,720,741.213203435596,46,0
46,366068,657.895594564212,720,741.213203435596,46,0
46,366069,643.143619599437,720,741.213203435596,46,0
46,366768,684.246186272083,720,741.213203435596,46,0
46,366769,666.056409082612,720,741.213203435596,46,0
46,366771,632.357838261873,720,741.213203435596,46,0
46,366772,616.995489848797,720,741.213203435596,46,0
46,366773,602.727136261,720,741.213203435596,46,0
46,367471,661.084280987432,720,741.213203435596,46,0
46,367472,642.238733767311,720,741.213203435596,46,0
46,367475,591.204319243068,720,741.213203435596,46,0
46,367476,576.297683323756,720,741.213203435596,46,0
46,368174,638.483675002321,720,741.213203435596,46,0
46,368175,618.950269211514,720,741.213203435596,46,0
46,368176,600.272483897776,720,741.213203435596,46,0
46,368177,582.532626336015,720,741.213203435596,46,0
46,368178,565.818922646132,720,741.213203435596,46,0
46,368179,550.224892529153,720,741.213203435596,46,0
46,368878,596.253028418458,720,741.213203435596,46,0
46,368879,576.840680447565,720,741.213203435596,46,0
46,368880,558.356752996297,720,741.213203435596,46,0
46,368881,540.89643453646,720,741.213203435596,46,0
46,368882,524.56194910498,720,741.213203435596,46,0
46,369582,554.033103567199,720,741.213203435596,46,0
46,369583,534.761311261297,720,741.213203435596,46,0
46,369584,516.503868425671,720,741.213203435596,46,0
46,369585,499.372043746268,720,741.213203435596,46,0
46,369586,483.485507492329,720,741.213203435596,46,0
46,370285,531.930054247686,720,741.213203435596,46,0
46,370286,511.826581922407,720,741.213203435596,46,0
46,370287,492.719933469617,720,741.213203435596,46,0
46,370288,474.730482734107,720,741.213203435596,46,0
46,370289,457.98989635257,720,741.213203435596,46,0
46,370290,442.639892699958,720,741.213203435596,46,0
46,370989,489.645416028716,720,741.213203435596,46,0
46,370990,469.63710789665,720,741.213203435596,46,0
46,370991,450.727210110045,720,741.213203435596,46,0
46,370992,433.059635503515,720,741.213203435596,46,0
46,370993,416.792397984775,720,741.213203435596,46,0
46,370994,402.095490253324,720,741.213203435596,46,0
47,371157,1877.98570132488,800,821.213203435596,0,1877.98570132488
47,371158,1883.21976098464,800,821.213203435596,0,1883.21976098464
46,371692,468.324898386639,720,741.213203435596,46,0
46,371693,447.363931183624,720,741.213203435596,46,0
46,371694,427.469762868244,720,741.213203435596,46,0
46,371695,408.798170470716,720,741.213203435596,46,0
46,371696,391.524105212775,720,741.213203435596,46,0
46,371697,375.840312521929,720,741.213203435596,46,0
46,371698,361.953575531751,720,741.213203435596,46,0
47,371859,1902.78517617136,800,821.213203435596,0,1902.78517617136
47,371860,1907.48236736964,800,821.213203435596,0,1907.48236736964
47,371861,1912.63573674364,800,821.213203435596,0,1912.63573674364
46,372396,426.027410233465,720,741.213203435596,46,0
46,372397,405.086622755229,720,741.213203435596,46,0
46,372398,385.331849181307,720,741.213203435596,46,0
46,372399,366.954684454914,720,741.213203435596,46,0
46,372400,350.172088104461,720,741.213203435596,46,0
46,372401,335.223636581727,720,741.213203435596,46,0
46,372402,322.364585761949,720,741.213203435596,46,0
47,372563,1936.99175599941,800,821.213203435596,0,1936.99175599941
47,372564,1942.06684959905,800,821.213203435596,0,1942.06684959905
46,373100,383.730816119526,720,741.213203435596,46,0
46,373101,362.814990516074,720,741.213203435596,46,0
46,373102,343.234248671257,720,741.213203435596,46,0
46,373103,325.229819657783,720,741.213203435596,46,0
46,373104,309.077297358829,720,741.213203435596,46,0
46,373105,295.0809548372,720,741.213203435596,46,0
50,373151,825.816252325246,50,71.2132034355964,0,825.816252325246
47,373267,1971.51242164148,800,821.213203435596,0,1971.51242164148
47,373276,2035.81529563673,800,821.213203435596,0,2035.81529563673
47,373277,2045.02323859765,800,821.213203435596,0,2045.02323859765
47,373278,2054.6252988245,800,821.213203435596,0,2054.6252988245
47,373279,2064.61597747196,800,821.213203435596,0,2064.61597747196
46,373803,363.583415573042,720,741.213203435596,46,0
46,373804,341.435490581163,720,741.213203435596,46,0
46,373805,320.55132508473,720,741.213203435596,46,0
46,373806,301.193913347723,720,741.213203435596,46,0
46,373807,283.675974482186,720,741.213203435596,46,0
46,373808,268.357983295225,720,741.213203435596,46,0
46,373809,255.635716472338,720,741.213203435596,46,0
50,373854,798.911388376353,50,71.2132034355964,0,798.911388376353
50,373855,812.642029091382,50,71.2132034355964,0,812.642029091382
47,373978,2055.67139890822,800,821.213203435596,0,2055.67139890822
47,373979,2064.35759438035,800,821.213203435596,0,2064.35759438035
47,373980,2073.43883632646,800,821.213203435596,0,2073.43883632646
47,373981,2082.90995768545,800,821.213203435596,0,2082.90995768545
47,373982,2092.76566509043,800,821.213203435596,0,2092.76566509043
47,373983,2103.00055146412,800,821.213203435596,0,2103.00055146412
46,374506,344.856280869932,720,741.213203435596,46,0
46,374507,321.420386176888,720,741.213203435596,46,0
46,374508,299.142019956265,720,741.213203435596,46,0
46,374509,278.299307971921,720,741.213203435596,46,0
46,374510,259.238760201901,720,741.213203435596,46,0
46,374511,242.381183316168,720,741.213203435596,46,0
46,374512,228.215281086119,720,741.213203435596,46,0
46,374513,217.268185147793,720,741.213203435596,46,0
47,374682,2092.93813346907,800,821.213203435596,0,2092.93813346907
47,374683,2101.89594487823,800,821.213203435596,0,2101.89594487823
47,374684,2111.23946027155,800,821.213203435596,0,2111.23946027155
47,374685,2120.96358220867,800,821.213203435596,0,2120.96358220867
46,375209,327.792926047535,720,741.213203435596,46,0
46,375210,303.040143557173,720,741.213203435596,46,0
46,375211,279.299369366971,720,741.213203435596,46,0
46,375212,256.851376740187,720,741.213203435596,46,0
46,375213,236.065255003039,720,741.213203435596,46,0
46,375214,217.418174009295,720,741.213203435596,46,0
46,375215,201.504846200788,720,741.213203435596,46,0
46,375216,189.017000765642,720,741.213203435596,46,0
50,375261,760.4796734547,50,71.2132034355964,0,760.4796734547
50,375262,776.045790925094,50,71.2132034355964,0,776.045790925094
47,375384,2113.10421301499,800,821.213203435596,0,2113.10421301499
47,375385,2121.55536744091,800,821.213203435596,0,2121.55536744091
47,375387,2139.61202532651,800,821.213203435596,0,2139.61202532651
47,375388,2149.20783049574,800,821.213203435596,0,2149.20783049574
47,375389,2159.17529417264,800,821.213203435596,0,2159.17529417264
46,375912,312.665866084034,720,741.213203435596,46,0
46,375913,286.609466173845,720,741.213203435596,46,0
46,375914,261.380414129075,720,741.213203435596,46,0
46,375915,237.242804286209,720,741.213203435596,46,0
46,375916,214.565300048379,720,741.213203435596,46,0
46,375917,193.860981866136,720,741.213203435596,46,0
46,375918,175.828282993246,720,741.213203435596,46,0
46,375919,161.365369321247,720,741.213203435596,46,0
47,376086,2133.91817801056,800,821.213203435596,0,2133.91817801056
47,376087,2141.86968855458,800,821.213203435596,0,2141.86968855458
47,376088,2150.20783117273,800,821.213203435596,0,2150.20783117273
47,376089,2158.92812615643,800,821.213203435596,0,2158.92812615643
47,376090,2168.02596219825,800,821.213203435596,0,2168.02596219825
47,376091,2177.4966070699,800,821.213203435596,0,2177.4966070699
47,376092,2187.3352182537,800,821.213203435596,0,2187.3352182537
46,376617,245.806219587377,720,741.213203435596,46,0
46,376618,219.966043229928,720,741.213203435596,46,0
46,376619,195.292408675939,720,741.213203435596,46,0
46,376620,172.287236111944,720,741.213203435596,46,0
46,376621,151.711438906765,720,741.213203435596,46,0
47,376791,2178.89413485077,800,821.213203435596,0,2178.89413485077
47,376792,2187.50012334007,800,821.213203435596,0,2187.50012334007
47,376793,2196.47966531447,800,821.213203435596,0,2196.47966531447
47,376794,2205.82819876487,800,821.213203435596,0,2205.82819876487
47,376795,2215.54105278817,800,821.213203435596,0,2215.54105278817
46,377320,233.047351028716,720,741.213203435596,46,0
46,377321,205.609741254489,720,741.213203435596,46,0
46,377322,178.96752589349,720,741.213203435596,46,0
46,377323,153.535327207262,720,741.213203435596,46,0
46,377324,130.025112291266,720,741.213203435596,46,0
46,377325,109.67987373293,720,741.213203435596,46,0
46,377326,94.5649582471367,720,741.213203435596,46,0
46,377327,87.4362608118834,720,741.213203435596,46,0
46,377328,90.207426698838,720,741.213203435596,46,0
46,378023,223.586295625552,720,741.213203435596,46,0
46,378024,194.820596344679,720,741.213203435596,46,0
46,378025,166.460263423814,720,741.213203435596,46,0
46,378026,138.754081781166,720,741.213203435596,46,0
46,378027,112.187755546582,720,741.213203435596,46,0
46,378028,87.8021135866378,720,741.213203435596,46,0
46,378029,67.9856689224454,720,741.213203435596,46,0
46,378030,57.6594535151963,720,741.213203435596,46,0
46,378031,61.7810274539313,720,741.213203435596,46,0
52,378032,69.8564211129316,25,46.2132034355964,0,69.8564211129316
52,378033,81.4129835580186,25,46.2132034355964,0,81.4129835580186
46,378726,217.853136074939,720,741.213203435596,46,0
46,378727,188.213063726825,720,741.213203435596,46,0
46,378728,158.675949060259,720,741.213203435596,46,0
46,378729,129.312363126976,720,741.213203435596,46,0
46,378730,100.274865740657,720,741.213203435596,46,0
46,378731,71.9593019357858,720,741.213203435596,46,0
46,378732,45.7270660100966,720,741.213203435596,46,0
46,378733,28.1694691342654,720,741.213203435596,46,0
46,378734,35.8581150027862,720,741.213203435596,46,0
52,378735,41.0319969560444,25,46.2132034355964,52,0
52,378736,58.581468861926,25,46.2132034355964,0,58.581468861926
52,378737,83.4846500006567,25,46.2132034355964,0,83.4846500006567
46,379430,186.232766964071,720,741.213203435596,46,0
46,379431,156.321744672958,720,741.213203435596,46,0
46,379432,126.412312853179,720,741.213203435596,46,0
46,379433,96.5059502862135,720,741.213203435596,46,0
46,379434,66.606791370559,720,741.213203435596,46,0
46,379435,36.7324310359302,720,741.213203435596,46,0
46,379436,7.19853733375612,720,741.213203435596,46,0
52,379437,17.8408124788141,25,46.2132034355964,52,0
52,379438,16.6350087018657,25,46.2132034355964,52,0
52,379439,44.9988514632395,25,46.2132034355964,52,0
52,379440,74.5842741171516,25,46.2132034355964,0,74.5842741171516
52,379441,104.357440806784,25,46.2132034355964,0,104.357440806784
52,379442,134.193446753123,25,46.2132034355964,0,134.193446753123
52,379443,164.058011218829,25,46.2132034355964,0,164.058011218829
46,380134,159.63806701873,720,741.213203435596,46,0
46,380135,130.490811786713,720,741.213203435596,46,0
46,380136,101.789693577897,720,741.213203435596,46,0
46,380137,74.0552612239237,720,741.213203435596,46,0
46,380138,48.9588802006885,720,741.213203435596,46,0
46,380139,33.1588966188604,720,741.213203435596,46,0
52,380140,26.4723835440494,25,46.2132034355964,52,0
52,380141,25.6751979854926,25,46.2132034355964,52,0
52,380142,49.0652454265053,25,46.2132034355964,0,49.0652454265053
52,380143,77.105996148956,25,46.2132034355964,0,77.105996148956
52,380144,106.174501605696,25,46.2132034355964,0,106.174501605696
52,380145,135.611462480414,25,46.2132034355964,0,135.611462480414
52,380146,165.220054887158,25,46.2132034355964,0,165.220054887158
49,380147,187.077030945136,50,71.2132034355964,0,187.077030945136
49,380148,197.616440283497,50,71.2132034355964,0,197.616440283497
46,380837,168.290019198403,720,741.213203435596,46,0
46,380838,140.943338321674,720,741.213203435596,46,0
46,380839,114.883760964626,720,741.213203435596,46,0
46,380840,91.2211176759567,720,741.213203435596,46,0
46,380841,72.3468447691904,720,741.213203435596,46,0
46,380842,62.7423258025979,720,741.213203435596,46,0
52,380843,53.5973238882317,25,46.2132034355964,0,53.5973238882317
52,380844,53.2080971805224,25,46.2132034355964,0,53.2080971805224
52,380845,67.6704774723802,25,46.2132034355964,0,67.6704774723802
52,380846,90.0957761242157,25,46.2132034355964,0,90.0957761242157
52,380847,115.952437091201,25,46.2132034355964,0,115.952437091201
52,380848,143.396129296526,25,46.2132034355964,0,143.396129296526
49,380849,151.299472325121,50,71.2132034355964,0,151.299472325121
49,380850,158.606954599461,50,71.2132034355964,0,158.606954599461
49,380851,170.911175198699,50,71.2132034355964,0,170.911175198699
49,380852,187.229595969133,50,71.2132034355964,0,187.229595969133
46,381523,671.225928133053,720,741.213203435596,46,0
46,381524,641.608614391598,720,741.213203435596,46,0
46,381540,181.51623128137,720,741.213203435596,46,0
46,381541,156.497893948116,720,741.213203435596,46,0
46,381542,133.509583493898,720,741.213203435596,46,0
46,381543,113.78838447652,720,741.213203435596,46,0
46,381544,99.3003196484422,720,741.213203435596,46,0
46,381545,92.5369115859489,720,741.213203435596,46,0
52,381546,82.6677246701119,25,46.2132034355964,0,82.6677246701119
52,381547,82.4159023259216,25,46.2132034355964,0,82.4159023259216
52,381548,92.4152707655117,25,46.2132034355964,0,92.4152707655117
52,381549,109.902486984564,25,46.2132034355964,0,109.902486984564
49,381550,125.217728052327,50,71.2132034355964,0,125.217728052327
49,381551,119.851791778901,50,71.2132034355964,0,119.851791778901
49,381552,121.816510490228,50,71.2132034355964,0,121.816510490228
49,381553,130.781918186318,50,71.2132034355964,0,130.781918186318
49,381554,145.459257809166,50,71.2132034355964,0,145.459257809166
49,381555,164.325040395588,50,71.2132034355964,0,164.325040395588
49,381556,186.109859440079,50,71.2132034355964,0,186.109859440079
46,382226,675.990012387012,720,741.213203435596,46,0
46,382227,646.590794299198,720,741.213203435596,46,0
46,382228,617.24111398195,720,741.213203435596,46,0
46,382244,175.80543376087,720,741.213203435596,46,0
46,382245,155.694356907572,720,741.213203435596,46,0
46,382246,139.153491190072,720,741.213203435596,46,0
46,382247,127.579130555878,720,741.213203435596,46,0
52,382248,120.066566807469,25,46.2132034355964,0,120.066566807469
52,382249,112.181218629548,25,46.2132034355964,0,112.181218629548
52,382250,111.995776008747,25,46.2132034355964,0,111.995776008747
52,382251,119.546077128483,25,46.2132034355964,0,119.546077128483
49,382252,111.899468959442,50,71.2132034355964,0,111.899468959442
49,382253,97.0392156519357,50,71.2132034355964,0,97.0392156519357
49,382254,90.0087489017219,50,71.2132034355964,0,90.0087489017219
49,382255,92.6087882808924,50,71.2132034355964,0,92.6087882808924
49,382256,104.120352180791,50,71.2132034355964,0,104.120352180791
49,382257,122.047347752398,50,71.2132034355964,0,122.047347752398
49,382258,144.013574817236,50,71.2132034355964,0,144.013574817236
46,382948,180.12787179465,720,741.213203435596,46,0
46,382949,166.039107789083,720,741.213203435596,46,0
46,382950,156.466319573937,720,741.213203435596,46,0
52,382951,148.175763733829,25,46.2132034355964,0,148.175763733829
52,382952,141.861525653538,25,46.2132034355964,0,141.861525653538
49,382953,140.097819387803,50,71.2132034355964,0,140.097819387803
49,382954,113.766368998307,50,71.2132034355964,0,113.766368998307
49,382955,89.7108206305922,50,71.2132034355964,0,89.7108206305922
49,382956,70.3074168725895,50,71.2132034355964,49,0
49,382957,60.2336392891481,50,71.2132034355964,49,0
49,382958,64.0539354188993,50,71.2132034355964,49,0
49,382959,79.7971107809258,50,71.2132034355964,0,79.7971107809258
49,382960,102.088726318364,50,71.2132034355964,0,102.088726318364
49,382961,127.540166610744,50,71.2132034355964,0,127.540166610744
53,383047,1672.66359170436,25,46.2132034355964,0,1672.66359170436
47,383118,2438.39614555245,800,821.213203435596,0,2438.39614555245
47,383119,2446.0896794307,800,821.213203435596,0,2446.0896794307
46,383652,193.813492970607,720,741.213203435596,46,0
46,383653,185.678155165385,720,741.213203435596,46,0
52,383654,176.877152250567,25,46.2132034355964,0,176.877152250567
49,383655,159.429952380615,50,71.2132034355964,0,159.429952380615
49,383656,130.166796723677,50,71.2132034355964,0,130.166796723677
49,383657,101.285471567343,50,71.2132034355964,0,101.285471567343
49,383658,73.2390951585475,50,71.2132034355964,0,73.2390951585475
49,383659,47.5294634594455,50,71.2132034355964,49,0
49,383660,30.7246035260906,50,71.2132034355964,49,0
49,383661,37.6672159184164,50,71.2132034355964,49,0
49,383662,60.6918740547412,50,71.2132034355964,49,0
49,383663,87.9662124100123,50,71.2132034355964,0,87.9662124100123
49,383664,116.543862999773,50,71.2132034355964,0,116.543862999773
50,383694,418.65721801086,50,71.2132034355964,0,418.65721801086
50,383695,440.253663035341,50,71.2132034355964,0,440.253663035341
53,383749,1633.86479547665,25,46.2132034355964,0,1633.86479547665
53,383750,1661.78809173426,25,46.2132034355964,0,1661.78809173426
53,383751,1689.77963085617,25,46.2132034355964,0,1689.77963085617
47,383820,2460.0946242746,800,821.213203435596,0,2460.0946242746
47,383821,2467.35802663649,800,821.213203435596,0,2467.35802663649
47,383822,2474.96157360623,800,821.213203435596,0,2474.96157360623
47,383823,2482.90214024708,800,821.213203435596,0,2482.90214024708
52,384356,214.535745954235,25,46.2132034355964,0,214.535745954235
49,384357,186.514828466808,50,71.2132034355964,0,186.514828466808
49,384358,156.599312844477,50,71.2132034355964,0,156.599312844477
49,384359,126.683797219809,50,71.2132034355964,0,126.683797219809
49,384360,96.768281595911,50,71.2132034355964,0,96.768281595911
49,384361,66.8527659696089,50,71.2132034355964,49,0
49,384362,36.9372503444001,50,71.2132034355964,49,0
49,384363,7.02173471888234,50,71.2132034355964,49,0
49,384364,22.893780908454,50,71.2132034355964,49,0
49,384365,52.8092965338165,50,71.2132034355964,49,0
49,384366,82.7248121605669,50,71.2132034355964,0,82.7248121605669
49,384367,112.640327784725,50,71.2132034355964,0,112.640327784725
49,384368,142.555843410042,50,71.2132034355964,0,142.555843410042
50,384396,376.353457210114,50,71.2132034355964,0,376.353457210114
50,384397,397.996839219071,50,71.2132034355964,0,397.996839219071
50,384398,420.655447333511,50,71.2132034355964,0,420.655447333511
50,384399,444.173939780037,50,71.2132034355964,0,444.173939780037
53,384452,1623.2803946035,25,46.2132034355964,0,1623.2803946035
53,384453,1651.38282240945,25,46.2132034355964,0,1651.38282240945
53,384454,1679.54793605579,25,46.2132034355964,0,1679.54793605579
47,384524,2496.34230307156,800,821.213203435596,0,2496.34230307156
47,384525,2503.85787443506,800,821.213203435596,0,2503.85787443506
47,384526,2511.70713146501,800,821.213203435596,0,2511.70713146501
47,384527,2519.88695594508,800,821.213203435596,0,2519.88695594508
49,385059,218.488083038871,50,71.2132034355964,0,218.488083038871
49,385060,188.898557492281,50,71.2132034355964,0,188.898557492281
49,385061,159.430779297219,50,71.2132034355964,0,159.430779297219
49,385062,130.167459540705,50,71.2132034355964,0,130.167459540705
49,385063,101.285968584138,50,71.2132034355964,0,101.285968584138
49,385064,73.2394232140107,50,71.2132034355964,0,73.2394232140107
49,385065,47.5296177775592,50,71.2132034355964,49,0
49,385066,30.7246121525827,50,71.2132034355964,49,0
49,385067,37.6672907219425,50,71.2132034355964,49,0
49,385068,60.6921210804296,50,71.2132034355964,49,0
49,385069,87.9666306327125,50,71.2132034355964,0,87.9666306327125
49,385070,116.544448261998,50,71.2132034355964,0,116.544448261998
49,385071,145.660476825419,50,71.2132034355964,0,145.660476825419
49,385072,175.04635491419,50,71.2132034355964,0,175.04635491419
50,385100,378.574293105157,50,71.2132034355964,0,378.574293105157
50,385101,402.328368950674,50,71.2132034355964,0,402.328368950674
50,385102,426.857949689296,50,71.2132034355964,0,426.857949689296
53,385155,1613.18123675323,25,46.2132034355964,0,1613.18123675323
53,385156,1641.4567261945,25,46.2132034355964,0,1641.4567261945
53,385157,1669.78942734252,25,46.2132034355964,0,1669.78942734252
53,385158,1698.17647660377,25,46.2132034355964,0,1698.17647660377
53,385159,1726.61519339171,25,46.2132034355964,0,1726.61519339171
47,385228,2532.77774655447,800,821.213203435596,0,2532.77774655447
47,385229,2540.53769584069,800,821.213203435596,0,2540.53769584069
47,385230,2548.62503357431,800,821.213203435596,0,2548.62503357431
49,385763,195.87481293809,50,71.2132034355964,0,195.87481293809
49,385764,167.637691249799,50,71.2132034355964,0,167.637691249799
49,385765,140.099051050323,50,71.2132034355964,0,140.099051050323
49,385766,113.767253978371,50,71.2132034355964,0,113.767253978371
49,385767,89.7113562734734,50,71.2132034355964,0,89.7113562734734
49,385768,70.3076255179347,50,71.2132034355964,49,0
49,385769,60.2336480900647,50,71.2132034355964,49,0
49,385770,64.0540233959638,50,71.2132034355964,49,0
49,385771,79.7974865455659,50,71.2132034355964,0,79.7974865455659
49,385772,102.089447052739,50,71.2132034355964,0,102.089447052739
49,385773,127.541236211974,50,71.2132034355964,0,127.541236211974
49,385774,154.600045486198,50,71.2132034355964,0,154.600045486198
49,385775,182.552667983086,50,71.2132034355964,0,182.552667983086
50,385804,385.453785931058,50,71.2132034355964,0,385.453785931058
50,385805,410.991877268485,50,71.2132034355964,0,410.991877268485
50,385806,437.085811466809,50,71.2132034355964,0,437.085811466809
50,385807,463.641748874707,50,71.2132034355964,0,463.641748874707
53,385858,1603.57648998249,25,46.2132034355964,0,1603.57648998249
53,385859,1632.01854624597,25,46.2132034355964,0,1632.01854624597
53,385860,1660.51244720377,25,46.2132034355964,0,1660.51244720377
53,385861,1689.05556903865,25,46.2132034355964,0,1689.05556903865
53,385862,1717.64545795704,25,46.2132034355964,0,1717.64545795704
53,385863,1746.27981696472,25,46.2132034355964,0,1746.27981696472
53,385864,1774.95649382851,25,46.2132034355964,0,1774.95649382851
53,385865,1803.67347011058,25,46.2132034355964,0,1803.67347011058
49,386467,180.488257801286,50,71.2132034355964,0,180.488257801286
49,386468,155.245979733755,50,71.2132034355964,0,155.245979733755
49,386469,131.971672187508,50,71.2132034355964,0,131.971672187508
49,386470,111.900113103865,50,71.2132034355964,0,111.900113103865
49,386471,97.039442406134,50,71.2132034355964,0,97.039442406134
49,386472,90.0087577358845,50,71.2132034355964,0,90.0087577358845
49,386473,92.6088795565543,50,71.2132034355964,0,92.6088795565543
49,386474,104.120784155767,50,71.2132034355964,0,104.120784155767
49,386475,122.048252058927,50,71.2132034355964,0,122.048252058927
49,386476,144.014995693741,50,71.2132034355964,0,144.014995693741
49,386477,168.448114135344,50,71.2132034355964,0,168.448114135344
49,386478,194.419958704018,50,71.2132034355964,0,194.419958704018
50,386508,396.74970785643,50,71.2132034355964,0,396.74970785643
50,386509,423.72176372345,50,71.2132034355964,0,423.72176372345
50,386510,451.065323820348,50,71.2132034355964,0,451.065323820348
53,386558,1508.97611331914,25,46.2132034355964,0,1508.97611331914
53,386563,1651.72510923424,25,46.2132034355964,0,1651.72510923424
53,386564,1680.4176499939,25,46.2132034355964,0,1680.4176499939
53,386565,1709.15218922322,25,46.2132034355964,0,1709.15218922322
53,386566,1737.92664374123,25,46.2132034355964,0,1737.92664374123
53,386567,1766.73906327303,25,46.2132034355964,0,1766.73906327303
53,386568,1795.58762023403,25,46.2132034355964,0,1795.58762023403
53,386569,1824.47060040581,25,46.2132034355964,0,1824.47060040581
53,386570,1853.38639444567,25,46.2132034355964,0,1853.38639444567
46,387158,471.918922147479,720,741.213203435596,46,0
49,387171,174.253487422089,50,71.2132034355964,0,174.253487422089
49,387172,153.881285344226,50,71.2132034355964,0,153.881285344226
49,387173,137.056691621136,50,71.2132034355964,0,137.056691621136
49,387175,119.851800625856,50,71.2132034355964,0,119.851800625856
49,387176,121.816603012201,50,71.2132034355964,0,121.816603012201
49,387177,130.782376735696,50,71.2132034355964,0,130.782376735696
49,387178,145.460269486026,50,71.2132034355964,0,145.460269486026
49,387179,164.326700727275,50,71.2132034355964,0,164.326700727275
49,387180,186.112207509774,50,71.2132034355964,0,186.112207509774
50,387212,412.099081598141,50,71.2132034355964,0,412.099081598141
53,387260,1471.33359343924,25,46.2132034355964,0,1471.33359343924
53,387261,1499.89670570978,25,46.2132034355964,0,1499.89670570978
53,387262,1528.5116315035,25,46.2132034355964,0,1528.5116315035
53,387263,1557.17551441446,25,46.2132034355964,0,1557.17551441446
53,387264,1585.88569983981,25,46.2132034355964,0,1585.88569983981
53,387265,1614.63971784377,25,46.2132034355964,0,1614.63971784377
53,387266,1643.4352677026,25,46.2132034355964,0,1643.4352677026
53,387267,1672.27020394931,25,46.2132034355964,0,1672.27020394931
53,387268,1701.14252374971,25,46.2132034355964,0,1701.14252374971
53,387269,1730.05035545396,25,46.2132034355964,0,1730.05035545396
53,387270,1758.99194821827,25,46.2132034355964,0,1758.99194821827
53,387271,1787.96566258531,25,46.2132034355964,0,1787.96566258531
53,387272,1816.96996190324,25,46.2132034355964,0,1816.96996190324
53,387273,1846.00340452566,25,46.2132034355964,0,1846.00340452566
53,387274,1875.06463669187,25,46.2132034355964,0,1875.06463669187
53,387275,1904.15238602599,25,46.2132034355964,0,1904.15238602599
53,387276,1933.26545559991,25,46.2132034355964,0,1933.26545559991
46,387860,514.222763527797,720,741.213203435596,46,0
46,387861,493.395477684806,720,741.213203435596,46,0
46,387862,473.543029035898,720,741.213203435596,46,0
49,387875,178.134138319588,50,71.2132034355964,0,178.134138319588
49,387878,149.722160330076,50,71.2132034355964,0,149.722160330076
49,387879,151.299565440634,50,71.2132034355964,0,151.299565440634
49,387881,170.912251472959,50,71.2132034355964,0,170.912251472959
49,387882,187.231417490398,50,71.2132034355964,0,187.231417490398
51,387883,165.841451618534,25,46.2132034355964,0,165.841451618534
51,387884,147.153388165341,25,46.2132034355964,0,147.153388165341
50,387903,120.336008547455,50,71.2132034355964,0,120.336008547455
50,387904,130.079526667578,50,71.2132034355964,0,130.079526667578
50,387905,145.432533310385,50,71.2132034355964,0,145.432533310385
50,387906,164.834979341561,50,71.2132034355964,0,164.834979341561
53,387961,1405.32093507931,25,46.2132034355964,0,1405.32093507931
53,387963,1462.63211290735,25,46.2132034355964,0,1462.63211290735
53,387964,1491.36204140341,25,46.2132034355964,0,1491.36204140341
53,387965,1520.13778461623,25,46.2132034355964,0,1520.13778461623
53,387966,1548.95678917457,25,46.2132034355964,0,1548.95678917457
53,387967,1577.81668456063,25,46.2132034355964,0,1577.81668456063
53,387968,1606.71526732797,25,46.2132034355964,0,1606.71526732797
53,387969,1635.65048689596,25,46.2132034355964,0,1635.65048689596
53,387970,1664.62043274839,25,46.2132034355964,0,1664.62043274839
53,387971,1693.6233228762,25,46.2132034355964,0,1693.6233228762
53,387972,1722.65749331792,25,46.2132034355964,0,1722.65749331792
53,387973,1751.72138869015,25,46.2132034355964,0,1751.72138869015
53,387974,1780.81355361115,25,46.2132034355964,0,1780.81355361115
53,387975,1809.93262489664,25,46.2132034355964,0,1809.93262489664
53,387976,1839.07732447982,25,46.2132034355964,0,1839.07732447982
53,387977,1868.24645295512,25,46.2132034355964,0,1868.24645295512
53,387978,1897.43888369279,25,46.2132034355964,0,1897.43888369279
53,387979,1926.65355747055,25,46.2132034355964,0,1926.65355747055
53,387980,1955.88947757192,25,46.2132034355964,0,1955.88947757192
46,388564,515.71321415509,720,741.213203435596,46,0
46,388565,496.75337845807,720,741.213203435596,46,0
46,388566,478.912919499634,720,741.213203435596,46,0
49,388582,180.923259346681,50,71.2132034355964,0,180.923259346681
51,388584,195.421346706267,25,46.2132034355964,0,195.421346706267
51,388585,169.588211922308,25,46.2132034355964,0,169.588211922308
51,388586,145.330112587416,25,46.2132034355964,0,145.330112587416
51,388587,123.578083634231,25,46.2132034355964,0,123.578083634231
51,388588,105.887983325398,25,46.2132034355964,0,105.887983325398
50,388603,108.464575392953,50,71.2132034355964,0,108.464575392953
50,388604,93.9917343269414,50,71.2132034355964,0,93.9917343269414
50,388606,91.3469733998822,50,71.2132034355964,0,91.3469733998822
50,388607,103.84705566539,50,71.2132034355964,0,103.84705566539
50,388608,122.53233122726,50,71.2132034355964,0,122.53233122726
50,388609,145.03155941529,50,71.2132034355964,0,145.03155941529
50,388610,169.835667811984,50,71.2132034355964,0,169.835667811984
50,388611,196.071861062199,50,71.2132034355964,0,196.071861062199
53,388661,1310.74844175053,25,46.2132034355964,0,1310.74844175053
53,388662,1339.39516284023,25,46.2132034355964,0,1339.39516284023
53,388663,1368.09628367651,25,46.2132034355964,0,1368.09628367651
53,388664,1396.84845099486,25,46.2132034355964,0,1396.84845099486
53,388665,1425.64857631783,25,46.2132034355964,0,1425.64857631783
53,388667,1483.38152300269,25,46.2132034355964,0,1483.38152300269
53,388668,1512.30927865334,25,46.2132034355964,0,1512.30927865334
53,388669,1541.27482308373,25,46.2132034355964,0,1541.27482308373
53,388670,1570.27606512381,25,46.2132034355964,0,1570.27606512381
53,388671,1599.31106279954,25,46.2132034355964,0,1599.31106279954
53,388672,1628.37801045643,25,46.2132034355964,0,1628.37801045643
53,388673,1657.47522718401,25,46.2132034355964,0,1657.47522718401
53,388674,1686.6011463793,25,46.2132034355964,0,1686.6011463793
53,388675,1715.75430632074,25,46.2132034355964,0,1715.75430632074
53,388676,1744.93334164566,25,46.2132034355964,0,1744.93334164566
53,388677,1774.13697564732,25,46.2132034355964,0,1774.13697564732
53,388678,1803.36401327165,25,46.2132034355964,0,1803.36401327165
53,388679,1832.6133347764,25,46.2132034355964,0,1832.6133347764
53,388680,1861.88388995495,25,46.2132034355964,0,1861.88388995495
53,388681,1891.17469287635,25,46.2132034355964,0,1891.17469287635
53,388682,1920.484817096,25,46.2132034355964,0,1920.484817096
53,388683,1949.81339128596,25,46.2132034355964,0,1949.81339128596
53,388684,1979.15959523302,25,46.2132034355964,0,1979.15959523302
53,388685,2008.52265617665,25,46.2132034355964,0,2008.52265617665
53,388686,2037.90184546947,25,46.2132034355964,0,2037.90184546947
53,388687,2067.29647548592,25,46.2132034355964,0,2067.29647548592
53,388688,2096.70589681851,25,46.2132034355964,0,2096.70589681851
53,388689,2126.12949567004,25,46.2132034355964,0,2126.12949567004
46,389268,520.647895612583,720,741.213203435596,46,0
49,389269,501.55766775866,50,71.2132034355964,0,501.55766775866
49,389270,474.537437773648,50,71.2132034355964,0,474.537437773648
49,389271,447.885486601851,50,71.2132034355964,0,447.885486601851
51,389286,211.697579469366,25,46.2132034355964,0,211.697579469366
51,389287,183.293323907144,25,46.2132034355964,0,183.293323907144
51,389288,155.457552969165,25,46.2132034355964,0,155.457552969165
51,389289,128.560062659254,25,46.2132034355964,0,128.560062659254
51,389290,103.336147584231,25,46.2132034355964,0,103.336147584231
51,389291,81.3576046509549,25,46.2132034355964,0,81.3576046509549
51,389292,65.9529455151054,25,46.2132034355964,0,65.9529455151054
51,389293,62.2137682553091,25,46.2132034355964,0,62.2137682553091
50,389306,86.1248549157448,50,71.2132034355964,0,86.1248549157448
50,389307,66.9877368611256,50,71.2132034355964,50,0
50,389308,57.8554454862913,50,71.2132034355964,50,0
50,389309,63.2232368853944,50,71.2132034355964,50,0
50,389310,80.231740723331,50,71.2132034355964,0,80.231740723331
50,389311,103.281732090186,50,71.2132034355964,0,103.281732090186
50,389312,129.178673065631,50,71.2132034355964,0,129.178673065631
50,389313,156.515725705372,50,71.2132034355964,0,156.515725705372
50,389314,184.654392414467,50,71.2132034355964,0,184.654392414467
50,389315,213.277627304641,50,71.2132034355964,0,213.277627304641
53,389365,1331.17490028949,25,46.2132034355964,0,1331.17490028949
53,389366,1360.04965793567,25,46.2132034355964,0,1360.04965793567
53,389367,1388.96855725118,25,46.2132034355964,0,1388.96855725118
53,389372,1534.13767938766,25,46.2132034355964,0,1534.13767938766
53,389373,1563.2714878823,25,46.2132034355964,0,1563.2714878823
53,389374,1592.43436110289,25,46.2132034355964,0,1592.43436110289
53,389375,1621.6247309697,25,46.2132034355964,0,1621.6247309697
53,389376,1650.84113888409,25,46.2132034355964,0,1650.84113888409
53,389377,1680.0822264528,25,46.2132034355964,0,1680.0822264528
53,389378,1709.34672712337,25,46.2132034355964,0,1709.34672712337
53,389379,1738.63345863148,25,46.2132034355964,0,1738.63345863148
53,389383,1855.9816334911,25,46.2132034355964,0,1855.9816334911
53,389384,1885.36429214333,25,46.2132034355964,0,1885.36429214333
53,389385,1914.76351760826,25,46.2132034355964,0,1914.76351760826
53,389386,1944.17855833301,25,46.2132034355964,0,1944.17855833301
53,389387,1973.60870717714,25,46.2132034355964,0,1973.60870717714
53,389388,2003.05329820242,25,46.2132034355964,0,2003.05329820242
53,389389,2032.51170374907,25,46.2132034355964,0,2032.51170374907
53,389390,2061.98333173059,25,46.2132034355964,0,2061.98333173059
53,389391,2091.46762318283,25,46.2132034355964,0,2091.46762318283
53,389392,2120.96404998773,25,46.2132034355964,0,2120.96404998773
53,389393,2150.47211278779,25,46.2132034355964,0,2150.47211278779
49,389972,514.763695528839,50,71.2132034355964,0,514.763695528839
49,389973,488.474365978459,50,71.2132034355964,0,488.474365978459
49,389974,462.625878353124,50,71.2132034355964,0,462.625878353124
49,389975,437.296413831955,50,71.2132034355964,0,437.296413831955
51,389989,204.968921645374,25,46.2132034355964,0,204.968921645374
51,389990,175.478705163084,25,46.2132034355964,0,175.478705163084
51,389991,146.162011013872,25,46.2132034355964,0,146.162011013872
51,389992,117.149184093907,25,46.2132034355964,0,117.149184093907
51,389993,88.7387715550784,25,46.2132034355964,0,88.7387715550784
51,389994,61.7676953850136,25,46.2132034355964,0,61.7676953850136
51,389995,39.318789174985,25,46.2132034355964,51,0
51,389996,32.6607799110541,25,46.2132034355964,51,0
51,389997,48.7598839187822,25,46.2132034355964,0,48.7598839187822
50,390009,69.7123424514885,50,71.2132034355964,50,0
50,390010,43.9279090619445,50,71.2132034355964,50,0
50,390011,28.0989456826141,50,71.2132034355964,50,0
50,390012,37.9404711628179,50,71.2132034355964,50,0
50,390013,62.2852069543935,50,71.2132034355964,50,0
50,390014,90.0525052838373,50,71.2132034355964,0,90.0525052838373
50,390015,118.867571104028,50,71.2132034355964,0,118.867571104028
50,390016,148.120168314215,50,71.2132034355964,0,148.120168314215
50,390017,177.594223194628,50,71.2132034355964,0,177.594223194628
50,390018,207.195248523715,50,71.2132034355964,0,207.195248523715
50,390019,236.87564872285,50,71.2132034355964,0,236.87564872285
50,390020,266.608915743182,50,71.2132034355964,0,266.608915743182
50,390021,296.379138935643,50,71.2132034355964,0,296.379138935643
50,390022,326.176199449225,50,71.2132034355964,0,326.176199449225
53,390080,1674.07244222414,25,46.2132034355964,0,1674.07244222414
53,390081,1703.44034849836,25,46.2132034355964,0,1703.44034849836
53,390082,1732.8270639776,25,46.2132034355964,0,1732.8270639776
53,390083,1762.23164768531,25,46.2132034355964,0,1762.23164768531
53,390085,1821.09095710191,25,46.2132034355964,0,1821.09095710191
53,390086,1850.54408797174,25,46.2132034355964,0,1850.54408797174
53,390087,1880.01188897548,25,46.2132034355964,0,1880.01188897548
53,390088,1909.4936809312,25,46.2132034355964,0,1909.4936809312
53,390092,2027.54854774549,25,46.2132034355964,0,2027.54854774549
53,390093,2057.09144098901,25,46.2132034355964,0,2057.09144098901
53,390094,2086.64501374,25,46.2132034355964,0,2086.64501374
53,390095,2116.20881857036,25,46.2132034355964,0,2116.20881857036
53,390096,2145.7824325562,25,46.2132034355964,0,2145.7824325562
49,390676,503.803559060559,50,71.2132034355964,0,503.803559060559
49,390677,478.783240173055,50,71.2132034355964,0,478.783240173055
49,390678,454.355278130875,50,71.2132034355964,0,454.355278130875
49,390679,430.620493247022,50,71.2132034355964,0,430.620493247022
51,390692,202.479742353998,25,46.2132034355964,0,202.479742353998
51,390693,172.56448904284,25,46.2132034355964,0,172.56448904284
51,390694,142.649955095533,25,46.2132034355964,0,142.649955095533
51,390695,112.736713156156,25,46.2132034355964,0,112.736713156156
51,390696,82.8261630967581,25,46.2132034355964,0,82.8261630967581
51,390697,52.9228692392668,25,46.2132034355964,0,52.9228692392668
51,390698,23.0550835825673,25,46.2132034355964,51,0
51,390699,7.23143589012872,25,46.2132034355964,51,0
51,390700,36.9201902297906,25,46.2132034355964,51,0
51,390701,66.8128522326716,25,46.2132034355964,0,66.8128522326716
50,390712,63.9650239006164,50,71.2132034355964,50,0
50,390713,34.0787182274762,50,71.2132034355964,50,0
50,390714,4.60895446968844,50,71.2132034355964,50,0
50,390715,25.9070368544354,50,71.2132034355964,50,0
50,390716,55.7777314696734,50,71.2132034355964,50,0
50,390717,85.6807141009575,50,71.2132034355964,0,85.6807141009575
50,390719,145.50391632623,50,71.2132034355964,0,145.50391632623
50,390720,175.418257665177,50,71.2132034355964,0,175.418257665177
50,390721,205.333361266506,50,71.2132034355964,0,205.333361266506
50,390722,235.24893633401,50,71.2132034355964,0,235.24893633401
50,390723,265.164823297919,50,71.2132034355964,0,265.164823297919
50,390724,295.080927292952,50,71.2132034355964,0,295.080927292952
53,390725,306.605211878291,25,46.2132034355964,0,306.605211878291
53,390785,1727.51913370795,25,46.2132034355964,0,1727.51913370795
53,390786,1757.01270804028,25,46.2132034355964,0,1757.01270804028
53,390787,1786.52038846516,25,46.2132034355964,0,1786.52038846516
53,390788,1816.04148738167,25,46.2132034355964,0,1816.04148738167
53,390789,1845.57536087891,25,46.2132034355964,0,1845.57536087891
53,390790,1875.12140534263,25,46.2132034355964,0,1875.12140534263
53,390791,1904.67905436873,25,46.2132034355964,0,1904.67905436873
53,390792,1934.24777596288,25,46.2132034355964,0,1934.24777596288
53,390793,1963.82706997738,25,46.2132034355964,0,1963.82706997738
53,390797,2082.24095660951,25,46.2132034355964,0,2082.24095660951
53,390798,2111.86657242386,25,46.2132034355964,0,2111.86657242386
49,391380,496.219177735647,50,71.2132034355964,0,496.219177735647
49,391381,472.693005569311,50,71.2132034355964,0,472.693005569311
49,391382,449.926499599682,50,71.2132034355964,0,449.926499599682
49,391383,428.040891666667,50,71.2132034355964,0,428.040891666667
49,391384,407.178249916091,50,71.2132034355964,0,407.178249916091
49,391385,387.503834611361,50,71.2132034355964,0,387.503834611361
51,391398,116.123189713841,25,46.2132034355964,0,116.123189713841
51,391399,87.3794629545233,25,46.2132034355964,0,87.3794629545233
51,391400,59.798039437551,25,46.2132034355964,0,59.798039437551
51,391401,36.145540701525,25,46.2132034355964,51,0
51,391402,28.7620291788595,25,46.2132034355964,51,0
51,391403,46.239249023025,25,46.2132034355964,0,46.239249023025
51,391404,72.3805332641983,25,46.2132034355964,0,72.3805332641983
50,391415,71.5026671659637,50,71.2132034355964,0,71.5026671659637
50,391416,46.7167038039523,50,71.2132034355964,50,0
50,391417,32.2851004484785,50,71.2132034355964,50,0
50,391418,41.1371280221922,50,71.2132034355964,50,0
50,391419,64.2826351919552,50,71.2132034355964,50,0
50,391420,91.4456634649562,50,71.2132034355964,0,91.4456634649562
50,391421,119.926726964038,50,71.2132034355964,0,119.926726964038
50,391422,148.971771177171,50,71.2132034355964,0,148.971771177171
50,391423,178.30539999958,50,71.2132034355964,0,178.30539999958
50,391424,207.805440311833,50,71.2132034355964,0,207.805440311833
50,391425,237.409866413718,50,71.2132034355964,0,237.409866413718
50,391426,267.083969214265,50,71.2132034355964,0,267.083969214265
53,391427,289.552788785703,25,46.2132034355964,0,289.552788785703
53,391428,278.232522470257,25,46.2132034355964,0,278.232522470257
53,391429,269.770288655985,25,46.2132034355964,0,269.770288655985
53,391490,1781.87494793096,25,46.2132034355964,0,1781.87494793096
53,391491,1811.4719117983,25,46.2132034355964,0,1811.4719117983
53,391492,1841.07924797656,25,46.2132034355964,0,1841.07924797656
53,391493,1870.69646397989,25,46.2132034355964,0,1870.69646397989
53,391494,1900.3230978634,25,46.2132034355964,0,1900.3230978634
53,391495,1929.95871590852,25,46.2132034355964,0,1929.95871590852
53,391496,1959.60291050572,25,46.2132034355964,0,1959.60291050572
53,391497,1989.25529822429,25,46.2132034355964,0,1989.25529822429
49,392085,470.343591872222,50,71.2132034355964,0,470.343591872222
49,392086,449.453157763178,50,71.2132034355964,0,449.453157763178
49,392087,429.631434629832,50,71.2132034355964,0,429.631434629832
49,392088,411.033064620077,50,71.2132034355964,0,411.033064620077
49,392089,393.831401480487,50,71.2132034355964,0,393.831401480487
49,392090,378.217063820024,50,71.2132034355964,0,378.217063820024
49,392091,364.394160121027,50,71.2132034355964,0,364.394160121027
49,392092,352.573456867982,50,71.2132034355964,0,352.573456867982
51,392104,62.2162107741248,25,46.2132034355964,0,62.2162107741248
51,392105,58.2375181201511,25,46.2132034355964,0,58.2375181201511
51,392106,68.5742618676803,25,46.2132034355964,0,68.5742618676803
51,392107,88.3363996582144,25,46.2132034355964,0,88.3363996582144
51,392108,112.66889037654,25,46.2132034355964,0,112.66889037654
50,392118,89.011977159787,50,71.2132034355964,0,89.011977159787
50,392119,70.6607056961549,50,71.2132034355964,50,0
50,392120,62.0709795113436,50,71.2132034355964,50,0
50,392121,67.1025005650013,50,71.2132034355964,50,0
50,392122,83.3231815489465,50,71.2132034355964,0,83.3231815489465
50,392123,105.701596492174,50,71.2132034355964,0,105.701596492174
50,392124,131.121967401788,50,71.2132034355964,0,131.121967401788
50,392125,158.123942164354,50,71.2132034355964,0,158.123942164354
50,392126,186.020052016416,50,71.2132034355964,0,186.020052016416
50,392127,214.461666350719,50,71.2132034355964,0,214.461666350719
50,392128,243.257519577604,50,71.2132034355964,0,243.257519577604
50,392129,272.295250130709,50,71.2132034355964,0,272.295250130709
53,392130,262.748598833453,25,46.2132034355964,0,262.748598833453
53,392131,250.218525904501,25,46.2132034355964,0,250.218525904501
53,392132,240.773665212333,25,46.2132034355964,0,240.773665212333
53,392133,234.78664282845,25,46.2132034355964,0,234.78664282845
53,392138,260.271504708146,25,46.2132034355964,0,260.271504708146
53,392197,1896.42897200985,25,46.2132034355964,0,1896.42897200985
53,392198,1926.12466493905,25,46.2132034355964,0,1926.12466493905
53,392199,1955.82713101931,25,46.2132034355964,0,1955.82713101931
53,392200,1985.53606627946,25,46.2132034355964,0,1985.53606627946
53,392201,2015.25118461602,25,46.2132034355964,0,2015.25118461602
53,392202,2044.97221648832,25,46.2132034355964,0,2044.97221648832
49,392790,452.947685252017,50,71.2132034355964,0,452.947685252017
49,392791,435.346450679092,50,71.2132034355964,0,435.346450679092
49,392792,419.143710768721,50,71.2132034355964,0,419.143710768721
49,392793,404.507552523684,50,71.2132034355964,0,404.507552523684
49,392794,391.61366349388,50,71.2132034355964,0,391.61366349388
49,392795,380.639139390143,50,71.2132034355964,0,380.639139390143
51,392796,362.824437483384,25,46.2132034355964,0,362.824437483384
51,392797,333.873410168874,25,46.2132034355964,0,333.873410168874
51,392798,305.108856739892,25,46.2132034355964,0,305.108856739892
51,392808,88.0077056167441,25,46.2132034355964,0,88.0077056167441
51,392809,95.1639856666666,25,46.2132034355964,0,95.1639856666666
51,392810,110.259198937408,25,46.2132034355964,0,110.259198937408
51,392811,130.56828326675,25,46.2132034355964,0,130.56828326675
50,392824,95.4076590167855,50,71.2132034355964,0,95.4076590167855
50,392825,107.436686082219,50,71.2132034355964,0,107.436686082219
50,392826,125.589566334432,50,71.2132034355964,0,125.589566334432
50,392827,147.624233670983,50,71.2132034355964,0,147.624233670983
50,392828,172.055709292241,50,71.2132034355964,0,172.055709292241
50,392829,197.998730732238,50,71.2132034355964,0,197.998730732238
50,392830,224.930889787622,50,71.2132034355964,0,224.930889787622
50,392831,252.53591928204,50,71.2132034355964,0,252.53591928204
53,392832,253.45601336959,25,46.2132034355964,0,253.45601336959
53,392833,236.690152775831,25,46.2132034355964,0,236.690152775831
53,392835,212.031367053774,25,46.2132034355964,0,212.031367053774
53,392839,210.498247308202,25,46.2132034355964,0,210.498247308202
53,392840,220.506225865391,25,46.2132034355964,0,220.506225865391
53,392841,233.937280977379,25,46.2132034355964,0,233.937280977379
53,392842,250.240842940921,25,46.2132034355964,0,250.240842940921
53,392901,1922.74834498582,25,46.2132034355964,0,1922.74834498582
53,392902,1952.50233277223,25,46.2132034355964,0,1952.50233277223
53,392903,1982.26125749366,25,46.2132034355964,0,1982.26125749366
53,392904,2012.02490009352,25,46.2132034355964,0,2012.02490009352
53,392905,2041.79305424605,25,46.2132034355964,0,2041.79305424605
53,392906,2071.56552546102,25,46.2132034355964,0,2071.56552546102
53,392907,2101.34213024332,25,46.2132034355964,0,2101.34213024332
49,393497,419.200205719786,50,71.2132034355964,0,419.200205719786
51,393498,399.681992343032,25,46.2132034355964,0,399.681992343032
51,393499,371.194530785728,25,46.2132034355964,0,371.194530785728
51,393500,342.95065657785,25,46.2132034355964,0,342.95065657785
51,393501,315.015895617219,25,46.2132034355964,0,315.015895617219
51,393502,287.480372579519,25,46.2132034355964,0,287.480372579519
51,393513,135.278438534923,25,46.2132034355964,0,135.278438534923
51,393514,152.286794791958,25,46.2132034355964,0,152.286794791958
50,393528,133.91013399174,50,71.2132034355964,0,133.91013399174
50,393529,148.869219047014,50,71.2132034355964,0,148.869219047014
50,393530,167.875703825489,50,71.2132034355964,0,167.875703825489
50,393531,189.717017292949,50,71.2132034355964,0,189.717017292949
50,393532,213.525006795535,50,71.2132034355964,0,213.525006795535
50,393533,238.711955216942,50,71.2132034355964,0,238.711955216942
53,393534,251.043301048077,25,46.2132034355964,0,251.043301048077
53,393535,230.249409672666,25,46.2132034355964,0,230.249409672666
53,393542,181.890749985512,25,46.2132034355964,0,181.890749985512
53,393543,193.38498297931,25,46.2132034355964,0,193.38498297931
53,393544,208.569988819614,25,46.2132034355964,0,208.569988819614
53,393545,226.705338958394,25,46.2132034355964,0,226.705338958394
53,393608,2039.04776305053,25,46.2132034355964,0,2039.04776305053
53,393609,2068.85990057179,25,46.2132034355964,0,2068.85990057179
53,393610,2098.6750530166,25,46.2132034355964,0,2098.6750530166
53,393611,2128.49309368605,25,46.2132034355964,0,2128.49309368605
51,394204,327.365251757345,25,46.2132034355964,0,327.365251757345
51,394205,300.961573973522,25,46.2132034355964,0,300.961573973522
51,394206,275.277728963095,25,46.2132034355964,0,275.277728963095
50,394231,161.587747036396,50,71.2132034355964,0,161.587747036396
50,394232,174.185944106767,50,71.2132034355964,0,174.185944106767
50,394233,190.68556064888,50,71.2132034355964,0,190.68556064888
50,394234,210.169740300794,50,71.2132034355964,0,210.169740300794
50,394235,231.887371841012,50,71.2132034355964,0,231.887371841012
50,394236,255.269041371381,50,71.2132034355964,0,255.269041371381
53,394237,231.488717377879,25,46.2132034355964,0,231.488717377879
53,394238,208.755896040897,25,46.2132034355964,0,208.755896040897
53,394245,153.780269464783,25,46.2132034355964,0,153.780269464783
53,394246,167.218124539052,25,46.2132034355964,0,167.218124539052
53,394247,184.56874756398,25,46.2132034355964,0,184.56874756398
53,394248,204.840268220131,25,46.2132034355964,0,204.840268220131
53,394249,227.25237049716,25,46.2132034355964,0,227.25237049716
53,394250,251.232831876017,25,46.2132034355964,0,251.232831876017
53,394251,276.373702136939,25,46.2132034355964,0,276.373702136939
53,394313,2096.43139678889,25,46.2132034355964,0,2096.43139678889
53,394317,2215.84113749461,25,46.2132034355964,0,2215.84113749461
53,394318,2245.69794525508,25,46.2132034355964,0,2245.69794525508
53,394320,2305.41633221031,25,46.2132034355964,0,2305.41633221031
53,394321,2335.27778938557,25,46.2132034355964,0,2335.27778938557
51,394908,316.702015993596,25,46.2132034355964,0,316.702015993596
51,394909,292.403909746735,25,46.2132034355964,0,292.403909746735
51,394910,269.239732699944,25,46.2132034355964,0,269.239732699944
51,394911,247.528036029342,25,46.2132034355964,0,247.528036029342
50,394935,200.770603937415,50,71.2132034355964,0,200.770603937415
50,394936,215.241974719638,50,71.2132034355964,0,215.241974719638
50,394937,232.67893407386,50,71.2132034355964,0,232.67893407386
50,394938,252.467763185293,50,71.2132034355964,0,252.467763185293
53,394939,240.289334229894,25,46.2132034355964,0,240.289334229894
53,394940,214.337833996265,25,46.2132034355964,0,214.337833996265
53,394949,142.532256853722,25,46.2132034355964,0,142.532256853722
53,394950,162.539836518064,25,46.2132034355964,0,162.539836518064
53,394951,185.238100275479,25,46.2132034355964,0,185.238100275479
53,394952,209.755358118468,25,46.2132034355964,0,209.755358118468
53,394953,235.524240475126,25,46.2132034355964,0,235.524240475126
53,394954,262.175945828143,25,46.2132034355964,0,262.175945828143
53,394959,402.382948253969,25,46.2132034355964,0,402.382948253969
53,394960,431.18186709623,25,46.2132034355964,0,431.18186709623
53,394961,460.123645451299,25,46.2132034355964,0,460.123645451299
53,395020,2214.12098386592,25,46.2132034355964,0,2214.12098386592
53,395021,2244.00083821645,25,46.2132034355964,0,2244.00083821645
53,395022,2273.88170176606,25,46.2132034355964,0,2273.88170176606
53,395023,2303.76353524139,25,46.2132034355964,0,2303.76353524139
53,395024,2333.64630138375,25,46.2132034355964,0,2333.64630138375
53,395025,2363.52996481903,25,46.2132034355964,0,2363.52996481903
53,395026,2393.41449193377,25,46.2132034355964,0,2393.41449193377
51,395612,311.466945827936,25,46.2132034355964,0,311.466945827936
51,395613,289.830253150253,25,46.2132034355964,0,289.830253150253
51,395614,269.780670709097,25,46.2132034355964,0,269.780670709097
51,395615,251.697759796341,25,46.2132034355964,0,251.697759796341
50,395638,228.180457584037,50,71.2132034355964,0,228.180457584037
50,395639,241.011671624654,50,71.2132034355964,0,241.011671624654
50,395640,256.70420043773,50,71.2132034355964,0,256.70420043773
53,395641,255.872298490982,25,46.2132034355964,0,255.872298490982
53,395642,227.776429655707,25,46.2132034355964,0,227.776429655707
53,395643,200.209344005644,25,46.2132034355964,0,200.209344005644
53,395644,173.423388551226,25,46.2132034355964,0,173.423388551226
53,395645,147.843744256759,25,46.2132034355964,0,147.843744256759
53,395646,124.217891160666,25,46.2132034355964,0,124.217891160666
53,395647,103.887472793277,25,46.2132034355964,0,103.887472793277
53,395650,87.3008537235272,25,46.2132034355964,0,87.3008537235272
53,395653,143.39514590742,25,46.2132034355964,0,143.39514590742
53,395654,168.689554030957,25,46.2132034355964,0,168.689554030957
53,395655,195.295607115178,25,46.2132034355964,0,195.295607115178
53,395656,222.743784259982,25,46.2132034355964,0,222.743784259982
53,395657,250.757698674471,25,46.2132034355964,0,250.757698674471
53,395660,336.770809284862,25,46.2132034355964,0,336.770809284862
53,395661,365.841565427951,25,46.2132034355964,0,365.841565427951
53,395662,395.038902832133,25,46.2132034355964,0,395.038902832133
53,395663,424.33669326584,25,46.2132034355964,0,424.33669326584
53,395664,453.715477473746,25,46.2132034355964,0,453.715477473746
53,395723,2212.80385692979,25,46.2132034355964,0,2212.80385692979
53,395724,2242.70141926502,25,46.2132034355964,0,2242.70141926502
53,395725,2272.59952770312,25,46.2132034355964,0,2272.59952770312
53,395726,2302.49816096587,25,46.2132034355964,0,2302.49816096587
53,395727,2332.39729887154,25,46.2132034355964,0,2332.39729887154
53,395728,2362.2969222599,25,46.2132034355964,0,2362.2969222599
53,395729,2392.19701292349,25,46.2132034355964,0,2392.19701292349
53,395730,2422.09755355557,25,46.2132034355964,0,2422.09755355557
51,396316,311.933504378744,25,46.2132034355964,0,311.933504378744
51,396317,293.398168862851,25,46.2132034355964,0,293.398168862851
51,396318,276.862035684615,25,46.2132034355964,0,276.862035684615
51,396319,262.702902700382,25,46.2132034355964,0,262.702902700382
53,396343,277.095763432463,25,46.2132034355964,0,277.095763432463
53,396344,247.796766469431,25,46.2132034355964,0,247.796766469431
53,396345,218.665573890697,25,46.2132034355964,0,218.665573890697
53,396346,189.779475466954,25,46.2132034355964,0,189.779475466954
53,396347,161.270225967546,25,46.2132034355964,0,161.270225967546
53,396348,133.379693473117,25,46.2132034355964,0,133.379693473117
53,396349,106.594652071696,25,46.2132034355964,0,106.594652071696
53,396350,82.00559397008,25,46.2132034355964,0,82.00559397008
53,396351,62.2706624900676,25,46.2132034355964,0,62.2706624900676
53,396352,53.1090740303514,25,46.2132034355964,0,53.1090740303514
53,396353,59.6131902732541,25,46.2132034355964,0,59.6131902732541
53,396354,77.9558306825159,25,46.2132034355964,0,77.9558306825159
53,396355,101.934836992789,25,46.2132034355964,0,101.934836992789
53,396357,156.168405963358,25,46.2132034355964,0,156.168405963358
53,396358,184.588275884136,25,46.2132034355964,0,184.588275884136
53,396359,213.418163561383,25,46.2132034355964,0,213.418163561383
53,396362,301.184457762921,25,46.2132034355964,0,301.184457762921
53,396363,330.677244494708,25,46.2132034355964,0,330.677244494708
53,396364,360.240229324115,25,46.2132034355964,0,360.240229324115
53,396365,389.857443164777,25,46.2132034355964,0,389.857443164777
53,396366,419.517400741964,25,46.2132034355964,0,419.517400741964
53,396427,2241.80037993892,25,46.2132034355964,0,2241.80037993892
53,396428,2271.71050674742,25,46.2132034355964,0,2271.71050674742
53,396429,2301.62084837058,25,46.2132034355964,0,2301.62084837058
53,396430,2331.53139654225,25,46.2132034355964,0,2331.53139654225
53,396431,2361.44214341487,25,46.2132034355964,0,2361.44214341487
53,396432,2391.35308152878,25,46.2132034355964,0,2391.35308152878
53,396433,2421.2642037949,25,46.2132034355964,0,2421.2642037949
53,396434,2451.17550347267,25,46.2132034355964,0,2451.17550347267
51,397020,318.076648361089,25,46.2132034355964,0,318.076648361089
51,397021,302.89074739461,25,46.2132034355964,0,302.89074739461
51,397022,290.005158706659,25,46.2132034355964,0,290.005158706659
51,397023,279.73794145783,25,46.2132034355964,0,279.73794145783
51,397024,272.385345239396,25,46.2132034355964,0,272.385345239396
53,397047,243.156812255878,25,46.2132034355964,0,243.156812255878
53,397048,213.392966236956,25,46.2132034355964,0,213.392966236956
53,397049,183.679369353957,25,46.2132034355964,0,183.679369353957
53,397050,154.045101859303,25,46.2132034355964,0,154.045101859303
53,397051,124.546802779476,25,46.2132034355964,0,124.546802779476
53,397052,95.3108008183748,25,46.2132034355964,0,95.3108008183748
53,397053,66.6829919702037,25,46.2132034355964,0,66.6829919702037
53,397054,39.9915500871622,25,46.2132034355964,53,0
53,397055,23.2864066366346,25,46.2132034355964,53,0
53,397056,35.7130142243672,25,46.2132034355964,53,0
53,397057,61.6345035761383,25,46.2132034355964,0,61.6345035761383
53,397058,90.0690550199298,25,46.2132034355964,0,90.0690550199298
53,397059,119.232073321762,25,46.2132034355964,0,119.232073321762
53,397060,148.695561263875,25,46.2132034355964,0,148.695561263875
53,397063,237.768790635183,25,46.2132034355964,0,237.768790635183
53,397064,267.561208711914,25,46.2132034355964,0,267.561208711914
53,397065,297.378938406358,25,46.2132034355964,0,297.378938406358
53,397066,327.215060170253,25,46.2132034355964,0,327.215060170253
53,397067,357.064963538989,25,46.2132034355964,0,357.064963538989
53,397068,386.925458926143,25,46.2132034355964,0,386.925458926143
53,397131,2271.21510057436,25,46.2132034355964,0,2271.21510057436
53,397132,2301.13204130419,25,46.2132034355964,0,2301.13204130419
53,397133,2331.04902131985,25,46.2132034355964,0,2331.04902131985
53,397134,2360.96603913013,25,46.2132034355964,0,2360.96603913013
53,397135,2390.88309331232,25,46.2132034355964,0,2390.88309331232
53,397136,2420.80018251633,25,46.2132034355964,0,2420.80018251633
53,397137,2450.71730545982,25,46.2132034355964,0,2450.71730545982
53,397138,2480.63446092312,25,46.2132034355964,0,2480.63446092312
51,397724,329.57915050477,25,46.2132034355964,0,329.57915050477
51,397725,317.777536339804,25,46.2132034355964,0,317.777536339804
51,397726,308.436144079455,25,46.2132034355964,0,308.436144079455
51,397727,301.783521028473,25,46.2132034355964,0,301.783521028473
51,397728,297.999795924936,25,46.2132034355964,0,297.999795924936
51,397729,297.194564883322,25,46.2132034355964,0,297.194564883322
51,397730,299.391861343094,25,46.2132034355964,0,299.391861343094
53,397751,212.244850137874,25,46.2132034355964,0,212.244850137874
53,397752,182.344085948081,25,46.2132034355964,0,182.344085948081
53,397753,152.450301957043,25,46.2132034355964,0,152.450301957043
53,397754,122.568605568111,25,46.2132034355964,0,122.568605568111
53,397755,92.7106854238635,25,46.2132034355964,0,92.7106854238635
53,397756,62.9104039926136,25,46.2132034355964,0,62.9104039926136
53,397757,33.3227592888641,25,46.2132034355964,53,0
53,397758,7.30296245242735,25,46.2132034355964,53,0
53,397759,28.0446046905967,25,46.2132034355964,53,0
53,397760,57.5317830555556,25,46.2132034355964,0,57.5317830555556
53,397761,87.3129537259408,25,46.2132034355964,0,87.3129537259408
53,397762,117.16414696038,25,46.2132034355964,0,117.16414696038
53,397763,147.042723024927,25,46.2132034355964,0,147.042723024927
53,397766,236.739044692194,25,46.2132034355964,0,236.739044692194
53,397767,266.646692853342,25,46.2132034355964,0,266.646692853342
53,397768,296.556540903926,25,46.2132034355964,0,296.556540903926
53,397769,326.46798420792,25,46.2132034355964,0,326.46798420792
53,397770,356.380621086265,25,46.2132034355964,0,356.380621086265
53,397833,2241.19514967421,25,46.2132034355964,0,2241.19514967421
53,397834,2271.113566766,25,46.2132034355964,0,2271.113566766
53,397835,2301.03198735637,25,46.2132034355964,0,2301.03198735637
53,397836,2330.95041131027,25,46.2132034355964,0,2330.95041131027
53,397837,2360.86883850235,25,46.2132034355964,0,2360.86883850235
53,397838,2390.787268807,25,46.2132034355964,0,2390.787268807
53,397839,2420.70570210633,25,46.2132034355964,0,2420.70570210633
53,397840,2450.62413829225,25,46.2132034355964,0,2450.62413829225
51,398429,337.345205382069,25,46.2132034355964,0,337.345205382069
51,398430,331.273609518929,25,46.2132034355964,0,331.273609518929
51,398431,327.830408858901,25,46.2132034355964,0,327.830408858901
51,398432,327.098617272075,25,46.2132034355964,0,327.098617272075
51,398433,329.096322844276,25,46.2132034355964,0,329.096322844276
51,398434,333.774519456042,25,46.2132034355964,0,333.774519456042
51,398435,341.022910969048,25,46.2132034355964,0,341.022910969048
50,398442,365.064774849599,50,71.2132034355964,0,365.064774849599
50,398443,353.513065930733,50,71.2132034355964,0,353.513065930733
53,398456,156.657873288079,25,46.2132034355964,0,156.657873288079
53,398457,127.763897857592,25,46.2132034355964,0,127.763897857592
53,398458,99.4775711782411,25,46.2132034355964,0,99.4775711782411
53,398459,72.5135158416693,25,46.2132034355964,0,72.5135158416693
53,398460,49.1007335142442,25,46.2132034355964,0,49.1007335142442
53,398461,36.7940664219599,25,46.2132034355964,53,0
53,398462,45.6834089824858,25,46.2132034355964,53,0
53,398463,67.8998794459725,25,46.2132034355964,0,67.8998794459725
53,398464,94.4672569791908,25,46.2132034355964,0,94.4672569791908
53,398465,122.588665438334,25,46.2132034355964,0,122.588665438334
53,398468,209.955307360663,25,46.2132034355964,0,209.955307360663
53,398469,239.470554138869,25,46.2132034355964,0,239.470554138869
53,398470,269.07491660797,25,46.2132034355964,0,269.07491660797
53,398471,298.74190270808,25,46.2132034355964,0,298.74190270808
53,398472,328.454543824284,25,46.2132034355964,0,328.454543824284
53,398473,358.201478946637,25,46.2132034355964,0,358.201478946637
53,398537,2271.40595814222,25,46.2132034355964,0,2271.40595814222
53,398538,2301.32073723256,25,46.2132034355964,0,2301.32073723256
53,398539,2331.23561521329,25,46.2132034355964,0,2331.23561521329
53,398541,2391.06565299744,25,46.2132034355964,0,2391.06565299744
53,398542,2420.98080583091,25,46.2132034355964,0,2420.98080583091
53,398543,2450.89604359943,25,46.2132034355964,0,2450.89604359943
51,399134,357.674529581794,25,46.2132034355964,0,357.674529581794
51,399135,357.003914522186,25,46.2132034355964,0,357.003914522186
51,399136,358.835179878773,25,46.2132034355964,0,358.835179878773
51,399137,363.130476708715,25,46.2132034355964,0,363.130476708715
51,399138,369.803955323019,25,46.2132034355964,0,369.803955323019
50,399144,405.052887486037,50,71.2132034355964,0,405.052887486037
50,399145,392.398816070845,50,71.2132034355964,0,392.398816070845
50,399146,381.675233915655,50,71.2132034355964,0,381.675233915655
50,399147,373.048658558862,50,71.2132034355964,0,373.048658558862
50,399148,366.667128686784,50,71.2132034355964,0,366.667128686784
50,399149,362.649181722325,50,71.2132034355964,0,362.649181722325
53,399167,109.608242987474,25,46.2132034355964,0,109.608242987474
53,399168,134.602815689475,25,46.2132034355964,0,134.602815689475
53,399169,161.282757646786,25,46.2132034355964,0,161.282757646786
53,399170,188.935429972797,25,46.2132034355964,0,188.935429972797
53,399171,217.189604596643,25,46.2132034355964,0,217.189604596643
53,399172,245.837976832922,25,46.2132034355964,0,245.837976832922
53,399173,274.757267822939,25,46.2132034355964,0,274.757267822939
53,399174,303.87013747696,25,46.2132034355964,0,303.87013747696
53,399240,2272.09212262124,25,46.2132034355964,0,2272.09212262124
53,399241,2301.99814462502,25,46.2132034355964,0,2301.99814462502
53,399242,2331.90449220042,25,46.2132034355964,0,2331.90449220042
53,399243,2361.81115298178,25,46.2132034355964,0,2361.81115298178
51,399838,386.910167975075,25,46.2132034355964,0,386.910167975075
51,399839,388.600535849639,25,46.2132034355964,0,388.600535849639
51,399840,392.570312080808,25,46.2132034355964,0,392.570312080808
51,399841,398.751424417464,25,46.2132034355964,0,398.751424417464
51,399842,407.043145263585,25,46.2132034355964,0,407.043145263585
51,399843,417.319686596865,25,46.2132034355964,0,417.319686596865
50,399850,402.068596877188,50,71.2132034355964,0,402.068596877188
50,399851,396.154783927937,50,71.2132034355964,0,396.154783927937
50,399852,392.438839595447,50,71.2132034355964,0,392.438839595447
50,399853,390.983435169845,50,71.2132034355964,0,390.983435169845
50,399854,391.813761998681,50,71.2132034355964,0,391.813761998681
53,399859,260.590027054767,25,46.2132034355964,0,260.590027054767
53,399860,233.062636942323,25,46.2132034355964,0,233.062636942323
53,399869,112.158590278756,25,46.2132034355964,0,112.158590278756
53,399870,129.974092637348,25,46.2132034355964,0,129.974092637348
53,399871,151.6484375963,25,46.2132034355964,0,151.6484375963
53,399872,175.759782027114,25,46.2132034355964,0,175.759782027114
53,399873,201.434907143205,25,46.2132034355964,0,201.434907143205
53,399874,228.146468605426,25,46.2132034355964,0,228.146468605426
53,399875,255.569694883168,25,46.2132034355964,0,255.569694883168
53,399945,2332.95671226605,25,46.2132034355964,0,2332.95671226605
53,399946,2362.85021476154,25,46.2132034355964,0,2362.85021476154
53,399947,2392.74434944715,25,46.2132034355964,0,2392.74434944715
53,399948,2422.63909291838,25,46.2132034355964,0,2422.63909291838
51,400545,435.570068597251,25,46.2132034355964,0,435.570068597251
51,400546,445.188644180152,25,46.2132034355964,0,445.188644180152
51,400547,456.568459116672,25,46.2132034355964,0,456.568459116672
51,400548,469.581485493707,25,46.2132034355964,0,469.581485493707
50,400549,471.939101416159,50,71.2132034355964,0,471.939101416159
50,400550,459.178846181567,50,71.2132034355964,0,459.178846181567
50,400555,422.245722511846,50,71.2132034355964,0,422.245722511846
50,400556,420.8933924468,50,71.2132034355964,0,420.8933924468
53,400557,411.552562660332,25,46.2132034355964,0,411.552562660332
53,400558,383.190655950316,25,46.2132034355964,0,383.190655950316
53,400559,355.084389811965,25,46.2132034355964,0,355.084389811965
53,400562,273.086300926622,25,46.2132034355964,0,273.086300926622
53,400563,246.95563418071,25,46.2132034355964,0,246.95563418071
53,400564,221.784401749154,25,46.2132034355964,0,221.784401749154
53,400565,197.938966782491,25,46.2132034355964,0,197.938966782491
53,400573,153.499042732778,25,46.2132034355964,0,153.499042732778
53,400575,193.804715059398,25,46.2132034355964,0,193.804715059398
53,400649,2364.26727463354,25,46.2132034355964,0,2364.26727463354
53,400650,2394.1438750467,25,46.2132034355964,0,2394.1438750467
53,400651,2424.02151823785,25,46.2132034355964,0,2424.02151823785
53,400652,2453.9001661181,25,46.2132034355964,0,2453.9001661181
53,400672,3051.63865379253,25,46.2132034355964,0,3051.63865379253
53,400673,3081.53208864847,25,46.2132034355964,0,3081.53208864847
47,400674,3108.12885392522,800,821.213203435596,0,3108.12885392522
47,400675,3108.70582760028,800,821.213203435596,0,3108.70582760028
51,401250,484.026254080609,25,46.2132034355964,0,484.026254080609
51,401251,496.319950309148,25,46.2132034355964,0,496.319950309148
50,401252,498.797910151593,50,71.2132034355964,0,498.797910151593
50,401253,486.742219913897,50,71.2132034355964,0,486.742219913897
50,401254,476.263388393748,50,71.2132034355964,0,476.263388393748
50,401255,467.467469035218,50,71.2132034355964,0,467.467469035218
50,401256,460.450917135518,50,71.2132034355964,0,460.450917135518
53,401259,449.627870961988,25,46.2132034355964,0,449.627870961988
53,401260,421.704138523016,25,46.2132034355964,0,421.704138523016
53,401261,394.073376762383,25,46.2132034355964,0,394.073376762383
53,401262,366.801799104022,25,46.2132034355964,0,366.801799104022
53,401263,339.975853707575,25,46.2132034355964,0,339.975853707575
53,401264,313.709882073004,25,46.2132034355964,0,313.709882073004
53,401265,288.157052392049,25,46.2132034355964,0,288.157052392049
53,401266,263.524896935954,25,46.2132034355964,0,263.524896935954
53,401267,240.096946034624,25,46.2132034355964,0,240.096946034624
53,401268,218.261319095763,25,46.2132034355964,0,218.261319095763
53,401269,198.544078383765,25,46.2132034355964,0,198.544078383765
53,401270,181.636412752669,25,46.2132034355964,0,181.636412752669
53,401352,2366.06165343707,25,46.2132034355964,0,2366.06165343707
53,401353,2395.91603786365,25,46.2132034355964,0,2395.91603786365
53,401354,2425.77201333398,25,46.2132034355964,0,2425.77201333398
53,401355,2455.62952181682,25,46.2132034355964,0,2455.62952181682
53,401356,2485.48850806584,25,46.2132034355964,0,2485.48850806584
53,401375,3053.0323424695,25,46.2132034355964,0,3053.0323424695
53,401376,3082.91242328298,25,46.2132034355964,0,3082.91242328298
53,401377,3112.79325085117,25,46.2132034355964,0,3112.79325085117
47,401378,3138.60871055601,800,821.213203435596,0,3138.60871055601
47,401379,3139.46507158313,800,821.213203435596,0,3139.46507158313
47,401380,3140.60608193396,800,821.213203435596,0,3140.60608193396
47,401381,3142.03143150232,800,821.213203435596,0,3142.03143150232
47,401382,3143.74073353481,800,821.213203435596,0,3143.74073353481
47,401383,3145.73352515813,800,821.213203435596,0,3145.73352515813
50,401957,504.667148016341,50,71.2132034355964,0,504.667148016341
50,401958,496.374762807911,50,71.2132034355964,0,496.374762807911
50,401959,489.772480487971,50,71.2132034355964,0,489.772480487971
50,401960,484.929337904682,50,71.2132034355964,0,484.929337904682
50,401961,481.898376738892,50,71.2132034355964,0,481.898376738892
53,401965,380.514900231969,25,46.2132034355964,0,380.514900231969
53,401966,354.727372318251,25,46.2132034355964,0,354.727372318251
53,401967,329.638780175456,25,46.2132034355964,0,329.638780175456
53,401968,305.421412917568,25,46.2132034355964,0,305.421412917568
53,401970,260.565077604406,25,46.2132034355964,0,260.565077604406
53,401971,240.59419318019,25,46.2132034355964,0,240.59419318019
53,401972,222.8615473087,25,46.2132034355964,0,222.8615473087
53,401973,207.940544619718,25,46.2132034355964,0,207.940544619718
53,401974,196.472818163216,25,46.2132034355964,0,196.472818163216
53,402056,2398.0600117619,25,46.2132034355964,0,2398.0600117619
53,402057,2427.88978207817,25,46.2132034355964,0,2427.88978207817
53,402058,2457.72172245166,25,46.2132034355964,0,2457.72172245166
53,402059,2487.55575481069,25,46.2132034355964,0,2487.55575481069
53,402079,3084.58220822431,25,46.2132034355964,0,3084.58220822431
53,402080,3114.44717522116,25,46.2132034355964,0,3114.44717522116
53,402081,3144.31317019576,25,46.2132034355964,0,3144.31317019576
47,402082,3169.36004163886,800,821.213203435596,0,3169.36004163886
47,402083,3170.49029934603,800,821.213203435596,0,3170.49029934603
47,402084,3171.90222753616,800,821.213203435596,0,3171.90222753616
47,402085,3173.59545026504,800,821.213203435596,0,3173.59545026504
47,402086,3175.56951757269,800,821.213203435596,0,3175.56951757269
47,402087,3177.82390607465,800,821.213203435596,0,3177.82390607465
47,402088,3180.3580196572,800,821.213203435596,0,3180.3580196572
47,402089,3183.17119025486,800,821.213203435596,0,3183.17119025486
47,402090,3186.26267872391,800,821.213203435596,0,3186.26267872391
47,402091,3189.63167580281,800,821.213203435596,0,3189.63167580281
47,402092,3193.27730315292,800,821.213203435596,0,3193.27730315292
47,402093,3197.19861448521,800,821.213203435596,0,3197.19861448521
50,402662,519.161354236538,50,71.2132034355964,0,519.161354236538
50,402663,514.594856637492,50,71.2132034355964,0,514.594856637492
53,402664,500.572484395275,25,46.2132034355964,0,500.572484395275
53,402665,473.763022746463,25,46.2132034355964,0,473.763022746463
53,402666,447.34807284738,25,46.2132034355964,0,447.34807284738
53,402667,421.401829383011,25,46.2132034355964,0,421.401829383011
53,402668,396.016429339112,25,46.2132034355964,0,396.016429339112
53,402669,371.306921259774,25,46.2132034355964,0,371.306921259774
53,402670,347.417550242841,25,46.2132034355964,0,347.417550242841
53,402671,324.529483451997,25,46.2132034355964,0,324.529483451997
53,402672,302.869813642839,25,46.2132034355964,0,302.869813642839
53,402673,282.721009787331,25,46.2132034355964,0,282.721009787331
53,402690,391.491899628661,25,46.2132034355964,0,391.491899628661
53,402691,416.764295921424,25,46.2132034355964,0,416.764295921424
53,402692,442.616488856473,25,46.2132034355964,0,442.616488856473
53,402761,2460.17584230319,25,46.2132034355964,0,2460.17584230319
53,402762,2489.98062970378,25,46.2132034355964,0,2489.98062970378
53,402784,3146.23506671416,25,46.2132034355964,0,3146.23506671416
53,402785,3176.0841474064,25,46.2132034355964,0,3176.0841474064
47,402786,3200.37502617243,800,821.213203435596,0,3200.37502617243
47,402787,3201.77378324716,800,821.213203435596,0,3201.77378324716
47,402788,3203.45122605925,800,821.213203435596,0,3203.45122605925
47,402789,3205.40691708641,800,821.213203435596,0,3205.40691708641
47,402790,3207.64034738656,800,821.213203435596,0,3207.64034738656
47,402791,3210.15093725683,800,821.213203435596,0,3210.15093725683
47,402792,3212.93803697977,800,821.213203435596,0,3212.93803697977
47,402793,3216.00092765547,800,821.213203435596,0,3216.00092765547
47,402794,3219.33882211857,800,821.213203435596,0,3219.33882211857
47,402795,3222.95086593506,800,821.213203435596,0,3222.95086593506
53,403370,437.500205573471,25,46.2132034355964,0,437.500205573471
53,403371,413.10510629801,25,46.2132034355964,0,413.10510629801
53,403372,389.481122025406,25,46.2132034355964,0,389.481122025406
53,403373,366.777284702142,25,46.2132034355964,0,366.777284702142
53,403374,345.175209606301,25,46.2132034355964,0,345.175209606301
53,403375,324.894737839168,25,46.2132034355964,0,324.894737839168
53,403376,306.198583634136,25,46.2132034355964,0,306.198583634136
53,403377,289.393972222518,25,46.2132034355964,0,289.393972222518
53,403378,274.828103173746,25,46.2132034355964,0,274.828103173746
53,403379,262.87338782215,25,46.2132034355964,0,262.87338782215
53,403380,253.898929404875,25,46.2132034355964,0,253.898929404875
53,403381,248.228183889435,25,46.2132034355964,0,248.228183889435
53,403382,246.089643824293,25,46.2132034355964,0,246.089643824293
53,403383,247.574859214117,25,46.2132034355964,0,247.574859214117
53,403384,252.619923261201,25,46.2132034355964,0,252.619923261201
53,403385,261.018499226981,25,46.2132034355964,0,261.018499226981
53,403390,341.4008822937,25,46.2132034355964,0,341.4008822937
53,403391,362.781329887493,25,46.2132034355964,0,362.781329887493
53,403392,385.300325451996,25,46.2132034355964,0,385.300325451996
53,403393,408.769745538305,25,46.2132034355964,0,408.769745538305
53,403394,433.035085798903,25,46.2132034355964,0,433.035085798903
53,403395,457.969849218842,25,46.2132034355964,0,457.969849218842
53,403396,483.470471326094,25,46.2132034355964,0,483.470471326094
47,403490,3231.64607756856,800,821.213203435596,0,3231.64607756856
47,403491,3233.30803157826,800,821.213203435596,0,3233.30803157826
47,403492,3235.24568476798,800,821.213203435596,0,3235.24568476798
47,403493,3237.45854210951,800,821.213203435596,0,3237.45854210951
47,403494,3239.94603971712,800,821.213203435596,0,3239.94603971712
47,403495,3242.70754555615,800,821.213203435596,0,3242.70754555615
53,404075,409.037470885866,25,46.2132034355964,0,409.037470885866
53,404076,387.481086591748,25,46.2132034355964,0,387.481086591748
53,404077,367.099248923378,25,46.2132034355964,0,367.099248923378
53,404078,348.098335060491,25,46.2132034355964,0,348.098335060491
53,404079,330.716448639538,25,46.2132034355964,0,330.716448639538
53,404080,315.221531858088,25,46.2132034355964,0,315.221531858088
53,404081,301.904264812349,25,46.2132034355964,0,301.904264812349
53,404082,291.063708308976,25,46.2132034355964,0,291.063708308976
53,404083,282.984638622872,25,46.2132034355964,0,282.984638622872
53,404084,277.907997935817,25,46.2132034355964,0,277.907997935817
53,404085,275.999512962693,25,46.2132034355964,0,275.999512962693
53,404086,277.32459900533,25,46.2132034355964,0,277.32459900533
53,404087,281.837650944912,25,46.2132034355964,0,281.837650944912
53,404091,327.764910846519,25,46.2132034355964,0,327.764910846519
53,404092,344.826037517521,25,46.2132034355964,0,344.826037517521
53,404093,363.552584555433,25,46.2132034355964,0,363.552584555433
53,404094,383.70078647188,25,46.2132034355964,0,383.70078647188
53,404095,405.058553247133,25,46.2132034355964,0,405.058553247133
53,404096,427.444611377579,25,46.2132034355964,0,427.444611377579
53,404097,450.705764603216,25,46.2132034355964,0,450.705764603216
53,404098,474.713390283573,25,46.2132034355964,0,474.713390283573
53,404099,499.359835984987,25,46.2132034355964,0,499.359835984987
53,404100,524.555063736334,25,46.2132034355964,0,524.555063736334
53,404780,390.086125527182,25,46.2132034355964,0,390.086125527182
53,404781,372.260264604649,25,46.2132034355964,0,372.260264604649
53,404782,356.05976986679,25,46.2132034355964,0,356.05976986679
53,404783,341.715891745022,25,46.2132034355964,0,341.715891745022
53,404784,329.471208857066,25,46.2132034355964,0,329.471208857066
53,404785,319.567113608627,25,46.2132034355964,0,319.567113608627
53,404794,353.319991867717,25,46.2132034355964,0,353.319991867717
53,404795,369.202163720007,25,46.2132034355964,0,369.202163720007
53,404796,386.750300035897,25,46.2132034355964,0,386.750300035897
53,404797,405.748305355319,25,46.2132034355964,0,405.748305355319
53,404798,426.002248654718,25,46.2132034355964,0,426.002248654718
53,404799,447.341570009319,25,46.2132034355964,0,447.341570009319
53,404800,469.618334921663,25,46.2132034355964,0,469.618334921663
53,404801,492.705405459786,25,46.2132034355964,0,492.705405459786
53,404802,516.494132086164,25,46.2132034355964,0,516.494132086164
53,404808,669.633237281996,25,46.2132034355964,0,669.633237281996
53,404809,696.382506398405,25,46.2132034355964,0,696.382506398405
53,404810,723.380158556661,25,46.2132034355964,0,723.380158556661
53,404811,750.599392616162,25,46.2132034355964,0,750.599392616162
53,405485,382.064318631289,25,46.2132034355964,0,382.064318631289
53,405486,368.733346379583,25,46.2132034355964,0,368.733346379583
53,405487,357.415393284317,25,46.2132034355964,0,357.415393284317
53,405488,348.306749062969,25,46.2132034355964,0,348.306749062969
53,405489,341.584198979871,25,46.2132034355964,0,341.584198979871
53,405491,335.820113277073,25,46.2132034355964,0,335.820113277073
53,405492,336.910015316473,25,46.2132034355964,0,336.910015316473
53,405493,340.634575201315,25,46.2132034355964,0,340.634575201315
53,405494,346.908942934552,25,46.2132034355964,0,346.908942934552
53,405503,489.628908743563,25,46.2132034355964,0,489.628908743563
53,405504,511.814247319701,25,46.2132034355964,0,511.814247319701
53,405505,534.753704707706,25,46.2132034355964,0,534.753704707706
53,405511,683.816484834737,25,46.2132034355964,0,683.816484834737
53,405512,710.031762712591,25,46.2132034355964,0,710.031762712591
53,405513,736.529407860646,25,46.2132034355964,0,736.529407860646
53,405514,763.280013281287,25,46.2132034355964,0,763.280013281287
53,405515,790.257890917311,25,46.2132034355964,0,790.257890917311
53,405516,817.440539175369,25,46.2132034355964,0,817.440539175369
53,406191,377.22862606429,25,46.2132034355964,0,377.22862606429
53,406193,367.173104482828,25,46.2132034355964,0,367.173104482828
53,406194,365.730703455289,25,46.2132034355964,0,365.730703455289
53,406195,366.731729374014,25,46.2132034355964,0,366.731729374014
53,406196,370.156359251826,25,46.2132034355964,0,370.156359251826
53,406197,375.938365087637,25,46.2132034355964,0,375.938365087637
53,406198,383.971266477585,25,46.2132034355964,0,383.971266477585
53,406204,470.804699494809,25,46.2132034355964,0,470.804699494809
53,406205,490.197745599614,25,46.2132034355964,0,490.197745599614
53,406206,510.608411207242,25,46.2132034355964,0,510.608411207242
53,406207,531.919565803102,25,46.2132034355964,0,531.919565803102
53,406208,554.027304789009,25,46.2132034355964,0,554.027304789009
53,406209,576.840046721131,25,46.2132034355964,0,576.840046721131
53,406210,600.277418889685,25,46.2132034355964,0,600.277418889685
53,406211,624.26907246565,25,46.2132034355964,0,624.26907246565
53,406213,673.677022380444,25,46.2132034355964,0,673.677022380444
53,406214,698.992625800188,25,46.2132034355964,0,698.992625800188
53,406215,724.659234699731,25,46.2132034355964,0,724.659234699731
53,406216,750.640844228379,25,46.2132034355964,0,750.640844228379
53,406217,776.905851878474,25,46.2132034355964,0,776.905851878474
53,406218,803.426464224612,25,46.2132034355964,0,803.426464224612
53,406219,830.178185222062,25,46.2132034355964,0,830.178185222062
53,406900,405.096146041261,25,46.2132034355964,0,405.096146041261
53,406904,446.388086253162,25,46.2132034355964,0,446.388086253162
53,406905,461.007694424217,25,46.2132034355964,0,461.007694424217
53,406906,477.057889352015,25,46.2132034355964,0,477.057889352015
53,406907,494.399362836323,25,46.2132034355964,0,494.399362836323
53,406908,512.901155057585,25,46.2132034355964,0,512.901155057585
53,406909,532.442320301789,25,46.2132034355964,0,532.442320301789
53,406910,552.912668277998,25,46.2132034355964,0,552.912668277998
53,406911,574.212833136733,25,46.2132034355964,0,574.212833136733
53,406912,596.253890083035,25,46.2132034355964,0,596.253890083035
53,406913,618.956694639548,25,46.2132034355964,0,618.956694639548
53,406914,642.251074691451,25,46.2132034355964,0,642.251074691451
53,406915,666.074966308539,25,46.2132034355964,0,666.074966308539
53,406916,690.373553407081,25,46.2132034355964,0,690.373553407081
53,406917,715.098448078211,25,46.2132034355964,0,715.098448078211
53,406918,740.206932107658,25,46.2132034355964,0,740.206932107658
53,406919,765.661269056835,25,46.2132034355964,0,765.661269056835
53,406920,791.428089102758,25,46.2132034355964,0,791.428089102758
53,406921,817.477844472633,25,46.2132034355964,0,817.477844472633
53,406922,843.784330784417,25,46.2132034355964,0,843.784330784417
53,407616,638.491341823492,25,46.2132034355964,0,638.491341823492
53,407617,661.097878215209,25,46.2132034355964,0,661.097878215209
53,407618,684.266022756111,25,46.2132034355964,0,684.266022756111
53,407619,707.940639840367,25,46.2132034355964,0,707.940639840367
53,407620,732.072594418531,25,46.2132034355964,0,732.072594418531
53,407621,756.618128104912,25,46.2132034355964,0,756.618128104912
53,407622,781.538274415087,25,46.2132034355964,0,781.538274415087
53,407623,806.798321322702,25,46.2132034355964,0,806.798321322702
53,407624,832.367324275296,25,46.2132034355964,0,832.367324275296
53,408321,703.259207252611,25,46.2132034355964,0,703.259207252611
53,408322,726.315117123141,25,46.2132034355964,0,726.315117123141
53,408323,749.856099583812,25,46.2132034355964,0,749.856099583812
53,408324,773.837886604115,25,46.2132034355964,0,773.837886604115
53,408325,798.220748506826,25,46.2132034355964,0,798.220748506826
