"OID","cell_id","NEAR_DIST","uc","radius","assigned_community","fringe_dist"
55,2859,21330.2856108893,720,741.213203435596,0,21330.2856108893
55,3561,21327.6699192728,720,741.213203435596,0,21327.6699192728
55,3562,21307.8830673623,720,741.213203435596,0,21307.8830673623
55,3563,21288.1197392409,720,741.213203435596,0,21288.1197392409
55,4264,21305.3067262971,720,741.213203435596,0,21305.3067262971
55,4265,21285.4989787243,720,741.213203435596,0,21285.4989787243
55,4266,21265.7147410458,720,741.213203435596,0,21265.7147410458
55,4267,21245.9540789363,720,741.213203435596,0,21245.9540789363
55,4967,21282.9620731787,720,741.213203435596,0,21282.9620731787
55,4968,21263.1334032591,720,741.213203435596,0,21263.1334032591
55,4969,21243.3282291982,720,741.213203435596,0,21243.3282291982
55,4970,21223.5466167698,720,741.213203435596,0,21223.5466167698
55,5666,21340.2679992089,720,741.213203435596,0,21340.2679992089
55,5671,21240.7863994462,720,741.213203435596,0,21240.7863994462
55,5672,21220.9602622017,720,741.213203435596,0,21220.9602622017
55,5673,21201.1576725125,720,741.213203435596,0,21201.1576725125
55,5674,21181.3786964267,720,741.213203435596,0,21181.3786964267
55,6368,21338.0313064264,720,741.213203435596,0,21338.0313064264
55,6369,21318.0443587891,720,741.213203435596,0,21318.0443587891
55,6370,21298.0805511643,720,741.213203435596,0,21298.0805511643
55,6375,21198.6108987619,720,741.213203435596,0,21198.6108987619
55,6376,21178.787304894,720,741.213203435596,0,21178.787304894
55,6377,21158.9873105103,720,741.213203435596,0,21158.9873105103
55,7048,21782.2635880177,720,741.213203435596,0,21782.2635880177
55,7071,21315.8474153182,720,741.213203435596,0,21315.8474153182
55,7072,21295.8395391915,720,741.213203435596,0,21295.8395391915
55,7073,21275.8547881355,720,741.213203435596,0,21275.8547881355
55,7077,21196.1483416901,720,741.213203435596,0,21196.1483416901
55,7078,21176.2801977779,720,741.213203435596,0,21176.2801977779
55,7079,21156.4355728399,720,741.213203435596,0,21156.4355728399
55,7080,21136.6145331221,720,741.213203435596,0,21136.6145331221
55,7750,21781.140500634,720,741.213203435596,0,21781.140500634
55,7751,21760.5761859555,720,741.213203435596,0,21760.5761859555
55,7752,21740.0334643505,720,741.213203435596,0,21740.0334643505
55,7764,21495.2275348164,720,741.213203435596,0,21495.2275348164
55,7773,21313.7343051559,720,741.213203435596,0,21313.7343051559
55,7774,21293.6824298375,720,741.213203435596,0,21293.6824298375
55,7775,21273.6535993529,720,741.213203435596,0,21273.6535993529
55,7776,21253.6478788548,720,741.213203435596,0,21253.6478788548
55,7779,21193.7700313388,720,741.213203435596,0,21193.7700313388
55,7780,21173.8574056979,720,741.213203435596,0,21173.8574056979
55,8454,21738.9083042807,720,741.213203435596,0,21738.9083042807
55,8455,21718.3449766144,720,741.213203435596,0,21718.3449766144
55,8466,21493.5900430536,720,741.213203435596,0,21493.5900430536
55,8467,21473.2904585523,720,741.213203435596,0,21473.2904585523
55,8468,21453.0132605149,720,741.213203435596,0,21453.0132605149
55,8476,21291.6092492792,720,741.213203435596,0,21291.6092492792
55,8477,21271.5364090833,720,741.213203435596,0,21271.5364090833
55,8478,21251.4865984028,720,741.213203435596,0,21251.4865984028
55,8479,21231.4598824823,720,741.213203435596,0,21231.4598824823
55,8481,21191.4759967506,720,741.213203435596,0,21191.4759967506
55,8482,21171.5189582846,720,741.213203435596,0,21171.5189582846
55,8483,21151.5852772645,720,741.213203435596,0,21151.5852772645
55,9157,21717.2600014201,720,741.213203435596,0,21717.2600014201
55,9158,21696.6760450907,720,741.213203435596,0,21696.6760450907
55,9159,21676.1137086714,720,741.213203435596,0,21676.1137086714
55,9170,21451.3726565821,720,741.213203435596,0,21451.3726565821
55,9171,21431.0746111882,720,741.213203435596,0,21431.0746111882
55,9179,21269.5032430868,720,741.213203435596,0,21269.5032430868
55,9180,21249.4094123499,720,741.213203435596,0,21249.4094123499
55,9181,21229.3385956658,720,741.213203435596,0,21229.3385956658
55,9182,21209.2908583737,720,741.213203435596,0,21209.2908583737
55,9861,21675.0267284325,720,741.213203435596,0,21675.0267284325
55,9865,21592.8249405466,720,741.213203435596,0,21592.8249405466
55,9869,21510.9727583819,720,741.213203435596,0,21510.9727583819
55,9873,21429.474188048,720,741.213203435596,0,21429.474188048
55,9874,21409.1552709413,720,741.213203435596,0,21409.1552709413
55,9883,21227.3014991295,720,741.213203435596,0,21227.3014991295
55,9884,21207.2096506673,720,741.213203435596,0,21207.2096506673
55,9885,21187.1408660849,720,741.213203435596,0,21187.1408660849
55,10567,21591.6509982846,720,741.213203435596,0,21591.6509982846
55,10568,21571.1124277931,720,741.213203435596,0,21571.1124277931
55,10569,21550.5956901848,720,741.213203435596,0,21550.5956901848
55,10572,21489.1770996926,720,741.213203435596,0,21489.1770996926
55,11271,21549.4195565039,720,741.213203435596,0,21549.4195565039
55,15481,21585.7560533646,720,741.213203435596,0,21585.7560533646
55,15482,21564.9214266995,720,741.213203435596,0,21564.9214266995
55,16183,21585.2458501726,720,741.213203435596,0,21585.2458501726
55,16184,21564.3692357885,720,741.213203435596,0,21564.3692357885
55,16185,21543.513813397,720,741.213203435596,0,21543.513813397
55,16886,21563.9001298013,720,741.213203435596,0,21563.9001298013
55,16887,21543.0027171162,720,741.213203435596,0,21543.0027171162
55,16888,21522.1264773379,720,741.213203435596,0,21522.1264773379
55,17589,21542.5747902576,720,741.213203435596,0,21542.5747902576
55,17590,21521.6565578052,720,741.213203435596,0,21521.6565578052
55,18291,21542.2300384444,720,741.213203435596,0,21542.2300384444
55,18292,21521.2698921292,720,741.213203435596,0,21521.2698921292
55,18293,21500.3308184966,720,741.213203435596,0,21500.3308184966
55,18995,21499.9854961814,720,741.213203435596,0,21499.9854961814
55,18996,21479.0255600111,720,741.213203435596,0,21479.0255600111
55,19698,21478.7216633669,720,741.213203435596,0,21478.7216633669
55,19699,21457.7408433567,720,741.213203435596,0,21457.7408433567
55,19725,20919.8282688428,720,741.213203435596,0,20919.8282688428
55,19726,20899.4392887667,720,741.213203435596,0,20899.4392887667
55,19727,20879.0731400186,720,741.213203435596,0,20879.0731400186
55,20401,21457.478454816,720,741.213203435596,0,21457.478454816
55,20402,21436.4767297209,720,741.213203435596,0,21436.4767297209
55,20428,20898.0138821139,720,741.213203435596,0,20898.0138821139
55,20429,20877.6034879692,720,741.213203435596,0,20877.6034879692
55,20430,20857.2159074201,720,741.213203435596,0,20857.2159074201
55,21105,21415.2332804774,720,741.213203435596,0,21415.2332804774
55,21106,21394.231684544,720,741.213203435596,0,21394.231684544
55,21132,20855.7877244523,720,741.213203435596,0,20855.7877244523
55,21808,21394.0105571838,720,741.213203435596,0,21394.0105571838
55,21809,21372.987993772,720,741.213203435596,0,21372.987993772
55,22511,21372.8086215806,720,741.213203435596,0,21372.8086215806
55,22512,21351.765069476,720,741.213203435596,0,21351.765069476
55,23215,21330.5629736414,720,741.213203435596,0,21330.5629736414
55,26729,21246.0370302704,720,741.213203435596,0,21246.0370302704
55,27431,21246.1942842525,720,741.213203435596,0,21246.1942842525
55,27432,21224.9823528015,720,741.213203435596,0,21224.9823528015
55,27433,21203.7912909235,720,741.213203435596,0,21203.7912909235
55,28134,21225.1820299079,720,741.213203435596,0,21225.1820299079
55,28135,21203.9489636274,720,741.213203435596,0,21203.9489636274
55,28136,21182.7367455407,720,741.213203435596,0,21182.7367455407
55,28838,21182.9369261596,720,741.213203435596,0,21182.9369261596
55,57711,19260.3872061584,720,741.213203435596,0,19260.3872061584
55,58413,19260.2867704862,720,741.213203435596,0,19260.2867704862
55,58414,19239.1996725062,720,741.213203435596,0,19239.1996725062
55,59116,19239.1457440424,720,741.213203435596,0,19239.1457440424
55,59117,19218.0353349877,720,741.213203435596,0,19218.0353349877
55,59118,19196.9482123506,720,741.213203435596,0,19196.9482123506
55,59819,19218.0280161733,720,741.213203435596,0,19218.0280161733
55,59820,19196.8942703211,720,741.213203435596,0,19196.8942703211
55,59821,19175.7837854284,720,741.213203435596,0,19175.7837854284
55,60523,19175.7765554824,720,741.213203435596,0,19175.7765554824
55,60524,19154.6426824983,720,741.213203435596,0,19154.6426824983
55,60525,19133.5321218093,720,741.213203435596,0,19133.5321218093
55,61226,19154.6822676988,720,741.213203435596,0,19154.6822676988
55,61227,19133.5249808725,720,741.213203435596,0,19133.5249808725
55,61228,19112.3909805715,720,741.213203435596,0,19112.3909805715
55,61930,19112.4307581225,720,741.213203435596,0,19112.4307581225
55,61931,19091.2732923453,720,741.213203435596,0,19091.2732923453
55,61932,19070.1391645453,720,741.213203435596,0,19070.1391645453
55,62634,19070.1791350433,720,741.213203435596,0,19070.1791350433
55,62635,19049.0214899047,720,741.213203435596,0,19049.0214899047
55,62636,19027.8872344182,720,741.213203435596,0,19027.8872344182
55,63338,19027.927398469,720,741.213203435596,0,19027.927398469
55,63339,19006.7695735505,720,741.213203435596,0,19006.7695735505
55,64003,19828.3526741627,720,741.213203435596,0,19828.3526741627
55,64042,18985.6755484032,720,741.213203435596,0,18985.6755484032
55,64043,18964.517543286,720,741.213203435596,0,18964.517543286
55,64706,19808.1832093539,720,741.213203435596,0,19808.1832093539
55,64711,19698.1989968336,720,741.213203435596,0,19698.1989968336
55,64745,18964.6052378447,720,741.213203435596,0,18964.6052378447
55,64746,18943.4235848496,720,741.213203435596,0,18943.4235848496
55,64747,18922.2653991139,720,741.213203435596,0,18922.2653991139
55,65414,19677.9409987,720,741.213203435596,0,19677.9409987
55,65415,19655.983768646,720,741.213203435596,0,19655.983768646
55,65449,18922.3533941041,720,741.213203435596,0,18922.3533941041
55,65450,18901.1715078156,720,741.213203435596,0,18901.1715078156
55,65451,18880.0131410342,720,741.213203435596,0,18880.0131410342
55,66117,19657.7076376732,720,741.213203435596,0,19657.7076376732
55,66118,19635.7276634472,720,741.213203435596,0,19635.7276634472
55,66119,19613.7685728165,720,741.213203435596,0,19613.7685728165
55,66153,18880.101437548,720,741.213203435596,0,18880.101437548
55,66154,18858.9193173034,720,741.213203435596,0,18858.9193173034
55,66155,18837.7607690526,720,741.213203435596,0,18837.7607690526
55,66821,19615.4962522827,720,741.213203435596,0,19615.4962522827
55,66822,19593.5143689889,720,741.213203435596,0,19593.5143689889
55,66857,18837.8493681845,720,741.213203435596,0,18837.8493681845
55,66858,18816.6670133218,720,741.213203435596,0,18816.6670133218
55,66859,18795.5082831679,720,741.213203435596,0,18795.5082831679
55,67525,19573.2849163857,720,741.213203435596,0,19573.2849163857
55,67526,19551.301116328,720,741.213203435596,0,19551.301116328
55,67560,18816.8033738769,720,741.213203435596,0,18816.8033738769
55,67561,18795.5971860251,720,741.213203435596,0,18795.5971860251
55,67562,18774.414595872,720,741.213203435596,0,18774.414595872
55,67563,18753.2556833849,720,741.213203435596,0,18753.2556833849
55,68229,19531.073631043,720,741.213203435596,0,19531.073631043
55,68264,18774.5513677242,720,741.213203435596,0,18774.5513677242
55,68265,18753.3448910764,720,741.213203435596,0,18753.3448910764
55,68266,18732.1620649626,720,741.213203435596,0,18732.1620649626
55,68932,19510.8710315964,720,741.213203435596,0,19510.8710315964
55,68933,19488.8623973293,720,741.213203435596,0,19488.8623973293
55,68968,18732.2992497071,720,741.213203435596,0,18732.2992497071
55,68969,18711.0924833523,720,741.213203435596,0,18711.0924833523
55,68970,18689.9094205963,720,741.213203435596,0,18689.9094205963
55,69635,19490.6933953729,720,741.213203435596,0,19490.6933953729
55,69636,19468.6618320753,720,741.213203435596,0,19468.6618320753
55,69637,19446.6512163224,720,741.213203435596,0,19446.6512163224
55,69672,18690.0470198453,720,741.213203435596,0,18690.0470198453
55,69673,18668.8399628593,720,741.213203435596,0,18668.8399628593
55,70339,19448.4862884466,720,741.213203435596,0,19448.4862884466
55,70375,18669.0257560079,720,741.213203435596,0,18669.0257560079
55,70376,18647.7946781538,720,741.213203435596,0,18647.7946781538
55,70377,18626.5873296097,720,741.213203435596,0,18626.5873296097
55,71078,18648.0287736756,720,741.213203435596,0,18648.0287736756
55,71079,18626.7736484131,720,741.213203435596,0,18626.7736484131
55,71080,18605.5422246478,720,741.213203435596,0,18605.5422246478
55,71782,18605.7769558501,720,741.213203435596,0,18605.7769558501
55,71783,18584.5214302042,720,741.213203435596,0,18584.5214302042
55,72485,18584.8046829504,720,741.213203435596,0,18584.8046829504
55,72486,18563.5250288639,720,741.213203435596,0,18563.5250288639
55,72487,18542.2691014047,720,741.213203435596,0,18542.2691014047
55,73189,18542.5531034899,720,741.213203435596,0,18542.5531034899
55,73190,18521.2729927502,720,741.213203435596,0,18521.2729927502
55,73191,18500.0166620363,720,741.213203435596,0,18500.0166620363
55,73892,18521.6057372249,720,741.213203435596,0,18521.6057372249
55,73893,18500.3014166277,720,741.213203435596,0,18500.3014166277
55,73894,18479.0208475437,720,741.213203435596,0,18479.0208475437
55,73895,18457.7641121298,720,741.213203435596,0,18457.7641121298
55,74559,19283.6399378802,720,741.213203435596,0,19283.6399378802
55,74560,19261.5097547576,720,741.213203435596,0,19261.5097547576
55,74596,18479.3544565577,720,741.213203435596,0,18479.3544565577
55,74597,18458.0496224069,720,741.213203435596,0,18458.0496224069
55,74598,18436.7685932811,720,741.213203435596,0,18436.7685932811
55,74599,18415.5114517054,720,741.213203435596,0,18415.5114517054
55,75263,19241.4421317871,720,741.213203435596,0,19241.4421317871
55,75300,18437.1030705346,720,741.213203435596,0,18437.1030705346
55,75301,18415.7977208804,720,741.213203435596,0,18415.7977208804
55,75302,18394.5162299967,720,741.213203435596,0,18394.5162299967
55,75303,18373.2586807918,720,741.213203435596,0,18373.2586807918
55,76004,18394.8515792214,720,741.213203435596,0,18394.8515792214
55,76005,18373.5457120922,720,741.213203435596,0,18373.5457120922
55,76006,18352.2637577276,720,741.213203435596,0,18352.2637577276
55,76708,18352.5999826752,720,741.213203435596,0,18352.5999826752
55,76709,18331.2935960928,720,741.213203435596,0,18331.2935960928
55,77412,18310.3482809614,720,741.213203435596,0,18310.3482809614
55,78078,19094.8147233288,720,741.213203435596,0,19094.8147233288
55,78781,19074.8058915609,720,741.213203435596,0,19074.8058915609
55,78782,19052.6198582144,720,741.213203435596,0,19052.6198582144
55,79484,19054.8230029515,720,741.213203435596,0,19054.8230029515
55,80185,19079.3945605988,720,741.213203435596,0,19079.3945605988
55,80888,19059.5106078098,720,741.213203435596,0,19059.5106078098
55,80889,19037.2125920291,720,741.213203435596,0,19037.2125920291
55,81591,19039.6528805009,720,741.213203435596,0,19039.6528805009
55,81592,19017.3314608558,720,741.213203435596,0,19017.3314608558
55,81593,18995.030814307,720,741.213203435596,0,18995.030814307
55,82294,19019.8214608146,720,741.213203435596,0,19019.8214608146
55,82295,18997.4766192927,720,741.213203435596,0,18997.4766192927
55,82296,18975.1525177495,720,741.213203435596,0,18975.1525177495
55,82998,18977.6481498547,720,741.213203435596,0,18977.6481498547
55,92148,18474.248943862,720,741.213203435596,0,18474.248943862
55,92850,18477.0073982052,720,741.213203435596,0,18477.0073982052
55,92851,18454.5356791792,720,741.213203435596,0,18454.5356791792
55,93553,18457.3456746884,720,741.213203435596,0,18457.3456746884
55,93554,18434.8498670068,720,741.213203435596,0,18434.8498670068
55,94262,18302.9081834419,720,741.213203435596,0,18302.9081834419
55,94964,18305.594949647,720,741.213203435596,0,18305.594949647
55,94965,18283.15637409,720,741.213203435596,0,18283.15637409
55,94966,18260.7391248009,720,741.213203435596,0,18260.7391248009
55,95668,18263.4321916262,720,741.213203435596,0,18263.4321916262
55,95669,18240.9905812136,720,741.213203435596,0,18240.9905812136
55,95670,18218.5703392176,720,741.213203435596,0,18218.5703392176
55,96372,18221.2697355202,720,741.213203435596,0,18221.2697355202
55,97120,17212.8023541075,720,741.213203435596,0,17212.8023541075
55,97823,17192.0007032299,720,741.213203435596,0,17192.0007032299
55,97824,17170.5505906905,720,741.213203435596,0,17170.5505906905
55,98526,17171.2259570905,720,741.213203435596,0,17171.2259570905
55,98527,17149.7497445717,720,741.213203435596,0,17149.7497445717
55,98528,17128.2987371263,720,741.213203435596,0,17128.2987371263
55,99230,17128.9758715084,720,741.213203435596,0,17128.9758715084
55,99231,17107.498699913,720,741.213203435596,0,17107.498699913
55,99933,17108.2290697569,720,741.213203435596,0,17108.2290697569
55,99934,17086.7257044206,720,741.213203435596,0,17086.7257044206
55,99935,17065.2475694662,720,741.213203435596,0,17065.2475694662
55,100637,17065.9798493965,720,741.213203435596,0,17065.9798493965
55,100638,17044.4754560744,720,741.213203435596,0,17044.4754560744
55,100639,17022.9963534412,720,741.213203435596,0,17022.9963534412
55,101340,17045.2612339387,720,741.213203435596,0,17045.2612339387
55,101341,17023.730552661,720,741.213203435596,0,17023.730552661
55,101342,17002.2251267136,720,741.213203435596,0,17002.2251267136
55,102044,17003.0129588206,720,741.213203435596,0,17003.0129588206
55,102045,16981.4811798321,720,741.213203435596,0,16981.4811798321
55,102046,16959.9747165856,720,741.213203435596,0,16959.9747165856
55,102748,16960.7646128904,720,741.213203435596,0,16960.7646128904
55,102749,16939.2317311935,720,741.213203435596,0,16939.2317311935
55,102750,16917.7242259428,720,741.213203435596,0,16917.7242259428
55,103451,16940.0755263387,720,741.213203435596,0,16940.0755263387
55,103452,16918.5161964707,720,741.213203435596,0,16918.5161964707
55,103453,16896.9822070337,720,741.213203435596,0,16896.9822070337
55,104155,16897.828213376,720,741.213203435596,0,16897.828213376
55,104156,16876.2677098927,720,741.213203435596,0,16876.2677098927
55,104157,16854.7326076465,720,741.213203435596,0,16854.7326076465
55,104859,16855.5808359847,720,741.213203435596,0,16855.5808359847
55,104860,16834.0191534876,720,741.213203435596,0,16834.0191534876
55,105562,16834.9216871435,720,741.213203435596,0,16834.9216871435
55,105563,16813.3333945438,720,741.213203435596,0,16813.3333945438
55,105564,16791.7705275902,720,741.213203435596,0,16791.7705275902
55,106266,16792.6754331632,720,741.213203435596,0,16792.6754331632
55,106267,16771.0858894304,720,741.213203435596,0,16771.0858894304
55,106268,16749.5218325386,720,741.213203435596,0,16749.5218325386
55,106970,16750.4291217094,720,741.213203435596,0,16750.4291217094
55,106971,16728.838321025,720,741.213203435596,0,16728.838321025
55,107673,16729.800327666,720,741.213203435596,0,16729.800327666
55,107674,16708.1827532119,720,741.213203435596,0,16708.1827532119
55,107675,16686.5906897181,720,741.213203435596,0,16686.5906897181
55,121010,16790.9877841205,720,741.213203435596,0,16790.9877841205
55,121011,16768.3816913864,720,741.213203435596,0,16768.3816913864
55,121713,16771.4782241545,720,741.213203435596,0,16771.4782241545
55,121714,16748.8456770606,720,741.213203435596,0,16748.8456770606
55,121715,16726.2359010377,720,741.213203435596,0,16726.2359010377
55,122417,16729.3403298255,720,741.213203435596,0,16729.3403298255
55,122418,16706.7040344014,720,741.213203435596,0,16706.7040344014
55,122419,16684.0905576885,720,741.213203435596,0,16684.0905576885
55,123121,16687.2029220055,720,741.213203435596,0,16687.2029220055
55,123122,16664.5628605339,720,741.213203435596,0,16664.5628605339
55,123123,16641.9456656072,720,741.213203435596,0,16641.9456656072
55,123124,16619.3514305811,720,741.213203435596,0,16619.3514305811
55,123824,16667.732671796,720,741.213203435596,0,16667.732671796
55,123825,16645.0660052583,720,741.213203435596,0,16645.0660052583
55,123826,16622.422159896,720,741.213203435596,0,16622.422159896
55,123827,16599.8012291005,720,741.213203435596,0,16599.8012291005
55,124528,16625.6001003673,720,741.213203435596,0,16625.6001003673
55,124529,16602.9295841977,720,741.213203435596,0,16602.9295841977
55,124530,16580.2819369688,720,741.213203435596,0,16580.2819369688
55,124531,16557.6572525243,720,741.213203435596,0,16557.6572525243
55,125232,16583.4680475768,720,741.213203435596,0,16583.4680475768
55,125233,16560.7936634773,720,741.213203435596,0,16560.7936634773
55,125234,16538.1421962782,720,741.213203435596,0,16538.1421962782
55,125235,16515.5137402707,720,741.213203435596,0,16515.5137402707
55,125936,16541.3365182626,720,741.213203435596,0,16541.3365182626
55,125937,16518.6582478063,720,741.213203435596,0,16518.6582478063
55,125938,16496.0029423975,720,741.213203435596,0,16496.0029423975
55,125939,16473.3706967885,720,741.213203435596,0,16473.3706967885
55,126640,16499.2055173138,720,741.213203435596,0,16499.2055173138
55,126641,16476.5233419347,720,741.213203435596,0,16476.5233419347
55,126642,16453.8641799487,720,741.213203435596,0,16453.8641799487
55,127344,16457.0750496647,720,741.213203435596,0,16457.0750496647
55,127345,16434.3889506674,720,741.213203435596,0,16434.3889506674
55,128047,16437.6581767141,720,741.213203435596,0,16437.6581767141
55,128048,16414.9451203066,720,741.213203435596,0,16414.9451203066
55,128049,16392.2550788518,720,741.213203435596,0,16392.2550788518
55,128751,16395.5328005771,720,741.213203435596,0,16395.5328005771
55,128752,16372.8157342771,720,741.213203435596,0,16372.8157342771
55,128753,16350.1217313935,720,741.213203435596,0,16350.1217313935
55,129455,16353.4079921674,720,741.213203435596,0,16353.4079921674
55,131560,16386.8132430693,720,741.213203435596,0,16386.8132430693
55,131561,16363.9198366397,720,741.213203435596,0,16363.9198366397
55,131582,15888.5249788775,720,741.213203435596,0,15888.5249788775
55,132263,16367.6412421062,720,741.213203435596,0,16367.6412421062
55,132264,16344.7208585681,720,741.213203435596,0,16344.7208585681
55,132265,16321.8230114084,720,741.213203435596,0,16321.8230114084
55,132285,15868.7482449176,720,741.213203435596,0,15868.7482449176
55,132286,15846.3462929295,720,741.213203435596,0,15846.3462929295
55,132967,16325.5541057653,720,741.213203435596,0,16325.5541057653
55,132968,16302.6292142899,720,741.213203435596,0,16302.6292142899
55,132969,16279.7269050727,720,741.213203435596,0,16279.7269050727
55,132988,15849.0032843773,720,741.213203435596,0,15849.0032843773
55,132989,15826.5732631053,720,741.213203435596,0,15826.5732631053
55,132990,15804.1679238053,720,741.213203435596,0,15804.1679238053
55,133671,16283.4677379458,720,741.213203435596,0,16283.4677379458
55,133672,16260.5383168762,720,741.213203435596,0,16260.5383168762
55,133673,16237.6315241112,720,741.213203435596,0,16237.6315241112
55,133692,15806.8321007365,720,741.213203435596,0,15806.8321007365
55,133693,15784.3986186134,720,741.213203435596,0,15784.3986186134
55,134375,16241.382145516,720,741.213203435596,0,16241.382145516
55,134376,16218.448173031,720,741.213203435596,0,16218.448173031
55,134396,15764.6612754667,720,741.213203435596,0,15764.6612754667
55,134397,15742.224315072,720,741.213203435596,0,15742.224315072
55,134398,15719.8121499083,720,741.213203435596,0,15719.8121499083
55,135078,16222.2585058326,720,741.213203435596,0,16222.2585058326
55,135079,16199.2973354111,720,741.213203435596,0,16199.2973354111
55,135080,16176.358789536,720,741.213203435596,0,16176.358789536
55,135100,15722.4908123716,720,741.213203435596,0,15722.4908123716
55,135101,15700.050356154,720,741.213203435596,0,15700.050356154
55,135102,15677.6347521724,720,741.213203435596,0,15677.6347521724
55,135782,16180.1791266991,720,741.213203435596,0,16180.1791266991
55,135783,16157.2133146421,720,741.213203435596,0,16157.2133146421
55,135784,16134.2701732354,720,741.213203435596,0,16134.2701732354
55,135804,15680.3207152979,720,741.213203435596,0,15680.3207152979
55,135805,15657.8767455649,720,741.213203435596,0,15657.8767455649
55,135806,15635.4576853317,720,741.213203435596,0,15635.4576853317
55,136486,16138.1005664604,720,741.213203435596,0,16138.1005664604
55,136487,16115.1300902901,720,741.213203435596,0,16115.1300902901
55,136488,16092.1823310474,720,741.213203435596,0,16092.1823310474
55,136508,15638.1509881309,720,741.213203435596,0,15638.1509881309
55,136509,15615.7034870559,720,741.213203435596,0,15615.7034870559
55,136510,15593.2809529991,720,741.213203435596,0,15593.2809529991
55,137189,16119.0206614041,720,741.213203435596,0,16119.0206614041
55,137190,16096.0228324348,720,741.213203435596,0,16096.0228324348
55,137191,16073.047669509,720,741.213203435596,0,16073.047669509
55,137192,16050.0952699672,720,741.213203435596,0,16050.0952699672
55,137198,15912.8644129689,720,741.213203435596,0,15912.8644129689
55,137212,15595.9816348002,720,741.213203435596,0,15595.9816348002
55,137213,15573.5305844166,720,741.213203435596,0,15573.5305844166
55,137893,16076.9485167069,720,741.213203435596,0,16076.9485167069
55,137894,16053.9459320205,720,741.213203435596,0,16053.9459320205
55,137895,16030.9660595339,720,741.213203435596,0,16030.9660595339
55,137896,16008.0089970565,720,741.213203435596,0,16008.0089970565
55,137900,15916.4108198062,720,741.213203435596,0,15916.4108198062
55,137901,15893.5692908965,720,741.213203435596,0,15893.5692908965
55,137902,15870.7511686946,720,741.213203435596,0,15870.7511686946
55,137916,15553.8126592768,720,741.213203435596,0,15553.8126592768
55,137917,15531.3580414748,720,741.213203435596,0,15531.3580414748
55,138597,16034.8772362442,720,741.213203435596,0,16034.8772362442
55,138598,16011.8698726944,720,741.213203435596,0,16011.8698726944
55,138599,15988.885267668,720,741.213203435596,0,15988.885267668
55,138604,15874.3070769988,720,741.213203435596,0,15874.3070769988
55,138605,15851.4611036759,720,741.213203435596,0,15851.4611036759
55,138606,15828.6385868098,720,741.213203435596,0,15828.6385868098
55,138619,15534.127301123,720,741.213203435596,0,15534.127301123
55,138620,15511.6440655715,720,741.213203435596,0,15511.6440655715
55,138621,15489.1858621051,720,741.213203435596,0,15489.1858621051
55,139301,15992.8068277456,720,741.213203435596,0,15992.8068277456
55,139302,15969.7946620097,720,741.213203435596,0,15969.7946620097
55,139303,15946.8053012986,720,741.213203435596,0,15946.8053012986
55,139308,15832.2040466721,720,741.213203435596,0,15832.2040466721
55,139309,15809.3536068999,720,741.213203435596,0,15809.3536068999
55,139310,15786.526673537,720,741.213203435596,0,15786.526673537
55,139311,15763.7233486981,720,741.213203435596,0,15763.7233486981
55,139323,15491.9627553451,720,741.213203435596,0,15491.9627553451
55,139324,15469.4758577458,720,741.213203435596,0,15469.4758577458
55,139325,15447.0140502242,720,741.213203435596,0,15447.0140502242
55,140005,15950.7372990153,720,741.213203435596,0,15950.7372990153
55,140006,15927.7203076036,720,741.213203435596,0,15927.7203076036
55,140007,15904.7261678878,720,741.213203435596,0,15904.7261678878
55,140011,15812.9801182758,720,741.213203435596,0,15812.9801182758
55,140012,15790.1017354409,720,741.213203435596,0,15790.1017354409
55,140013,15767.2468070225,720,741.213203435596,0,15767.2468070225
55,140014,15744.4154351587,720,741.213203435596,0,15744.4154351587
55,140015,15721.6077224816,720,741.213203435596,0,15721.6077224816
55,140027,15449.7986183475,720,741.213203435596,0,15449.7986183475
55,140028,15427.3080399039,720,741.213203435596,0,15427.3080399039
55,140029,15404.8426097876,720,741.213203435596,0,15404.8426097876
55,140709,15908.6686579444,720,741.213203435596,0,15908.6686579444
55,140710,15885.6468171874,720,741.213203435596,0,15885.6468171874
55,140711,15862.6478749732,720,741.213203435596,0,15862.6478749732
55,140715,15770.88309368,720,741.213203435596,0,15770.88309368
55,140716,15748.0001499936,720,741.213203435596,0,15748.0001499936
55,140717,15725.1407105576,720,741.213203435596,0,15725.1407105576
55,140718,15702.3048780273,720,741.213203435596,0,15702.3048780273
55,140719,15679.4927555466,720,741.213203435596,0,15679.4927555466
55,140731,15407.6348944241,720,741.213203435596,0,15407.6348944241
55,141413,15866.6009125043,720,741.213203435596,0,15866.6009125043
55,141414,15843.5741985578,720,741.213203435596,0,15843.5741985578
55,141415,15820.5704301796,720,741.213203435596,0,15820.5704301796
55,141419,15728.7868243619,720,741.213203435596,0,15728.7868243619
55,141420,15705.8992970855,720,741.213203435596,0,15705.8992970855
55,141421,15683.0353240964,720,741.213203435596,0,15683.0353240964
55,141422,15660.1950085609,720,741.213203435596,0,15660.1950085609
55,142116,15847.5885744257,720,741.213203435596,0,15847.5885744257
55,142117,15824.5340707512,720,741.213203435596,0,15824.5340707512
55,142118,15801.5024595962,720,741.213203435596,0,15801.5024595962
55,142119,15778.4938412096,720,741.213203435596,0,15778.4938412096
55,142123,15686.6913173229,720,741.213203435596,0,15686.6913173229
55,142124,15663.7991835509,720,741.213203435596,0,15663.7991835509
55,142125,15640.9306542972,720,741.213203435596,0,15640.9306542972
55,142126,15618.0858332492,720,741.213203435596,0,15618.0858332492
55,142138,15345.835651726,720,741.213203435596,0,15345.835651726
55,142139,15323.3087032135,720,741.213203435596,0,15323.3087032135
55,142140,15300.8069679613,720,741.213203435596,0,15300.8069679613
55,142141,15278.3305573694,720,741.213203435596,0,15278.3305573694
55,142143,15233.454158435,720,741.213203435596,0,15233.454158435
55,142144,15211.0543955559,720,741.213203435596,0,15211.0543955559
55,142145,15188.6804082732,720,741.213203435596,0,15188.6804082732
55,142820,15805.5276127963,720,741.213203435596,0,15805.5276127963
55,142821,15782.4681408303,720,741.213203435596,0,15782.4681408303
55,142822,15759.4316082663,720,741.213203435596,0,15759.4316082663
55,142823,15736.4181158466,720,741.213203435596,0,15736.4181158466
55,142827,15644.596579643,720,741.213203435596,0,15644.596579643
55,142828,15621.6998162916,720,741.213203435596,0,15621.6998162916
55,142829,15598.8267078903,720,741.213203435596,0,15598.8267078903
55,142840,15348.8139096993,720,741.213203435596,0,15348.8139096993
55,142841,15326.23293481,720,741.213203435596,0,15326.23293481
55,142842,15303.6770095198,720,741.213203435596,0,15303.6770095198
55,142843,15281.1462447567,720,741.213203435596,0,15281.1462447567
55,142844,15258.6407519739,720,741.213203435596,0,15258.6407519739
55,142845,15236.1606431619,720,741.213203435596,0,15236.1606431619
55,142846,15213.7060308463,720,741.213203435596,0,15213.7060308463
55,142847,15191.2770280851,720,741.213203435596,0,15191.2770280851
55,142848,15168.873748482,720,741.213203435596,0,15168.873748482
55,142849,15146.4963061796,720,741.213203435596,0,15146.4963061796
55,143524,15763.4675957869,720,741.213203435596,0,15763.4675957869
55,143525,15740.4031309736,720,741.213203435596,0,15740.4031309736
55,143526,15717.3616526168,720,741.213203435596,0,15717.3616526168
55,143527,15694.3432619586,720,741.213203435596,0,15694.3432619586
55,143531,15602.502618477,720,741.213203435596,0,15602.502618477
55,143532,15579.6012022875,720,741.213203435596,0,15579.6012022875
55,143544,15306.6635647986,720,741.213203435596,0,15306.6635647986
55,143545,15284.0786376228,720,741.213203435596,0,15284.0786376228
55,143546,15261.5188178658,720,741.213203435596,0,15261.5188178658
55,143547,15238.9842170316,720,741.213203435596,0,15238.9842170316
55,143548,15216.474947167,720,741.213203435596,0,15216.474947167
55,143550,15171.5328512033,720,741.213203435596,0,15171.5328512033
55,143551,15149.1002518876,720,741.213203435596,0,15149.1002518876
55,143552,15126.6934371121,720,741.213203435596,0,15126.6934371121
55,143553,15104.3125216282,720,741.213203435596,0,15104.3125216282
55,144228,15721.4085318977,720,741.213203435596,0,15721.4085318977
55,144229,15698.3390494955,720,741.213203435596,0,15698.3390494955
55,144230,15675.2926007797,720,741.213203435596,0,15675.2926007797
55,144231,15652.2692874983,720,741.213203435596,0,15652.2692874983
55,144235,15560.409441054,720,741.213203435596,0,15560.409441054
55,144248,15264.5137158683,720,741.213203435596,0,15264.5137158683
55,144249,15241.9248159171,720,741.213203435596,0,15241.9248159171
55,144250,15219.361081454,720,741.213203435596,0,15219.361081454
55,144253,15151.8219946597,720,741.213203435596,0,15151.8219946597
55,144254,15129.3600485195,720,741.213203435596,0,15129.3600485195
55,144255,15106.9238337673,720,741.213203435596,0,15106.9238337673
55,144256,15084.5134652199,720,741.213203435596,0,15084.5134652199
55,144257,15062.1290582433,720,741.213203435596,0,15062.1290582433
55,144932,15679.3504297228,720,741.213203435596,0,15679.3504297228
55,144933,15656.2759048037,720,741.213203435596,0,15656.2759048037
55,144934,15633.2244609805,720,741.213203435596,0,15633.2244609805
55,144935,15610.1962005031,720,741.213203435596,0,15610.1962005031
55,144952,15222.3643679829,720,741.213203435596,0,15222.3643679829
55,144953,15199.7714745975,720,741.213203435596,0,15199.7714745975
55,144954,15177.2038050343,720,741.213203435596,0,15177.2038050343
55,144955,15154.6614719794,720,741.213203435596,0,15154.6614719794
55,144958,15087.1876269157,720,741.213203435596,0,15087.1876269157
55,144959,15064.7477776913,720,741.213203435596,0,15064.7477776913
55,144960,15042.3338366219,720,741.213203435596,0,15042.3338366219
55,144961,15019.9459196981,720,741.213203435596,0,15019.9459196981
55,145636,15637.2932979457,720,741.213203435596,0,15637.2932979457
55,145637,15614.2137053971,720,741.213203435596,0,15614.2137053971
55,145638,15591.1572415273,720,741.213203435596,0,15591.1572415273
55,145639,15568.1240091002,720,741.213203435596,0,15568.1240091002
55,145645,15430.4182933875,720,741.213203435596,0,15430.4182933875
55,145656,15180.2155262665,720,741.213203435596,0,15180.2155262665
55,145657,15157.6186186304,720,741.213203435596,0,15157.6186186304
55,145658,15135.0469934062,720,741.213203435596,0,15135.0469934062
55,145659,15112.5007638765,720,741.213203435596,0,15112.5007638765
55,145662,15045.0155905586,720,741.213203435596,0,15045.0155905586
55,145663,15022.5720876709,720,741.213203435596,0,15022.5720876709
55,145664,15000.1545551816,720,741.213203435596,0,15000.1545551816
55,145665,14977.763109701,720,741.213203435596,0,14977.763109701
55,146340,15595.2371453488,720,741.213203435596,0,15595.2371453488
55,146341,15572.1524598651,720,741.213203435596,0,15572.1524598651
55,146342,15549.0909508247,720,741.213203435596,0,15549.0909508247
55,146343,15526.0527215006,720,741.213203435596,0,15526.0527215006
55,146347,15434.1346847568,720,741.213203435596,0,15434.1346847568
55,146348,15411.2144210539,720,741.213203435596,0,15411.2144210539
55,146349,15388.3180674966,720,741.213203435596,0,15388.3180674966
55,146350,15365.4457309698,720,741.213203435596,0,15365.4457309698
55,146360,15138.0671959065,720,741.213203435596,0,15138.0671959065
55,146361,15115.4662530327,720,741.213203435596,0,15115.4662530327
55,146362,15092.890651422,720,741.213203435596,0,15092.890651422
55,146363,15070.3405049621,720,741.213203435596,0,15070.3405049621
55,146366,15002.8439436602,720,741.213203435596,0,15002.8439436602
55,146367,14980.3967677662,720,741.213203435596,0,14980.3967677662
55,146368,14957.975624801,720,741.213203435596,0,14957.975624801
55,146369,14935.5806320086,720,741.213203435596,0,14935.5806320086
55,146370,14913.2119071958,720,741.213203435596,0,14913.2119071958
55,147044,15553.1819808017,720,741.213203435596,0,15553.1819808017
55,147045,15530.0921768903,720,741.213203435596,0,15530.0921768903
55,147046,15507.025597361,720,741.213203435596,0,15507.025597361
55,147047,15483.9823460052,720,741.213203435596,0,15483.9823460052
55,147051,15392.0447162152,720,741.213203435596,0,15392.0447162152
55,147052,15369.1196806836,720,741.213203435596,0,15369.1196806836
55,147053,15346.2186069469,720,741.213203435596,0,15346.2186069469
55,147054,15323.3416024427,720,741.213203435596,0,15323.3416024427
55,147064,15095.9193821419,720,741.213203435596,0,15095.9193821419
55,147065,15073.314382876,720,741.213203435596,0,15073.314382876
55,147066,15050.7347839908,720,741.213203435596,0,15050.7347839908
55,147067,15028.1806999787,720,741.213203435596,0,15028.1806999787
55,147071,14938.2218220791,720,741.213203435596,0,14938.2218220791
55,147072,14915.7970494308,720,741.213203435596,0,14915.7970494308
55,147073,14893.3984904129,720,741.213203435596,0,14893.3984904129
55,147074,14871.0262634724,720,741.213203435596,0,14871.0262634724
55,147748,15511.1278132778,720,741.213203435596,0,15511.1278132778
55,147749,15488.0328652487,720,741.213203435596,0,15488.0328652487
55,147750,15464.9611897198,720,741.213203435596,0,15464.9611897198
55,147755,15349.9555687758,720,741.213203435596,0,15349.9555687758
55,147756,15327.0257370616,720,741.213203435596,0,15327.0257370616
55,147757,15304.1199190026,720,741.213203435596,0,15304.1199190026
55,147758,15281.2382225864,720,741.213203435596,0,15281.2382225864
55,147775,14896.0472547608,720,741.213203435596,0,14896.0472547608
55,147776,14873.6188330619,720,741.213203435596,0,14873.6188330619
55,147777,14851.2166887509,720,741.213203435596,0,14851.2166887509
55,147778,14828.8409409223,720,741.213203435596,0,14828.8409409223
55,148452,15469.0746518419,720,741.213203435596,0,15469.0746518419
55,148453,15445.9745338106,720,741.213203435596,0,15445.9745338106
55,148454,15422.897736579,720,741.213203435596,0,15422.897736579
55,148455,15399.8443649901,720,741.213203435596,0,15399.8443649901
55,148459,15307.8672501552,720,741.213203435596,0,15307.8672501552
55,148460,15284.9325977189,720,741.213203435596,0,15284.9325977189
55,148461,15262.0220110054,720,741.213203435596,0,15262.0220110054
55,148462,15239.1355985545,720,741.213203435596,0,15239.1355985545
55,148479,14853.8730700085,720,741.213203435596,0,14853.8730700085
55,148480,14831.4409797328,720,741.213203435596,0,14831.4409797328
55,148481,14809.0352309064,720,741.213203435596,0,14809.0352309064
55,148482,14786.6559432748,720,741.213203435596,0,14786.6559432748
55,149156,15427.0225056594,720,741.213203435596,0,15427.0225056594
55,149157,15403.9171915445,720,741.213203435596,0,15403.9171915445
55,149158,15380.8352467127,720,741.213203435596,0,15380.8352467127
55,149159,15357.776776531,720,741.213203435596,0,15357.776776531
55,149163,15265.779768158,720,741.213203435596,0,15265.779768158
55,149164,15242.8402702675,720,741.213203435596,0,15242.8402702675
55,149165,15219.9248903746,720,741.213203435596,0,15219.9248903746
55,149166,15197.0337375828,720,741.213203435596,0,15197.0337375828
55,149183,14811.6992720644,720,741.213203435596,0,14811.6992720644
55,149184,14789.2634935284,720,741.213203435596,0,14789.2634935284
55,149185,14766.8541208073,720,741.213203435596,0,14766.8541208073
55,149186,14744.4712742983,720,741.213203435596,0,14744.4712742983
55,149860,15384.9713839975,720,741.213203435596,0,15384.9713839975
55,149861,15361.8608475211,720,741.213203435596,0,15361.8608475211
55,149862,15338.7737289873,720,741.213203435596,0,15338.7737289873
55,149863,15315.7101342984,720,741.213203435596,0,15315.7101342984
55,149868,15200.7487624035,720,741.213203435596,0,15200.7487624035
55,149869,15177.8285646189,720,741.213203435596,0,15177.8285646189
55,149870,15154.9326469877,720,741.213203435596,0,15154.9326469877
55,149887,14769.5258652248,720,741.213203435596,0,14769.5258652248
55,149888,14747.0863785825,720,741.213203435596,0,14747.0863785825
55,149889,14724.6733624237,720,741.213203435596,0,14724.6733624237
55,149890,14702.286937806,720,741.213203435596,0,14702.286937806
55,150564,15342.921296224,720,741.213203435596,0,15342.921296224
55,150565,15319.8055109018,720,741.213203435596,0,15319.8055109018
55,150566,15296.7131923669,720,741.213203435596,0,15296.7131923669
55,150567,15273.6444470609,720,741.213203435596,0,15273.6444470609
55,150571,15181.607345676,720,741.213203435596,0,15181.607345676
55,150572,15158.6580819083,720,741.213203435596,0,15158.6580819083
55,150573,15135.7330413264,720,741.213203435596,0,15135.7330413264
55,150574,15112.8323341619,720,741.213203435596,0,15112.8323341619
55,150591,14727.3528538316,720,741.213203435596,0,14727.3528538316
55,150592,14704.9096390707,720,741.213203435596,0,14704.9096390707
55,150593,14682.4929597696,720,741.213203435596,0,14682.4929597696
55,150594,14660.1029376569,720,741.213203435596,0,14660.1029376569
55,150595,14637.7396950555,720,741.213203435596,0,14637.7396950555
55,151268,15300.8722518071,720,741.213203435596,0,15300.8722518071
55,151269,15277.7511909535,720,741.213203435596,0,15277.7511909535
55,151270,15254.6536459177,720,741.213203435596,0,15254.6536459177
55,151271,15231.5797236779,720,741.213203435596,0,15231.5797236779
55,151275,15139.5224212326,720,741.213203435596,0,15139.5224212326
55,151276,15116.5682366531,720,741.213203435596,0,15116.5682366531
55,151277,15093.6383281683,720,741.213203435596,0,15093.6383281683
55,151278,15070.732806584,720,741.213203435596,0,15070.732806584
55,151295,14685.1802422768,720,741.213203435596,0,14685.1802422768
55,151296,14662.7332792194,720,741.213203435596,0,14662.7332792194
55,151297,14640.312916912,720,741.213203435596,0,14640.312916912
55,151298,14617.9192777494,720,741.213203435596,0,14617.9192777494
55,151299,14595.5524847376,720,741.213203435596,0,14595.5524847376
55,151972,15258.82426032,720,741.213203435596,0,15258.82426032
55,151973,15235.6978970476,720,741.213203435596,0,15235.6978970476
55,151974,15212.5950988029,720,741.213203435596,0,15212.5950988029
55,151975,15189.5159731133,720,741.213203435596,0,15189.5159731133
55,151980,15074.4792345935,720,741.213203435596,0,15074.4792345935
55,151981,15051.5444329034,720,741.213203435596,0,15051.5444329034
55,152001,14598.1332379583,720,741.213203435596,0,14598.1332379583
55,152002,14575.7359620344,720,741.213203435596,0,14575.7359620344
55,152003,14553.3655992199,720,741.213203435596,0,14553.3655992199
55,152676,15216.7773314455,720,741.213203435596,0,15216.7773314455
55,152677,15193.6456386538,720,741.213203435596,0,15193.6456386538
55,152678,15170.537560289,720,741.213203435596,0,15170.537560289
55,152679,15147.453204425,720,741.213203435596,0,15147.453204425
55,152683,15055.355186723,720,741.213203435596,0,15055.355186723
55,152684,15032.3910837722,720,741.213203435596,0,15032.3910837722
55,152685,15009.4513633797,720,741.213203435596,0,15009.4513633797
55,152704,14578.3817156551,720,741.213203435596,0,14578.3817156551
55,152705,14555.9539270686,720,741.213203435596,0,14555.9539270686
55,152706,14533.5529945024,720,741.213203435596,0,14533.5529945024
55,152707,14511.1790423295,720,741.213203435596,0,14511.1790423295
55,152708,14488.8321955422,720,741.213203435596,0,14488.8321955422
55,153380,15174.7314749671,720,741.213203435596,0,15174.7314749671
55,153381,15151.594425351,720,741.213203435596,0,15151.594425351
55,153382,15128.4810397439,720,741.213203435596,0,15128.4810397439
55,153383,15105.3914267714,720,741.213203435596,0,15105.3914267714
55,153387,15013.2728932381,720,741.213203435596,0,15013.2728932381
55,153388,14990.3037923274,720,741.213203435596,0,14990.3037923274
55,153389,14967.3591275271,720,741.213203435596,0,14967.3591275271
55,153408,14536.2065206412,720,741.213203435596,0,14536.2065206412
55,153409,14513.7749884471,720,741.213203435596,0,14513.7749884471
55,153410,14491.3703791917,720,741.213203435596,0,14491.3703791917
55,153411,14468.9928179427,720,741.213203435596,0,14468.9928179427
55,153412,14446.6424303937,720,741.213203435596,0,14446.6424303937
55,154084,15132.6867007825,720,741.213203435596,0,15132.6867007825
55,154085,15109.5442668222,720,741.213203435596,0,15109.5442668222
55,154086,15086.4255466379,720,741.213203435596,0,15086.4255466379
55,154087,15063.3306494183,720,741.213203435596,0,15063.3306494183
55,154091,14971.1914934801,720,741.213203435596,0,14971.1914934801
55,154092,14948.2173684836,720,741.213203435596,0,14948.2173684836
55,154093,14925.2677333715,720,741.213203435596,0,14925.2677333715
55,154113,14471.5964263477,720,741.213203435596,0,14471.5964263477
55,154114,14449.1881201886,720,741.213203435596,0,14449.1881201886
55,154115,14426.8069299813,720,741.213203435596,0,14426.8069299813
55,154116,14404.4529821212,720,741.213203435596,0,14404.4529821212
55,154117,14382.1264036332,720,741.213203435596,0,14382.1264036332
55,154788,15090.643018896,720,741.213203435596,0,15090.643018896
55,154789,15067.4951728561,720,741.213203435596,0,15067.4951728561
55,154790,15044.3710905516,720,741.213203435596,0,15044.3710905516
55,154791,15021.2708817314,720,741.213203435596,0,15021.2708817314
55,154795,14929.1109959739,720,741.213203435596,0,14929.1109959739
55,154796,14906.1318205628,720,741.213203435596,0,14906.1318205628
55,154797,14883.1771890253,720,741.213203435596,0,14883.1771890253
55,154817,14429.4182450762,720,741.213203435596,0,14429.4182450762
55,154818,14407.0062216297,720,741.213203435596,0,14407.0062216297
55,154819,14384.6213824099,720,741.213203435596,0,14384.6213824099
55,154820,14362.2638545208,720,741.213203435596,0,14362.2638545208
55,154821,14339.9337657121,720,741.213203435596,0,14339.9337657121
55,155492,15048.6004394212,720,741.213203435596,0,15048.6004394212
55,155493,15025.4471533554,720,741.213203435596,0,15025.4471533554
55,155494,15002.3176811715,720,741.213203435596,0,15002.3176811715
55,155495,14979.2121331804,720,741.213203435596,0,14979.2121331804
55,155499,14887.0314093431,720,741.213203435596,0,14887.0314093431
55,155500,14864.0471569778,720,741.213203435596,0,14864.0471569778
55,155501,14841.0875026914,720,741.213203435596,0,14841.0875026914
55,155522,14364.8246876957,720,741.213203435596,0,14364.8246876957
55,155523,14342.436179237,720,741.213203435596,0,14342.436179237
55,155524,14320.0750514413,720,741.213203435596,0,14320.0750514413
55,155525,14297.7414327719,720,741.213203435596,0,14297.7414327719
55,156196,15006.5589725928,720,741.213203435596,0,15006.5589725928
55,156197,14983.4002183346,720,741.213203435596,0,14983.4002183346
55,156198,14960.2653282904,720,741.213203435596,0,14960.2653282904
55,156199,14937.1544133429,720,741.213203435596,0,14937.1544133429
55,156203,14844.9527423099,720,741.213203435596,0,14844.9527423099
55,156206,14776.0587465644,720,741.213203435596,0,14776.0587465644
55,156226,14322.643522617,720,741.213203435596,0,14322.643522617
55,156227,14300.2513245285,720,741.213203435596,0,14300.2513245285
55,156228,14277.8865767704,720,741.213203435596,0,14277.8865767704
55,156229,14255.5494085411,720,741.213203435596,0,14255.5494085411
55,156230,14233.2399496882,720,741.213203435596,0,14233.2399496882
55,156900,14964.5186287551,720,741.213203435596,0,14964.5186287551
55,156901,14941.3543779146,720,741.213203435596,0,14941.3543779146
55,156902,14918.2140418115,720,741.213203435596,0,14918.2140418115
55,156908,14779.8805169449,720,741.213203435596,0,14779.8805169449
55,156909,14756.9107373607,720,741.213203435596,0,14756.9107373607
55,156910,14733.9657804915,720,741.213203435596,0,14733.9657804915
55,156930,14280.4627306788,720,741.213203435596,0,14280.4627306788
55,156931,14258.0668223879,720,741.213203435596,0,14258.0668223879
55,156932,14235.698434446,720,741.213203435596,0,14235.698434446
55,156933,14213.3576967841,720,741.213203435596,0,14213.3576967841
55,156934,14191.0447399897,720,741.213203435596,0,14191.0447399897
55,157604,14922.4794183672,720,741.213203435596,0,14922.4794183672
55,157607,14853.0420986648,720,741.213203435596,0,14853.0420986648
55,157612,14737.7985578092,720,741.213203435596,0,14737.7985578092
55,157613,14714.8236752448,720,741.213203435596,0,14714.8236752448
55,157614,14691.8736708802,720,741.213203435596,0,14691.8736708802
55,157635,14215.8826769747,720,741.213203435596,0,14215.8826769747
55,157636,14193.510628451,720,741.213203435596,0,14193.510628451
55,157637,14171.1663013117,720,741.213203435596,0,14171.1663013117
55,157638,14148.8498268947,720,741.213203435596,0,14148.8498268947
55,158309,14857.2660219464,720,741.213203435596,0,14857.2660219464
55,158310,14834.1147082438,720,741.213203435596,0,14834.1147082438
55,158311,14810.9875235241,720,741.213203435596,0,14810.9875235241
55,158316,14695.7175176324,720,741.213203435596,0,14695.7175176324
55,158317,14672.7375049092,720,741.213203435596,0,14672.7375049092
55,158318,14649.782426104,720,741.213203435596,0,14649.782426104
55,158338,14196.1022835975,720,741.213203435596,0,14196.1022835975
55,158339,14173.6988924924,720,741.213203435596,0,14173.6988924924
55,158340,14151.323162813,720,741.213203435596,0,14151.323162813
55,158341,14128.9752259828,720,741.213203435596,0,14128.9752259828
55,158342,14106.6552140918,720,741.213203435596,0,14106.6552140918
55,158343,14084.3632599018,720,741.213203435596,0,14084.3632599018
55,159013,14815.2235272223,720,741.213203435596,0,14815.2235272223
55,159014,14792.0666815288,720,741.213203435596,0,14792.0666815288
55,159015,14768.9340165032,720,741.213203435596,0,14768.9340165032
55,159020,14653.6374053165,720,741.213203435596,0,14653.6374053165
55,159021,14630.6522350411,720,741.213203435596,0,14630.6522350411
55,159022,14607.692054628,720,741.213203435596,0,14607.692054628
55,159023,14584.7569821015,720,741.213203435596,0,14584.7569821015
55,159043,14131.5154731968,720,741.213203435596,0,14131.5154731968
55,159044,14109.1360416134,720,741.213203435596,0,14109.1360416134
55,159045,14086.7844747021,720,741.213203435596,0,14086.7844747021
55,159046,14064.4609053119,720,741.213203435596,0,14064.4609053119
55,159047,14042.16546697,720,741.213203435596,0,14042.16546697
55,159717,14773.1821687548,720,741.213203435596,0,14773.1821687548
55,159718,14750.0197619688,720,741.213203435596,0,14750.0197619688
55,159724,14611.5582298708,720,741.213203435596,0,14611.5582298708
55,159725,14588.5678744237,720,741.213203435596,0,14588.5678744237
55,159726,14565.6025650172,720,741.213203435596,0,14565.6025650172
55,159727,14542.662420308,720,741.213203435596,0,14542.662420308
55,159748,14066.9492689799,720,741.213203435596,0,14066.9492689799
55,159749,14044.5940514193,720,741.213203435596,0,14044.5940514193
55,159750,14022.2669043302,720,741.213203435596,0,14022.2669043302
55,160421,14731.1419572523,720,741.213203435596,0,14731.1419572523
55,160422,14707.9739600407,720,741.213203435596,0,14707.9739600407
55,160423,14684.8302474645,720,741.213203435596,0,14684.8302474645
55,160428,14569.480000404,720,741.213203435596,0,14569.480000404
55,160429,14546.4844319456,720,741.213203435596,0,14546.4844319456
55,160430,14523.5139659359,720,741.213203435596,0,14523.5139659359
55,160431,14500.5687216686,720,741.213203435596,0,14500.5687216686
55,161125,14689.1029035463,720,741.213203435596,0,14689.1029035463
55,161126,14665.9292863452,720,741.213203435596,0,14665.9292863452
55,161127,14642.7800060637,720,741.213203435596,0,14642.7800060637
55,161128,14619.6551783086,720,741.213203435596,0,14619.6551783086
55,161132,14527.4027261348,720,741.213203435596,0,14527.4027261348
55,161133,14504.401916595,720,741.213203435596,0,14504.401916595
55,161134,14481.4262661438,720,741.213203435596,0,14481.4262661438
55,161135,14458.4758947242,720,741.213203435596,0,14458.4758947242
55,161829,14647.0650185952,720,741.213203435596,0,14647.0650185952
55,161830,14623.8857516049,720,741.213203435596,0,14623.8857516049
55,161831,14600.7308740158,720,741.213203435596,0,14600.7308740158
55,161832,14577.6005020461,720,741.213203435596,0,14577.6005020461
55,161837,14462.3203374638,720,741.213203435596,0,14462.3203374638
55,161838,14439.3394745104,720,741.213203435596,0,14439.3394745104
55,161839,14416.3839481159,720,741.213203435596,0,14416.3839481159
55,162533,14605.0283134836,720,741.213203435596,0,14605.0283134836
55,162534,14581.8433666626,720,741.213203435596,0,14581.8433666626
55,162535,14558.6828619247,720,741.213203435596,0,14558.6828619247
55,162536,14535.5469161099,720,741.213203435596,0,14535.5469161099
55,162537,14512.4356466728,720,741.213203435596,0,14512.4356466728
55,162541,14420.2397037532,720,741.213203435596,0,14420.2397037532
55,162542,14397.253600005,720,741.213203435596,0,14397.253600005
55,162543,14374.2928905812,720,741.213203435596,0,14374.2928905812
55,163238,14539.8021424859,720,741.213203435596,0,14539.8021424859
55,163239,14516.635980523,720,741.213203435596,0,14516.635980523
55,163240,14493.4944309883,720,741.213203435596,0,14493.4944309883
55,163241,14470.3776119672,720,741.213203435596,0,14470.3776119672
55,163245,14378.1600247729,720,741.213203435596,0,14378.1600247729
55,163246,14355.1686517017,720,741.213203435596,0,14355.1686517017
55,163247,14332.2027309633,720,741.213203435596,0,14332.2027309633
55,163248,14309.2623851122,720,741.213203435596,0,14309.2623851122
55,163942,14497.7620901735,720,741.213203435596,0,14497.7620901735
55,163943,14474.5902406604,720,741.213203435596,0,14474.5902406604
55,163944,14451.443057293,720,741.213203435596,0,14451.443057293
55,163945,14428.3206587855,720,741.213203435596,0,14428.3206587855
55,163950,14313.0846387792,720,741.213203435596,0,14313.0846387792
55,163951,14290.113478211,720,741.213203435596,0,14290.113478211
55,163952,14267.1679514512,720,741.213203435596,0,14267.1679514512
55,164647,14432.5456533193,720,741.213203435596,0,14432.5456533193
55,164648,14409.3928057588,720,741.213203435596,0,14409.3928057588
55,164649,14386.2647976172,720,741.213203435596,0,14386.2647976172
55,164654,14271.0015705301,720,741.213203435596,0,14271.0015705301
55,164655,14248.025141373,720,741.213203435596,0,14248.025141373
55,164656,14225.0744052023,720,741.213203435596,0,14225.0744052023
55,165351,14390.5022296053,720,741.213203435596,0,14390.5022296053
55,165352,14367.343687244,720,741.213203435596,0,14367.343687244
55,165353,14344.2100390782,720,741.213203435596,0,14344.2100390782
55,165354,14321.1014057482,720,741.213203435596,0,14321.1014057482
55,165358,14228.919456349,720,741.213203435596,0,14228.919456349
55,165359,14205.9377296125,720,741.213203435596,0,14205.9377296125
55,165360,14182.9817552865,720,741.213203435596,0,14182.9817552865
55,165361,14160.0516586194,720,741.213203435596,0,14160.0516586194
55,166055,14348.4599807552,720,741.213203435596,0,14348.4599807552
55,166056,14325.2957127374,720,741.213203435596,0,14325.2957127374
55,166057,14302.1563939074,720,741.213203435596,0,14302.1563939074
55,166058,14279.0421455553,720,741.213203435596,0,14279.0421455553
55,166759,14306.4189181392,720,741.213203435596,0,14306.4189181392
55,166760,14283.248893357,720,741.213203435596,0,14283.248893357
55,166761,14260.1038729692,720,741.213203435596,0,14260.1038729692
55,166762,14236.9839789228,720,741.213203435596,0,14236.9839789228
55,167463,14264.3790532603,720,741.213203435596,0,14264.3790532603
55,167464,14241.2032403479,720,741.213203435596,0,14241.2032403479
55,167465,14218.0524872536,720,741.213203435596,0,14218.0524872536
55,167466,14194.9269165923,720,741.213203435596,0,14194.9269165923
55,168168,14199.1587650897,720,741.213203435596,0,14199.1587650897
55,168169,14176.0022478875,720,741.213203435596,0,14176.0022478875
55,168170,14152.8709694273,720,741.213203435596,0,14152.8709694273
55,168872,14157.1154791021,720,741.213203435596,0,14157.1154791021
55,168873,14133.9531661243,720,741.213203435596,0,14133.9531661243
55,168874,14110.8161484292,720,741.213203435596,0,14110.8161484292
55,169576,14115.0733940318,720,741.213203435596,0,14115.0733940318
55,170282,14026.7099295671,720,741.213203435596,0,14026.7099295671
55,170984,14030.9928739603,720,741.213203435596,0,14030.9928739603
55,170985,14007.8129810341,720,741.213203435596,0,14007.8129810341
55,170986,13984.6585543594,720,741.213203435596,0,13984.6585543594
55,171088,11783.2906256787,720,741.213203435596,0,11783.2906256787
55,171688,13988.9544629622,720,741.213203435596,0,13988.9544629622
55,171690,13942.6083506347,720,741.213203435596,0,13942.6083506347
55,171790,11780.6426274459,720,741.213203435596,0,11780.6426274459
55,171791,11760.8524873928,720,741.213203435596,0,11760.8524873928
55,171792,11741.1050861491,720,741.213203435596,0,11741.1050861491
55,172393,13923.7255247948,720,741.213203435596,0,13923.7255247948
55,172394,13900.5593300638,720,741.213203435596,0,13900.5593300638
55,172395,13877.4188448211,720,741.213203435596,0,13877.4188448211
55,173097,13881.6836326634,720,741.213203435596,0,13881.6836326634
55,173098,13858.5115044594,720,741.213203435596,0,13858.5115044594
55,173099,13835.3651443685,720,741.213203435596,0,13835.3651443685
55,173801,13839.6429807885,720,741.213203435596,0,13839.6429807885
55,173802,13816.4648857806,720,741.213203435596,0,13816.4648857806
55,173803,13793.312617743,720,741.213203435596,0,13793.312617743
55,174505,13797.6035815593,720,741.213203435596,0,13797.6035815593
55,174506,13774.4194861276,720,741.213203435596,0,13774.4194861276
55,174507,13751.2612767692,720,741.213203435596,0,13751.2612767692
55,175209,13755.5654475089,720,741.213203435596,0,13755.5654475089
55,175210,13732.375317754,720,741.213203435596,0,13732.375317754
55,175211,13709.2111334111,720,741.213203435596,0,13709.2111334111
55,175912,13736.750662855,720,741.213203435596,0,13736.750662855
55,175913,13713.5285913303,720,741.213203435596,0,13713.5285913303
55,175914,13690.3323930602,720,741.213203435596,0,13690.3323930602
55,175915,13667.1621997808,720,741.213203435596,0,13667.1621997808
55,175916,13644.0181439793,720,741.213203435596,0,13644.0181439793
55,176616,13694.7212594734,720,741.213203435596,0,13694.7212594734
55,176617,13671.4930258682,720,741.213203435596,0,13671.4930258682
55,176618,13648.2907245964,720,741.213203435596,0,13648.2907245964
55,176619,13625.1144881414,720,741.213203435596,0,13625.1144881414
55,177321,13629.4587641253,720,741.213203435596,0,13629.4587641253
55,177322,13606.2503250744,720,741.213203435596,0,13606.2503250744
55,177323,13583.0680109077,720,741.213203435596,0,13583.0680109077
55,178025,13587.4258192674,720,741.213203435596,0,13587.4258192674
55,178026,13564.2112073578,720,741.213203435596,0,13564.2112073578
55,178027,13541.022780645,720,741.213203435596,0,13541.022780645
55,178028,13517.8606738814,720,741.213203435596,0,13517.8606738814
55,178729,13545.3942046223,720,741.213203435596,0,13545.3942046223
55,178730,13522.1733844732,720,741.213203435596,0,13522.1733844732
55,178731,13498.9788100773,720,741.213203435596,0,13498.9788100773
55,178732,13475.8106169598,720,741.213203435596,0,13475.8106169598
55,178733,13452.6689414214,720,741.213203435596,0,13452.6689414214
55,179434,13480.1368696048,720,741.213203435596,0,13480.1368696048
55,179435,13456.9361120877,720,741.213203435596,0,13456.9361120877
55,179436,13433.7617974275,720,741.213203435596,0,13433.7617974275
55,179437,13410.6140627117,720,741.213203435596,0,13410.6140627117
55,180138,13438.1016761069,720,741.213203435596,0,13438.1016761069
55,180139,13414.894699718,720,741.213203435596,0,13414.894699718
55,180140,13391.7142280236,720,741.213203435596,0,13391.7142280236
55,180141,13368.5603988972,720,741.213203435596,0,13368.5603988972
55,180842,13396.0678174967,720,741.213203435596,0,13396.0678174967
55,180843,13372.8545861775,720,741.213203435596,0,13372.8545861775
55,180844,13349.6679216426,720,741.213203435596,0,13349.6679216426
55,180845,13326.5079625611,720,741.213203435596,0,13326.5079625611
55,180846,13303.3748484112,720,741.213203435596,0,13303.3748484112
55,181547,13330.8157848369,720,741.213203435596,0,13330.8157848369
55,181548,13307.6228913415,720,741.213203435596,0,13307.6228913415
55,181549,13284.456766452,720,741.213203435596,0,13284.456766452
55,181550,13261.3175504563,720,741.213203435596,0,13261.3175504563
55,182251,13288.7783092391,720,741.213203435596,0,13288.7783092391
55,182252,13265.5791503481,720,741.213203435596,0,13265.5791503481
55,182253,13242.4068234795,720,741.213203435596,0,13242.4068234795
55,182254,13219.2614697375,720,741.213203435596,0,13219.2614697375
55,182255,13196.1432310483,720,741.213203435596,0,13196.1432310483
55,182329,11571.8233308455,720,741.213203435596,0,11571.8233308455
55,182330,11551.2097112307,720,741.213203435596,0,11551.2097112307
55,182955,13246.7421730979,720,741.213203435596,0,13246.7421730979
55,182956,13223.536712053,720,741.213203435596,0,13223.536712053
55,182957,13200.3581467132,720,741.213203435596,0,13200.3581467132
55,182958,13177.2066190036,720,741.213203435596,0,13177.2066190036
55,182959,13154.0822716888,720,741.213203435596,0,13154.0822716888
55,183032,11550.2145659907,720,741.213203435596,0,11550.2145659907
55,183033,11529.5622009047,720,741.213203435596,0,11529.5622009047
55,183660,13181.4955900194,720,741.213203435596,0,13181.4955900194
55,183661,13158.3107493893,720,741.213203435596,0,13158.3107493893
55,183662,13135.1530111739,720,741.213203435596,0,13135.1530111739
55,183663,13112.0225189722,720,741.213203435596,0,13112.0225189722
55,183664,13088.9194172325,720,741.213203435596,0,13088.9194172325
55,183735,11528.6429050931,720,741.213203435596,0,11528.6429050931
55,183736,11507.9517156116,720,741.213203435596,0,11507.9517156116
55,183737,11487.3010410336,720,741.213203435596,0,11487.3010410336
55,183738,11466.6911002532,720,741.213203435596,0,11466.6911002532
55,184364,13139.4557979804,720,741.213203435596,0,13139.4557979804
55,184365,13116.2646449186,720,741.213203435596,0,13116.2646449186
55,184366,13093.1006593268,720,741.213203435596,0,13093.1006593268
55,184367,13069.9639856543,720,741.213203435596,0,13069.9639856543
55,184368,13046.8547692024,720,741.213203435596,0,13046.8547692024
55,184369,13023.773156129,720,741.213203435596,0,13023.773156129
55,184440,11465.6888229824,720,741.213203435596,0,11465.6888229824
55,184441,11445.039852163,720,741.213203435596,0,11445.039852163
55,184442,11424.4317724008,720,741.213203435596,0,11424.4317724008
55,185071,13027.9066846543,720,741.213203435596,0,13027.9066846543
55,185072,13004.7913168666,720,741.213203435596,0,13004.7913168666
55,185073,12981.7036203814,720,741.213203435596,0,12981.7036203814
55,185074,12958.6437431014,720,741.213203435596,0,12958.6437431014
55,185144,11423.4258888993,720,741.213203435596,0,11423.4258888993
55,185776,12962.7290729856,720,741.213203435596,0,12962.7290729856
55,185777,12939.6352564371,720,741.213203435596,0,12939.6352564371
55,185778,12916.5693282029,720,741.213203435596,0,12916.5693282029
55,186480,12920.6680504796,720,741.213203435596,0,12920.6680504796
55,186481,12897.5680768808,720,741.213203435596,0,12897.5680768808
55,186482,12874.4960610157,720,741.213203435596,0,12874.4960610157
55,186483,12851.452153465,720,741.213203435596,0,12851.452153465
55,187185,12855.5020944644,720,741.213203435596,0,12855.5020944644
55,187186,12832.4239539601,720,741.213203435596,0,12832.4239539601
55,187187,12809.3739924118,720,741.213203435596,0,12809.3739924118
55,187188,12786.3523622177,720,741.213203435596,0,12786.3523622177
55,187200,12512.3593760022,720,741.213203435596,0,12512.3593760022
55,187201,12489.7203426938,720,741.213203435596,0,12489.7203426938
55,187202,12467.1118721769,720,741.213203435596,0,12467.1118721769
55,187203,12444.5341310245,720,741.213203435596,0,12444.5341310245
55,187204,12421.9872867977,720,741.213203435596,0,12421.9872867977
55,187889,12813.4373221101,720,741.213203435596,0,12813.4373221101
55,187890,12790.3530196116,720,741.213203435596,0,12790.3530196116
55,187891,12767.2969670395,720,741.213203435596,0,12767.2969670395
55,187892,12744.2693177164,720,741.213203435596,0,12744.2693177164
55,187893,12721.2702258852,720,741.213203435596,0,12721.2702258852
55,187903,12492.8845715796,720,741.213203435596,0,12492.8845715796
55,187904,12470.2100605175,720,741.213203435596,0,12470.2100605175
55,187905,12447.5660314735,720,741.213203435596,0,12447.5660314735
55,187906,12424.9526511034,720,741.213203435596,0,12424.9526511034
55,187907,12402.3700870576,720,741.213203435596,0,12402.3700870576
55,187908,12379.8185079732,720,741.213203435596,0,12379.8185079732
55,188594,12748.2832707181,720,741.213203435596,0,12748.2832707181
55,188595,12725.2210897488,720,741.213203435596,0,12725.2210897488
55,188596,12702.1873842557,720,741.213203435596,0,12702.1873842557
55,188597,12679.1823094306,720,741.213203435596,0,12679.1823094306
55,188609,12405.4123840497,720,741.213203435596,0,12405.4123840497
55,188610,12382.7940623901,720,741.213203435596,0,12382.7940623901
55,188611,12360.2066444808,720,741.213203435596,0,12360.2066444808
55,188612,12337.650300059,720,741.213203435596,0,12337.650300059
55,189299,12683.1463731055,720,741.213203435596,0,12683.1463731055
55,189300,12660.1065740591,720,741.213203435596,0,12660.1065740591
55,189301,12637.0954791992,720,741.213203435596,0,12637.0954791992
55,189302,12614.1132456155,720,741.213203435596,0,12614.1132456155
55,189303,12591.1600313453,720,741.213203435596,0,12591.1600313453
55,190004,12618.026899512,720,741.213203435596,0,12618.026899512
55,190005,12595.0097472284,720,741.213203435596,0,12595.0097472284
55,190006,12572.0215310544,720,741.213203435596,0,12572.0215310544
55,190007,12549.0624100152,720,741.213203435596,0,12549.0624100152
55,190008,12526.1325440935,720,741.213203435596,0,12526.1325440935
55,190709,12552.9251257151,720,741.213203435596,0,12552.9251257151
55,190710,12529.9308895689,720,741.213203435596,0,12529.9308895689
55,190711,12506.9658247379,720,741.213203435596,0,12506.9658247379
55,190712,12484.0300922124,720,741.213203435596,0,12484.0300922124
55,190713,12461.1238539566,720,741.213203435596,0,12461.1238539566
55,191414,12487.8413331653,720,741.213203435596,0,12487.8413331653
55,191416,12441.9286510488,720,741.213203435596,0,12441.9286510488
55,194945,12026.0607783178,720,741.213203435596,0,12026.0607783178
55,195647,12029.3479869087,720,741.213203435596,0,12029.3479869087
55,195648,12006.6153832462,720,741.213203435596,0,12006.6153832462
55,195649,11983.9142252527,720,741.213203435596,0,11983.9142252527
55,196350,12009.9825330307,720,741.213203435596,0,12009.9825330307
55,196351,11987.2130819022,720,741.213203435596,0,11987.2130819022
55,196352,11964.474987802,720,741.213203435596,0,11964.474987802
55,196353,11941.768429848,720,741.213203435596,0,11941.768429848
55,196434,10226.0517942345,720,741.213203435596,0,10226.0517942345
55,197055,11945.0790161307,720,741.213203435596,0,11945.0790161307
55,197056,11922.3353951911,720,741.213203435596,0,11922.3353951911
55,197057,11899.6234013721,720,741.213203435596,0,11899.6234013721
55,197136,10222.8294981,720,741.213203435596,0,10222.8294981
55,197137,10203.3415325684,720,741.213203435596,0,10203.3415325684
55,197138,10183.9040234878,720,741.213203435596,0,10183.9040234878
55,197759,11902.9457997189,720,741.213203435596,0,11902.9457997189
55,197760,11880.1966151736,720,741.213203435596,0,11880.1966151736
55,197761,11857.4791492203,720,741.213203435596,0,11857.4791492203
55,197767,11721.8507532373,720,741.213203435596,0,11721.8507532373
55,197840,10180.6684925395,720,741.213203435596,0,10180.6684925395
55,197841,10161.1875068513,720,741.213203435596,0,10161.1875068513
55,197842,10141.7572145932,720,741.213203435596,0,10141.7572145932
55,197843,10122.377907688,720,741.213203435596,0,10122.377907688
55,198470,11702.2044444369,720,741.213203435596,0,11702.2044444369
55,198471,11679.676235452,720,741.213203435596,0,11679.676235452
55,198544,10138.5083386085,720,741.213203435596,0,10138.5083386085
55,198545,10119.0343935112,720,741.213203435596,0,10119.0343935112
55,198546,10099.611381021,720,741.213203435596,0,10099.611381021
55,198547,10080.2395955592,720,741.213203435596,0,10080.2395955592
55,199173,11682.6016807074,720,741.213203435596,0,11682.6016807074
55,199174,11660.0354758365,720,741.213203435596,0,11660.0354758365
55,199175,11637.5023024594,720,741.213203435596,0,11637.5023024594
55,199249,10076.882205433,720,741.213203435596,0,10076.882205433
55,199250,10057.4665364763,720,741.213203435596,0,10057.4665364763
55,199251,10038.1023384757,720,741.213203435596,0,10038.1023384757
55,199252,10018.7899098839,720,741.213203435596,0,10018.7899098839
55,199876,11663.0426816112,720,741.213203435596,0,11663.0426816112
55,199877,11640.4384377449,720,741.213203435596,0,11640.4384377449
55,199878,11617.8671337155,720,741.213203435596,0,11617.8671337155
55,199879,11595.3289618847,720,741.213203435596,0,11595.3289618847
55,199880,11572.8241158252,720,741.213203435596,0,11572.8241158252
55,199953,10034.7309557192,720,741.213203435596,0,10034.7309557192
55,199954,10015.3226948818,720,741.213203435596,0,10015.3226948818
55,199955,9995.96615122664,720,741.213203435596,0,9995.96615122664
55,199956,9976.66162577556,720,741.213203435596,0,9976.66162577556
55,199957,9957.40942107332,720,741.213203435596,0,9957.40942107332
55,200580,11620.8853423698,720,741.213203435596,0,11620.8853423698
55,200581,11598.2758643698,720,741.213203435596,0,11598.2758643698
55,200582,11575.6994261712,720,741.213203435596,0,11575.6994261712
55,200583,11553.1562214665,720,741.213203435596,0,11553.1562214665
55,200658,9973.17987040707,720,741.213203435596,0,9973.17987040707
55,200659,9953.83104885099,720,741.213203435596,0,9953.83104885099
55,200660,9934.53449665231,720,741.213203435596,0,9934.53449665231
55,200661,9915.29051898309,720,741.213203435596,0,9915.29051898309
55,200662,9896.09942255467,720,741.213203435596,0,9896.09942255467
55,201284,11578.7287172536,720,741.213203435596,0,11578.7287172536
55,201285,11556.1139691599,720,741.213203435596,0,11556.1139691599
55,201286,11533.5323614144,720,741.213203435596,0,11533.5323614144
55,201362,9931.03807745309,720,741.213203435596,0,9931.03807745309
55,201363,9911.6970466407,720,741.213203435596,0,9911.6970466407
55,201364,9892.40853872898,720,741.213203435596,0,9892.40853872898
55,201365,9873.17286155158,720,741.213203435596,0,9873.17286155158
55,201366,9853.99032449541,720,741.213203435596,0,9853.99032449541
55,201367,9834.86123850342,720,741.213203435596,0,9834.86123850342
55,201988,11536.5728153448,720,741.213203435596,0,11536.5728153448
55,201989,11513.9527608194,720,741.213203435596,0,11513.9527608194
55,202067,9869.56416015093,720,741.213203435596,0,9869.56416015093
55,202068,9850.28376850198,720,741.213203435596,0,9850.28376850198
55,202069,9831.05646624658,720,741.213203435596,0,9831.05646624658
55,202070,9811.88256548484,720,741.213203435596,0,9811.88256548484
55,202071,9792.76237989495,720,741.213203435596,0,9792.76237989495
55,202772,9808.16020274874,720,741.213203435596,0,9808.16020274874
55,202773,9788.94135083565,720,741.213203435596,0,9788.94135083565
55,202774,9769.77616432046,720,741.213203435596,0,9769.77616432046
55,202775,9750.66495964375,720,741.213203435596,0,9750.66495964375
55,202776,9731.60805484229,720,741.213203435596,0,9731.60805484229
55,203477,9746.82753339424,720,741.213203435596,0,9746.82753339424
55,203478,9727.67114011736,720,741.213203435596,0,9727.67114011736
55,203479,9708.5689979514,720,741.213203435596,0,9708.5689979514
55,203480,9689.52142775029,720,741.213203435596,0,9689.52142775029
55,203481,9670.52875197737,720,741.213203435596,0,9670.52875197737
55,203482,9651.5912947024,720,741.213203435596,0,9651.5912947024
55,204183,9666.4745153662,720,741.213203435596,0,9666.4745153662
55,204184,9647.43636513611,720,741.213203435596,0,9647.43636513611
55,204185,9628.45338698096,720,741.213203435596,0,9628.45338698096
55,204186,9609.52590786985,720,741.213203435596,0,9609.52590786985
55,204888,9605.35288906925,720,741.213203435596,0,9605.35288906925
55,204889,9586.37969781576,720,741.213203435596,0,9586.37969781576
55,204890,9567.46228894059,720,741.213203435596,0,9567.46228894059
55,204891,9548.60099398509,720,741.213203435596,0,9548.60099398509
55,204892,9529.79614613318,720,741.213203435596,0,9529.79614613318
55,205593,9544.30770815725,720,741.213203435596,0,9544.30770815725
55,205594,9525.40046285084,720,741.213203435596,0,9525.40046285084
55,205595,9506.54962062961,720,741.213203435596,0,9506.54962062961
55,205596,9487.7555176861,720,741.213203435596,0,9487.7555176861
55,206298,9483.34045498461,720,741.213203435596,0,9483.34045498461
55,206299,9464.50016302838,720,741.213203435596,0,9464.50016302838
55,206300,9445.71690548479,720,741.213203435596,0,9445.71690548479
55,209779,10047.793195924,720,741.213203435596,0,10047.793195924
55,209780,10026.982765211,720,741.213203435596,0,10026.982765211
55,209781,10006.2183695495,720,741.213203435596,0,10006.2183695495
55,209782,9985.50029612409,720,741.213203435596,0,9985.50029612409
55,209783,9964.82883386621,720,741.213203435596,0,9964.82883386621
55,210483,10005.520930448,720,741.213203435596,0,10005.520930448
55,210484,9984.71179023805,720,741.213203435596,0,9984.71179023805
55,210485,9963.94888624707,720,741.213203435596,0,9963.94888624707
55,210486,9943.23250812169,720,741.213203435596,0,9943.23250812169
55,210487,9922.56294727129,720,741.213203435596,0,9922.56294727129
55,210488,9901.94049687821,720,741.213203435596,0,9901.94049687821
55,211151,10740.9381993064,720,741.213203435596,0,10740.9381993064
55,211152,10718.63849823,720,741.213203435596,0,10718.63849823
55,211153,10696.3758604736,720,741.213203435596,0,10696.3758604736
55,211187,9963.2485867796,720,741.213203435596,0,9963.2485867796
55,211188,9942.4407488526,720,741.213203435596,0,9942.4407488526
55,211189,9921.67935007696,720,741.213203435596,0,9921.67935007696
55,211190,9900.96468258714,720,741.213203435596,0,9900.96468258714
55,211191,9880.29704030855,720,741.213203435596,0,9880.29704030855
55,211192,9859.67671896334,720,741.213203435596,0,9859.67671896334
55,211854,10721.076550222,720,741.213203435596,0,10721.076550222
55,211855,10698.7353305136,720,741.213203435596,0,10698.7353305136
55,211856,10676.4310702139,720,741.213203435596,0,10676.4310702139
55,211857,10654.1640014423,720,741.213203435596,0,10654.1640014423
55,211891,9920.9761653765,720,741.213203435596,0,9920.9761653765
55,211892,9900.16964166551,720,741.213203435596,0,9900.16964166551
55,211893,9879.40976182087,720,741.213203435596,0,9879.40976182087
55,211894,9858.69682050276,720,741.213203435596,0,9858.69682050276
55,211895,9838.03111418651,720,741.213203435596,0,9838.03111418651
55,212558,10678.8788494678,720,741.213203435596,0,10678.8788494678
55,212559,10656.5329088843,720,741.213203435596,0,10656.5329088843
55,212560,10634.2240550133,720,741.213203435596,0,10634.2240550133
55,212561,10611.9525217519,720,741.213203435596,0,10611.9525217519
55,212562,10589.7185445716,720,741.213203435596,0,10589.7185445716
55,212597,9837.14012227683,720,741.213203435596,0,9837.14012227683
55,212598,9816.42892287177,720,741.213203435596,0,9816.42892287177
55,213263,10614.3309411112,720,741.213203435596,0,10614.3309411112
55,213264,10592.0174589286,720,741.213203435596,0,10592.0174589286
55,213265,10569.7414273174,720,741.213203435596,0,10569.7414273174
55,213266,10547.5030835587,720,741.213203435596,0,10547.5030835587
55,213968,10549.8112883635,720,741.213203435596,0,10549.8112883635
55,213969,10527.5307241446,720,741.213203435596,0,10527.5307241446
55,213970,10505.287980464,720,741.213203435596,0,10505.287980464
55,214009,9670.05850350438,720,741.213203435596,0,9670.05850350438
55,214673,10485.3204183404,720,741.213203435596,0,10485.3204183404
55,214674,10463.0732409994,720,741.213203435596,0,10463.0732409994
55,214675,10440.8642604091,720,741.213203435596,0,10440.8642604091
55,214711,9668.96724296969,720,741.213203435596,0,9668.96724296969
55,214712,9648.35786106907,720,741.213203435596,0,9648.35786106907
55,214713,9627.79719208628,720,741.213203435596,0,9627.79719208628
55,214714,9607.28554877428,720,741.213203435596,0,9607.28554877428
55,215377,10443.1105161053,720,741.213203435596,0,10443.1105161053
55,215378,10420.8588709691,720,741.213203435596,0,10420.8588709691
55,215379,10398.6455590114,720,741.213203435596,0,10398.6455590114
55,215380,10376.4708264162,720,741.213203435596,0,10376.4708264162
55,215415,9626.70123989379,720,741.213203435596,0,9626.70123989379
55,215416,9606.09410655755,720,741.213203435596,0,9606.09410655755
55,215417,9585.53591107885,720,741.213203435596,0,9585.53591107885
55,215418,9565.02696900414,720,741.213203435596,0,9565.02696900414
55,215419,9544.56759783826,720,741.213203435596,0,9544.56759783826
55,216082,10378.644876279,720,741.213203435596,0,10378.644876279
55,216085,10312.1082514553,720,741.213203435596,0,10312.1082514553
55,216120,9563.83036143949,720,741.213203435596,0,9563.83036143949
55,216121,9543.27466240076,720,741.213203435596,0,9543.27466240076
55,216122,9522.76844662356,720,741.213203435596,0,9522.76844662356
55,216787,10314.2091871031,720,741.213203435596,0,10314.2091871031
55,216788,10292.0259702808,720,741.213203435596,0,10292.0259702808
55,216789,10269.8818642714,720,741.213203435596,0,10269.8818642714
55,216824,9521.56662735425,720,741.213203435596,0,9521.56662735425
55,216825,9501.01344800676,720,741.213203435596,0,9501.01344800676
55,217492,10249.8040190745,720,741.213203435596,0,10249.8040190745
55,217493,10227.6557644047,720,741.213203435596,0,10227.6557644047
55,217494,10205.5470194449,720,741.213203435596,0,10205.5470194449
55,218196,10207.5823929212,720,741.213203435596,0,10207.5823929212
55,218197,10185.4299568515,720,741.213203435596,0,10185.4299568515
55,218198,10163.3171769054,720,741.213203435596,0,10163.3171769054
55,218199,10141.2443124916,720,741.213203435596,0,10141.2443124916
55,218901,10143.2044466855,720,741.213203435596,0,10143.2044466855
55,218902,10121.0875996856,720,741.213203435596,0,10121.0875996856
55,218903,10099.0108178085,720,741.213203435596,0,10099.0108178085
55,218904,10076.9743643826,720,741.213203435596,0,10076.9743643826
55,219605,10100.9792390688,720,741.213203435596,0,10100.9792390688
55,219606,10078.8582925554,720,741.213203435596,0,10078.8582925554
55,219607,10056.7775618668,720,741.213203435596,0,10056.7775618668
55,219608,10034.7373124779,720,741.213203435596,0,10034.7373124779
55,220310,10036.6292603658,720,741.213203435596,0,10036.6292603658
55,220311,10014.5445491285,720,741.213203435596,0,10014.5445491285
55,220312,9992.50047318817,720,741.213203435596,0,9992.50047318817
55,220313,9970.49730207256,720,741.213203435596,0,9970.49730207256
55,220314,9948.53530718847,720,741.213203435596,0,9948.53530718847
55,221014,9994.40050804782,720,741.213203435596,0,9994.40050804782
55,221015,9972.31178413297,720,741.213203435596,0,9972.31178413297
55,221016,9950.26385067668,720,741.213203435596,0,9950.26385067668
55,221017,9928.25697942945,720,741.213203435596,0,9928.25697942945
55,221018,9906.29144405493,720,741.213203435596,0,9906.29144405493
55,221719,9930.0792714991,720,741.213203435596,0,9930.0792714991
55,221720,9908.02744917185,720,741.213203435596,0,9908.02744917185
55,221721,9886.01684764448,720,741.213203435596,0,9886.01684764448
55,221722,9864.047742856,720,741.213203435596,0,9864.047742856
55,221723,9842.12041268672,720,741.213203435596,0,9842.12041268672
55,222424,9865.79127298093,720,741.213203435596,0,9865.79127298093
55,222425,9843.77691064181,720,741.213203435596,0,9843.77691064181
55,222426,9821.80420715268,720,741.213203435596,0,9821.80420715268
55,222427,9799.8734427289,720,741.213203435596,0,9799.8734427289
55,222428,9777.9848995659,720,741.213203435596,0,9777.9848995659
55,223129,9801.53717241544,720,741.213203435596,0,9801.53717241544
55,223130,9779.5608405695,720,741.213203435596,0,9779.5608405695
55,223131,9757.62661352439,720,741.213203435596,0,9757.62661352439
55,223132,9735.73477586005,720,741.213203435596,0,9735.73477586005
55,223834,9737.31764679366,720,741.213203435596,0,9737.31764679366
55,223835,9715.37992839495,720,741.213203435596,0,9715.37992839495
55,223836,9693.48476882978,720,741.213203435596,0,9693.48476882978
55,223837,9671.63245714292,720,741.213203435596,0,9671.63245714292
55,224538,9695.07462957493,720,741.213203435596,0,9695.07462957493
55,224539,9673.13339072238,720,741.213203435596,0,9673.13339072238
55,225248,9521.8124993789,720,741.213203435596,0,9521.8124993789
55,225249,9500.1295741404,720,741.213203435596,0,9500.1295741404
55,225951,9501.2810272887,720,741.213203435596,0,9501.2810272887
55,225952,9479.5510226093,720,741.213203435596,0,9479.5510226093
55,225953,9457.8655975844,720,741.213203435596,0,9457.8655975844
55,225954,9436.22505956015,720,741.213203435596,0,9436.22505956015
55,226656,9437.28957422898,720,741.213203435596,0,9437.28957422898
55,226657,9415.6016280654,720,741.213203435596,0,9415.6016280654
55,226658,9393.95875973826,720,741.213203435596,0,9393.95875973826
55,226659,9372.36128153056,720,741.213203435596,0,9372.36128153056
55,227359,9416.76360256447,720,741.213203435596,0,9416.76360256447
55,227360,9395.02815615931,720,741.213203435596,0,9395.02815615931
55,227361,9373.33766722199,720,741.213203435596,0,9373.33766722199
55,227362,9351.69244857621,720,741.213203435596,0,9351.69244857621
55,227363,9330.09281529831,720,741.213203435596,0,9330.09281529831
55,228064,9352.76677035917,720,741.213203435596,0,9352.76677035917
55,228065,9331.07371671969,720,741.213203435596,0,9331.07371671969
55,228066,9309.42612747634,720,741.213203435596,0,9309.42612747634
55,228067,9287.8243205261,720,741.213203435596,0,9287.8243205261
55,228068,9266.26861605564,720,741.213203435596,0,9266.26861605564
55,228768,9310.50541881621,720,741.213203435596,0,9310.50541881621
55,228769,9288.80977825806,720,741.213203435596,0,9288.80977825806
55,228770,9267.15979786005,720,741.213203435596,0,9267.15979786005
55,228771,9245.55579838413,720,741.213203435596,0,9245.55579838413
55,228772,9223.99810291488,720,741.213203435596,0,9223.99810291488
55,228773,9202.48703686996,720,741.213203435596,0,9202.48703686996
55,228774,9181.02292800438,720,741.213203435596,0,9181.02292800438
55,228775,9159.60610642795,720,741.213203435596,0,9159.60610642795
55,229472,9268.24410356483,720,741.213203435596,0,9268.24410356483
55,229473,9246.54585356506,720,741.213203435596,0,9246.54585356506
55,229474,9224.89346117752,720,741.213203435596,0,9224.89346117752
55,229475,9203.28725006839,720,741.213203435596,0,9203.28725006839
55,229476,9181.72754625905,720,741.213203435596,0,9181.72754625905
55,229477,9160.21467812996,720,741.213203435596,0,9160.21467812996
55,229478,9138.74897643801,720,741.213203435596,0,9138.74897643801
55,229479,9117.33077433067,720,741.213203435596,0,9117.33077433067
55,230177,9204.28194439804,720,741.213203435596,0,9204.28194439804
55,230178,9182.62711890478,720,741.213203435596,0,9182.62711890478
55,230179,9161.01867679543,720,741.213203435596,0,9161.01867679543
55,230180,9139.45694706281,720,741.213203435596,0,9139.45694706281
55,230181,9117.94226109539,720,741.213203435596,0,9117.94226109539
55,230182,9096.47495269753,720,741.213203435596,0,9096.47495269753
55,230183,9075.05535808527,720,741.213203435596,0,9075.05535808527
55,230184,9053.68381591124,720,741.213203435596,0,9053.68381591124
55,230185,9032.36066726755,720,741.213203435596,0,9032.36066726755
55,230186,9011.08625569773,720,741.213203435596,0,9011.08625569773
55,230187,8989.8609272102,720,741.213203435596,0,8989.8609272102
55,230306,6936.47797288592,720,741.213203435596,0,6936.47797288592
55,230882,9140.36077254923,720,741.213203435596,0,9140.36077254923
55,230883,9118.75007980265,720,741.213203435596,0,9118.75007980265
55,230884,9097.18630632107,720,741.213203435596,0,9097.18630632107
55,230885,9075.66978654905,720,741.213203435596,0,9075.66978654905
55,230886,9054.2008573664,720,741.213203435596,0,9054.2008573664
55,230887,9032.77985811447,720,741.213203435596,0,9032.77985811447
55,230888,9011.40713059465,720,741.213203435596,0,9011.40713059465
55,230889,8990.08301908515,720,741.213203435596,0,8990.08301908515
55,230890,8968.8078703534,720,741.213203435596,0,8968.8078703534
55,230891,8947.58203366745,720,741.213203435596,0,8947.58203366745
55,230892,8926.40586079812,720,741.213203435596,0,8926.40586079812
55,230893,8905.27970603647,720,741.213203435596,0,8905.27970603647
55,230894,8884.20392620793,720,741.213203435596,0,8884.20392620793
55,230969,7476.93163383139,720,741.213203435596,0,7476.93163383139
55,230970,7460.92791142055,720,741.213203435596,0,7460.92791142055
55,230971,7445.00984896288,720,741.213203435596,0,7445.00984896288
55,231008,6921.40205168652,720,741.213203435596,0,6921.40205168652
55,231009,6909.15810144832,720,741.213203435596,0,6909.15810144832
55,231010,6897.02201606359,720,741.213203435596,0,6897.02201606359
55,231587,9076.48146034853,720,741.213203435596,0,9076.48146034853
55,231588,9054.91562505135,720,741.213203435596,0,9054.91562505135
55,231589,9033.39725527839,720,741.213203435596,0,9033.39725527839
55,231590,9011.92669104265,720,741.213203435596,0,9011.92669104265
55,231591,8990.50427484327,720,741.213203435596,0,8990.50427484327
55,231592,8969.13035167721,720,741.213203435596,0,8969.13035167721
55,231593,8947.80526905796,720,741.213203435596,0,8947.80526905796
55,231594,8926.52937702068,720,741.213203435596,0,8926.52937702068
55,231595,8905.30302813323,720,741.213203435596,0,8905.30302813323
55,231596,8884.12657750608,720,741.213203435596,0,8884.12657750608
55,231597,8863.00038280962,720,741.213203435596,0,8863.00038280962
55,231598,8841.92480427474,720,741.213203435596,0,8841.92480427474
55,231673,7435.65843733393,720,741.213203435596,0,7435.65843733393
55,231674,7419.68607628404,720,741.213203435596,0,7419.68607628404
55,231675,7403.79998807484,720,741.213203435596,0,7403.79998807484
55,231676,7388.00072923578,720,741.213203435596,0,7388.00072923578
55,231712,6881.85978255147,720,741.213203435596,0,6881.85978255147
55,231713,6869.67540598513,720,741.213203435596,0,6869.67540598513
55,231714,6857.59972728465,720,741.213203435596,0,6857.59972728465
55,231715,6845.63332167847,720,741.213203435596,0,6845.63332167847
55,232292,9012.64490428431,720,741.213203435596,0,9012.64490428431
55,232293,8991.12466809519,720,741.213203435596,0,8991.12466809519
55,232294,8969.65245433428,720,741.213203435596,0,8969.65245433428
55,232295,8948.22860870498,720,741.213203435596,0,8948.22860870498
55,232296,8926.85347945094,720,741.213203435596,0,8926.85347945094
55,232297,8905.52741736131,720,741.213203435596,0,8905.52741736131
55,232298,8884.25077578418,720,741.213203435596,0,8884.25077578418
55,232299,8863.02391063571,720,741.213203435596,0,8863.02391063571
55,232300,8841.84718041904,720,741.213203435596,0,8841.84718041904
55,232301,8820.72094622183,720,741.213203435596,0,8820.72094622183
55,232377,7394.39657330875,720,741.213203435596,0,7394.39657330875
55,232378,7378.45595012763,720,741.213203435596,0,7378.45595012763
55,232379,7362.60222076207,720,741.213203435596,0,7362.60222076207
55,232380,7346.83594773644,720,741.213203435596,0,7346.83594773644
55,232416,6842.35025927197,720,741.213203435596,0,6842.35025927197
55,232417,6830.22620517714,720,741.213203435596,0,6830.22620517714
55,232997,8948.85202582199,720,741.213203435596,0,8948.85202582199
55,232998,8927.378147859,720,741.213203435596,0,8927.378147859
55,233004,8799.5676695371,720,741.213203435596,0,8799.5676695371
55,233005,8778.4413962853,720,741.213203435596,0,8778.4413962853
55,233081,7353.14623449371,720,741.213203435596,0,7353.14623449371
55,233082,7337.23773231306,720,741.213203435596,0,7337.23773231306
55,233083,7321.41675315079,720,741.213203435596,0,7321.41675315079
55,233084,7305.68386561692,720,741.213203435596,0,7305.68386561692
55,233707,8778.46533987373,720,741.213203435596,0,8778.46533987373
55,233708,8757.2880448645,720,741.213203435596,0,8757.2880448645
55,233709,8736.16173300577,720,741.213203435596,0,8736.16173300577
55,233786,7296.03162664364,720,741.213203435596,0,7296.03162664364
55,233787,7280.24379596593,720,741.213203435596,0,7280.24379596593
55,233788,7264.54470068572,720,741.213203435596,0,7264.54470068572
55,233789,7248.93491732972,720,741.213203435596,0,7248.93491732972
55,234410,8757.4143255265,720,741.213203435596,0,8757.4143255265
55,234411,8736.18588666757,720,741.213203435596,0,8736.18588666757
55,234412,8715.00830640233,720,741.213203435596,0,8715.00830640233
55,234413,8693.88195639294,720,741.213203435596,0,8693.88195639294
55,234414,8672.80721102032,720,741.213203435596,0,8672.80721102032
55,234490,7254.8378414945,720,741.213203435596,0,7254.8378414945
55,234491,7239.08356466913,720,741.213203435596,0,7239.08356466913
55,234492,7223.41867564312,720,741.213203435596,0,7223.41867564312
55,234497,7146.45550345365,720,741.213203435596,0,7146.45550345365
55,235115,8693.90632161744,720,741.213203435596,0,8693.90632161744
55,235116,8672.72845415223,720,741.213203435596,0,8672.72845415223
55,235117,8651.60206645602,720,741.213203435596,0,8651.60206645602
55,235118,8630.52753657683,720,741.213203435596,0,8630.52753657683
55,235162,7760.83327982267,720,741.213203435596,0,7760.83327982267
55,235163,7742.52994444802,720,741.213203435596,0,7742.52994444802
55,235164,7724.29896178443,720,741.213203435596,0,7724.29896178443
55,235165,7706.14084534159,720,741.213203435596,0,7706.14084534159
55,235199,7135.96142824025,720,741.213203435596,0,7135.96142824025
55,235200,7120.69727121384,720,741.213203435596,0,7120.69727121384
55,235201,7105.52612537348,720,741.213203435596,0,7105.52612537348
55,235819,8651.62664475302,720,741.213203435596,0,8651.62664475302
55,235820,8630.44848811731,720,741.213203435596,0,8630.44848811731
55,235821,8609.32206320511,720,741.213203435596,0,8609.32206320511
55,235822,8588.24775178343,720,741.213203435596,0,8588.24775178343
55,235823,8567.22593842978,720,741.213203435596,0,8567.22593842978
55,235866,7718.88026024698,720,741.213203435596,0,7718.88026024698
55,235867,7700.59318909129,720,741.213203435596,0,7700.59318909129
55,235868,7682.37894354538,720,741.213203435596,0,7682.37894354538
55,235869,7664.23804282648,720,741.213203435596,0,7664.23804282648
55,235902,7110.2910936193,720,741.213203435596,0,7110.2910936193
55,235903,7094.97162693647,720,741.213203435596,0,7094.97162693647
55,235904,7079.74527188957,720,741.213203435596,0,7079.74527188957
55,235905,7064.61263052746,720,741.213203435596,0,7064.61263052746
55,236524,8588.16840830364,720,741.213203435596,0,8588.16840830364
55,236525,8567.0419466511,720,741.213203435596,0,8567.0419466511
55,236526,8545.9678566951,720,741.213203435596,0,8545.9678566951
55,236527,8524.94652683547,720,741.213203435596,0,8524.94652683547
55,236528,8503.97834832993,720,741.213203435596,0,8503.97834832993
55,236570,7676.93075844587,720,741.213203435596,0,7676.93075844587
55,236571,7658.66013930998,720,741.213203435596,0,7658.66013930998
55,236572,7640.4628246652,720,741.213203435596,0,7640.4628246652
55,236573,7622.33933952464,720,741.213203435596,0,7622.33933952464
55,236606,7069.27892639417,720,741.213203435596,0,7069.27892639417
55,236607,7053.99703038593,720,741.213203435596,0,7053.99703038593
55,236608,7038.80895156326,720,741.213203435596,0,7038.80895156326
55,236609,7023.71529853914,720,741.213203435596,0,7023.71529853914
55,237228,8545.8882147109,720,741.213203435596,0,8545.8882147109
55,237229,8524.7617167997,720,741.213203435596,0,8524.7617167997
55,237230,8503.68785136673,720,741.213203435596,0,8503.68785136673
55,237231,8482.667010681,720,741.213203435596,0,8482.667010681
55,237232,8461.6995899238,720,741.213203435596,0,8461.6995899238
55,237274,7634.98483429276,720,741.213203435596,0,7634.98483429276
55,237275,7616.73085820163,720,741.213203435596,0,7616.73085820163
55,237276,7598.55067157245,720,741.213203435596,0,7598.55067157245
55,237309,7043.61953008712,720,741.213203435596,0,7043.61953008712
55,237310,7028.28175928368,720,741.213203435596,0,7028.28175928368
55,237311,7013.03790715127,720,741.213203435596,0,7013.03790715127
55,237312,6997.88858745653,720,741.213203435596,0,6997.88858745653
55,237313,6982.83441546614,720,741.213203435596,0,6982.83441546614
55,237932,8503.60790734004,720,741.213203435596,0,8503.60790734004
55,237933,8482.48137366548,720,741.213203435596,0,8482.48137366548
55,237934,8461.4077358527,720,741.213203435596,0,8461.4077358527
55,237935,8440.3873901117,720,741.213203435596,0,8440.3873901117
55,237936,8419.42073559574,720,741.213203435596,0,8419.42073559574
55,237978,7593.04254898532,720,741.213203435596,0,7593.04254898532
55,237979,7574.80541025726,720,741.213203435596,0,7574.80541025726
55,238013,7002.59982181011,720,741.213203435596,0,7002.59982181011
55,238014,6987.29985838867,720,741.213203435596,0,6987.29985838867
55,238015,6972.09453201338,720,741.213203435596,0,6972.09453201338
55,238016,6956.98446320721,720,741.213203435596,0,6956.98446320721
55,238637,8440.20091725381,720,741.213203435596,0,8440.20091725381
55,238638,8419.12751021255,720,741.213203435596,0,8419.12751021255
55,238639,8398.10766526917,720,741.213203435596,0,8398.10766526917
55,238640,8377.14178561705,720,741.213203435596,0,8377.14178561705
55,238641,8356.23027745571,720,741.213203435596,0,8356.23027745571
55,238682,7551.10396507035,720,741.213203435596,0,7551.10396507035
55,238683,7532.88386139883,720,741.213203435596,0,7532.88386139883
55,238716,6976.95158606518,720,741.213203435596,0,6976.95158606518
55,238717,6961.59517124358,720,741.213203435596,0,6961.59517124358
55,238718,6946.33349599283,720,741.213203435596,0,6946.33349599283
55,238719,6931.16718613381,720,741.213203435596,0,6931.16718613381
55,239342,8376.84717450113,720,741.213203435596,0,8376.84717450113
55,239343,8355.82783629921,720,741.213203435596,0,8355.82783629921
55,239344,8334.86274026736,720,741.213203435596,0,8334.86274026736
55,239345,8313.95229675043,720,741.213203435596,0,8313.95229675043
55,239346,8293.09691915482,720,741.213203435596,0,8293.09691915482
55,239385,7527.44674989815,720,741.213203435596,0,7527.44674989815
55,239386,7509.16914649043,720,741.213203435596,0,7509.16914649043
55,239387,7490.96627901553,720,741.213203435596,0,7490.96627901553
55,239420,6935.92421663224,720,741.213203435596,0,6935.92421663224
55,239421,6920.60584812693,720,741.213203435596,0,6920.60584812693
55,239422,6905.3829507372,720,741.213203435596,0,6905.3829507372
55,239423,6890.25615724631,720,741.213203435596,0,6890.25615724631
55,239424,6875.22610199404,720,741.213203435596,0,6875.22610199404
55,239426,6845.45875091787,720,741.213203435596,0,6845.45875091787
55,240047,8313.54790335344,720,741.213203435596,0,8313.54790335344
55,240048,8292.58359983241,720,741.213203435596,0,8292.58359983241
55,240049,8271.67423276612,720,741.213203435596,0,8271.67423276612
55,240050,8250.8202198164,720,741.213203435596,0,8250.8202198164
55,240051,8230.02198177137,720,741.213203435596,0,8230.02198177137
55,240052,8209.2799425468,720,741.213203435596,0,8209.2799425468
55,240053,8188.59452920713,720,741.213203435596,0,8188.59452920713
55,240054,8167.96617196758,720,741.213203435596,0,8167.96617196758
55,240055,8147.39530420834,720,741.213203435596,0,8147.39530420834
55,240089,7485.49882540342,720,741.213203435596,0,7485.49882540342
55,240090,7467.23815861747,720,741.213203435596,0,7467.23815861747
55,240091,7449.05273200662,720,741.213203435596,0,7449.05273200662
55,240092,7430.94309796731,720,741.213203435596,0,7430.94309796731
55,240093,7412.9098119837,720,741.213203435596,0,7412.9098119837
55,240094,7394.95343259964,720,741.213203435596,0,7394.95343259964
55,240125,6879.63212852785,720,741.213203435596,0,6879.63212852785
55,240126,6864.44850780167,720,741.213203435596,0,6864.44850780167
55,240127,6849.3617398414,720,741.213203435596,0,6849.3617398414
55,240128,6834.37246605162,720,741.213203435596,0,6834.37246605162
55,240129,6819.48132931014,720,741.213203435596,0,6819.48132931014
55,240130,6804.68897389866,720,741.213203435596,0,6804.68897389866
55,240752,8250.30436460166,720,741.213203435596,0,8250.30436460166
55,240753,8229.39608597553,720,741.213203435596,0,8229.39608597553
55,240754,8208.54345269438,720,741.213203435596,0,8208.54345269438
55,240755,8187.74688991118,720,741.213203435596,0,8187.74688991118
55,240756,8167.00682596579,720,741.213203435596,0,8167.00682596579
55,240757,8146.32369238368,720,741.213203435596,0,8146.32369238368
55,240758,8125.69792389738,720,741.213203435596,0,8125.69792389738
55,240795,7407.14329082731,720,741.213203435596,0,7407.14329082731
55,240796,7389.05182312092,720,741.213203435596,0,7389.05182312092
55,240797,7371.03722705677,720,741.213203435596,0,7371.03722705677
55,240798,7353.10006762482,720,741.213203435596,0,7353.10006762482
55,240799,7335.24091290456,720,741.213203435596,0,7335.24091290456
55,240830,6823.53045909733,720,741.213203435596,0,6823.53045909733
55,240831,6808.48423536805,720,741.213203435596,0,6808.48423536805
55,240832,6793.53627240465,720,741.213203435596,0,6793.53627240465
55,240833,6778.68722024551,720,741.213203435596,0,6778.68722024551
55,240834,6763.93773031542,720,741.213203435596,0,6763.93773031542
55,240835,6749.28845534543,720,741.213203435596,0,6749.28845534543
55,241460,8124.73368233436,720,741.213203435596,0,8124.73368233436
55,241461,8104.0528534133,720,741.213203435596,0,8104.0528534133
55,241462,8083.42970194145,720,741.213203435596,0,8083.42970194145
55,241463,8062.86467050294,720,741.213203435596,0,8062.86467050294
55,241464,8042.35820495023,720,741.213203435596,0,8042.35820495023
55,241500,7347.16494494636,720,741.213203435596,0,7347.16494494636
55,241501,7329.16926451455,720,741.213203435596,0,7329.16926451455
55,241502,7311.25155778227,720,741.213203435596,0,7311.25155778227
55,241503,7293.41239942261,720,741.213203435596,0,7293.41239942261
55,241534,6782.62910346429,720,741.213203435596,0,6782.62910346429
55,241535,6767.62395243054,720,741.213203435596,0,6767.62395243054
55,241536,6752.71783963482,720,741.213203435596,0,6752.71783963482
55,241537,6737.91142237562,720,741.213203435596,0,6737.91142237562
55,241538,6723.2053593256,720,741.213203435596,0,6723.2053593256
55,241539,6708.60031045321,720,741.213203435596,0,6708.60031045321
55,242166,8041.16150830899,720,741.213203435596,0,8041.16150830899
55,242169,7979.65243992053,720,741.213203435596,0,7979.65243992053
55,242204,7305.28254104798,720,741.213203435596,0,7305.28254104798
55,242205,7287.30600601199,720,741.213203435596,0,7287.30600601199
55,242206,7269.40798890808,720,741.213203435596,0,7269.40798890808
55,242207,7251.58907112214,720,741.213203435596,0,7251.58907112214
55,242239,6726.78120700294,720,741.213203435596,0,6726.78120700294
55,242240,6711.91749393044,720,741.213203435596,0,6711.91749393044
55,242241,6697.15427231884,720,741.213203435596,0,6697.15427231884
55,242242,6682.49220819864,720,741.213203435596,0,6682.49220819864
55,242243,6667.93196887411,720,741.213203435596,0,6667.93196887411
55,242871,7978.33427893164,720,741.213203435596,0,7978.33427893164
55,242872,7957.83443259373,720,741.213203435596,0,7957.83443259373
55,242873,7937.39426508009,720,741.213203435596,0,7937.39426508009
55,242874,7917.01423863029,720,741.213203435596,0,7917.01423863029
55,242907,7281.44033103581,720,741.213203435596,0,7281.44033103581
55,242908,7263.40469081773,720,741.213203435596,0,7263.40469081773
55,242909,7245.44753508023,720,741.213203435596,0,7245.44753508023
55,242910,7227.56944881929,720,741.213203435596,0,7227.56944881929
55,242911,7209.77102024074,720,741.213203435596,0,7209.77102024074
55,242912,7192.05284073869,720,741.213203435596,0,7192.05284073869
55,242943,6685.95632264107,720,741.213203435596,0,6685.95632264107
55,242944,6671.13556931566,720,741.213203435596,0,6671.13556931566
55,242945,6656.41611478981,720,741.213203435596,0,6656.41611478981
55,242946,6641.79863255513,720,741.213203435596,0,6641.79863255513
55,242947,6627.28379735695,720,741.213203435596,0,6627.28379735695
55,242948,6612.8722851056,720,741.213203435596,0,6612.8722851056
55,243575,7936.06918091839,720,741.213203435596,0,7936.06918091839
55,243576,7915.57269927867,720,741.213203435596,0,7915.57269927867
55,243577,7895.13623397526,720,741.213203435596,0,7895.13623397526
55,243578,7874.76025226816,720,741.213203435596,0,7874.76025226816
55,243610,7257.64307317313,720,741.213203435596,0,7257.64307317313
55,243611,7239.54805033955,720,741.213203435596,0,7239.54805033955
55,243612,7221.53147547412,720,741.213203435596,0,7221.53147547412
55,243613,7203.5939371862,720,741.213203435596,0,7203.5939371862
55,243614,7185.73602736646,720,741.213203435596,0,7185.73602736646
55,243615,7167.95834116106,720,741.213203435596,0,7167.95834116106
55,243648,6630.37240788323,720,741.213203435596,0,6630.37240788323
55,243649,6615.69730282971,720,741.213203435596,0,6615.69730282971
55,243650,6601.12499661007,720,741.213203435596,0,6601.12499661007
55,243651,6586.65617151933,720,741.213203435596,0,6586.65617151933
55,243652,6572.29151099782,720,741.213203435596,0,6572.29151099782
55,244280,7873.31107250947,720,741.213203435596,0,7873.31107250947
55,244281,7852.87835076553,720,741.213203435596,0,7852.87835076553
55,244282,7832.50645905764,720,741.213203435596,0,7832.50645905764
55,244314,7215.73652768914,720,741.213203435596,0,7215.73652768914
55,244315,7197.66025262288,720,741.213203435596,0,7197.66025262288
55,244316,7179.66297812802,720,741.213203435596,0,7179.66297812802
55,244317,7161.74529978196,720,741.213203435596,0,7161.74529978196
55,244318,7143.90781649222,720,741.213203435596,0,7143.90781649222
55,244319,7126.15113046866,720,741.213203435596,0,7126.15113046866
55,244320,7108.47584719813,720,741.213203435596,0,7108.47584719813
55,244351,6604.36147061795,720,741.213203435596,0,6604.36147061795
55,244352,6589.62836003043,720,741.213203435596,0,6589.62836003043
55,244353,6574.99819805522,720,741.213203435596,0,6574.99819805522
55,244354,6560.47167343284,720,741.213203435596,0,6560.47167343284
55,244355,6546.04947611871,720,741.213203435596,0,6546.04947611871
55,244356,6531.73229718238,720,741.213203435596,0,6531.73229718238
55,244984,7831.04955585534,720,741.213203435596,0,7831.04955585534
55,244985,7810.62061970111,720,741.213203435596,0,7810.62061970111
55,244986,7790.2528639975,720,741.213203435596,0,7790.2528639975
55,245019,7155.77701863264,720,741.213203435596,0,7155.77701863264
55,245020,7137.79928382518,720,741.213203435596,0,7137.79928382518
55,245021,7119.90171236351,720,741.213203435596,0,7119.90171236351
55,245022,7102.08491029582,720,741.213203435596,0,7102.08491029582
55,245023,7084.34948701634,720,741.213203435596,0,7084.34948701634
55,245024,7066.69605523826,720,741.213203435596,0,7066.69605523826
55,245025,7049.12523096668,720,741.213203435596,0,7049.12523096668
55,245056,6548.90378470867,720,741.213203435596,0,6548.90378470867
55,245057,6534.31917091522,720,741.213203435596,0,6534.31917091522
55,245058,6519.83904520983,720,741.213203435596,0,6519.83904520983
55,245059,6505.4641053119,720,741.213203435596,0,6505.4641053119
55,245060,6491.19505003464,720,741.213203435596,0,6491.19505003464
55,245688,7788.78815296275,720,741.213203435596,0,7788.78815296275
55,245689,7768.36304512526,720,741.213203435596,0,7768.36304512526
55,245690,7747.99947219625,720,741.213203435596,0,7747.99947219625
55,245724,7095.94047961024,720,741.213203435596,0,7095.94047961024
55,245725,7078.06326653627,720,741.213203435596,0,7078.06326653627
55,245726,7060.26740509484,720,741.213203435596,0,7060.26740509484
55,245727,7042.55351198885,720,741.213203435596,0,7042.55351198885
55,245728,7024.92220728675,720,741.213203435596,0,7024.92220728675
55,245729,7007.37411439392,720,741.213203435596,0,7007.37411439392
55,245760,6508.19904968,720,741.213203435596,0,6508.19904968
55,245761,6493.66060096093,720,741.213203435596,0,6493.66060096093
55,245762,6479.22750351672,720,741.213203435596,0,6479.22750351672
55,245763,6464.9004629498,720,741.213203435596,0,6464.9004629498
55,245764,6450.68018592085,720,741.213203435596,0,6450.68018592085
55,246392,7746.52686756142,720,741.213203435596,0,7746.52686756142
55,246393,7726.1056314797,720,741.213203435596,0,7726.1056314797
55,246394,7705.74628887159,720,741.213203435596,0,7705.74628887159
55,246395,7685.44933161949,720,741.213203435596,0,7685.44933161949
55,246396,7665.21525530213,720,741.213203435596,0,7665.21525530213
55,246429,7036.23005607409,720,741.213203435596,0,7036.23005607409
55,246430,7018.45539949005,720,741.213203435596,0,7018.45539949005
55,246431,7000.76330897628,720,741.213203435596,0,7000.76330897628
55,246432,6983.15441208784,720,741.213203435596,0,6983.15441208784
55,246464,6467.51453178991,720,741.213203435596,0,6467.51453178991
55,246465,6453.02287711457,720,741.213203435596,0,6453.02287711457
55,246466,6438.63744960939,720,741.213203435596,0,6438.63744960939
55,246467,6424.35896286528,720,741.213203435596,0,6424.35896286528
55,247097,7683.84838329598,720,741.213203435596,0,7683.84838329598
55,247098,7663.49331935615,720,741.213203435596,0,7663.49331935615
55,247099,7643.20100903926,720,741.213203435596,0,7643.20100903926
55,247100,7622.97195349216,720,741.213203435596,0,7622.97195349216
55,247134,6976.64899442861,720,741.213203435596,0,6976.64899442861
55,247135,6958.97898404068,720,741.213203435596,0,6958.97898404068
55,247136,6941.39278098254,720,741.213203435596,0,6941.39278098254
55,247137,6923.8910238501,720,741.213203435596,0,6923.8910238501
55,247138,6906.47435462841,720,741.213203435596,0,6906.47435462841
55,247168,6426.8506172293,720,741.213203435596,0,6426.8506172293
55,247169,6412.40639795663,720,741.213203435596,0,6412.40639795663
55,247170,6398.06929470509,720,741.213203435596,0,6398.06929470509
55,247171,6383.84002917054,720,741.213203435596,0,6383.84002917054
55,247801,7641.59130521189,720,741.213203435596,0,7641.59130521189
55,247802,7621.24056910607,720,741.213203435596,0,7621.24056910607
55,247803,7600.95295923525,720,741.213203435596,0,7600.95295923525
55,247814,7382.10327571006,720,741.213203435596,0,7382.10327571006
55,247815,7362.61381105366,720,741.213203435596,0,7362.61381105366
55,247816,7343.19436133468,720,741.213203435596,0,7343.19436133468
55,247839,6917.20064579391,720,741.213203435596,0,6917.20064579391
55,247840,6899.63742799693,720,741.213203435596,0,6899.63742799693
55,247841,6882.15928628492,720,741.213203435596,0,6882.15928628492
55,247842,6864.76687048577,720,741.213203435596,0,6864.76687048577
55,247843,6847.46083382851,720,741.213203435596,0,6847.46083382851
55,247844,6830.24183289626,720,741.213203435596,0,6830.24183289626
55,247845,6813.11052759832,720,741.213203435596,0,6813.11052759832
55,247873,6371.8115720225,720,741.213203435596,0,6371.8115720225
55,247874,6357.52346029809,720,741.213203435596,0,6357.52346029809
55,247875,6343.34409658499,720,741.213203435596,0,6343.34409658499
55,248505,7599.33440196751,720,741.213203435596,0,7599.33440196751
55,248508,7538.48634955713,720,741.213203435596,0,7538.48634955713
55,248517,7359.48401692644,720,741.213203435596,0,7359.48401692644
55,248518,7339.93438700622,720,741.213203435596,0,7339.93438700622
55,248519,7320.45466931529,720,741.213203435596,0,7320.45466931529
55,248520,7301.04542344789,720,741.213203435596,0,7301.04542344789
55,248543,6875.42840547171,720,741.213203435596,0,6875.42840547171
55,248544,6857.8884699112,720,741.213203435596,0,6857.8884699112
55,248545,6840.43424956976,720,741.213203435596,0,6840.43424956976
55,248546,6823.06640225881,720,741.213203435596,0,6823.06640225881
55,248547,6805.78558922813,720,741.213203435596,0,6805.78558922813
55,248548,6788.59247513621,720,741.213203435596,0,6788.59247513621
55,248549,6771.48772799668,720,741.213203435596,0,6771.48772799668
55,248577,6331.23881810165,720,741.213203435596,0,6331.23881810165
55,248578,6317.00037846986,720,741.213203435596,0,6317.00037846986
55,248579,6302.87161074428,720,741.213203435596,0,6302.87161074428
55,249211,7516.45770404783,720,741.213203435596,0,7516.45770404783
55,249212,7496.24406255089,720,741.213203435596,0,7496.24406255089
55,249221,7317.30694132705,720,741.213203435596,0,7317.30694132705
55,249222,7297.7667197473,720,741.213203435596,0,7297.7667197473
55,249223,7278.29686654482,720,741.213203435596,0,7278.29686654482
55,249224,7258.89794794519,720,741.213203435596,0,7258.89794794519
55,249225,7239.57053417004,720,741.213203435596,0,7239.57053417004
55,249226,7220.3151994364,720,741.213203435596,0,7220.3151994364
55,249249,6798.71603920568,720,741.213203435596,0,6798.71603920568
55,249250,6781.37308150388,720,741.213203435596,0,6781.37308150388
55,249251,6764.11782267139,720,741.213203435596,0,6764.11782267139
55,249252,6746.95093557471,720,741.213203435596,0,6746.95093557471
55,249253,6729.87309648101,720,741.213203435596,0,6729.87309648101
55,249254,6712.884985018,720,741.213203435596,0,6712.884985018
55,249281,6290.68856556151,720,741.213203435596,0,6290.68856556151
55,249282,6276.5004922155,720,741.213203435596,0,6276.5004922155
55,249283,6262.42302854763,720,741.213203435596,0,6262.42302854763
55,249284,6248.45692215199,720,741.213203435596,0,6248.45692215199
55,249914,7494.48369030125,720,741.213203435596,0,7494.48369030125
55,249915,7474.21051207681,720,741.213203435596,0,7474.21051207681
55,249916,7454.00212922158,720,741.213203435596,0,7454.00212922158
55,249917,7433.85907016215,720,741.213203435596,0,7433.85907016215
55,249925,7275.13099671976,720,741.213203435596,0,7275.13099671976
55,249926,7255.60029722513,720,741.213203435596,0,7255.60029722513
55,249927,7236.140428142,720,741.213203435596,0,7236.140428142
55,249928,7216.75196245119,720,741.213203435596,0,7216.75196245119
55,249929,7197.43547719388,720,741.213203435596,0,7197.43547719388
55,249930,7178.19155346614,720,741.213203435596,0,7178.19155346614
55,249953,6757.00478376852,720,741.213203435596,0,6757.00478376852
55,249954,6739.68704301757,720,741.213203435596,0,6739.68704301757
55,249955,6722.45767536146,720,741.213203435596,0,6722.45767536146
55,249956,6705.31736202557,720,741.213203435596,0,6705.31736202557
55,249957,6688.26678768242,720,741.213203435596,0,6688.26678768242
55,249958,6671.30664039935,720,741.213203435596,0,6671.30664039935
55,249986,6236.02425578441,720,741.213203435596,0,6236.02425578441
55,249987,6221.99881850214,720,741.213203435596,0,6221.99881850214
55,249988,6208.08569895913,720,741.213203435596,0,6208.08569895913
55,249989,6194.28565399186,720,741.213203435596,0,6194.28565399186
55,250618,7452.23187410966,720,741.213203435596,0,7452.23187410966
55,250619,7431.96361971697,720,741.213203435596,0,7431.96361971697
55,250620,7411.76055756676,720,741.213203435596,0,7411.76055756676
55,250621,7391.62322221634,720,741.213203435596,0,7391.62322221634
55,250631,7193.98538009836,720,741.213203435596,0,7193.98538009836
55,250632,7174.60749523897,720,741.213203435596,0,7174.60749523897
55,250658,6698.00842492124,720,741.213203435596,0,6698.00842492124
55,250659,6680.80529199431,720,741.213203435596,0,6680.80529199431
55,250660,6663.69190596813,720,741.213203435596,0,6663.69190596813
55,250661,6646.66896006578,720,741.213203435596,0,6646.66896006578
55,250662,6629.73715094797,720,741.213203435596,0,6629.73715094797
55,250691,6181.59946108684,720,741.213203435596,0,6181.59946108684
55,250692,6167.74007991562,720,741.213203435596,0,6167.74007991562
55,250693,6153.99475695028,720,741.213203435596,0,6153.99475695028
55,250694,6140.36425815671,720,741.213203435596,0,6140.36425815671
55,251323,7389.71703406455,720,741.213203435596,0,7389.71703406455
55,251324,7369.51935576515,720,741.213203435596,0,7369.51935576515
55,251325,7349.38781223766,720,741.213203435596,0,7349.38781223766
55,251326,7329.32294844525,720,741.213203435596,0,7329.32294844525
55,251327,7309.32531351376,720,741.213203435596,0,7309.32531351376
55,251362,6656.3373687727,720,741.213203435596,0,6656.3373687727
55,251363,6639.16082087528,720,741.213203435596,0,6639.16082087528
55,251364,6622.07472266157,720,741.213203435596,0,6622.07472266157
55,251365,6605.07977606018,720,741.213203435596,0,6605.07977606018
55,251366,6588.17668647837,720,741.213203435596,0,6588.17668647837
55,251396,6127.42057314753,720,741.213203435596,0,6127.42057314753
55,252028,7327.27853218392,720,741.213203435596,0,7327.27853218392
55,252029,7307.15284980031,720,741.213203435596,0,7307.15284980031
55,252030,7287.09426660288,720,741.213203435596,0,7287.09426660288
55,252031,7267.10333821231,720,741.213203435596,0,7267.10333821231
55,252032,7247.18062449565,720,741.213203435596,0,7247.18062449565
55,252066,6614.67401967345,720,741.213203435596,0,6614.67401967345
55,252067,6597.52441402388,720,741.213203435596,0,6597.52441402388
55,252068,6580.46597125928,720,741.213203435596,0,6580.46597125928
55,252069,6563.4994021725,720,741.213203435596,0,6563.4994021725
55,252070,6546.62542108013,720,741.213203435596,0,6546.62542108013
55,252733,7264.91834469644,720,741.213203435596,0,7264.91834469644
55,252734,7244.86611791244,720,741.213203435596,0,7244.86611791244
55,252735,7224.88197726279,720,741.213203435596,0,7224.88197726279
55,252736,7204.96648928946,720,741.213203435596,0,7204.96648928946
55,252770,6573.01852637627,720,741.213203435596,0,6573.01852637627
55,252771,6555.89622729034,720,741.213203435596,0,6555.89622729034
55,252772,6538.86581493385,720,741.213203435596,0,6538.86581493385
55,252773,6521.92800912699,720,741.213203435596,0,6521.92800912699
55,252774,6505.08353325034,720,741.213203435596,0,6505.08353325034
55,252775,6488.3331141919,720,741.213203435596,0,6488.3331141919
55,253438,7202.63851376,720,741.213203435596,0,7202.63851376
55,253439,7182.66124351074,720,741.213203435596,0,7182.66124351074
55,253440,7162.75306954878,720,741.213203435596,0,7162.75306954878
55,253474,6531.37104140147,720,741.213203435596,0,6531.37104140147
55,253475,6514.27642048246,720,741.213203435596,0,6514.27642048246
55,253476,6497.27442100881,720,741.213203435596,0,6497.27442100881
55,253477,6480.36577198899,720,741.213203435596,0,6480.36577198899
55,253478,6463.5512060394,720,741.213203435596,0,6463.5512060394
55,253479,6446.83145931939,720,741.213203435596,0,6446.83145931939
55,254142,7160.41146579397,720,741.213203435596,0,7160.41146579397
55,254143,7140.44115010555,720,741.213203435596,0,7140.44115010555
55,254144,7120.54038002728,720,741.213203435596,0,7120.54038002728
55,254178,6489.73172115172,720,741.213203435596,0,6489.73172115172
55,254179,6472.66515748255,720,741.213203435596,0,6472.66515748255
55,254180,6455.69196107588,720,741.213203435596,0,6455.69196107588
55,254181,6438.81287030454,720,741.213203435596,0,6438.81287030454
55,254182,6422.02862718475,720,741.213203435596,0,6422.02862718475
55,254183,6405.33997731819,720,741.213203435596,0,6405.33997731819
55,254184,6388.74766983052,720,741.213203435596,0,6388.74766983052
55,254846,7118.1849859436,720,741.213203435596,0,7118.1849859436
55,254847,7098.22171051163,720,741.213203435596,0,7098.22171051163
55,254848,7078.32843582966,720,741.213203435596,0,7078.32843582966
55,254883,6431.06260637999,720,741.213203435596,0,6431.06260637999
55,254884,6414.11861114607,720,741.213203435596,0,6414.11861114607
55,254885,6397.26948824534,720,741.213203435596,0,6397.26948824534
55,254886,6380.51598926861,720,741.213203435596,0,6380.51598926861
55,254887,6363.8588694365,720,741.213203435596,0,6363.8588694365
55,254888,6347.29888753038,720,741.213203435596,0,6347.29888753038
55,254889,6330.83680581869,720,741.213203435596,0,6330.83680581869
55,255550,7075.95908642521,720,741.213203435596,0,7075.95908642521
55,255551,7056.00293851074,720,741.213203435596,0,7056.00293851074
55,255552,7036.11725242282,720,741.213203435596,0,7036.11725242282
55,255553,7016.30262727537,720,741.213203435596,0,7016.30262727537
55,255554,6996.55966681098,720,741.213203435596,0,6996.55966681098
55,255588,6372.55455178194,720,741.213203435596,0,6372.55455178194
55,255589,6355.73581475415,720,741.213203435596,0,6355.73581475415
55,255590,6339.0134898743,720,741.213203435596,0,6339.0134898743
55,255591,6322.38834215533,720,741.213203435596,0,6322.38834215533
55,255592,6305.86114020918,720,741.213203435596,0,6305.86114020918
55,255593,6289.43265617255,720,741.213203435596,0,6289.43265617255
55,255594,6273.10366563753,720,741.213203435596,0,6273.10366563753
55,256254,7033.73377974158,720,741.213203435596,0,7033.73377974158
55,256255,7013.7848482186,720,741.213203435596,0,7013.7848482186
55,256256,6993.90684565052,720,741.213203435596,0,6993.90684565052
55,256257,6974.10037853431,720,741.213203435596,0,6974.10037853431
55,256258,6954.36605808472,720,741.213203435596,0,6954.36605808472
55,256293,6314.21204370306,720,741.213203435596,0,6314.21204370306
55,256294,6297.52133174274,720,741.213203435596,0,6297.52133174274
55,256295,6280.92860735213,720,741.213203435596,0,6280.92860735213
55,256296,6264.434649154,720,741.213203435596,0,6264.434649154
55,256297,6248.04023933927,720,741.213203435596,0,6248.04023933927
55,256298,6231.74616357741,720,741.213203435596,0,6231.74616357741
55,256373,5355.33624772159,720,741.213203435596,0,5355.33624772159
55,256374,5349.03468025231,720,741.213203435596,0,5349.03468025231
55,256959,6971.56745409471,720,741.213203435596,0,6971.56745409471
55,256960,6951.69723173619,720,741.213203435596,0,6951.69723173619
55,256961,6931.89902565218,720,741.213203435596,0,6931.89902565218
55,256962,6912.17345466002,720,741.213203435596,0,6912.17345466002
55,256999,6239.47988248125,720,741.213203435596,0,6239.47988248125
55,257000,6223.01964148746,720,741.213203435596,0,6223.01964148746
55,257001,6206.65979238468,720,741.213203435596,0,6206.65979238468
55,257002,6190.40113111575,720,741.213203435596,0,6190.40113111575
55,257076,5326.11839743536,720,741.213203435596,0,5326.11839743536
55,257077,5319.78218583359,720,741.213203435596,0,5319.78218583359
55,257078,5313.60667455354,720,741.213203435596,0,5313.60667455354
55,257079,5307.59242453126,720,741.213203435596,0,5307.59242453126
55,257664,6909.48842730403,720,741.213203435596,0,6909.48842730403
55,257665,6889.69858718597,720,741.213203435596,0,6889.69858718597
55,257666,6869.98187715795,720,741.213203435596,0,6869.98187715795
55,257667,6850.33892867216,720,741.213203435596,0,6850.33892867216
55,257704,6181.61635034868,720,741.213203435596,0,6181.61635034868
55,257705,6165.29155867284,720,741.213203435596,0,6165.29155867284
55,257706,6149.06882212634,720,741.213203435596,0,6149.06882212634
55,257707,6132.94895057172,720,741.213203435596,0,6132.94895057172
55,257780,5290.53706086553,720,741.213203435596,0,5290.53706086553
55,257781,5284.32733902805,720,741.213203435596,0,5284.32733902805
55,257782,5278.27969466992,720,741.213203435596,0,5278.27969466992
55,257783,5272.39468551875,720,741.213203435596,0,5272.39468551875
55,257784,5266.67285676411,720,741.213203435596,0,5266.67285676411
55,258368,6867.2804493838,720,741.213203435596,0,6867.2804493838
55,258369,6847.49908215274,720,741.213203435596,0,6847.49908215274
55,258370,6827.79134671712,720,741.213203435596,0,6827.79134671712
55,258371,6808.15788250991,720,741.213203435596,0,6808.15788250991
55,258372,6788.59933393451,720,741.213203435596,0,6788.59933393451
55,258373,6769.11635036986,720,741.213203435596,0,6769.11635036986
55,258408,6140.22501510749,720,741.213203435596,0,6140.22501510749
55,258409,6123.93578807094,720,741.213203435596,0,6123.93578807094
55,258410,6107.74949728411,720,741.213203435596,0,6107.74949728411
55,258411,6091.66696328944,720,741.213203435596,0,6091.66696328944
55,258486,5243.05578545184,720,741.213203435596,0,5243.05578545184
55,258487,5237.30187262368,720,741.213203435596,0,5237.30187262368
55,258488,5231.71252323771,720,741.213203435596,0,5231.71252323771
55,259073,6805.30053003952,720,741.213203435596,0,6805.30053003952
55,259074,6785.60188499773,720,741.213203435596,0,6785.60188499773
55,259075,6765.9780278592,720,741.213203435596,0,6765.9780278592
55,259076,6746.4296112484,720,741.213203435596,0,6746.4296112484
55,259077,6726.95729285395,720,741.213203435596,0,6726.95729285395
55,259078,6707.56173542291,720,741.213203435596,0,6707.56173542291
55,259113,6082.59273716319,720,741.213203435596,0,6082.59273716319
55,259114,6066.44342427784,720,741.213203435596,0,6066.44342427784
55,259115,6050.39877431961,720,741.213203435596,0,6050.39877431961
55,259189,5213.72339238859,720,741.213203435596,0,5213.72339238859
55,259190,5207.93704102823,720,741.213203435596,0,5207.93704102823
55,259191,5202.31611199239,720,741.213203435596,0,5202.31611199239
55,259192,5196.86114204519,720,741.213203435596,0,5196.86114204519
55,259778,6743.41351420052,720,741.213203435596,0,6743.41351420052
55,259779,6723.79938929354,720,741.213203435596,0,6723.79938929354
55,259780,6704.26123710546,720,741.213203435596,0,6704.26123710546
55,259781,6684.79972378658,720,741.213203435596,0,6684.79972378658
55,259782,6665.41552064645,720,741.213203435596,0,6665.41552064645
55,259817,6041.26266948274,720,741.213203435596,0,6041.26266948274
55,259818,6025.15087805745,720,741.213203435596,0,6025.15087805745
55,259819,6009.14467034955,720,741.213203435596,0,6009.14467034955
55,259893,5178.57846664135,720,741.213203435596,0,5178.57846664135
55,259894,5172.92560606783,720,741.213203435596,0,5172.92560606783
55,259895,5167.43958079,720,741.213203435596,0,5167.43958079
55,259896,5162.12092271764,720,741.213203435596,0,5162.12092271764
55,259897,5156.97014969552,720,741.213203435596,0,5156.97014969552
55,260482,6701.22625708618,720,741.213203435596,0,6701.22625708618
55,260483,6681.62199200779,720,741.213203435596,0,6681.62199200779
55,260484,6662.09423927897,720,741.213203435596,0,6662.09423927897
55,260485,6642.64367368579,720,741.213203435596,0,6642.64367368579
55,260487,6603.97682925064,720,741.213203435596,0,6603.97682925064
55,260488,6584.76192618138,720,741.213203435596,0,6584.76192618138
55,260489,6565.6269617832,720,741.213203435596,0,6565.6269617832
55,260521,5999.94585573984,720,741.213203435596,0,5999.94585573984
55,260522,5983.87214106555,720,741.213203435596,0,5983.87214106555
55,260523,5967.90494589304,720,741.213203435596,0,5967.90494589304
55,260597,5143.54110669439,720,741.213203435596,0,5143.54110669439
55,260598,5138.02367706259,720,741.213203435596,0,5138.02367706259
55,260599,5132.67450847294,720,741.213203435596,0,5132.67450847294
55,260600,5127.49412753113,720,741.213203435596,0,5127.49412753113
55,260601,5122.48304632511,720,741.213203435596,0,5122.48304632511
55,261190,6581.12813351028,720,741.213203435596,0,6581.12813351028
55,261191,6561.8462195155,720,741.213203435596,0,6561.8462195155
55,261192,6542.64413144103,720,741.213203435596,0,6542.64413144103
55,261193,6523.52257419261,720,741.213203435596,0,6523.52257419261
55,261201,6373.5355631864,720,741.213203435596,0,6373.5355631864
55,261202,6355.17137690179,720,741.213203435596,0,6355.17137690179
55,261203,6336.8950604913,720,741.213203435596,0,6336.8950604913
55,261204,6318.70737642047,720,741.213203435596,0,6318.70737642047
55,261225,5958.64257406152,720,741.213203435596,0,5958.64257406152
55,261226,5942.60750349764,720,741.213203435596,0,5942.60750349764
55,261227,5926.6799035613,720,741.213203435596,0,5926.6799035613
55,261303,5098.02317809534,720,741.213203435596,0,5098.02317809534
55,261895,6519.71751330929,720,741.213203435596,0,6519.71751330929
55,261896,6500.52841341444,720,741.213203435596,0,6500.52841341444
55,261897,6481.42044514127,720,741.213203435596,0,6481.42044514127
55,261904,6349.9974833699,720,741.213203435596,0,6349.9974833699
55,261905,6331.56492780154,720,741.213203435596,0,6331.56492780154
55,261906,6313.22017389309,720,741.213203435596,0,6313.22017389309
55,261907,6294.96398925602,720,741.213203435596,0,6294.96398925602
55,261908,6276.79714670962,720,741.213203435596,0,6276.79714670962
55,261929,5917.35311025401,720,741.213203435596,0,5917.35311025401
55,261930,5901.35726357255,720,741.213203435596,0,5901.35726357255
55,261931,5885.46985433246,720,741.213203435596,0,5885.46985433246
55,262599,6477.5907499991,720,741.213203435596,0,6477.5907499991
55,262600,6458.41481496257,720,741.213203435596,0,6458.41481496257
55,262601,6439.32062117431,720,741.213203435596,0,6439.32062117431
55,262602,6420.30889793537,720,741.213203435596,0,6420.30889793537
55,262608,6308.01197156775,720,741.213203435596,0,6308.01197156775
55,262609,6289.59842229393,720,741.213203435596,0,6289.59842229393
55,262610,6271.27337440563,720,741.213203435596,0,6271.27337440563
55,262611,6253.0376059874,720,741.213203435596,0,6253.0376059874
55,262612,6234.89190041188,720,741.213203435596,0,6234.89190041188
55,262633,5876.07775805733,720,741.213203435596,0,5876.07775805733
55,263303,6435.46596998646,720,741.213203435596,0,6435.46596998646
55,263304,6416.30338007768,720,741.213203435596,0,6416.30338007768
55,263305,6397.22315005853,720,741.213203435596,0,6397.22315005853
55,263306,6378.22601906091,720,741.213203435596,0,6378.22601906091
55,263312,6266.03040662279,720,741.213203435596,0,6266.03040662279
55,263313,6247.63613219873,720,741.213203435596,0,6247.63613219873
55,263314,6229.33106971925,720,741.213203435596,0,6229.33106971925
55,263315,6211.11600794801,720,741.213203435596,0,6211.11600794801
55,263316,6192.99174102453,720,741.213203435596,0,6192.99174102453
55,263340,5787.40215841305,720,741.213203435596,0,5787.40215841305
55,264007,6393.34321473495,720,741.213203435596,0,6393.34321473495
55,264008,6374.19415390427,720,741.213203435596,0,6374.19415390427
55,264009,6355.12808082579,720,741.213203435596,0,6355.12808082579
55,264010,6336.14574465312,720,741.213203435596,0,6336.14574465312
55,264015,6242.5167355029,720,741.213203435596,0,6242.5167355029
55,264016,6224.05287071866,720,741.213203435596,0,6224.05287071866
55,264018,6187.3933535764,720,741.213203435596,0,6187.3933535764
55,264042,5777.69603788975,720,741.213203435596,0,5777.69603788975
55,264043,5761.93290672887,720,741.213203435596,0,5761.93290672887
55,264044,5746.28212838661,720,741.213203435596,0,5746.28212838661
55,264045,5730.74462337677,720,741.213203435596,0,5730.74462337677
55,264712,6332.08718279114,720,741.213203435596,0,6332.08718279114
55,264713,6313.03546381112,720,741.213203435596,0,6313.03546381112
55,264714,6294.06812924542,720,741.213203435596,0,6294.06812924542
55,264715,6275.18594427682,720,741.213203435596,0,6275.18594427682
55,264719,6200.52420590124,720,741.213203435596,0,6200.52420590124
55,264746,5736.50654087383,720,741.213203435596,0,5736.50654087383
55,264747,5720.78611741717,720,741.213203435596,0,5720.78611741717
55,264748,5705.17909277046,720,741.213203435596,0,5705.17909277046
55,264749,5689.68640010514,720,741.213203435596,0,5689.68640010514
55,264750,5674.30897591034,720,741.213203435596,0,5674.30897591034
55,264751,5659.04775985069,720,741.213203435596,0,5659.04775985069
55,265416,6289.98251432269,720,741.213203435596,0,6289.98251432269
55,265417,6270.94535069782,720,741.213203435596,0,6270.94535069782
55,265418,6251.99322883798,720,741.213203435596,0,6251.99322883798
55,265419,6233.12692446076,720,741.213203435596,0,6233.12692446076
55,265450,5695.33306285631,720,741.213203435596,0,5695.33306285631
55,265451,5679.65601213852,720,741.213203435596,0,5679.65601213852
55,265452,5664.09342408879,720,741.213203435596,0,5664.09342408879
55,265453,5648.64624477529,720,741.213203435596,0,5648.64624477529
55,265454,5633.31542359192,720,741.213203435596,0,5633.31542359192
55,265455,5618.1019130997,720,741.213203435596,0,5618.1019130997
55,265456,5603.00666888122,720,741.213203435596,0,5603.00666888122
55,266120,6247.880197362,720,741.213203435596,0,6247.880197362
55,266121,6228.85779456527,720,741.213203435596,0,6228.85779456527
55,266122,6209.92110093902,720,741.213203435596,0,6209.92110093902
55,266123,6191.07090296483,720,741.213203435596,0,6191.07090296483
55,266124,6172.30799311464,720,741.213203435596,0,6172.30799311464
55,266155,5638.54295855453,720,741.213203435596,0,5638.54295855453
55,266156,5623.02550559198,720,741.213203435596,0,5623.02550559198
55,266157,5607.6245566626,720,741.213203435596,0,5607.6245566626
55,266158,5592.34107429926,720,741.213203435596,0,5592.34107429926
55,266159,5577.17602420717,720,741.213203435596,0,5577.17602420717
55,266160,5562.130375096,720,741.213203435596,0,5562.130375096
55,266825,6186.77284993236,720,741.213203435596,0,6186.77284993236
55,266826,6167.85180463267,720,741.213203435596,0,6167.85180463267
55,266827,6149.01794366029,720,741.213203435596,0,6149.01794366029
55,266860,5581.97573164983,720,741.213203435596,0,5581.97573164983
55,266861,5566.62174663019,720,741.213203435596,0,5566.62174663019
55,266862,5551.38635584748,720,741.213203435596,0,5551.38635584748
55,266863,5536.27053838927,720,741.213203435596,0,5536.27053838927
55,266864,5521.27527633683,720,741.213203435596,0,5521.27527633683
55,266865,5506.40155459578,720,741.213203435596,0,5506.40155459578
55,267529,6144.69057281047,720,741.213203435596,0,6144.69057281047
55,267530,6125.78540061228,720,741.213203435596,0,6125.78540061228
55,267531,6106.96811216819,720,741.213203435596,0,6106.96811216819
55,267565,5525.63823754385,720,741.213203435596,0,5525.63823754385
55,267566,5510.45170855593,720,741.213203435596,0,5510.45170855593
55,267567,5495.38591388949,720,741.213203435596,0,5495.38591388949
55,267568,5480.44184924559,720,741.213203435596,0,5480.44184924559
55,267569,5465.6205131262,720,741.213203435596,0,5465.6205131262
55,268233,6102.61102074984,720,741.213203435596,0,6102.61102074984
55,268234,6083.72195124957,720,741.213203435596,0,6083.72195124957
55,268235,6064.92147593214,720,741.213203435596,0,6064.92147593214
55,268236,6046.2104212397,720,741.213203435596,0,6046.2104212397
55,268270,5469.5375857094,720,741.213203435596,0,5469.5375857094
55,268271,5454.52262245758,720,741.213203435596,0,5454.52262245758
55,268272,5439.63058452519,720,741.213203435596,0,5439.63058452519
55,268273,5424.86248425513,720,741.213203435596,0,5424.86248425513
55,268274,5410.21933657303,720,741.213203435596,0,5410.21933657303
55,268938,6041.66152064938,720,741.213203435596,0,6041.66152064938
55,268939,6022.87810427004,720,741.213203435596,0,6022.87810427004
55,268940,6004.18484199908,720,741.213203435596,0,6004.18484199908
55,268973,5443.73087632245,720,741.213203435596,0,5443.73087632245
55,268974,5428.64445403014,720,741.213203435596,0,5428.64445403014
55,268975,5413.68114983901,720,741.213203435596,0,5413.68114983901
55,268976,5398.84198744373,720,741.213203435596,0,5398.84198744373
55,268977,5384.12799328226,720,741.213203435596,0,5384.12799328226
55,269642,5999.6041747094,720,741.213203435596,0,5999.6041747094
55,269643,5980.83806844212,720,741.213203435596,0,5980.83806844212
55,269644,5962.16286153703,720,741.213203435596,0,5962.16286153703
55,269645,5943.57941083576,720,741.213203435596,0,5943.57941083576
55,269678,5387.77279416671,720,741.213203435596,0,5387.77279416671
55,269679,5372.86199628388,720,741.213203435596,0,5372.86199628388
55,269680,5358.0765783698,720,741.213203435596,0,5358.0765783698
55,269681,5343.41758122103,720,741.213203435596,0,5343.41758122103
55,269682,5328.88604813025,720,741.213203435596,0,5328.88604813025
55,269683,5314.48302468606,720,741.213203435596,0,5314.48302468606
55,270346,5957.54998118498,720,741.213203435596,0,5957.54998118498
55,270347,5938.80144172576,720,741.213203435596,0,5938.80144172576
55,270348,5920.14455893237,720,741.213203435596,0,5920.14455893237
55,270349,5901.58020207623,720,741.213203435596,0,5901.58020207623
55,270382,5346.92310121249,720,741.213203435596,0,5346.92310121249
55,270383,5332.06567708653,720,741.213203435596,0,5332.06567708653
55,270384,5317.33489333933,720,741.213203435596,0,5317.33489333933
55,270385,5302.73180537619,720,741.213203435596,0,5302.73180537619
55,270386,5288.25747106363,720,741.213203435596,0,5288.25747106363
55,271050,5915.49900974782,720,741.213203435596,0,5915.49900974782
55,271051,5896.76829947892,720,741.213203435596,0,5896.76829947892
55,271052,5878.13001550986,720,741.213203435596,0,5878.13001550986
55,271053,5859.58503981778,720,741.213203435596,0,5859.58503981778
55,271054,5841.13426113414,720,741.213203435596,0,5841.13426113414
55,271086,5306.09588523187,720,741.213203435596,0,5306.09588523187
55,271087,5291.29272314227,720,741.213203435596,0,5291.29272314227
55,271088,5276.61748461747,720,741.213203435596,0,5276.61748461747
55,271089,5262.07123994679,720,741.213203435596,0,5262.07123994679
55,271755,5854.73871921551,720,741.213203435596,0,5854.73871921551
55,271756,5836.11931493464,720,741.213203435596,0,5836.11931493464
55,271757,5817.59401417543,720,741.213203435596,0,5817.59401417543
55,271758,5799.16371877176,720,741.213203435596,0,5799.16371877176
55,271759,5780.8293374062,720,741.213203435596,0,5780.8293374062
55,271760,5762.59178556749,720,741.213203435596,0,5762.59178556749
55,271761,5744.45198550117,720,741.213203435596,0,5744.45198550117
55,271877,4573.90423738736,720,741.213203435596,0,4573.90423738736
55,271878,4573.9580076592,720,741.213203435596,0,4573.9580076592
55,271879,4574.207254486,720,741.213203435596,0,4574.207254486
55,272459,5812.71278068978,720,741.213203435596,0,5812.71278068978
55,272460,5794.11254328865,720,741.213203435596,0,5794.11254328865
55,272461,5775.6072178734,720,741.213203435596,0,5775.6072178734
55,272462,5757.19771967116,720,741.213203435596,0,5757.19771967116
55,272463,5738.88497088259,720,741.213203435596,0,5738.88497088259
55,272464,5720.66990063632,720,741.213203435596,0,5720.66990063632
55,272465,5702.55344494543,720,741.213203435596,0,5702.55344494543
55,272466,5684.5365466577,720,741.213203435596,0,5684.5365466577
55,272467,5666.62015539308,720,741.213203435596,0,5666.62015539308
55,272580,4543.99278775217,720,741.213203435596,0,4543.99278775217
55,272581,4544.04691226184,720,741.213203435596,0,4544.04691226184
55,273165,5733.62474634569,720,741.213203435596,0,5733.62474634569
55,273166,5715.23636644229,720,741.213203435596,0,5715.23636644229
55,273167,5696.94558546249,720,741.213203435596,0,5696.94558546249
55,273168,5678.75334647925,720,741.213203435596,0,5678.75334647925
55,273169,5660.66059957821,720,741.213203435596,0,5660.66059957821
55,273170,5642.66830179716,720,741.213203435596,0,5642.66830179716
55,273171,5624.7774170768,720,741.213203435596,0,5624.7774170768
55,273872,5636.84224458319,720,741.213203435596,0,5636.84224458319
55,273873,5618.77357935723,720,741.213203435596,0,5618.77357935723
55,273874,5600.80627039778,720,741.213203435596,0,5600.80627039778
55,273875,5582.94129627411,720,741.213203435596,0,5582.94129627411
55,273876,5565.17964251172,720,741.213203435596,0,5565.17964251172
55,274577,5576.89251812892,720,741.213203435596,0,5576.89251812892
55,274578,5558.95059542786,720,741.213203435596,0,5558.95059542786
55,274579,5541.11194548039,720,741.213203435596,0,5541.11194548039
55,274580,5523.37756889702,720,741.213203435596,0,5523.37756889702
55,274701,4468.1482992649,720,741.213203435596,0,4468.1482992649
55,274703,4473.25839596596,720,741.213203435596,0,4473.25839596596
55,275282,5517.10142417587,720,741.213203435596,0,5517.10142417587
55,275283,5499.28952180884,720,741.213203435596,0,5499.28952180884
55,275284,5481.58286270111,720,741.213203435596,0,5481.58286270111
55,275285,5463.9824700113,720,741.213203435596,0,5463.9824700113
55,275403,4436.05845010968,720,741.213203435596,0,4436.05845010968
55,275404,4438.33053611591,720,741.213203435596,0,4438.33053611591
55,275405,4440.80281470552,720,741.213203435596,0,4440.80281470552
55,275406,4443.47495172683,720,741.213203435596,0,4443.47495172683
55,275407,4446.34658685009,720,741.213203435596,0,4446.34658685009
55,275408,4449.41733381048,720,741.213203435596,0,4449.41733381048
55,275986,5475.25890841031,720,741.213203435596,0,5475.25890841031
55,275987,5457.47418716028,720,741.213203435596,0,5457.47418716028
55,275988,5439.79569639249,720,741.213203435596,0,5439.79569639249
55,275989,5422.22447516056,720,741.213203435596,0,5422.22447516056
55,276109,4413.69323919202,720,741.213203435596,0,4413.69323919202
55,276110,4416.58425379539,720,741.213203435596,0,4416.58425379539
55,276111,4419.67569601313,720,741.213203435596,0,4419.67569601313
55,276112,4422.96714557682,720,741.213203435596,0,4422.96714557682
55,276113,4426.4581563201,720,741.213203435596,0,4426.4581563201
55,276690,5433.42320455386,720,741.213203435596,0,5433.42320455386
55,276691,5415.66610841147,720,741.213203435596,0,5415.66610841147
55,276692,5398.01624775218,720,741.213203435596,0,5398.01624775218
55,276693,5380.47467789087,720,741.213203435596,0,5380.47467789087
55,276817,4400.47975955475,720,741.213203435596,0,4400.47975955475
55,276818,4404.39466786549,720,741.213203435596,0,4404.39466786549
55,276819,4408.50893181458,720,741.213203435596,0,4408.50893181458
55,276820,4412.82199379818,720,741.213203435596,0,4412.82199379818
55,277395,5373.86545759514,720,741.213203435596,0,5373.86545759514
55,277396,5356.24470007286,720,741.213203435596,0,5356.24470007286
55,277397,5338.73327322222,720,741.213203435596,0,5338.73327322222
55,277522,4378.89818516616,720,741.213203435596,0,4378.89818516616
55,278098,5349.77288256962,720,741.213203435596,0,5349.77288256962
55,278099,5332.07241212054,720,741.213203435596,0,5332.07241212054
55,278100,5314.48124237668,720,741.213203435596,0,5314.48124237668
55,278101,5297.00046229321,720,741.213203435596,0,5297.00046229321
55,278133,4802.76605636921,720,741.213203435596,0,4802.76605636921
55,278134,4789.5804111127,720,741.213203435596,0,4789.5804111127
55,278803,5290.2871549588,720,741.213203435596,0,5290.2871549588
55,278804,5272.72606963719,720,741.213203435596,0,5272.72606963719
55,278805,5255.27645258098,720,741.213203435596,0,5255.27645258098
55,278837,4762.71763531804,720,741.213203435596,0,4762.71763531804
55,278839,4736.652874083,720,741.213203435596,0,4736.652874083
55,279507,5248.50987488141,720,741.213203435596,0,5248.50987488141
55,279508,5230.97938301484,720,741.213203435596,0,5230.97938301484
55,279509,5213.56145816344,720,741.213203435596,0,5213.56145816344
55,279510,5196.25723230834,720,741.213203435596,0,5196.25723230834
55,279541,4722.70824433367,720,741.213203435596,0,4722.70824433367
55,279542,4709.67804309169,720,741.213203435596,0,4709.67804309169
55,279543,4696.80207715353,720,741.213203435596,0,4696.80207715353
55,280211,5206.74076668019,720,741.213203435596,0,5206.74076668019
55,280212,5189.24139010166,720,741.213203435596,0,5189.24139010166
55,280213,5171.85569998284,720,741.213203435596,0,5171.85569998284
55,280214,5154.58484667147,720,741.213203435596,0,5154.58484667147
55,280245,4682.73888692123,720,741.213203435596,0,4682.73888692123
55,280246,4669.78857268188,720,741.213203435596,0,4669.78857268188
55,280247,4656.99425891027,720,741.213203435596,0,4656.99425891027
55,280916,5147.51230517985,720,741.213203435596,0,5147.51230517985
55,280917,5130.15940611234,720,741.213203435596,0,5130.15940611234
55,280918,5112.9225033515,720,741.213203435596,0,5112.9225033515
55,280919,5095.80277399274,720,741.213203435596,0,5095.80277399274
55,280949,4642.81060012352,720,741.213203435596,0,4642.81060012352
55,280950,4629.94166705292,720,741.213203435596,0,4629.94166705292
55,280951,4617.23053411298,720,741.213203435596,0,4617.23053411298
55,281620,5105.79234949191,720,741.213203435596,0,5105.79234949191
55,281621,5088.4728120503,720,741.213203435596,0,5088.4728120503
55,281622,5071.27045270144,720,741.213203435596,0,5071.27045270144
55,281623,5054.18646792529,720,741.213203435596,0,5054.18646792529
55,281653,4602.92445588469,720,741.213203435596,0,4602.92445588469
55,281654,4590.13843786409,720,741.213203435596,0,4590.13843786409
55,281655,4577.51205500367,720,741.213203435596,0,4577.51205500367
55,282324,5064.08175151979,720,741.213203435596,0,5064.08175151979
55,282325,5046.79616101763,720,741.213203435596,0,5046.79616101763
55,282326,5029.62895330543,720,741.213203435596,0,5029.62895330543
55,282327,5012.58134470203,720,741.213203435596,0,5012.58134470203
55,282357,4563.08156248002,720,741.213203435596,0,4563.08156248002
55,282358,4550.38003443266,720,741.213203435596,0,4550.38003443266
55,282359,4537.84001283636,720,741.213203435596,0,4537.84001283636
55,283029,5005.12970428409,720,741.213203435596,0,5005.12970428409
55,283030,4987.99827231437,720,741.213203435596,0,4987.99827231437
55,283031,4970.98768801723,720,741.213203435596,0,4970.98768801723
55,283032,4954.09919623526,720,741.213203435596,0,4954.09919623526
55,283061,4523.28306601559,720,741.213203435596,0,4523.28306601559
55,283062,4510.6676452864,720,741.213203435596,0,4510.6676452864
55,283063,4498.21563947329,720,741.213203435596,0,4498.21563947329
55,283733,4963.47370149046,720,741.213203435596,0,4963.47370149046
55,283734,4946.37868580602,720,741.213203435596,0,4946.37868580602
55,283735,4929.40579106112,720,741.213203435596,0,4929.40579106112
55,283742,4814.12224429775,720,741.213203435596,0,4814.12224429775
55,283765,4483.53015199667,720,741.213203435596,0,4483.53015199667
55,283766,4471.00249978177,720,741.213203435596,0,4471.00249978177
55,283767,4458.64020906611,720,741.213203435596,0,4458.64020906611
55,284437,4921.82842100311,720,741.213203435596,0,4921.82842100311
55,284438,4904.77047915336,720,741.213203435596,0,4904.77047915336
55,284440,4871.02614152345,720,741.213203435596,0,4871.02614152345
55,284442,4837.78582146246,720,741.213203435596,0,4837.78582146246
55,284443,4821.35793190739,720,741.213203435596,0,4821.35793190739
55,284444,4805.05997902156,720,741.213203435596,0,4805.05997902156
55,284445,4788.89328943547,720,741.213203435596,0,4788.89328943547
55,284446,4772.8591970026,720,741.213203435596,0,4772.8591970026
55,284469,4443.82404696573,720,741.213203435596,0,4443.82404696573
55,284470,4431.38586980283,720,741.213203435596,0,4431.38586980283
55,284471,4419.11503981067,720,741.213203435596,0,4419.11503981067
55,285142,4863.17394741559,720,741.213203435596,0,4863.17394741559
55,285143,4846.27849897279,720,741.213203435596,0,4846.27849897279
55,285144,4829.5091041634,720,741.213203435596,0,4829.5091041634
55,285145,4812.86708060711,720,741.213203435596,0,4812.86708060711
55,285146,4796.35375413234,720,741.213203435596,0,4796.35375413234
55,285147,4779.97045856884,720,741.213203435596,0,4779.97045856884
55,285148,4763.71853551554,720,741.213203435596,0,4763.71853551554
55,285173,4404.16602023303,720,741.213203435596,0,4404.16602023303
55,285174,4391.81907155245,720,741.213203435596,0,4391.81907155245
55,285175,4379.64149578946,720,741.213203435596,0,4379.64149578946
55,285846,4821.58939575122,720,741.213203435596,0,4821.58939575122
55,285847,4804.73374137665,720,741.213203435596,0,4804.73374137665
55,285848,4788.00551485255,720,741.213203435596,0,4788.00551485255
55,285849,4771.40605643776,720,741.213203435596,0,4771.40605643776
55,285850,4754.93671472247,720,741.213203435596,0,4754.93671472247
55,285851,4738.59884639445,720,741.213203435596,0,4738.59884639445
55,285852,4722.39381601531,720,741.213203435596,0,4722.39381601531
55,285853,4706.32299576623,720,741.213203435596,0,4706.32299576623
55,285854,4690.38776519261,720,741.213203435596,0,4690.38776519261
55,285877,4364.55738568,720,741.213203435596,0,4364.55738568
55,285878,4352.30346740604,720,741.213203435596,0,4352.30346740604
55,285879,4340.22098889481,720,741.213203435596,0,4340.22098889481
55,286555,4697.24351756014,720,741.213203435596,0,4697.24351756014
55,286556,4681.08626652713,720,741.213203435596,0,4681.08626652713
55,286557,4665.06474511903,720,741.213203435596,0,4665.06474511903
55,286558,4649.18035654908,720,741.213203435596,0,4649.18035654908
55,286581,4324.99950365717,720,741.213203435596,0,4324.99950365717
55,286582,4312.84046788456,720,741.213203435596,0,4312.84046788456
55,286583,4300.85498085957,720,741.213203435596,0,4300.85498085957
55,287259,4655.90490907088,720,741.213203435596,0,4655.90490907088
55,287260,4639.79634875198,720,741.213203435596,0,4639.79634875198
55,287261,4623.82506948344,720,741.213203435596,0,4623.82506948344
55,287262,4607.99249871346,720,741.213203435596,0,4607.99249871346
55,287285,4285.49378297368,720,741.213203435596,0,4285.49378297368
55,287286,4273.43153370105,720,741.213203435596,0,4273.43153370105
55,287287,4261.54498537271,720,741.213203435596,0,4261.54498537271
55,287963,4614.5834734097,720,741.213203435596,0,4614.5834734097
55,287964,4598.52454077215,720,741.213203435596,0,4598.52454077215
55,287965,4582.60447348937,720,741.213203435596,0,4582.60447348937
55,287966,4566.82472382679,720,741.213203435596,0,4566.82472382679
55,287989,4246.04168297444,720,741.213203435596,0,4246.04168297444
55,287990,4234.07817791211,720,741.213203435596,0,4234.07817791211
55,287991,4222.29257030141,720,741.213203435596,0,4222.29257030141
55,288666,4589.42703413987,720,741.213203435596,0,4589.42703413987
55,288667,4573.27967922779,720,741.213203435596,0,4573.27967922779
55,288668,4557.27133778028,720,741.213203435596,0,4557.27133778028
55,288669,4541.40347985546,720,741.213203435596,0,4541.40347985546
55,288670,4525.67758313584,720,741.213203435596,0,4525.67758313584
55,288671,4510.09513260419,720,741.213203435596,0,4510.09513260419
55,288693,4206.64471574347,720,741.213203435596,0,4206.64471574347
55,288694,4194.7819681911,720,741.213203435596,0,4194.7819681911
55,288695,4183.09936003143,720,741.213203435596,0,4183.09936003143
55,289370,4548.09141181673,720,741.213203435596,0,4548.09141181673
55,289371,4531.99401205601,720,741.213203435596,0,4531.99401205601
55,289372,4516.0372528334,720,741.213203435596,0,4516.0372528334
55,289373,4500.22263018572,720,741.213203435596,0,4500.22263018572
55,289374,4484.55164783595,720,741.213203435596,0,4484.55164783595
55,289397,4167.30444839212,720,741.213203435596,0,4167.30444839212
55,289398,4155.5445291885,720,741.213203435596,0,4155.5445291885
55,289399,4143.96703790464,720,741.213203435596,0,4143.96703790464
55,290075,4490.72697506348,720,741.213203435596,0,4490.72697506348
55,290076,4474.82281765781,720,741.213203435596,0,4474.82281765781
55,290077,4459.06248582964,720,741.213203435596,0,4459.06248582964
55,290078,4443.44750997073,720,741.213203435596,0,4443.44750997073
55,290101,4128.02250547871,720,741.213203435596,0,4128.02250547871
55,290102,4116.36754503085,720,741.213203435596,0,4116.36754503085
55,290103,4104.89734879355,720,741.213203435596,0,4104.89734879355
55,290110,4029.90869695337,720,741.213203435596,0,4029.90869695337
55,290779,4449.47908985687,720,741.213203435596,0,4449.47908985687
55,290780,4433.62858349857,720,741.213203435596,0,4433.62858349857
55,290781,4417.92362876565,720,741.213203435596,0,4417.92362876565
55,290782,4402.36578337885,720,741.213203435596,0,4402.36578337885
55,290785,4356.59058910298,720,741.213203435596,0,4356.59058910298
55,290805,4088.80057153903,720,741.213203435596,0,4088.80057153903
55,290806,4077.2527619302,720,741.213203435596,0,4077.2527619302
55,290807,4065.89210179922,720,741.213203435596,0,4065.89210179922
55,290812,4011.9507719774,720,741.213203435596,0,4011.9507719774
55,290813,4001.74570197922,720,741.213203435596,0,4001.74570197922
55,290814,3991.73857583544,720,741.213203435596,0,3991.73857583544
55,291483,4408.2508973237,720,741.213203435596,0,4408.2508973237
55,291484,4392.45512200273,720,741.213203435596,0,4392.45512200273
55,291485,4376.80666255193,720,741.213203435596,0,4376.80666255193
55,291486,4361.30710468818,720,741.213203435596,0,4361.30710468818
55,291487,4345.95804155305,720,741.213203435596,0,4345.95804155305
55,291488,4330.76107329543,720,741.213203435596,0,4330.76107329543
55,291489,4315.71780663616,720,741.213203435596,0,4315.71780663616
55,291509,4049.64039375202,720,741.213203435596,0,4049.64039375202
55,291510,4038.20199094067,720,741.213203435596,0,4038.20199094067
55,291511,4026.95317307473,720,741.213203435596,0,4026.95317307473
55,291516,3973.60826131097,720,741.213203435596,0,3973.60826131097
55,291517,3963.53004004841,720,741.213203435596,0,3963.53004004841
55,291518,3953.65232158321,720,741.213203435596,0,3953.65232158321
55,292187,4367.0429585102,720,741.213203435596,0,4367.0429585102
55,292188,4351.30302616532,720,741.213203435596,0,4351.30302616532
55,292189,4335.71221331334,720,741.213203435596,0,4335.71221331334
55,292190,4320.27213436245,720,741.213203435596,0,4320.27213436245
55,292191,4304.98441116192,720,741.213203435596,0,4304.98441116192
55,292192,4289.85067256227,720,741.213203435596,0,4289.85067256227
55,292193,4274.87255395506,720,741.213203435596,0,4274.87255395506
55,292213,4010.54378473929,720,741.213203435596,0,4010.54378473929
55,292214,3999.21711083012,720,741.213203435596,0,3999.21711083012
55,292215,3988.08250880216,720,741.213203435596,0,3988.08250880216
55,292220,3935.34665467053,720,741.213203435596,0,3935.34665467053
55,292221,3925.39796366583,720,741.213203435596,0,3925.39796366583
55,292222,3915.65238512037,720,741.213203435596,0,3915.65238512037
55,292891,4325.8558555643,720,741.213203435596,0,4325.8558555643
55,292892,4310.17291131029,720,741.213203435596,0,4310.17291131029
55,292893,4294.6409307898,720,741.213203435596,0,4294.6409307898
55,292894,4279.2615578134,720,741.213203435596,0,4279.2615578134
55,292895,4264.03644364237,720,741.213203435596,0,4264.03644364237
55,292896,4248.96724652051,720,741.213203435596,0,4248.96724652051
55,292917,3971.5126254956,720,741.213203435596,0,3971.5126254956
55,292918,3960.30007111912,720,741.213203435596,0,3960.30007111912
55,292919,3949.28212830828,720,741.213203435596,0,3949.28212830828
55,293596,4269.06541614836,720,741.213203435596,0,4269.06541614836
55,293597,4253.59348945032,720,741.213203435596,0,4253.59348945032
55,293598,4238.27608657331,720,741.213203435596,0,4238.27608657331
55,293599,4223.11488890969,720,741.213203435596,0,4223.11488890969
55,293600,4208.11158481109,720,741.213203435596,0,4208.11158481109
55,293621,3932.5488684965,720,741.213203435596,0,3932.5488684965
55,293622,3921.45289526563,720,741.213203435596,0,3921.45289526563
55,293623,3910.55412734672,720,741.213203435596,0,3910.55412734672
55,294300,4227.9812038681,720,741.213203435596,0,4227.9812038681
55,294301,4212.57058965016,720,741.213203435596,0,4212.57058965016
55,294302,4197.31645951544,720,741.213203435596,0,4197.31645951544
55,294303,4182.22052573276,720,741.213203435596,0,4182.22052573276
55,294304,4167.2845074974,720,741.213203435596,0,4167.2845074974
55,294325,3893.65454092919,720,741.213203435596,0,3893.65454092919
55,294326,3882.67768400323,720,741.213203435596,0,3882.67768400323
55,294327,3871.90068153813,720,741.213203435596,0,3871.90068153813
55,294328,3861.32520692529,720,741.213203435596,0,3861.32520692529
55,295004,4186.92096331229,720,741.213203435596,0,4186.92096331229
55,295005,4171.57295887043,720,741.213203435596,0,4171.57295887043
55,295006,4156.38344416998,720,741.213203435596,0,4156.38344416998
55,295007,4141.35416312241,720,741.213203435596,0,4141.35416312241
55,295008,4126.48686651118,720,741.213203435596,0,4126.48686651118
55,295009,4111.78331143887,720,741.213203435596,0,4111.78331143887
55,295029,3854.8317481186,720,741.213203435596,0,3854.8317481186
55,295030,3843.97661886825,720,741.213203435596,0,3843.97661886825
55,295031,3833.32404998924,720,741.213203435596,0,3833.32404998924
55,295032,3822.87573480516,720,741.213203435596,0,3822.87573480516
55,295708,4145.8854102013,720,741.213203435596,0,4145.8854102013
55,295709,4130.60135301878,720,741.213203435596,0,4130.60135301878
55,295710,4115.47783809843,720,741.213203435596,0,4115.47783809843
55,295711,4100.51664177375,720,741.213203435596,0,4100.51664177375
55,295712,4085.71954719438,720,741.213203435596,0,4085.71954719438
55,295713,4071.08834373129,720,741.213203435596,0,4071.08834373129
55,295733,3816.08267712218,720,741.213203435596,0,3816.08267712218
55,295734,3805.35196589416,720,741.213203435596,0,3805.35196589416
55,295735,3794.82657909175,720,741.213203435596,0,3794.82657909175
55,295736,3784.5082298458,720,741.213203435596,0,3784.5082298458
55,295737,3774.39861613814,720,741.213203435596,0,3774.39861613814
55,296412,4104.87528843594,720,741.213203435596,0,4104.87528843594
55,296413,4089.65655780629,720,741.213203435596,0,4089.65655780629
55,296414,4074.60047034032,720,741.213203435596,0,4074.60047034032
55,296415,4059.70883560503,720,741.213203435596,0,4059.70883560503
55,296416,4044.98346990262,720,741.213203435596,0,4044.98346990262
55,296417,4030.42619565016,720,741.213203435596,0,4030.42619565016
55,296438,3766.80607949217,720,741.213203435596,0,3766.80607949217
55,296439,3756.41070651572,720,741.213203435596,0,3756.41070651572
55,296440,3746.22521433538,720,741.213203435596,0,3746.22521433538
55,296441,3736.25131943659,720,741.213203435596,0,3736.25131943659
55,297116,4063.89137148427,720,741.213203435596,0,4063.89137148427
55,297117,4048.7393902076,720,741.213203435596,0,4048.7393902076
55,297118,4033.75220296732,720,741.213203435596,0,4033.75220296732
55,297119,4018.93165338705,720,741.213203435596,0,4018.93165338705
55,297120,4004.27959173359,720,741.213203435596,0,4004.27959173359
55,297121,3989.79787426502,720,741.213203435596,0,3989.79787426502
55,297143,3718.07896541561,720,741.213203435596,0,3718.07896541561
55,297144,3708.02930906968,720,741.213203435596,0,3708.02930906968
55,297145,3698.19417221243,720,741.213203435596,0,3698.19417221243
55,297821,4007.85069999727,720,741.213203435596,0,4007.85069999727
55,297822,3992.93393269625,720,741.213203435596,0,3992.93393269625
55,297823,3978.18604045101,720,741.213203435596,0,3978.18604045101
55,297824,3963.60890832619,720,741.213203435596,0,3963.60890832619
55,297847,3679.83398883126,720,741.213203435596,0,3679.83398883126
55,297848,3669.92323786685,720,741.213203435596,0,3669.92323786685
55,297849,3660.22999038841,720,741.213203435596,0,3660.22999038841
55,297850,3650.75597890031,720,741.213203435596,0,3650.75597890031
55,298525,3966.99137138449,720,741.213203435596,0,3966.99137138449
55,298526,3952.14659262399,720,741.213203435596,0,3952.14659262399
55,298527,3937.47298051993,720,741.213203435596,0,3937.47298051993
55,298551,3641.67851433929,720,741.213203435596,0,3641.67851433929
55,298552,3631.90983232591,720,741.213203435596,0,3631.90983232591
55,298553,3622.3617009278,720,741.213203435596,0,3622.3617009278
55,298554,3613.03586868498,720,741.213203435596,0,3613.03586868498
55,299229,3926.16232474133,720,741.213203435596,0,3926.16232474133
55,299256,3593.99203682164,720,741.213203435596,0,3593.99203682164
55,299257,3584.59234693226,720,741.213203435596,0,3584.59234693226
55,299258,3575.4180832632,720,741.213203435596,0,3575.4180832632
55,299259,3566.47098544901,720,741.213203435596,0,3566.47098544901
55,299960,3556.17291374856,720,741.213203435596,0,3556.17291374856
55,299961,3546.92509301142,720,741.213203435596,0,3546.92509301142
55,299962,3537.90589070717,720,741.213203435596,0,3537.90589070717
55,299963,3529.11705964538,720,741.213203435596,0,3529.11705964538
55,299964,3520.5603251442,720,741.213203435596,0,3520.5603251442
55,300665,3509.36323091343,720,741.213203435596,0,3509.36323091343
55,300666,3500.50268981983,720,741.213203435596,0,3500.50268981983
55,300667,3491.87579090783,720,741.213203435596,0,3491.87579090783
55,300668,3483.48427003186,720,741.213203435596,0,3483.48427003186
55,300669,3475.32983222307,720,741.213203435596,0,3475.32983222307
55,301370,3463.21201614827,720,741.213203435596,0,3463.21201614827
55,301371,3454.7508266508,720,741.213203435596,0,3454.7508266508
55,301372,3446.52836229025,720,741.213203435596,0,3446.52836229025
55,301373,3438.54633562864,720,741.213203435596,0,3438.54633562864
55,301374,3430.80642485559,720,741.213203435596,0,3430.80642485559
55,302075,3417.74596114579,720,741.213203435596,0,3417.74596114579
55,302076,3409.69651279928,720,741.213203435596,0,3409.69651279928
55,302077,3401.89092209868,720,741.213203435596,0,3401.89092209868
55,302078,3394.33087136847,720,741.213203435596,0,3394.33087136847
55,302079,3387.01800479196,720,741.213203435596,0,3387.01800479196
55,302080,3379.95392679473,720,741.213203435596,0,3379.95392679473
55,302780,3372.99278985361,720,741.213203435596,0,3372.99278985361
55,302781,3365.36778114833,720,741.213203435596,0,3365.36778114833
55,302782,3357.99180106186,720,741.213203435596,0,3357.99180106186
55,302783,3350.86649409363,720,741.213203435596,0,3350.86649409363
55,302784,3343.99346262899,720,741.213203435596,0,3343.99346262899
55,302785,3337.37426528805,720,741.213203435596,0,3337.37426528805
55,303488,3308.18282574264,720,741.213203435596,0,3308.18282574264
55,304149,3761.57306242922,720,741.213203435596,0,3761.57306242922
55,304150,3745.91363916494,720,741.213203435596,0,3745.91363916494
55,304201,3226.14182082975,720,741.213203435596,0,3226.14182082975
55,304202,3222.33472817593,720,741.213203435596,0,3222.33472817593
55,304203,3218.80099782505,720,741.213203435596,0,3218.80099782505
55,304204,3215.54153101521,720,741.213203435596,0,3215.54153101521
55,304851,3752.11778332934,720,741.213203435596,0,3752.11778332934
55,304852,3736.17927769328,720,741.213203435596,0,3736.17927769328
55,304853,3720.41288710794,720,741.213203435596,0,3720.41288710794
55,304901,3209.66620837956,720,741.213203435596,0,3209.66620837956
55,304902,3205.00248484507,720,741.213203435596,0,3205.00248484507
55,304903,3200.61141143818,720,741.213203435596,0,3200.61141143818
55,304904,3196.49411179032,720,741.213203435596,0,3196.49411179032
55,304905,3192.65164509203,720,741.213203435596,0,3192.65164509203
55,304906,3189.08500476592,720,741.213203435596,0,3189.08500476592
55,304907,3185.79511721245,720,741.213203435596,0,3185.79511721245
55,304908,3182.78284062949,720,741.213203435596,0,3182.78284062949
55,304909,3180.04896391139,720,741.213203435596,0,3180.04896391139
55,305554,3726.89972856148,720,741.213203435596,0,3726.89972856148
55,305555,3710.85282376187,720,741.213203435596,0,3710.85282376187
55,305556,3694.97828173808,720,741.213203435596,0,3694.97828173808
55,305557,3679.27833351163,720,741.213203435596,0,3679.27833351163
55,305603,3185.12726713829,720,741.213203435596,0,3185.12726713829
55,305604,3180.14631352148,720,741.213203435596,0,3180.14631352148
55,305605,3175.43920947592,720,741.213203435596,0,3175.43920947592
55,305606,3171.0071745258,720,741.213203435596,0,3171.0071745258
55,305607,3166.85136355452,720,741.213203435596,0,3166.85136355452
55,305608,3162.97286535058,720,741.213203435596,0,3162.97286535058
55,305609,3159.37270121524,720,741.213203435596,0,3159.37270121524
55,305610,3156.05182364964,720,741.213203435596,0,3156.05182364964
55,305611,3153.01111512303,720,741.213203435596,0,3153.01111512303
55,305612,3150.25138691412,720,741.213203435596,0,3150.25138691412
55,305613,3147.77337805088,720,741.213203435596,0,3147.77337805088
55,306257,3701.75157283742,720,741.213203435596,0,3701.75157283742
55,306258,3685.59508867303,720,741.213203435596,0,3685.59508867303
55,306259,3669.61119847239,720,741.213203435596,0,3669.61119847239
55,306260,3653.80216732021,720,741.213203435596,0,3653.80216732021
55,306261,3638.17027467738,720,741.213203435596,0,3638.17027467738
55,306279,3389.74711255593,720,741.213203435596,0,3389.74711255593
55,306280,3377.92602211981,720,741.213203435596,0,3377.92602211981
55,306281,3366.32910964758,720,741.213203435596,0,3366.32910964758
55,306307,3150.63380530409,720,741.213203435596,0,3150.63380530409
55,306308,3145.88251716813,720,741.213203435596,0,3145.88251716813
55,306309,3141.40875854876,720,741.213203435596,0,3141.40875854876
55,306310,3137.21371674199,720,741.213203435596,0,3137.21371674199
55,306311,3133.29851123565,720,741.213203435596,0,3133.29851123565
55,306312,3129.66419225376,720,741.213203435596,0,3129.66419225376
55,306313,3126.31173938268,720,741.213203435596,0,3126.31173938268
55,306314,3123.24206028017,720,741.213203435596,0,3123.24206028017
55,306315,3120.45598946172,720,741.213203435596,0,3120.45598946172
55,306960,3676.67475046853,720,741.213203435596,0,3676.67475046853
55,306961,3660.40749496066,720,741.213203435596,0,3660.40749496066
55,306981,3374.48315321422,720,741.213203435596,0,3374.48315321422
55,306982,3362.34235248909,720,741.213203435596,0,3362.34235248909
55,306983,3350.42450873066,720,741.213203435596,0,3350.42450873066
55,306984,3338.73200952121,720,741.213203435596,0,3338.73200952121
55,306985,3327.26723054457,720,741.213203435596,0,3327.26723054457
55,307014,3103.6287096902,720,741.213203435596,0,3103.6287096902
55,307015,3099.95958697853,720,741.213203435596,0,3099.95958697853
55,307016,3096.5749568804,720,741.213203435596,0,3096.5749568804
55,307017,3093.47575320247,720,741.213203435596,0,3093.47575320247
55,307018,3090.66283458991,720,741.213203435596,0,3090.66283458991
55,307019,3088.13698335653,720,741.213203435596,0,3088.13698335653
55,307020,3085.89890440819,720,741.213203435596,0,3085.89890440819
55,307663,3651.67073104079,720,741.213203435596,0,3651.67073104079
55,307685,3334.98067417434,720,741.213203435596,0,3334.98067417434
55,307686,3322.96463417855,720,741.213203435596,0,3322.96463417855
55,307687,3311.1751058889,720,741.213203435596,0,3311.1751058889
55,307688,3299.61451728701,720,741.213203435596,0,3299.61451728701
55,307718,3070.25899869424,720,741.213203435596,0,3070.25899869424
55,307719,3066.84157218641,720,741.213203435596,0,3066.84157218641
55,307720,3063.71227398039,720,741.213203435596,0,3063.71227398039
55,307721,3060.87198778368,720,741.213203435596,0,3060.87198778368
55,307722,3058.32151882094,720,741.213203435596,0,3058.32151882094
55,307723,3056.0615927016,720,741.213203435596,0,3056.0615927016
55,307724,3054.0928544019,720,741.213203435596,0,3054.0928544019
55,307725,3052.41586734986,720,741.213203435596,0,3052.41586734986
55,307832,4307.77839054515,720,741.213203435596,0,4307.77839054515
55,308388,3307.66314675419,720,741.213203435596,0,3307.66314675419
55,308389,3295.54743932103,720,741.213203435596,0,3295.54743932103
55,308390,3283.65941075296,720,741.213203435596,0,3283.65941075296
55,308391,3272.00154270142,720,741.213203435596,0,3272.00154270142
55,308392,3260.57630391404,720,741.213203435596,0,3260.57630391404
55,308423,3033.95170583842,720,741.213203435596,0,3033.95170583842
55,308424,3031.08351709767,720,741.213203435596,0,3031.08351709767
55,308425,3028.50794790556,720,741.213203435596,0,3028.50794790556
55,308426,3026.22574539292,720,741.213203435596,0,3026.22574539292
55,308427,3024.2375737166,720,741.213203435596,0,3024.2375737166
55,308428,3022.54401309826,720,741.213203435596,0,3022.54401309826
55,308429,3021.14555899005,720,741.213203435596,0,3021.14555899005
55,308430,3020.04262134403,720,741.213203435596,0,3020.04262134403
55,308534,4265.4866565532,720,741.213203435596,0,4265.4866565532
55,308535,4286.66934370283,720,741.213203435596,0,4286.66934370283
55,308536,4307.95548672701,720,741.213203435596,0,4307.95548672701
55,309093,3256.18596878512,720,741.213203435596,0,3256.18596878512
55,309094,3244.42932142276,720,741.213203435596,0,3244.42932142276
55,309095,3232.90658051243,720,741.213203435596,0,3232.90658051243
55,309096,3221.62025589092,720,741.213203435596,0,3221.62025589092
55,309128,2998.69632709238,720,741.213203435596,0,2998.69632709238
55,309129,2996.3914062277,720,741.213203435596,0,2996.3914062277
55,309130,2994.38341479342,720,741.213203435596,0,2994.38341479342
55,309131,2992.67295047862,720,741.213203435596,0,2992.67295047862
55,309132,2991.26052368194,720,741.213203435596,0,2991.26052368194
55,309133,2990.14655674558,720,741.213203435596,0,2990.14655674558
55,309134,2989.33138333121,720,741.213203435596,0,2989.33138333121
55,309238,4265.66558181064,720,741.213203435596,0,4265.66558181064
55,309797,3216.89890134499,720,741.213203435596,0,3216.89890134499
55,309798,3205.27712943795,720,741.213203435596,0,3205.27712943795
55,309799,3193.89311019867,720,741.213203435596,0,3193.89311019867
55,309800,3182.74939480092,720,741.213203435596,0,3182.74939480092
55,309833,2964.53041151913,720,741.213203435596,0,2964.53041151913
55,309834,2962.80270343097,720,741.213203435596,0,2962.80270343097
55,309835,2961.3760223913,720,741.213203435596,0,2961.3760223913
55,309836,2960.25080363477,720,741.213203435596,0,2960.25080363477
55,309837,2959.42739102433,720,741.213203435596,0,2959.42739102433
55,310501,3177.68900117646,720,741.213203435596,0,3177.68900117646
55,310502,3166.20572911926,720,741.213203435596,0,3166.20572911926
55,310503,3154.96415946289,720,741.213203435596,0,3154.96415946289
55,310504,3143.96688490259,720,741.213203435596,0,3143.96688490259
55,310538,2931.49207145364,720,741.213203435596,0,2931.49207145364
55,310539,2930.35537155005,720,741.213203435596,0,2930.35537155005
55,310540,2929.52355164944,720,741.213203435596,0,2929.52355164944
55,311205,3138.55916502368,720,741.213203435596,0,3138.55916502368
55,311206,3127.21815331155,720,741.213203435596,0,3127.21815331155
55,311207,3116.12290058489,720,741.213203435596,0,3116.12290058489
55,311208,3105.27604116053,720,741.213203435596,0,3105.27604116053
55,311910,3088.31758134711,720,741.213203435596,0,3088.31758134711
55,311911,3077.37265868515,720,741.213203435596,0,3077.37265868515
55,311912,3066.68033781271,720,741.213203435596,0,3066.68033781271
55,311913,3056.24326992562,720,741.213203435596,0,3056.24326992562
55,312614,3049.50734751651,720,741.213203435596,0,3049.50734751651
55,312615,3038.71692050994,720,741.213203435596,0,3038.71692050994
55,312616,3028.18341746234,720,741.213203435596,0,3028.18341746234
55,312617,3017.9095286225,720,741.213203435596,0,3017.9095286225
55,312618,3007.89791423791,720,741.213203435596,0,3007.89791423791
55,313319,3000.15934379176,720,741.213203435596,0,3000.15934379176
55,313320,2989.78910076988,720,741.213203435596,0,2989.78910076988
55,313321,2979.68294991546,720,741.213203435596,0,2979.68294991546
55,313322,2969.84358728482,720,741.213203435596,0,2969.84358728482
55,314023,2961.70376721534,720,741.213203435596,0,2961.70376721534
55,314024,2951.50139676165,720,741.213203435596,0,2951.50139676165
55,314025,2941.56771654843,720,741.213203435596,0,2941.56771654843
55,314026,2931.90545765351,720,741.213203435596,0,2931.90545765351
55,314728,2913.32451379303,720,741.213203435596,0,2913.32451379303
55,314729,2903.56821840057,720,741.213203435596,0,2903.56821840057
55,314730,2894.08809996939,720,741.213203435596,0,2894.08809996939
55,315432,2875.26287123757,720,741.213203435596,0,2875.26287123757
55,315433,2865.68906451569,720,741.213203435596,0,2865.68906451569
55,315434,2856.3963161851,720,741.213203435596,0,2856.3963161851
55,315435,2847.38737804034,720,741.213203435596,0,2847.38737804034
55,316136,2837.32111191288,720,741.213203435596,0,2837.32111191288
55,316137,2827.9350959046,720,741.213203435596,0,2827.9350959046
55,316138,2818.83514872575,720,741.213203435596,0,2818.83514872575
55,316139,2810.02404958147,720,741.213203435596,0,2810.02404958147
55,316140,2801.50452387024,720,741.213203435596,0,2801.50452387024
55,316841,2790.3113991601,720,741.213203435596,0,2790.3113991601
55,316842,2781.40989445601,720,741.213203435596,0,2781.40989445601
55,316843,2772.80240583439,720,741.213203435596,0,2772.80240583439
55,316844,2764.49167963075,720,741.213203435596,0,2764.49167963075
55,318257,2656.26549579706,720,741.213203435596,0,2656.26549579706
55,318960,2626.99798973478,720,741.213203435596,0,2626.99798973478
55,318961,2620.95594474107,720,741.213203435596,0,2620.95594474107
55,319663,2597.74515407347,720,741.213203435596,0,2597.74515407347
55,319664,2591.63487804962,720,741.213203435596,0,2591.63487804962
55,319669,2566.09868451517,720,741.213203435596,0,2566.09868451517
55,320366,2568.50749005751,720,741.213203435596,0,2568.50749005751
55,320367,2562.32745984985,720,741.213203435596,0,2562.32745984985
55,320368,2556.48239359769,720,741.213203435596,0,2556.48239359769
55,320369,2550.97459381867,720,741.213203435596,0,2550.97459381867
55,320371,2540.97943205943,720,741.213203435596,0,2540.97943205943
55,320372,2536.49609115738,720,741.213203435596,0,2536.49609115738
55,320373,2532.35805111052,720,741.213203435596,0,2532.35805111052
55,321070,2533.03416388653,720,741.213203435596,0,2533.03416388653
55,321071,2527.12131321851,720,741.213203435596,0,2527.12131321851
55,321072,2521.54935107678,720,741.213203435596,0,2521.54935107678
55,321074,2511.4370292607,720,741.213203435596,0,2511.4370292607
55,321075,2506.90083086292,720,741.213203435596,0,2506.90083086292
55,321076,2502.7138353204,720,741.213203435596,0,2502.7138353204
55,321077,2498.87779795545,720,741.213203435596,0,2498.87779795545
55,321078,2495.39433729538,720,741.213203435596,0,2495.39433729538
55,321779,2473.07605574898,720,741.213203435596,0,2473.07605574898
55,321780,2469.19395388639,720,741.213203435596,0,2469.19395388639
55,321781,2465.66853770018,720,741.213203435596,0,2465.66853770018
55,321782,2462.50133912931,720,741.213203435596,0,2462.50133912931
55,321783,2459.69374193877,720,741.213203435596,0,2459.69374193877
55,322484,2435.94728402369,720,741.213203435596,0,2435.94728402369
55,322485,2432.74137424839,720,741.213203435596,0,2432.74137424839
55,322486,2429.89937621933,720,741.213203435596,0,2429.89937621933
55,322487,2427.42256812879,720,741.213203435596,0,2427.42256812879
55,322488,2425.31206880707,720,741.213203435596,0,2425.31206880707
55,323189,2400.10792392823,720,741.213203435596,0,2400.10792392823
55,323190,2397.60032688733,720,741.213203435596,0,2397.60032688733
55,323191,2395.46354162051,720,741.213203435596,0,2395.46354162051
55,323192,2393.69856116826,720,741.213203435596,0,2393.69856116826
55,323193,2392.30620845284,720,741.213203435596,0,2392.30620845284
55,323894,2365.61660479851,720,741.213203435596,0,2365.61660479851
55,323895,2363.82932927305,720,741.213203435596,0,2363.82932927305
55,323896,2362.41936483498,720,741.213203435596,0,2362.41936483498
55,323897,2361.38738735273,720,741.213203435596,0,2361.38738735273
55,323898,2360.73389252878,720,741.213203435596,0,2360.73389252878
55,324598,2333.96117955383,720,741.213203435596,0,2333.96117955383
55,324599,2332.53315286827,720,741.213203435596,0,2332.53315286827
55,324600,2331.48794138119,720,741.213203435596,0,2331.48794138119
55,324601,2330.82606008903,720,741.213203435596,0,2330.82606008903
55,324602,2330.54783559231,720,741.213203435596,0,2330.54783559231
55,325302,2302.64759714708,720,741.213203435596,0,2302.64759714708
55,325303,2301.58880819259,720,741.213203435596,0,2301.58880819259
55,325304,2300.91832253598,720,741.213203435596,0,2300.91832253598
55,325305,2300.63647967211,720,741.213203435596,0,2300.63647967211
55,325306,2300.74342242906,720,741.213203435596,0,2300.74342242906
55,325307,2301.23909660323,720,741.213203435596,0,2301.23909660323
55,326007,2271.01068361881,720,741.213203435596,0,2271.01068361881
55,326008,2270.72512707978,720,741.213203435596,0,2270.72512707978
55,326009,2270.83347906666,720,741.213203435596,0,2270.83347906666
55,326010,2271.33568320661,720,741.213203435596,0,2271.33568320661
55,326011,2272.2314783534,720,741.213203435596,0,2272.2314783534
55,326712,2240.92357678325,720,741.213203435596,0,2240.92357678325
55,326713,2241.43248513332,720,741.213203435596,0,2241.43248513332
55,328117,2180.99109063378,720,741.213203435596,0,2180.99109063378
55,328820,2151.07975275818,720,741.213203435596,0,2151.07975275818
55,328821,2151.19413354865,720,741.213203435596,0,2151.19413354865
55,329523,2121.16841895246,720,741.213203435596,0,2121.16841895246
55,329524,2121.28441320251,720,741.213203435596,0,2121.28441320251
55,329525,2121.82202816556,720,741.213203435596,0,2121.82202816556
55,330227,2091.37474325143,720,741.213203435596,0,2091.37474325143
55,330228,2091.92004782592,720,741.213203435596,0,2091.92004782592
55,330229,2092.89266883902,720,741.213203435596,0,2092.89266883902
55,330230,2094.29201093551,720,741.213203435596,0,2094.29201093551
55,330931,2062.01834311094,720,741.213203435596,0,2062.01834311094
55,330932,2063.00506688846,720,741.213203435596,0,2063.00506688846
55,330933,2064.42467562171,720,741.213203435596,0,2064.42467562171
55,330934,2066.27627708587,720,741.213203435596,0,2066.27627708587
55,330935,2068.55871123012,720,741.213203435596,0,2068.55871123012
55,331636,2034.55863741774,720,741.213203435596,0,2034.55863741774
55,331637,2036.43740443156,720,741.213203435596,0,2036.43740443156
55,331638,2038.75325664762,720,741.213203435596,0,2038.75325664762
55,331639,2041.50470659944,720,741.213203435596,0,2041.50470659944
55,332341,2008.95095378627,720,741.213203435596,0,2008.95095378627
55,332342,2011.74317960441,720,741.213203435596,0,2011.74317960441
55,332343,2014.97553397607,720,741.213203435596,0,2014.97553397607
55,333045,1981.98616741758,720,741.213203435596,0,1981.98616741758
55,333046,1985.26698952192,720,741.213203435596,0,1985.26698952192
55,333047,1988.99220135127,720,741.213203435596,0,1988.99220135127
55,333048,1993.15931121482,720,741.213203435596,0,1993.15931121482
55,333749,1955.56463211677,720,741.213203435596,0,1955.56463211677
55,333750,1959.34633676017,720,741.213203435596,0,1959.34633676017
55,333751,1963.57638493704,720,741.213203435596,0,1963.57638493704
55,333752,1968.25188599175,720,741.213203435596,0,1968.25188599175
55,334399,2341.90878458406,720,741.213203435596,0,2341.90878458406
55,334452,1925.86874802646,720,741.213203435596,0,1925.86874802646
55,334453,1929.70867004612,720,741.213203435596,0,1929.70867004612
55,334454,1934.00356582395,720,741.213203435596,0,1934.00356582395
55,334455,1938.75041166554,720,741.213203435596,0,1938.75041166554
55,334456,1943.94589677463,720,741.213203435596,0,1943.94589677463
55,334457,1949.58643439697,720,741.213203435596,0,1949.58643439697
55,334458,1955.6681736747,720,741.213203435596,0,1955.6681736747
55,334459,1962.18701213772,720,741.213203435596,0,1962.18701213772
55,335102,2317.5575729576,720,741.213203435596,0,2317.5575729576
55,335103,2300.22915802494,720,741.213203435596,0,2300.22915802494
55,335156,1900.07958482332,720,741.213203435596,0,1900.07958482332
55,335157,1904.44132471815,720,741.213203435596,0,1904.44132471815
55,335158,1909.26169612539,720,741.213203435596,0,1909.26169612539
55,335159,1914.53723485739,720,741.213203435596,0,1914.53723485739
55,335160,1920.26418947619,720,741.213203435596,0,1920.26418947619
55,335161,1926.43853405201,720,741.213203435596,0,1926.43853405201
55,335162,1933.05598158468,720,741.213203435596,0,1933.05598158468
55,335163,1940.11199799551,720,741.213203435596,0,1940.11199799551
55,335805,2293.33792672203,720,741.213203435596,0,2293.33792672203
55,335860,1874.8901619841,720,741.213203435596,0,1874.8901619841
55,335861,1879.78633982382,720,741.213203435596,0,1879.78633982382
55,335862,1885.14439533424,720,741.213203435596,0,1885.14439533424
55,335863,1890.96040231456,720,741.213203435596,0,1890.96040231456
55,335864,1897.23014918447,720,741.213203435596,0,1897.23014918447
55,335865,1903.94915342142,720,741.213203435596,0,1903.94915342142
55,335866,1911.1126765955,720,741.213203435596,0,1911.1126765955
55,335867,1918.71573987848,720,741.213203435596,0,1918.71573987848
55,335868,1926.75313993795,720,741.213203435596,0,1926.75313993795
55,336565,1855.7681300199,720,741.213203435596,0,1855.7681300199
55,336566,1861.67594451649,720,741.213203435596,0,1861.67594451649
55,336567,1868.0440160767,720,741.213203435596,0,1868.0440160767
55,336568,1874.86765485427,720,741.213203435596,0,1874.86765485427
55,336569,1882.14190592862,720,741.213203435596,0,1882.14190592862
55,336570,1889.86156595997,720,741.213203435596,0,1889.86156595997
55,336571,1898.02120023654,720,741.213203435596,0,1898.02120023654
55,336572,1906.61515996448,720,741.213203435596,0,1906.61515996448
55,336573,1915.63759972381,720,741.213203435596,0,1915.63759972381
55,336683,4287.8799681179,720,741.213203435596,0,4287.8799681179
55,337273,1861.04077872117,720,741.213203435596,0,1861.04077872117
55,337274,1869.32626482573,720,741.213203435596,0,1869.32626482573
55,337275,1878.05158392973,720,741.213203435596,0,1878.05158392973
55,337276,1887.21063548009,720,741.213203435596,0,1887.21063548009
55,337277,1896.79713640261,720,741.213203435596,0,1896.79713640261
55,337385,4248.12855022189,720,741.213203435596,0,4248.12855022189
55,337386,4275.26494476004,720,741.213203435596,0,4275.26494476004
55,337387,4302.4381087217,720,741.213203435596,0,4302.4381087217
55,337978,1849.53062400359,720,741.213203435596,0,1849.53062400359
55,337979,1858.83026266304,720,741.213203435596,0,1858.83026266304
55,337980,1868.56242456845,720,741.213203435596,0,1868.56242456845
55,337981,1878.72038805192,720,741.213203435596,0,1878.72038805192
55,337982,1889.29728505243,720,741.213203435596,0,1889.29728505243
55,338682,1830.49864835965,720,741.213203435596,0,1830.49864835965
55,338683,1840.38069047801,720,741.213203435596,0,1840.38069047801
55,338684,1850.69339778398,720,741.213203435596,0,1850.69339778398
55,338685,1861.42961236641,720,741.213203435596,0,1861.42961236641
55,338686,1872.58204986087,720,741.213203435596,0,1872.58204986087
55,338690,1921.20500854424,720,741.213203435596,0,1921.20500854424
55,338691,1934.32622090381,720,741.213203435596,0,1934.32622090381
55,338692,1947.81835789847,720,741.213203435596,0,1947.81835789847
55,338792,4250.55407937009,720,741.213203435596,0,4250.55407937009
55,339387,1822.72631029885,720,741.213203435596,0,1822.72631029885
55,339388,1833.62634302031,720,741.213203435596,0,1833.62634302031
55,339389,1844.94691562557,720,741.213203435596,0,1844.94691562557
55,339390,1856.6803357695,720,741.213203435596,0,1856.6803357695
55,339391,1868.81882724973,720,741.213203435596,0,1868.81882724973
55,339392,1881.35454952882,720,741.213203435596,0,1881.35454952882
55,339393,1894.27961639025,720,741.213203435596,0,1894.27961639025
55,339394,1907.58611370559,720,741.213203435596,0,1907.58611370559
55,339395,1921.26611624351,720,741.213203435596,0,1921.26611624351
55,339396,1935.31170350826,720,741.213203435596,0,1935.31170350826
55,339397,1949.71497458882,720,741.213203435596,0,1949.71497458882
55,339494,4211.08726904552,720,741.213203435596,0,4211.08726904552
55,339495,4238.46126424514,720,741.213203435596,0,4238.46126424514
55,339496,4265.86931130943,720,741.213203435596,0,4265.86931130943
55,340092,1817.38386231769,720,741.213203435596,0,1817.38386231769
55,340093,1829.29414922374,720,741.213203435596,0,1829.29414922374
55,340094,1841.61322417959,720,741.213203435596,0,1841.61322417959
55,340095,1854.33293997718,720,741.213203435596,0,1854.33293997718
55,340096,1867.44510998514,720,741.213203435596,0,1867.44510998514
55,340097,1880.94152674845,720,741.213203435596,0,1880.94152674845
55,340098,1894.81397952485,720,741.213203435596,0,1894.81397952485
55,340099,1909.05427075028,720,741.213203435596,0,1909.05427075028
55,340100,1923.65423141734,720,741.213203435596,0,1923.65423141734
55,340101,1938.60573535084,720,741.213203435596,0,1938.60573535084
55,340102,1953.90071240395,720,741.213203435596,0,1953.90071240395
55,340103,1969.53116056418,720,741.213203435596,0,1969.53116056418
55,340106,2018.35655872651,720,741.213203435596,0,2018.35655872651
55,340107,2035.25059967135,720,741.213203435596,0,2035.25059967135
55,340108,2052.44147552749,720,741.213203435596,0,2052.44147552749
55,340109,2069.92179059157,720,741.213203435596,0,2069.92179059157
55,340112,2124.02731983496,720,741.213203435596,0,2124.02731983496
55,340113,2142.59400514062,720,741.213203435596,0,2142.59400514062
55,340114,2161.41511237458,720,741.213203435596,0,2161.41511237458
55,340202,4336.67796613661,720,741.213203435596,0,4336.67796613661
55,340203,4364.28928160013,720,741.213203435596,0,4364.28928160013
55,340797,1814.4927994883,720,741.213203435596,0,1814.4927994883
55,340798,1827.40136726066,720,741.213203435596,0,1827.40136726066
55,340799,1840.70546423793,720,741.213203435596,0,1840.70546423793
55,340800,1854.39657744015,720,741.213203435596,0,1854.39657744015
55,340801,1868.46619934909,720,741.213203435596,0,1868.46619934909
55,340802,1882.90584499915,720,741.213203435596,0,1882.90584499915
55,340803,1897.70706788248,720,741.213203435596,0,1897.70706788248
55,340804,1912.86147464451,720,741.213203435596,0,1912.86147464451
55,340805,1928.36073860754,720,741.213203435596,0,1928.36073860754
55,340806,1944.19661211339,720,741.213203435596,0,1944.19661211339
55,340807,1960.36093774427,720,741.213203435596,0,1960.36093774427
55,340808,1976.84565842571,720,741.213203435596,0,1976.84565842571
55,340809,1993.6428264772,720,741.213203435596,0,1993.6428264772
55,340810,2010.74461163458,720,741.213203435596,0,2010.74461163458
55,340811,2028.14330809905,720,741.213203435596,0,2028.14330809905
55,340812,2045.83134067284,720,741.213203435596,0,2045.83134067284
55,340813,2063.80127000702,720,741.213203435596,0,2063.80127000702
55,340814,2082.04579704805,720,741.213203435596,0,2082.04579704805
55,340815,2100.55776669785,720,741.213203435596,0,2100.55776669785
55,340816,2119.33017078011,720,741.213203435596,0,2119.33017078011
55,340817,2138.35615032351,720,741.213203435596,0,2138.35615032351
55,340818,2157.62899725053,720,741.213203435596,0,2157.62899725053
55,340905,4325.24028789865,720,741.213203435596,0,4325.24028789865
55,341504,1842.22725328311,720,741.213203435596,0,1842.22725328311
55,341505,1856.87103136324,720,741.213203435596,0,1856.87103136324
55,341506,1871.87820716324,720,741.213203435596,0,1871.87820716324
55,341507,1887.24011157628,720,741.213203435596,0,1887.24011157628
55,341508,1902.94815378426,720,741.213203435596,0,1902.94815378426
55,341509,1918.99383380719,720,741.213203435596,0,1918.99383380719
55,341510,1935.36875384087,720,741.213203435596,0,1935.36875384087
55,341511,1952.06462839788,720,741.213203435596,0,1952.06462839788
55,341512,1969.07329332621,720,741.213203435596,0,1969.07329332621
55,341513,1986.38671373066,720,741.213203435596,0,1986.38671373066
55,341514,2003.99699087168,720,741.213203435596,0,2003.99699087168
55,341515,2021.89636809251,720,741.213203435596,0,2021.89636809251
55,341516,2040.07723582277,720,741.213203435596,0,2040.07723582277
55,341517,2058.53213574209,720,741.213203435596,0,2058.53213574209
55,341518,2077.2537641254,720,741.213203435596,0,2077.2537641254
55,341519,2096.23497447238,720,741.213203435596,0,2096.23497447238
55,341520,2115.46877943313,720,741.213203435596,0,2115.46877943313
55,342213,1910.51794390258,720,741.213203435596,0,1910.51794390258
55,342214,1927.42918499432,720,741.213203435596,0,1927.42918499432
55,342215,1944.6534248893,720,741.213203435596,0,1944.6534248893
55,342216,1962.1824209975,720,741.213203435596,0,1962.1824209975
55,342217,1980.00807932036,720,741.213203435596,0,1980.00807932036
55,342218,1998.12246012256,720,741.213203435596,0,1998.12246012256
55,342219,2016.51778263299,720,741.213203435596,0,2016.51778263299
55,342220,2035.18642887387,720,741.213203435596,0,2035.18642887387
55,342221,2054.12094663925,720,741.213203435596,0,2054.12094663925
55,354295,5102.84807911424,720,741.213203435596,0,5102.84807911424
55,354997,5067.37493001909,720,741.213203435596,0,5067.37493001909
55,354998,5096.64810166798,720,741.213203435596,0,5096.64810166798
55,354999,5125.9286442759,720,741.213203435596,0,5125.9286442759
55,355701,5090.61632998577,720,741.213203435596,0,5090.61632998577
55,358329,1032.52487062558,720,741.213203435596,0,1032.52487062558
55,358511,5009.30999312741,720,741.213203435596,0,5009.30999312741
55,359031,1022.34681979169,720,741.213203435596,0,1022.34681979169
55,359032,1006.71491652352,720,741.213203435596,0,1006.71491652352
55,359033,991.739022081174,720,741.213203435596,0,991.739022081174
55,359214,5004.06665917892,720,741.213203435596,0,5004.06665917892
55,359215,5033.53121177155,720,741.213203435596,0,5033.53121177155
55,359216,5063.00101235509,720,741.213203435596,0,5063.00101235509
55,359733,1013.83314073856,720,741.213203435596,0,1013.83314073856
55,359734,997.170947595693,720,741.213203435596,0,997.170947595693
55,359735,981.137926785194,720,741.213203435596,0,981.137926785194
55,359736,965.765414167552,720,741.213203435596,0,965.765414167552
55,359917,4998.9968038545,720,741.213203435596,0,4998.9968038545
55,359918,5028.49122160366,720,741.213203435596,0,5028.49122160366
55,359919,5057.9905453664,720,741.213203435596,0,5057.9905453664
55,360436,989.345283391261,720,741.213203435596,0,989.345283391261
55,360437,972.263426777201,720,741.213203435596,0,972.263426777201
55,360438,955.812603564549,720,741.213203435596,0,955.812603564549
55,360439,940.025944331187,720,741.213203435596,0,940.025944331187
55,360440,924.937457184502,720,741.213203435596,0,924.937457184502
55,360621,5023.62427583713,720,741.213203435596,0,5023.62427583713
55,361139,965.163165382049,720,741.213203435596,0,965.163165382049
55,361140,947.64541728614,720,741.213203435596,0,947.64541728614
55,361141,930.759490106508,720,741.213203435596,0,930.759490106508
55,361142,914.540382030395,720,741.213203435596,0,914.540382030395
55,361143,899.024183620322,720,741.213203435596,0,899.024183620322
55,361144,884.247898232011,720,741.213203435596,0,884.247898232011
55,361842,941.310350194337,720,741.213203435596,0,941.310350194337
55,361843,923.340076185512,720,741.213203435596,0,923.340076185512
55,361844,906.001168457152,720,741.213203435596,0,906.001168457152
55,361845,889.330556230749,720,741.213203435596,0,889.330556230749
55,361846,873.366509145501,720,741.213203435596,0,873.366509145501
55,361847,858.148460579824,720,741.213203435596,0,858.148460579824
55,362545,917.812512711281,720,741.213203435596,0,917.812512711281
55,362546,899.372753206213,720,741.213203435596,0,899.372753206213
55,362547,881.56247628947,720,741.213203435596,0,881.56247628947
55,362548,864.420591877387,720,741.213203435596,0,864.420591877387
55,362549,847.987635166518,720,741.213203435596,0,847.987635166518
55,362550,832.305598202135,720,741.213203435596,0,832.305598202135
55,363249,875.771200520558,720,741.213203435596,0,875.771200520558
55,363250,857.470743227228,720,741.213203435596,0,857.470743227228
55,363251,839.837171486529,720,741.213203435596,0,839.837171486529
55,363252,822.913356937669,720,741.213203435596,0,822.913356937669
55,363253,806.743968514455,720,741.213203435596,0,806.743968514455
55,363953,833.756046401436,720,741.213203435596,0,833.756046401436
55,363956,781.491168346992,720,741.213203435596,0,781.491168346992
55,363957,765.615615787925,720,741.213203435596,0,765.615615787925
55,363958,750.596845844086,720,741.213203435596,0,750.596845844086
55,364659,756.578122343523,720,741.213203435596,0,756.578122343523
55,364660,740.168324147704,720,741.213203435596,55,0
55,364661,724.622232253809,720,741.213203435596,55,0
55,364662,709.996584091796,720,741.213203435596,55,0
55,364663,696.349379199468,720,741.213203435596,55,0
55,365363,715.066723138876,720,741.213203435596,55,0
55,365364,698.962465013209,720,741.213203435596,55,0
55,365365,683.788113831491,720,741.213203435596,55,0
55,365366,669.606892066892,720,741.213203435596,55,0
55,365367,656.483163039831,720,741.213203435596,55,0
55,366065,707.914298359325,720,741.213203435596,55,0
55,366066,690.348522518427,720,741.213203435596,55,0
55,366067,673.653523001327,720,741.213203435596,55,0
55,366068,657.895594564212,720,741.213203435596,55,0
55,366069,643.143619599437,720,741.213203435596,55,0
55,366768,684.246186272083,720,741.213203435596,55,0
55,366769,666.056409082612,720,741.213203435596,55,0
55,366771,632.357838261873,720,741.213203435596,55,0
55,366772,616.995489848797,720,741.213203435596,55,0
55,366773,602.727136261,720,741.213203435596,55,0
55,367471,661.084280987432,720,741.213203435596,55,0
55,367472,642.238733767311,720,741.213203435596,55,0
55,367475,591.204319243068,720,741.213203435596,55,0
55,367476,576.297683323756,720,741.213203435596,55,0
55,368174,638.483675002321,720,741.213203435596,55,0
55,368175,618.950269211514,720,741.213203435596,55,0
55,368176,600.272483897776,720,741.213203435596,55,0
55,368177,582.532626336015,720,741.213203435596,55,0
55,368178,565.818922646132,720,741.213203435596,55,0
55,368179,550.224892529153,720,741.213203435596,55,0
55,368878,596.253028418458,720,741.213203435596,55,0
55,368879,576.840680447565,720,741.213203435596,55,0
55,368880,558.356752996297,720,741.213203435596,55,0
55,368881,540.89643453646,720,741.213203435596,55,0
55,368882,524.56194910498,720,741.213203435596,55,0
55,369582,554.033103567199,720,741.213203435596,55,0
55,369583,534.761311261297,720,741.213203435596,55,0
55,369584,516.503868425671,720,741.213203435596,55,0
55,369585,499.372043746268,720,741.213203435596,55,0
55,369586,483.485507492329,720,741.213203435596,55,0
55,370285,531.930054247686,720,741.213203435596,55,0
55,370286,511.826581922407,720,741.213203435596,55,0
55,370287,492.719933469617,720,741.213203435596,55,0
55,370288,474.730482734107,720,741.213203435596,55,0
55,370289,457.98989635257,720,741.213203435596,55,0
55,370290,442.639892699958,720,741.213203435596,55,0
55,370989,489.645416028716,720,741.213203435596,55,0
55,370990,469.63710789665,720,741.213203435596,55,0
55,370991,450.727210110045,720,741.213203435596,55,0
55,370992,433.059635503515,720,741.213203435596,55,0
55,370993,416.792397984775,720,741.213203435596,55,0
55,370994,402.095490253324,720,741.213203435596,55,0
55,371157,4703.19941200877,720,741.213203435596,0,4703.19941200877
55,371158,4733.02736948729,720,741.213203435596,0,4733.02736948729
55,371692,468.324898386639,720,741.213203435596,55,0
55,371693,447.363931183624,720,741.213203435596,55,0
55,371694,427.469762868244,720,741.213203435596,55,0
55,371695,408.798170470716,720,741.213203435596,55,0
55,371696,391.524105212775,720,741.213203435596,55,0
55,371697,375.840312521929,720,741.213203435596,55,0
55,371698,361.953575531751,720,741.213203435596,55,0
55,371859,4671.19927660861,720,741.213203435596,0,4671.19927660861
55,371860,4701.04009047082,720,741.213203435596,0,4701.04009047082
55,371861,4730.88182232242,720,741.213203435596,0,4730.88182232242
55,372396,426.027410233465,720,741.213203435596,55,0
55,372397,405.086622755229,720,741.213203435596,55,0
55,372398,385.331849181307,720,741.213203435596,55,0
55,372399,366.954684454914,720,741.213203435596,55,0
55,372400,350.172088104461,720,741.213203435596,55,0
55,372401,335.223636581727,720,741.213203435596,55,0
55,372402,322.364585761949,720,741.213203435596,55,0
55,372563,4699.07017914458,720,741.213203435596,0,4699.07017914458
55,372564,4728.92450208914,720,741.213203435596,0,4728.92450208914
55,373100,383.730816119526,720,741.213203435596,55,0
55,373101,362.814990516074,720,741.213203435596,55,0
55,373102,343.234248671257,720,741.213203435596,55,0
55,373103,325.229819657783,720,741.213203435596,55,0
55,373104,309.077297358829,720,741.213203435596,55,0
55,373105,295.0809548372,720,741.213203435596,55,0
55,373151,1277.77638371776,720,741.213203435596,0,1277.77638371776
55,373267,4727.15564259789,720,741.213203435596,0,4727.15564259789
55,373276,4995.97298549797,720,741.213203435596,0,4995.97298549797
55,373277,5025.84425907588,720,741.213203435596,0,5025.84425907588
55,373278,5055.7160338016,720,741.213203435596,0,5055.7160338016
55,373279,5085.58830084086,720,741.213203435596,0,5085.58830084086
55,373803,363.583415573042,720,741.213203435596,55,0
55,373804,341.435490581163,720,741.213203435596,55,0
55,373805,320.55132508473,720,741.213203435596,55,0
55,373806,301.193913347723,720,741.213203435596,55,0
55,373807,283.675974482186,720,741.213203435596,55,0
55,373808,268.357983295225,720,741.213203435596,55,0
55,373809,255.635716472338,720,741.213203435596,55,0
55,373854,1271.87422116499,720,741.213203435596,0,1271.87422116499
55,373855,1301.27713172286,720,741.213203435596,0,1301.27713172286
55,373978,4964.59934434292,720,741.213203435596,0,4964.59934434292
55,373979,4994.47925625476,720,741.213203435596,0,4994.47925625476
55,373980,5024.35957067179,720,741.213203435596,0,5024.35957067179
55,373981,5054.24028045326,720,741.213203435596,0,5054.24028045326
55,373982,5084.1213786252,720,741.213203435596,0,5084.1213786252
55,373983,5114.00285838051,720,741.213203435596,0,5114.00285838051
55,374506,344.856280869932,720,741.213203435596,55,0
55,374507,321.420386176888,720,741.213203435596,55,0
55,374508,299.142019956265,720,741.213203435596,55,0
55,374509,278.299307971921,720,741.213203435596,55,0
55,374510,259.238760201901,720,741.213203435596,55,0
55,374511,242.381183316168,720,741.213203435596,55,0
55,374512,228.215281086119,720,741.213203435596,55,0
55,374513,217.268185147793,720,741.213203435596,55,0
55,374682,4993.16426764247,720,741.213203435596,0,4993.16426764247
55,374683,5023.05256467466,720,741.213203435596,0,5023.05256467466
55,374684,5052.94116370241,720,741.213203435596,0,5052.94116370241
55,374685,5082.83005939583,720,741.213203435596,0,5082.83005939583
55,375209,327.792926047535,720,741.213203435596,55,0
55,375210,303.040143557173,720,741.213203435596,55,0
55,375211,279.299369366971,720,741.213203435596,55,0
55,375212,256.851376740187,720,741.213203435596,55,0
55,375213,236.065255003039,720,741.213203435596,55,0
55,375214,217.418174009295,720,741.213203435596,55,0
55,375215,201.504846200788,720,741.213203435596,55,0
55,375216,189.017000765642,720,741.213203435596,55,0
55,375261,1291.74078785647,720,741.213203435596,0,1291.74078785647
55,375262,1321.37916530113,720,741.213203435596,0,1321.37916530113
55,375384,4962.13316710861,720,741.213203435596,0,4962.13316710861
55,375385,4992.02816091155,720,741.213203435596,0,4992.02816091155
55,375387,5051.81881981934,720,741.213203435596,0,5051.81881981934
55,375388,5081.71447702047,720,741.213203435596,0,5081.71447702047
55,375389,5111.61034760854,720,741.213203435596,0,5111.61034760854
55,375912,312.665866084034,720,741.213203435596,55,0
55,375913,286.609466173845,720,741.213203435596,55,0
55,375914,261.380414129075,720,741.213203435596,55,0
55,375915,237.242804286209,720,741.213203435596,55,0
55,375916,214.565300048379,720,741.213203435596,55,0
55,375917,193.860981866136,720,741.213203435596,55,0
55,375918,175.828282993246,720,741.213203435596,55,0
55,375919,161.365369321247,720,741.213203435596,55,0
55,376086,4931.26937183989,720,741.213203435596,0,4931.26937183989
55,376087,4961.170135867,720,741.213203435596,0,4961.170135867
55,376088,4991.07105821764,720,741.213203435596,0,4991.07105821764
55,376089,5020.97213606519,720,741.213203435596,0,5020.97213606519
55,376090,5050.87336664528,720,741.213203435596,0,5050.87336664528
55,376091,5080.77474725849,720,741.213203435596,0,5080.77474725849
55,376092,5110.67627527255,720,741.213203435596,0,5110.67627527255
55,376617,245.806219587377,720,741.213203435596,55,0
55,376618,219.966043229928,720,741.213203435596,55,0
55,376619,195.292408675939,720,741.213203435596,55,0
55,376620,172.287236111944,720,741.213203435596,55,0
55,376621,151.711438906765,720,741.213203435596,55,0
55,376791,4990.29306255613,720,741.213203435596,0,4990.29306255613
55,376792,5020.19893457681,720,741.213203435596,0,5020.19893457681
55,376793,5050.10490352975,720,741.213203435596,0,5050.10490352975
55,376794,5080.01096770056,720,741.213203435596,0,5080.01096770056
55,376795,5109.91712541829,720,741.213203435596,0,5109.91712541829
55,377320,233.047351028716,720,741.213203435596,55,0
55,377321,205.609741254489,720,741.213203435596,55,0
55,377322,178.96752589349,720,741.213203435596,55,0
55,377323,153.535327207262,720,741.213203435596,55,0
55,377324,130.025112291266,720,741.213203435596,55,0
55,377325,109.67987373293,720,741.213203435596,55,0
55,377326,94.5649582471367,720,741.213203435596,55,0
55,377327,87.4362608118834,720,741.213203435596,55,0
55,377328,90.207426698838,720,741.213203435596,55,0
55,378023,223.586295625552,720,741.213203435596,55,0
55,378024,194.820596344679,720,741.213203435596,55,0
55,378025,166.460263423814,720,741.213203435596,55,0
55,378026,138.754081781166,720,741.213203435596,55,0
55,378027,112.187755546582,720,741.213203435596,55,0
55,378028,87.8021135866378,720,741.213203435596,55,0
55,378029,67.9856689224454,720,741.213203435596,55,0
55,378030,57.6594535151963,720,741.213203435596,55,0
55,378031,61.7810274539313,720,741.213203435596,55,0
55,378032,78.0954512088359,720,741.213203435596,55,0
55,378033,100.849516697408,720,741.213203435596,55,0
55,378726,217.853136074939,720,741.213203435596,55,0
55,378727,188.213063726825,720,741.213203435596,55,0
55,378728,158.675949060259,720,741.213203435596,55,0
55,378729,129.312363126976,720,741.213203435596,55,0
55,378730,100.274865740657,720,741.213203435596,55,0
55,378731,71.9593019357858,720,741.213203435596,55,0
55,378732,45.7270660100966,720,741.213203435596,55,0
55,378733,28.1694691342654,720,741.213203435596,55,0
55,378734,35.8581150027862,720,741.213203435596,55,0
55,378735,59.7312382819432,720,741.213203435596,55,0
55,378736,87.4046236554473,720,741.213203435596,55,0
55,378737,116.194004324091,720,741.213203435596,55,0
55,379430,186.232766964071,720,741.213203435596,55,0
55,379431,156.321744672958,720,741.213203435596,55,0
55,379432,126.412312853179,720,741.213203435596,55,0
55,379433,96.5059502862135,720,741.213203435596,55,0
55,379434,66.606791370559,720,741.213203435596,55,0
55,379435,36.7324310359302,720,741.213203435596,55,0
55,379436,7.19853733375612,720,741.213203435596,55,0
55,379437,23.3261014033404,720,741.213203435596,55,0
55,379438,53.1614116693072,720,741.213203435596,55,0
55,379439,83.0536272013744,720,741.213203435596,55,0
55,379440,112.957580130778,720,741.213203435596,55,0
55,379441,142.865900210487,720,741.213203435596,55,0
55,379442,172.776319538375,720,741.213203435596,55,0
55,379443,202.687908766416,720,741.213203435596,55,0
55,380134,159.63806701873,720,741.213203435596,55,0
55,380135,130.490811786713,720,741.213203435596,55,0
55,380136,101.789693577897,720,741.213203435596,55,0
55,380137,74.0552612239237,720,741.213203435596,55,0
55,380138,48.9588802006885,720,741.213203435596,55,0
55,380139,33.1588966188604,720,741.213203435596,55,0
55,380140,39.8974076675804,720,741.213203435596,55,0
55,380141,62.240212815837,720,741.213203435596,55,0
55,380142,89.1382930225508,720,741.213203435596,55,0
55,380143,117.503943396534,720,741.213203435596,55,0
55,380144,146.487092888366,720,741.213203435596,55,0
55,380145,175.782565377006,720,741.213203435596,55,0
55,380146,205.256674524536,720,741.213203435596,55,0
55,380147,234.842170021454,720,741.213203435596,55,0
55,380148,264.501677579737,720,741.213203435596,55,0
55,380837,168.290019198403,720,741.213203435596,55,0
55,380838,140.943338321674,720,741.213203435596,55,0
55,380839,114.883760964626,720,741.213203435596,55,0
55,380840,91.2211176759567,720,741.213203435596,55,0
55,380841,72.3468447691904,720,741.213203435596,55,0
55,380842,62.7423258025979,720,741.213203435596,55,0
55,380843,66.5499271779945,720,741.213203435596,55,0
55,380844,81.9203639454267,720,741.213203435596,55,0
55,380845,103.840065058696,720,741.213203435596,55,0
55,380846,129.01291429588,720,741.213203435596,55,0
55,380847,155.870667090934,720,741.213203435596,55,0
55,380848,183.67568571858,720,741.213203435596,55,0
55,380849,212.055676768767,720,741.213203435596,55,0
55,380850,240.807438495612,720,741.213203435596,55,0
55,380851,269.81214702151,720,741.213203435596,55,0
55,380852,298.996198611823,720,741.213203435596,55,0
55,381523,671.225928133053,720,741.213203435596,0,671.225928133053
55,381524,641.608614391598,720,741.213203435596,0,641.608614391598
55,381540,181.51623128137,720,741.213203435596,55,0
55,381541,156.497893948116,720,741.213203435596,55,0
55,381542,133.509583493898,720,741.213203435596,55,0
55,381543,113.78838447652,720,741.213203435596,55,0
55,381544,99.3003196484422,720,741.213203435596,55,0
55,381545,92.5369115859489,720,741.213203435596,55,0
55,381546,95.1597394534081,720,741.213203435596,55,0
55,381547,106.477422503974,720,741.213203435596,55,0
55,381548,124.134106822017,720,741.213203435596,55,0
55,381549,145.845400795014,720,741.213203435596,55,0
55,381550,170.065442910156,720,741.213203435596,55,0
55,381551,195.865766008625,720,741.213203435596,55,0
55,381552,222.697802411811,720,741.213203435596,55,0
55,381553,250.229881479471,720,741.213203435596,55,0
55,381554,278.254282004624,720,741.213203435596,55,0
55,381555,306.636049418622,720,741.213203435596,55,0
55,381556,335.284442875316,720,741.213203435596,55,0
55,382226,675.990012387012,720,741.213203435596,0,675.990012387012
55,382227,646.590794299198,720,741.213203435596,0,646.590794299198
55,382228,617.24111398195,720,741.213203435596,0,617.24111398195
55,382244,175.80543376087,720,741.213203435596,55,0
55,382245,155.694356907572,720,741.213203435596,55,0
55,382246,139.153491190072,720,741.213203435596,55,0
55,382247,127.579130555878,720,741.213203435596,55,0
55,382248,122.388537460039,720,741.213203435596,55,0
55,382249,124.383490685976,720,741.213203435596,55,0
55,382250,133.24162455557,720,741.213203435596,55,0
55,382251,147.733501205123,720,741.213203435596,55,0
55,382252,166.393579646811,720,741.213203435596,55,0
55,382253,187.984676029575,720,741.213203435596,55,0
55,382254,211.611513393271,720,741.213203435596,55,0
55,382255,236.665176746459,720,741.213203435596,55,0
55,382256,262.737812793902,720,741.213203435596,55,0
55,382257,289.554295018548,720,741.213203435596,55,0
55,382258,316.925859402533,720,741.213203435596,55,0
55,382948,180.12787179465,720,741.213203435596,55,0
55,382949,166.039107789083,720,741.213203435596,55,0
55,382950,156.466319573937,720,741.213203435596,55,0
55,382951,152.26365861192,720,741.213203435596,55,0
55,382952,153.871774650357,720,741.213203435596,55,0
55,382953,161.116768406205,720,741.213203435596,55,0
55,382954,173.293080694278,720,741.213203435596,55,0
55,382955,189.452261265652,720,741.213203435596,55,0
55,382956,208.671070125833,720,741.213203435596,55,0
55,382957,230.184405299578,720,741.213203435596,55,0
55,382958,253.408551761061,720,741.213203435596,55,0
55,382959,277.914944711084,720,741.213203435596,55,0
55,382960,303.393024983462,720,741.213203435596,55,0
55,382961,329.61754723889,720,741.213203435596,55,0
55,383047,2869.12557444625,720,741.213203435596,0,2869.12557444625
55,383118,4991.35837433444,720,741.213203435596,0,4991.35837433444
55,383119,5021.25934397487,720,741.213203435596,0,5021.25934397487
55,383652,193.813492970607,720,741.213203435596,55,0
55,383653,185.678155165385,720,741.213203435596,55,0
55,383654,182.150714802888,720,741.213203435596,55,0
55,383655,183.497103110643,720,741.213203435596,55,0
55,383656,189.613525747138,720,741.213203435596,55,0
55,383657,200.062964568445,720,741.213203435596,55,0
55,383658,214.21225171885,720,741.213203435596,55,0
55,383659,231.383634101403,720,741.213203435596,55,0
55,383660,250.95752991738,720,741.213203435596,55,0
55,383661,272.4165484395,720,741.213203435596,55,0
55,383662,295.350077454322,720,741.213203435596,55,0
55,383663,319.440697140646,720,741.213203435596,55,0
55,383664,344.445711358764,720,741.213203435596,55,0
55,383694,1203.70833173441,720,741.213203435596,0,1203.70833173441
55,383695,1233.28747064391,720,741.213203435596,0,1233.28747064391
55,383749,2841.02045290631,720,741.213203435596,0,2841.02045290631
55,383750,2870.87449281829,720,741.213203435596,0,2870.87449281829
55,383751,2900.72978598733,720,741.213203435596,0,2900.72978598733
55,383820,4962.47802055293,720,741.213203435596,0,4962.47802055293
55,383821,4992.37287216843,720,741.213203435596,0,4992.37287216843
55,383822,5022.26796205688,720,741.213203435596,0,5022.26796205688
55,383823,5052.16328598548,720,741.213203435596,0,5052.16328598548
55,384356,215.082400459116,720,741.213203435596,55,0
55,384357,212.044659469507,720,741.213203435596,55,0
55,384358,213.202355059655,720,741.213203435596,55,0
55,384359,218.488806962347,720,741.213203435596,55,0
55,384360,227.616522475561,720,741.213203435596,55,0
55,384361,240.147895704542,720,741.213203435596,55,0
55,384362,255.582766025635,720,741.213203435596,55,0
55,384363,273.429875357755,720,741.213203435596,55,0
55,384364,293.249128145286,720,741.213203435596,55,0
55,384365,314.668100618847,720,741.213203435596,55,0
55,384366,337.382251914682,720,741.213203435596,55,0
55,384367,361.147286068989,720,741.213203435596,55,0
55,384368,385.769035218331,720,741.213203435596,55,0
55,384396,1179.15673116327,720,741.213203435596,0,1179.15673116327
55,384397,1208.5964643333,720,741.213203435596,0,1208.5964643333
55,384398,1238.05898021272,720,741.213203435596,0,1238.05898021272
55,384399,1267.54269012763,720,741.213203435596,0,1267.54269012763
55,384452,2843.10120855562,720,741.213203435596,0,2843.10120855562
55,384453,2872.93378595964,720,741.213203435596,0,2872.93378595964
55,384454,2902.76805870891,720,741.213203435596,0,2902.76805870891
55,384524,4993.56633696399,720,741.213203435596,0,4993.56633696399
55,384525,5023.45448462662,720,741.213203435596,0,5023.45448462662
55,384526,5053.34294935685,720,741.213203435596,0,5053.34294935685
55,384527,5083.23172555881,720,741.213203435596,0,5083.23172555881
55,385059,244.609677252207,720,741.213203435596,55,0
55,385060,241.942939248493,720,741.213203435596,55,0
55,385061,242.958216762173,720,741.213203435596,55,0
55,385062,247.61022177192,720,741.213203435596,55,0
55,385063,255.700540383515,720,741.213203435596,55,0
55,385064,266.916706806361,720,741.213203435596,55,0
55,385065,280.884510047388,720,741.213203435596,55,0
55,385066,297.216259968517,720,741.213203435596,55,0
55,385067,315.545115613989,720,741.213203435596,55,0
55,385068,335.543964894748,720,741.213203435596,55,0
55,385069,356.932209753299,720,741.213203435596,55,0
55,385070,379.474992498861,720,741.213203435596,55,0
55,385071,402.978603769675,720,741.213203435596,55,0
55,385072,427.284516276007,720,741.213203435596,55,0
55,385100,1214.2019901267,720,741.213203435596,0,1214.2019901267
55,385101,1243.53185935818,720,741.213203435596,0,1243.53185935818
55,385102,1272.88896420528,720,741.213203435596,0,1272.88896420528
55,385155,2845.49488556282,720,741.213203435596,0,2845.49488556282
55,385156,2875.30278699747,720,741.213203435596,0,2875.30278699747
55,385157,2905.11289065046,720,741.213203435596,0,2905.11289065046
55,385158,2934.9251294144,720,741.213203435596,0,2934.9251294144
55,385159,2964.73943888199,720,741.213203435596,0,2964.73943888199
55,385228,5024.81878565749,720,741.213203435596,0,5024.81878565749
55,385229,5054.69934343555,720,741.213203435596,0,5054.69934343555
55,385230,5084.58030649499,720,741.213203435596,0,5084.58030649499
55,385763,271.844123777111,720,741.213203435596,55,0
55,385764,272.748124684533,720,741.213203435596,55,0
55,385765,276.900123909033,720,741.213203435596,55,0
55,385766,284.157781765408,720,741.213203435596,55,0
55,385767,294.291417594831,720,741.213203435596,55,0
55,385768,307.016382652064,720,741.213203435596,55,0
55,385769,322.025631244171,720,741.213203435596,55,0
55,385770,339.015902804489,720,741.213203435596,55,0
55,385771,357.705024767999,720,741.213203435596,55,0
55,385772,377.840990825568,720,741.213203435596,55,0
55,385773,399.204923772782,720,741.213203435596,55,0
55,385774,421.610193419142,720,741.213203435596,55,0
55,385775,444.899501501175,720,741.213203435596,55,0
55,385804,1249.69689345308,720,741.213203435596,0,1249.69689345308
55,385805,1278.91264463544,720,741.213203435596,0,1278.91264463544
55,385806,1308.16000813607,720,741.213203435596,0,1308.16000813607
55,385807,1337.43691003591,720,741.213203435596,0,1337.43691003591
55,385858,2848.20069497586,720,741.213203435596,0,2848.20069497586
55,385859,2877.98073112735,720,741.213203435596,0,2877.98073112735
55,385860,2907.76354017963,720,741.213203435596,0,2907.76354017963
55,385861,2937.54903778948,720,741.213203435596,0,2937.54903778948
55,385862,2967.33714299659,720,741.213203435596,0,2967.33714299659
55,385863,2997.12777805138,720,741.213203435596,0,2997.12777805138
55,385864,3026.92086825514,720,741.213203435596,0,3026.92086825514
55,385865,3056.71634181952,720,741.213203435596,0,3056.71634181952
55,386467,302.562022536187,720,741.213203435596,55,0
55,386468,306.310184048255,720,741.213203435596,55,0
55,386469,312.886428371847,720,741.213203435596,55,0
55,386470,322.117590490983,720,741.213203435596,55,0
55,386471,333.783468711147,720,741.213203435596,55,0
55,386472,347.639040820088,720,741.213203435596,55,0
55,386473,363.433953087033,720,741.213203435596,55,0
55,386474,380.927041106387,720,741.213203435596,55,0
55,386475,399.895511192023,720,741.213203435596,55,0
55,386476,420.139579106296,720,741.213203435596,55,0
55,386477,441.483803584598,720,741.213203435596,55,0
55,386478,463.776313060349,720,741.213203435596,55,0
55,386508,1285.60420951995,720,741.213203435596,0,1285.60420951995
55,386509,1314.70287311599,720,741.213203435596,0,1314.70287311599
55,386510,1343.83739433248,720,741.213203435596,0,1343.83739433248
55,386558,2761.99226052943,720,741.213203435596,0,2761.99226052943
55,386563,2910.71917181783,720,741.213203435596,0,2910.71917181783
55,386564,2940.47488970365,720,741.213203435596,0,2940.47488970365
55,386565,2970.2338112271,720,741.213203435596,0,2970.2338112271
55,386566,2999.99584105261,720,741.213203435596,0,2999.99584105261
55,386567,3029.76088757544,720,741.213203435596,0,3029.76088757544
55,386568,3059.52886275131,720,741.213203435596,0,3059.52886275131
55,386569,3089.29968191791,720,741.213203435596,0,3089.29968191791
55,386570,3119.07326363908,720,741.213203435596,0,3119.07326363908
55,387158,471.918922147479,720,741.213203435596,0,471.918922147479
55,387171,335.808833446979,720,741.213203435596,55,0
55,387172,341.818054992259,720,741.213203435596,55,0
55,387173,350.287652188252,720,741.213203435596,55,0
55,387175,373.891283348282,720,741.213203435596,55,0
55,387176,388.620750470245,720,741.213203435596,55,0
55,387177,405.02756706836,720,741.213203435596,55,0
55,387178,422.916562613074,720,741.213203435596,55,0
55,387179,442.107853623754,720,741.213203435596,55,0
55,387180,462.439332234024,720,741.213203435596,55,0
55,387212,1321.89034181604,720,741.213203435596,0,1321.89034181604
55,387260,2735.72934668834,720,741.213203435596,0,2735.72934668834
55,387261,2765.42644030077,720,741.213203435596,0,2765.42644030077
55,387262,2795.12818692694,720,741.213203435596,0,2795.12818692694
55,387263,2824.83443978809,720,741.213203435596,0,2824.83443978809
55,387264,2854.54505820224,720,741.213203435596,0,2854.54505820224
55,387265,2884.25990726199,720,741.213203435596,0,2884.25990726199
55,387266,2913.97885754037,720,741.213203435596,0,2913.97885754037
55,387267,2943.70178481931,720,741.213203435596,0,2943.70178481931
55,387268,2973.42856983652,720,741.213203435596,0,2973.42856983652
55,387269,3003.15909803432,720,741.213203435596,0,3003.15909803432
55,387270,3032.89325932984,720,741.213203435596,0,3032.89325932984
55,387271,3062.6309479059,720,741.213203435596,0,3062.6309479059
55,387272,3092.37206199991,720,741.213203435596,0,3092.37206199991
55,387273,3122.11650371789,720,741.213203435596,0,3122.11650371789
55,387274,3151.86417885177,720,741.213203435596,0,3151.86417885177
55,387275,3181.61499670356,720,741.213203435596,0,3181.61499670356
55,387276,3211.3688699251,720,741.213203435596,0,3211.3688699251
55,387860,514.222763527797,720,741.213203435596,0,514.222763527797
55,387861,493.395477684806,720,741.213203435596,0,493.395477684806
55,387862,473.543029035898,720,741.213203435596,0,473.543029035898
55,387875,370.905165660951,720,741.213203435596,55,0
55,387878,400.656803712475,720,741.213203435596,55,0
55,387879,414.436159945744,720,741.213203435596,55,0
55,387881,446.754755462074,720,741.213203435596,55,0
55,387882,464.963263145142,720,741.213203435596,55,0
55,387883,484.336367312183,720,741.213203435596,55,0
55,387884,504.739985937078,720,741.213203435596,55,0
55,387903,989.074873032696,720,741.213203435596,0,989.074873032696
55,387904,1016.97933240295,720,741.213203435596,0,1016.97933240295
55,387905,1044.99506058922,720,741.213203435596,0,1044.99506058922
55,387906,1073.11334295818,720,741.213203435596,0,1073.11334295818
55,387961,2680.22701601363,720,741.213203435596,0,2680.22701601363
55,387963,2739.52290061832,720,741.213203435596,0,2739.52290061832
55,387964,2769.17947046243,720,741.213203435596,0,2769.17947046243
55,387965,2798.84154823458,720,741.213203435596,0,2798.84154823458
55,387966,2828.50896064787,720,741.213203435596,0,2828.50896064787
55,387967,2858.18154158533,720,741.213203435596,0,2858.18154158533
55,387968,2887.85913172908,720,741.213203435596,0,2887.85913172908
55,387969,2917.54157821396,720,741.213203435596,0,2917.54157821396
55,387970,2947.22873430802,720,741.213203435596,0,2947.22873430802
55,387971,2976.92045911357,720,741.213203435596,0,2976.92045911357
55,387972,3006.61661727677,720,741.213203435596,0,3006.61661727677
55,387973,3036.31707871511,720,741.213203435596,0,3036.31707871511
55,387974,3066.02171837267,720,741.213203435596,0,3066.02171837267
55,387975,3095.730415972,720,741.213203435596,0,3095.730415972
55,387976,3125.44305579579,720,741.213203435596,0,3125.44305579579
55,387977,3155.15952647118,720,741.213203435596,0,3155.15952647118
55,387978,3184.8797207651,720,741.213203435596,0,3184.8797207651
55,387979,3214.60353539574,720,741.213203435596,0,3214.60353539574
55,387980,3244.33087085807,720,741.213203435596,0,3244.33087085807
55,388564,515.71321415509,720,741.213203435596,0,515.71321415509
55,388565,496.75337845807,720,741.213203435596,0,496.75337845807
55,388566,478.912919499634,720,741.213203435596,0,478.912919499634
55,388582,440.769743950213,720,741.213203435596,55,0
55,388584,471.28611019205,720,741.213203435596,55,0
55,388585,488.581325317842,720,741.213203435596,55,0
55,388586,507.052946880473,720,741.213203435596,55,0
55,388587,526.577189146623,720,741.213203435596,55,0
55,388588,547.041357685367,720,741.213203435596,55,0
55,388603,918.476343562428,720,741.213203435596,0,918.476343562428
55,388604,945.625378062024,720,741.213203435596,0,945.625378062024
55,388606,1000.39695950206,720,741.213203435596,0,1000.39695950206
55,388607,1027.99427798724,720,741.213203435596,0,1027.99427798724
55,388608,1055.71788856697,720,741.213203435596,0,1055.71788856697
55,388609,1083.55809746626,720,741.213203435596,0,1083.55809746626
55,388610,1111.50614330302,720,741.213203435596,0,1111.50614330302
55,388611,1139.55409186624,720,741.213203435596,0,1139.55409186624
55,388661,2595.67780922051,720,741.213203435596,0,2595.67780922051
55,388662,2625.25504601688,720,741.213203435596,0,2625.25504601688
55,388663,2654.839861369,720,741.213203435596,0,2654.839861369
55,388664,2684.43200470422,720,741.213203435596,0,2684.43200470422
55,388665,2714.03123632544,720,741.213203435596,0,2714.03123632544
55,388667,2773.25005651753,720,741.213203435596,0,2773.25005651753
55,388668,2802.86921498709,720,741.213203435596,0,2802.86921498709
55,388669,2832.49460054886,720,741.213203435596,0,2832.49460054886
55,388670,2862.12601983712,720,741.213203435596,0,2862.12601983712
55,388671,2891.76328737357,720,741.213203435596,0,2891.76328737357
55,388672,2921.40622516584,720,741.213203435596,0,2921.40622516584
55,388673,2951.05466234098,720,741.213203435596,0,2951.05466234098
55,388674,2980.70843479651,720,741.213203435596,0,2980.70843479651
55,388675,3010.36738486676,720,741.213203435596,0,3010.36738486676
55,388676,3040.03136100762,720,741.213203435596,0,3040.03136100762
55,388677,3069.70021751261,720,741.213203435596,0,3069.70021751261
55,388678,3099.37381422601,720,741.213203435596,0,3099.37381422601
55,388679,3129.05201629038,720,741.213203435596,0,3129.05201629038
55,388680,3158.73469389658,720,741.213203435596,0,3158.73469389658
55,388681,3188.42172204705,720,741.213203435596,0,3188.42172204705
55,388682,3218.11298033791,720,741.213203435596,0,3218.11298033791
55,388683,3247.80835275519,720,741.213203435596,0,3247.80835275519
55,388684,3277.50772747283,720,741.213203435596,0,3277.50772747283
55,388685,3307.21099666252,720,741.213203435596,0,3307.21099666252
55,388686,3336.91805632898,720,741.213203435596,0,3336.91805632898
55,388687,3366.62880612466,720,741.213203435596,0,3366.62880612466
55,388688,3396.34314921059,720,741.213203435596,0,3396.34314921059
55,388689,3426.06099209196,720,741.213203435596,0,3426.06099209196
55,389268,520.647895612583,720,741.213203435596,0,520.647895612583
55,389269,503.654448097755,720,741.213203435596,0,503.654448097755
55,389270,487.904960309612,720,741.213203435596,0,487.904960309612
55,389271,473.52357155936,720,741.213203435596,0,473.52357155936
55,389286,481.258194336878,720,741.213203435596,55,0
55,389287,496.407873957403,720,741.213203435596,55,0
55,389288,512.856685984578,720,741.213203435596,55,0
55,389289,530.48379684461,720,741.213203435596,55,0
55,389290,549.175757285762,720,741.213203435596,55,0
55,389291,568.827602518789,720,741.213203435596,55,0
55,389292,589.343317349993,720,741.213203435596,55,0
55,389293,610.63583692774,720,741.213203435596,55,0
55,389306,931.618116123101,720,741.213203435596,0,931.618116123101
55,389307,958.395089875007,720,741.213203435596,0,958.395089875007
55,389308,985.352656468503,720,741.213203435596,0,985.352656468503
55,389309,1012.47639094576,720,741.213203435596,0,1012.47639094576
55,389310,1039.75328907262,720,741.213203435596,0,1039.75328907262
55,389311,1067.17160632526,720,741.213203435596,0,1067.17160632526
55,389312,1094.72071683012,720,741.213203435596,0,1094.72071683012
55,389313,1122.39098965572,720,741.213203435596,0,1122.39098965572
55,389314,1150.17368025762,720,741.213203435596,0,1150.17368025762
55,389315,1178.06083507759,720,741.213203435596,0,1178.06083507759
55,389365,2629.88784769915,720,741.213203435596,0,2629.88784769915
55,389366,2659.42128368052,720,741.213203435596,0,2659.42128368052
55,389367,2688.96316669203,720,741.213203435596,0,2688.96316669203
55,389372,2836.790048141,720,741.213203435596,0,2836.790048141
55,389373,2866.37722144445,720,741.213203435596,0,2866.37722144445
55,389374,2895.97114093097,720,741.213203435596,0,2895.97114093097
55,389375,2925.57160187233,720,741.213203435596,0,2925.57160187233
55,389376,2955.17840769871,720,741.213203435596,0,2955.17840769871
55,389377,2984.79136960237,720,741.213203435596,0,2984.79136960237
55,389378,3014.41030615607,720,741.213203435596,0,3014.41030615607
55,389379,3044.03504295291,720,741.213203435596,0,3044.03504295291
55,389383,3162.58873215652,720,741.213203435596,0,3162.58873215652
55,389384,3192.24007757775,720,741.213203435596,0,3192.24007757775
55,389385,3221.89630684293,720,741.213203435596,0,3221.89630684293
55,389386,3251.55728632194,720,741.213203435596,0,3251.55728632194
55,389387,3281.22288719456,720,741.213203435596,0,3281.22288719456
55,389388,3310.8929852341,720,741.213203435596,0,3310.8929852341
55,389389,3340.56746061568,720,741.213203435596,0,3340.56746061568
55,389390,3370.24619770817,720,741.213203435596,0,3370.24619770817
55,389391,3399.92908490961,720,741.213203435596,0,3399.92908490961
55,389392,3429.61601446408,720,741.213203435596,0,3429.61601446408
55,389393,3459.30688229782,720,741.213203435596,0,3459.30688229782
55,389972,528.930444622931,720,741.213203435596,0,528.930444622931
55,389973,513.956008337124,720,741.213203435596,0,513.956008337124
55,389974,500.323921780584,720,741.213203435596,0,500.323921780584
55,389975,488.14665813825,720,741.213203435596,0,488.14665813825
55,389989,507.650414358387,720,741.213203435596,55,0
55,389990,522.034817353805,720,741.213203435596,55,0
55,389991,537.700328068279,720,741.213203435596,55,0
55,389992,554.538384626306,720,741.213203435596,55,0
55,389993,572.445527701912,720,741.213203435596,55,0
55,389994,591.324639508963,720,741.213203435596,55,0
55,389995,611.085641573956,720,741.213203435596,55,0
55,389996,631.645769656439,720,741.213203435596,55,0
55,389997,652.929536974794,720,741.213203435596,55,0
55,390009,945.5237852218,720,741.213203435596,0,945.5237852218
55,390010,971.917864062338,720,741.213203435596,0,971.917864062338
55,390011,998.510553512272,720,741.213203435596,0,998.510553512272
55,390012,1025.28639968886,720,741.213203435596,0,1025.28639968886
55,390013,1052.23142046967,720,741.213203435596,0,1052.23142046967
55,390014,1079.33294584024,720,741.213203435596,0,1079.33294584024
55,390015,1106.57947687965,720,741.213203435596,0,1106.57947687965
55,390016,1133.96056114862,720,741.213203435596,0,1133.96056114862
55,390017,1161.46668258174,720,741.213203435596,0,1161.46668258174
55,390018,1189.08916409289,720,741.213203435596,0,1189.08916409289
55,390019,1216.82008139682,720,741.213203435596,0,1216.82008139682
55,390020,1244.65218664921,720,741.213203435596,0,1244.65218664921
55,390021,1272.5788407301,720,741.213203435596,0,1272.5788407301
55,390022,1300.59395313374,720,741.213203435596,0,1300.59395313374
55,390080,2989.16805486843,720,741.213203435596,0,2989.16805486843
55,390081,3018.74420732459,720,741.213203435596,0,3018.74420732459
55,390082,3048.32698425615,720,741.213203435596,0,3048.32698425615
55,390083,3077.91619465573,720,741.213203435596,0,3077.91619465573
55,390085,3137.11318764462,720,741.213203435596,0,3137.11318764462
55,390086,3166.72062305676,720,741.213203435596,0,3166.72062305676
55,390087,3196.33379695466,720,741.213203435596,0,3196.33379695466
55,390088,3225.95255130383,720,741.213203435596,0,3225.95255130383
55,390092,3344.48040756261,720,741.213203435596,0,3344.48040756261
55,390093,3374.12488528184,720,741.213203435596,0,3374.12488528184
55,390094,3403.77410693031,720,741.213203435596,0,3403.77410693031
55,390095,3433.42794961088,720,741.213203435596,0,3433.42794961088
55,390096,3463.08629461356,720,741.213203435596,0,3463.08629461356
55,390676,540.40697650356,720,741.213203435596,0,540.40697650356
55,390677,527.458883825733,720,741.213203435596,0,527.458883825733
55,390678,515.922419135842,720,741.213203435596,0,515.922419135842
55,390679,505.894164399632,720,741.213203435596,0,505.894164399632
55,390692,534.413538673979,720,741.213203435596,55,0
55,390693,548.096083976007,720,741.213203435596,55,0
55,390694,563.037031452318,720,741.213203435596,55,0
55,390695,579.138994430728,720,741.213203435596,55,0
55,390696,596.30792843731,720,741.213203435596,55,0
55,390697,614.454400854347,720,741.213203435596,55,0
55,390698,633.49441237133,720,741.213203435596,55,0
55,390699,653.34984873669,720,741.213203435596,55,0
55,390700,673.948643255873,720,741.213203435596,55,0
55,390701,695.224724249937,720,741.213203435596,55,0
55,390712,960.160161680897,720,741.213203435596,0,960.160161680897
55,390713,986.162721967684,720,741.213203435596,0,986.162721967684
55,390714,1012.38144336358,720,741.213203435596,0,1012.38144336358
55,390715,1038.7999586435,720,741.213203435596,0,1038.7999586435
55,390716,1065.40340521079,720,741.213203435596,0,1065.40340521079
55,390717,1092.17826939064,720,741.213203435596,0,1092.17826939064
55,390719,1146.19412332424,720,741.213203435596,0,1146.19412332424
55,390720,1173.41365607208,720,741.213203435596,0,1173.41365607208
55,390721,1200.76148451833,720,741.213203435596,0,1200.76148451833
55,390722,1228.22903877134,720,741.213203435596,0,1228.22903877134
55,390723,1255.80846278138,720,741.213203435596,0,1255.80846278138
55,390724,1283.49254506281,720,741.213203435596,0,1283.49254506281
55,390725,1311.27465688973,720,741.213203435596,0,1311.27465688973
55,390785,3052.90596916572,720,741.213203435596,0,3052.90596916572
55,390786,3082.45138313495,720,741.213203435596,0,3082.45138313495
55,390787,3112.00387154345,720,741.213203435596,0,3112.00387154345
55,390788,3141.56323474631,720,741.213203435596,0,3141.56323474631
55,390789,3171.12928049493,720,741.213203435596,0,3171.12928049493
55,390790,3200.70182360135,720,741.213203435596,0,3200.70182360135
55,390791,3230.28068561598,720,741.213203435596,0,3230.28068561598
55,390792,3259.86569453368,720,741.213203435596,0,3259.86569453368
55,390793,3289.4566845009,720,741.213203435596,0,3289.4566845009
55,390797,3407.87733831091,720,741.213203435596,0,3407.87733831091
55,390798,3437.49594283937,720,741.213203435596,0,3437.49594283937
55,391380,554.879369847333,720,741.213203435596,0,554.879369847333
55,391381,543.924736353357,720,741.213203435596,0,543.924736353357
55,391382,534.422142823437,720,741.213203435596,0,534.422142823437
55,391383,526.450224477077,720,741.213203435596,0,526.450224477077
55,391384,520.079373897559,720,741.213203435596,0,520.079373897559
55,391385,515.368970392956,720,741.213203435596,0,515.368970392956
55,391398,604.218936520864,720,741.213203435596,55,0
55,391399,620.694612819439,720,741.213203435596,55,0
55,391400,638.148090729905,720,741.213203435596,55,0
55,391401,656.501388580056,720,741.213203435596,55,0
55,391402,675.681185838074,720,741.213203435596,55,0
55,391403,695.619120474565,720,741.213203435596,55,0
55,391404,716.251883645632,720,741.213203435596,55,0
55,391415,975.494355321509,720,741.213203435596,0,975.494355321509
55,391416,1001.09883999428,720,741.213203435596,0,1001.09883999428
55,391417,1026.93643512284,720,741.213203435596,0,1026.93643512284
55,391418,1052.98998109717,720,741.213203435596,0,1052.98998109717
55,391419,1079.24383851249,720,741.213203435596,0,1079.24383851249
55,391420,1105.68373859967,720,741.213203435596,0,1105.68373859967
55,391421,1132.29664876574,720,741.213203435596,0,1132.29664876574
55,391422,1159.07065184376,720,741.213203435596,0,1159.07065184376
55,391423,1185.99483779881,720,741.213203435596,0,1185.99483779881
55,391424,1213.05920661713,720,741.213203435596,0,1213.05920661713
55,391425,1240.25458128053,720,741.213203435596,0,1240.25458128053
55,391426,1267.57252974801,720,741.213203435596,0,1267.57252974801
55,391427,1295.00529500974,720,741.213203435596,0,1295.00529500974
55,391428,1322.54573236197,720,741.213203435596,0,1322.54573236197
55,391429,1350.18725309298,720,741.213203435596,0,1350.18725309298
55,391490,3116.77668465804,720,741.213203435596,0,3116.77668465804
55,391491,3146.29136557914,720,741.213203435596,0,3146.29136557914
55,391492,3175.81355185193,720,741.213203435596,0,3175.81355185193
55,391493,3205.34303609539,720,741.213203435596,0,3205.34303609539
55,391494,3234.87961844844,720,741.213203435596,0,3234.87961844844
55,391495,3264.42310624045,720,741.213203435596,0,3264.42310624045
55,391496,3293.97331366781,720,741.213203435596,0,3293.97331366781
55,391497,3323.53006149007,720,741.213203435596,0,3323.53006149007
55,392085,563.093723498853,720,741.213203435596,0,563.093723498853
55,392086,555.533354618988,720,741.213203435596,0,555.533354618988
55,392087,549.499762106922,720,741.213203435596,0,549.499762106922
55,392088,545.043652222271,720,741.213203435596,0,545.043652222271
55,392089,542.203920043729,720,741.213203435596,0,542.203920043729
55,392090,541.00601919525,720,741.213203435596,0,541.00601919525
55,392091,541.460846702364,720,741.213203435596,0,541.460846702364
55,392092,543.564253818088,720,741.213203435596,0,543.564253818088
55,392104,680.045858338986,720,741.213203435596,55,0
55,392105,698.579629306614,720,741.213203435596,55,0
55,392106,717.881982869473,720,741.213203435596,55,0
55,392107,737.8926059923,720,741.213203435596,55,0
55,392108,758.555448489551,720,741.213203435596,0,758.555448489551
55,392118,991.493989884583,720,741.213203435596,0,991.493989884583
55,392119,1016.69575301782,720,741.213203435596,0,1016.69575301782
55,392120,1042.1468659571,720,741.213203435596,0,1042.1468659571
55,392121,1067.82949951262,720,741.213203435596,0,1067.82949951262
55,392122,1093.72734427989,720,741.213203435596,0,1093.72734427989
55,392123,1119.82546899143,720,741.213203435596,0,1119.82546899143
55,392124,1146.11019198253,720,741.213203435596,0,1146.11019198253
55,392125,1172.56896475637,720,741.213203435596,0,1172.56896475637
55,392126,1199.19026673657,720,741.213203435596,0,1199.19026673657
55,392127,1225.96351019772,720,741.213203435596,0,1225.96351019772
55,392128,1252.87895449392,720,741.213203435596,0,1252.87895449392
55,392129,1279.92762868389,720,741.213203435596,0,1279.92762868389
55,392130,1307.10126175911,720,741.213203435596,0,1307.10126175911
55,392131,1334.39221973549,720,741.213203435596,0,1334.39221973549
55,392132,1361.79344889486,720,741.213203435596,0,1361.79344889486
55,392133,1389.29842459675,720,741.213203435596,0,1389.29842459675
55,392138,1528.18270983979,720,741.213203435596,0,1528.18270983979
55,392197,3239.74819657769,720,741.213203435596,0,3239.74819657769
55,392198,3269.24784623302,720,741.213203435596,0,3269.24784623302
55,392199,3298.75499188522,720,741.213203435596,0,3298.75499188522
55,392200,3328.2694341608,720,741.213203435596,0,3328.2694341608
55,392201,3357.79098065472,720,741.213203435596,0,3357.79098065472
55,392202,3387.31944561544,720,741.213203435596,0,3387.31944561544
55,392790,578.97047894893,720,741.213203435596,0,578.97047894893
55,392791,574.742884729985,720,741.213203435596,0,574.742884729985
55,392792,572.050587827554,720,741.213203435596,0,572.050587827554
55,392793,570.91530891514,720,741.213203435596,0,570.91530891514
55,392794,571.346329563828,720,741.213203435596,0,571.346329563828
55,392795,573.340117287764,720,741.213203435596,0,573.340117287764
55,392796,576.880468823734,720,741.213203435596,0,576.880468823734
55,392797,581.93915829879,720,741.213203435596,0,581.93915829879
55,392798,588.477031025932,720,741.213203435596,0,588.477031025932
55,392808,721.991222663227,720,741.213203435596,55,0
55,392809,740.683816091939,720,741.213203435596,55,0
55,392810,760.09448666818,720,741.213203435596,0,760.09448666818
55,392811,780.169638818244,720,741.213203435596,0,780.169638818244
55,392824,1083.29182277549,720,741.213203435596,0,1083.29182277549
55,392825,1108.82872338607,720,741.213203435596,0,1108.82872338607
55,392826,1134.57966918224,720,741.213203435596,0,1134.57966918224
55,392827,1160.53041194447,720,741.213203435596,0,1160.53041194447
55,392828,1186.66784391208,720,741.213203435596,0,1186.66784391208
55,392829,1212.97989674383,720,741.213203435596,0,1212.97989674383
55,392830,1239.45544955505,720,741.213203435596,0,1239.45544955505
55,392831,1266.08424536379,720,741.213203435596,0,1266.08424536379
55,392832,1292.85681522787,720,741.213203435596,0,1292.85681522787
55,392833,1319.76440942954,720,741.213203435596,0,1319.76440942954
55,392835,1373.95289948611,720,741.213203435596,0,1373.95289948611
55,392839,1483.63155731467,720,741.213203435596,0,1483.63155731467
55,392840,1511.28799812406,720,741.213203435596,0,1511.28799812406
55,392841,1539.02896401224,720,741.213203435596,0,1539.02896401224
55,392842,1566.84996545061,720,741.213203435596,0,1566.84996545061
55,392901,3274.3387327866,720,741.213203435596,0,3274.3387327866
55,392902,3303.80056831528,720,741.213203435596,0,3303.80056831528
55,392903,3333.27049254787,720,741.213203435596,0,3333.27049254787
55,392904,3362.74829282796,720,741.213203435596,0,3362.74829282796
55,392905,3392.23376382648,720,741.213203435596,0,3392.23376382648
55,392906,3421.72670724598,720,741.213203435596,0,3421.72670724598
55,392907,3451.22693151797,720,741.213203435596,0,3451.22693151797
55,393497,601.234398247432,720,741.213203435596,0,601.234398247432
55,393498,603.12940210972,720,741.213203435596,0,603.12940210972
55,393499,606.495905013045,720,741.213203435596,0,606.495905013045
55,393500,611.309596653327,720,741.213203435596,0,611.309596653327
55,393501,617.536635494062,720,741.213203435596,0,617.536635494062
55,393502,625.134787424175,720,741.213203435596,0,625.134787424175
55,393513,782.809780776738,720,741.213203435596,0,782.809780776738
55,393514,802.316867431155,720,741.213203435596,0,802.316867431155
55,393528,1124.52308358186,720,741.213203435596,0,1124.52308358186
55,393529,1149.92276434721,720,741.213203435596,0,1149.92276434721
55,393530,1175.5349826569,720,741.213203435596,0,1175.5349826569
55,393531,1201.34614493836,720,741.213203435596,0,1201.34614493836
55,393532,1227.34369982178,720,741.213203435596,0,1227.34369982178
55,393533,1253.51605017478,720,741.213203435596,0,1253.51605017478
55,393534,1279.85247259926,720,741.213203435596,0,1279.85247259926
55,393535,1306.34304384827,720,741.213203435596,0,1306.34304384827
55,393542,1495.39922718794,720,741.213203435596,0,1495.39922718794
55,393543,1522.84211569374,720,741.213203435596,0,1522.84211569374
55,393544,1550.37650362349,720,741.213203435596,0,1550.37650362349
55,393545,1577.99760127794,720,741.213203435596,0,1577.99760127794
55,393608,3397.40433031058,720,741.213203435596,0,3397.40433031058
55,393609,3426.85293155716,720,741.213203435596,0,3426.85293155716
55,393610,3456.30956052395,720,741.213203435596,0,3456.30956052395
55,393611,3485.77401369249,720,741.213203435596,0,3485.77401369249
55,394204,646.673928535919,720,741.213203435596,0,646.673928535919
55,394205,653.933656324598,720,741.213203435596,0,653.933656324598
55,394206,662.466019185077,720,741.213203435596,0,662.466019185077
55,394231,1140.78595132354,720,741.213203435596,0,1140.78595132354
55,394232,1165.83150400493,720,741.213203435596,0,1165.83150400493
55,394233,1191.10182074268,720,741.213203435596,0,1191.10182074268
55,394234,1216.58289551752,720,741.213203435596,0,1216.58289551752
55,394235,1242.26175929319,720,741.213203435596,0,1242.26175929319
55,394236,1268.1263967679,720,741.213203435596,0,1268.1263967679
55,394237,1294.16566961076,720,741.213203435596,0,1294.16566961076
55,394238,1320.36924580194,720,741.213203435596,0,1320.36924580194
55,394245,1507.66856205284,720,741.213203435596,0,1507.66856205284
55,394246,1534.89224341557,720,741.213203435596,0,1534.89224341557
55,394247,1562.21440507299,720,741.213203435596,0,1562.21440507299
55,394248,1589.6299690655,720,741.213203435596,0,1589.6299690655
55,394249,1617.13418500186,720,741.213203435596,0,1617.13418500186
55,394250,1644.72260538435,720,741.213203435596,0,1644.72260538435
55,394251,1672.39106301049,720,741.213203435596,0,1672.39106301049
55,394313,3461.64319606573,720,741.213203435596,0,3461.64319606573
55,394317,3579.37095790993,720,741.213203435596,0,3579.37095790993
55,394318,3608.82280245227,720,741.213203435596,0,3608.82280245227
55,394320,3667.74903404998,720,741.213203435596,0,3667.74903404998
55,394321,3697.2230618205,720,741.213203435596,0,3697.2230618205
55,394908,682.82819569381,720,741.213203435596,0,682.82819569381
55,394909,691.003910923468,720,741.213203435596,0,691.003910923468
55,394910,700.363061051261,720,741.213203435596,0,700.363061051261
55,394911,710.858904393183,720,741.213203435596,0,710.858904393183
55,394935,1182.28305452548,720,741.213203435596,0,1182.28305452548
55,394936,1207.20917525623,720,741.213203435596,0,1207.20917525623
55,394937,1232.3573819684,720,741.213203435596,0,1232.3573819684
55,394938,1257.71435279693,720,741.213203435596,0,1257.71435279693
55,394939,1283.26771245598,720,741.213203435596,0,1283.26771245598
55,394940,1309.00595976321,720,741.213203435596,0,1309.00595976321
55,394949,1547.42679373539,720,741.213203435596,0,1547.42679373539
55,394950,1574.53160824192,720,741.213203435596,0,1574.53160824192
55,394951,1601.73650797124,720,741.213203435596,0,1601.73650797124
55,394952,1629.03647866556,720,741.213203435596,0,1629.03647866556
55,394953,1656.42681966588,720,741.213203435596,0,1656.42681966588
55,394954,1683.90312109454,720,741.213203435596,0,1683.90312109454
55,394959,1822.43753423632,720,741.213203435596,0,1822.43753423632
55,394960,1850.35082939396,720,741.213203435596,0,1850.35082939396
55,394961,1878.32578902072,720,741.213203435596,0,1878.32578902072
55,395020,3584.77170014358,720,741.213203435596,0,3584.77170014358
55,395021,3614.17969189599,720,741.213203435596,0,3614.17969189599
55,395022,3643.59595735045,720,741.213203435596,0,3643.59595735045
55,395023,3673.02029771712,720,741.213203435596,0,3673.02029771712
55,395024,3702.45252047636,720,741.213203435596,0,3702.45252047636
55,395025,3731.89243913207,720,741.213203435596,0,3731.89243913207
55,395026,3761.33987297453,720,741.213203435596,0,3761.33987297453
55,395612,719.653372662595,720,741.213203435596,0,719.653372662595
55,395613,728.644672769711,720,741.213203435596,0,728.644672769711
55,395614,738.738860115669,720,741.213203435596,0,738.738860115669
55,395615,749.891398570746,720,741.213203435596,0,749.891398570746
55,395638,1199.25507704948,720,741.213203435596,0,1199.25507704948
55,395639,1223.83570457475,720,741.213203435596,0,1223.83570457475
55,395640,1248.64922441876,720,741.213203435596,0,1248.64922441876
55,395641,1273.68202522478,720,741.213203435596,0,1273.68202522478
55,395642,1298.92142911117,720,741.213203435596,0,1298.92142911117
55,395643,1324.35562388349,720,741.213203435596,0,1324.35562388349
55,395644,1349.97359970624,720,741.213203435596,0,1349.97359970624
55,395645,1375.76509011308,720,741.213203435596,0,1375.76509011308
55,395646,1401.72051719577,720,741.213203435596,0,1401.72051719577
55,395647,1427.8309407462,720,741.213203435596,0,1427.8309407462
55,395650,1507.01138936342,720,741.213203435596,0,1507.01138936342
55,395653,1587.31695536634,720,741.213203435596,0,1587.31695536634
55,395654,1614.3065498507,720,741.213203435596,0,1614.3065498507
55,395655,1641.39761144247,720,741.213203435596,0,1641.39761144247
55,395656,1668.58519790188,720,741.213203435596,0,1668.58519790188
55,395657,1695.86466686641,720,741.213203435596,0,1695.86466686641
55,395660,1778.21201109642,720,741.213203435596,0,1778.21201109642
55,395661,1805.81787826225,720,741.213203435596,0,1805.81787826225
55,395662,1833.49622970479,720,741.213203435596,0,1833.49622970479
55,395663,1861.24383170561,720,741.213203435596,0,1861.24383170561
55,395664,1889.05763268909,720,741.213203435596,0,1889.05763268909
55,395723,3590.41351703795,720,741.213203435596,0,3590.41351703795
55,395724,3619.77583069462,720,741.213203435596,0,3619.77583069462
55,395725,3649.14714244304,720,741.213203435596,0,3649.14714244304
55,395726,3678.52723674205,720,741.213203435596,0,3678.52723674205
55,395727,3707.91590482416,720,741.213203435596,0,3707.91590482416
55,395728,3737.31294442861,720,741.213203435596,0,3737.31294442861
55,395729,3766.71815954748,720,741.213203435596,0,3766.71815954748
55,395730,3796.1313601941,720,741.213203435596,0,3796.1313601941
55,396316,757.051579855412,720,741.213203435596,0,757.051579855412
55,396317,766.771946845731,720,741.213203435596,0,766.771946845731
55,396318,777.522548814826,720,741.213203435596,0,777.522548814826
55,396319,789.261288104983,720,741.213203435596,0,789.261288104983
55,396343,1265.43844097999,720,741.213203435596,0,1265.43844097999
55,396344,1290.14565187414,720,741.213203435596,0,1290.14565187414
55,396345,1315.06924901116,720,741.213203435596,0,1315.06924901116
55,396346,1340.19716006474,720,741.213203435596,0,1340.19716006474
55,396347,1365.51810588559,720,741.213203435596,0,1365.51810588559
55,396348,1391.02154500132,720,741.213203435596,0,1391.02154500132
55,396349,1416.69762169568,720,741.213203435596,0,1416.69762169568
55,396350,1442.53711753724,720,741.213203435596,0,1442.53711753724
55,396351,1468.5314062447,720,741.213203435596,0,1468.5314062447
55,396352,1494.67241169097,720,741.213203435596,0,1494.67241169097
55,396353,1520.95256892155,720,741.213203435596,0,1520.95256892155
55,396354,1547.36478796477,720,741.213203435596,0,1547.36478796477
55,396355,1573.90242030558,720,741.213203435596,0,1573.90242030558
55,396357,1627.32935397792,720,741.213203435596,0,1627.32935397792
55,396358,1654.20729728129,720,741.213203435596,0,1654.20729728129
55,396359,1681.18788655831,720,741.213203435596,0,1681.18788655831
55,396362,1762.6983069562,720,741.213203435596,0,1762.6983069562
55,396363,1790.0436125318,720,741.213203435596,0,1790.0436125318
55,396364,1817.46992262352,720,741.213203435596,0,1817.46992262352
55,396365,1844.97362473953,720,741.213203435596,0,1844.97362473953
55,396366,1872.55130871684,720,741.213203435596,0,1872.55130871684
55,396427,3625.61011100211,720,741.213203435596,0,3625.61011100211
55,396428,3654.9346953573,720,741.213203435596,0,3654.9346953573
55,396429,3684.26879432122,720,741.213203435596,0,3684.26879432122
55,396430,3713.61218242519,720,741.213203435596,0,3713.61218242519
55,396431,3742.96464120042,720,741.213203435596,0,3742.96464120042
55,396432,3772.32595890672,720,741.213203435596,0,3772.32595890672
55,396433,3801.69593028418,720,741.213203435596,0,3801.69593028418
55,396434,3831.07435631009,720,741.213203435596,0,3831.07435631009
55,397020,794.941964568185,720,741.213203435596,0,794.941964568185
55,397021,805.316653073391,720,741.213203435596,0,805.316653073391
55,397022,816.656033813914,720,741.213203435596,0,816.656033813914
55,397023,828.920517642643,720,741.213203435596,0,828.920517642643
55,397024,842.069684013255,720,741.213203435596,0,842.069684013255
55,397047,1307.08649225624,720,741.213203435596,0,1307.08649225624
55,397048,1331.69319811466,720,741.213203435596,0,1331.69319811466
55,397049,1356.51333598212,720,741.213203435596,0,1356.51333598212
55,397050,1381.53540259342,720,741.213203435596,0,1381.53540259342
55,397051,1406.74862276793,720,741.213203435596,0,1406.74862276793
55,397052,1432.14290063052,720,741.213203435596,0,1432.14290063052
55,397053,1457.70877376367,720,741.213203435596,0,1457.70877376367
55,397054,1483.43737026962,720,741.213203435596,0,1483.43737026962
55,397055,1509.32036858534,720,741.213203435596,0,1509.32036858534
55,397056,1535.34995999571,720,741.213203435596,0,1535.34995999571
55,397057,1561.51881365428,720,741.213203435596,0,1561.51881365428
55,397058,1587.82004403592,720,741.213203435596,0,1587.82004403592
55,397059,1614.24718063777,720,741.213203435596,0,1614.24718063777
55,397060,1640.79413981542,720,741.213203435596,0,1640.79413981542
55,397063,1721.09838272635,720,741.213203435596,0,1721.09838272635
55,397064,1748.07065545552,720,741.213203435596,0,1748.07065545552
55,397065,1775.13728229573,720,741.213203435596,0,1775.13728229573
55,397066,1802.29401225904,720,741.213203435596,0,1802.29401225904
55,397067,1829.53683300648,720,741.213203435596,0,1829.53683300648
55,397068,1856.86195532152,720,741.213203435596,0,1856.86195532152
55,397131,3660.95749508248,720,741.213203435596,0,3660.95749508248
55,397132,3690.2438753438,720,741.213203435596,0,3690.2438753438
55,397133,3719.54028328842,720,741.213203435596,0,3719.54028328842
55,397134,3748.8464838261,720,741.213203435596,0,3748.8464838261
55,397135,3778.16224907741,720,741.213203435596,0,3778.16224907741
55,397136,3807.48735811009,720,741.213203435596,0,3807.48735811009
55,397137,3836.82159667868,720,741.213203435596,0,3836.82159667868
55,397138,3866.16475697528,720,741.213203435596,0,3866.16475697528
55,397724,833.257405040183,720,741.213203435596,0,833.257405040183
55,397725,844.22163426594,720,741.213203435596,0,844.22163426594
55,397726,856.091363845391,720,741.213203435596,0,856.091363845391
55,397727,868.829482418483,720,741.213203435596,0,868.829482418483
55,397728,882.398383139992,720,741.213203435596,0,882.398383139992
55,397729,896.760355052856,720,741.213203435596,0,896.760355052856
55,397730,911.877926589296,720,741.213203435596,0,911.877926589296
55,397751,1348.77567135289,720,741.213203435596,0,1348.77567135289
55,397752,1373.28723400013,720,741.213203435596,0,1373.28723400013
55,397753,1398.0092393297,720,741.213203435596,0,1398.0092393297
55,397754,1422.9307186844,720,741.213203435596,0,1422.9307186844
55,397755,1448.04137297551,720,741.213203435596,0,1448.04137297551
55,397756,1473.33152964916,720,741.213203435596,0,1473.33152964916
55,397757,1498.79210213106,720,741.213203435596,0,1498.79210213106
55,397758,1524.41455165422,720,741.213203435596,0,1524.41455165422
55,397759,1550.19085144955,720,741.213203435596,0,1550.19085144955
55,397760,1576.11345317162,720,741.213203435596,0,1576.11345317162
55,397761,1602.17525550367,720,741.213203435596,0,1602.17525550367
55,397762,1628.36957480792,720,741.213203435596,0,1628.36957480792
55,397763,1654.69011772397,720,741.213203435596,0,1654.69011772397
55,397766,1734.35148416434,720,741.213203435596,0,1734.35148416434
55,397767,1761.12093481075,720,741.213203435596,0,1761.12093481075
55,397768,1787.99016052797,720,741.213203435596,0,1787.99016052797
55,397769,1814.954730008,720,741.213203435596,0,1814.954730008
55,397770,1842.01045613488,720,741.213203435596,0,1842.01045613488
55,397833,3637.9884664595,720,741.213203435596,0,3637.9884664595
55,397834,3667.21438255564,720,741.213203435596,0,3667.21438255564
55,397835,3696.45134738149,720,741.213203435596,0,3696.45134738149
55,397836,3725.69910082606,720,741.213203435596,0,3725.69910082606
55,397837,3754.95739079075,720,741.213203435596,0,3754.95739079075
55,397838,3784.22597287768,720,741.213203435596,0,3784.22597287768
55,397839,3813.50461010888,720,741.213203435596,0,3813.50461010888
55,397840,3842.79307265243,720,741.213203435596,0,3842.79307265243
55,398429,883.439310572915,720,741.213203435596,0,883.439310572915
55,398430,895.788691510599,720,741.213203435596,0,895.788691510599
55,398431,908.955303968459,720,741.213203435596,0,908.955303968459
55,398432,922.904171507132,720,741.213203435596,0,922.904171507132
55,398433,937.600381484412,720,741.213203435596,0,937.600381484412
55,398434,953.009360569247,720,741.213203435596,0,953.009360569247
55,398435,969.097109532398,720,741.213203435596,0,969.097109532398
55,398442,1098.05545550468,720,741.213203435596,0,1098.05545550468
55,398443,1118.46687607722,720,741.213203435596,0,1118.46687607722
55,398456,1414.92366981389,720,741.213203435596,0,1414.92366981389
55,398457,1439.55248817391,720,741.213203435596,0,1439.55248817391
55,398458,1464.37827810487,720,741.213203435596,0,1464.37827810487
55,398459,1489.39119002346,720,741.213203435596,0,1489.39119002346
55,398460,1514.58195315407,720,741.213203435596,0,1514.58195315407
55,398461,1539.94183950948,720,741.213203435596,0,1539.94183950948
55,398462,1565.46262992306,720,741.213203435596,0,1565.46262992306
55,398463,1591.13658202212,720,741.213203435596,0,1591.13658202212
55,398464,1616.95640014236,720,741.213203435596,0,1616.95640014236
55,398465,1642.91520707222,720,741.213203435596,0,1642.91520707222
55,398468,1721.56252070223,720,741.213203435596,0,1721.56252070223
55,398469,1748.01598726242,720,741.213203435596,0,1748.01598726242
55,398470,1774.57946316614,720,741.213203435596,0,1774.57946316614
55,398471,1801.24808141219,720,741.213203435596,0,1801.24808141219
55,398472,1828.01724029879,720,741.213203435596,0,1828.01724029879
55,398473,1854.88258690085,720,741.213203435596,0,1854.88258690085
55,398537,3673.7041617143,720,741.213203435596,0,3673.7041617143
55,398538,3702.8900417037,720,741.213203435596,0,3702.8900417037
55,398539,3732.08749282926,720,741.213203435596,0,3732.08749282926
55,398541,3790.51603882407,720,741.213203435596,0,3790.51603882407
55,398542,3819.74661905853,720,741.213203435596,0,3819.74661905853
55,398543,3848.98774056776,720,741.213203435596,0,3848.98774056776
55,399134,935.714687387546,720,741.213203435596,0,935.714687387546
55,399135,949.270498178581,720,741.213203435596,0,949.270498178581
55,399136,963.564731222058,720,741.213203435596,0,963.564731222058
55,399137,978.565027893388,720,741.213203435596,0,978.565027893388
55,399138,994.239431122245,720,741.213203435596,0,994.239431122245
55,399144,1100.74404483562,720,741.213203435596,0,1100.74404483562
55,399145,1120.30801788303,720,741.213203435596,0,1120.30801788303
55,399146,1140.32130017482,720,741.213203435596,0,1140.32130017482
55,399147,1160.76065161757,720,741.213203435596,0,1160.76065161757
55,399148,1181.6039620204,720,741.213203435596,0,1181.6039620204
55,399149,1202.83023148961,720,741.213203435596,0,1202.83023148961
55,399167,1632.15190594644,720,741.213203435596,0,1632.15190594644
55,399168,1657.8729374127,720,741.213203435596,0,1657.8729374127
55,399169,1683.73261508164,720,741.213203435596,0,1683.73261508164
55,399170,1709.72464787218,720,741.213203435596,0,1709.72464787218
55,399171,1735.84309024482,720,741.213203435596,0,1735.84309024482
55,399172,1762.08232109885,720,741.213203435596,0,1762.08232109885
55,399173,1788.43702395604,720,741.213203435596,0,1788.43702395604
55,399174,1814.90216842106,720,741.213203435596,0,1814.90216842106
55,399240,3680.42560056796,720,741.213203435596,0,3680.42560056796
55,399241,3709.55875431144,720,741.213203435596,0,3709.55875431144
55,399242,3738.70428246312,720,741.213203435596,0,3738.70428246312
55,399243,3767.86189786576,720,741.213203435596,0,3767.86189786576
55,399838,975.841299172258,720,741.213203435596,0,975.841299172258
55,399839,989.75193896215,720,741.213203435596,0,989.75193896215
55,399840,1004.36127953575,720,741.213203435596,0,1004.36127953575
55,399841,1019.63928848533,720,741.213203435596,0,1019.63928848533
55,399842,1035.55637077536,720,741.213203435596,0,1035.55637077536
55,399843,1052.08352098392,720,741.213203435596,0,1052.08352098392
55,399850,1182.59014515761,720,741.213203435596,0,1182.59014515761
55,399851,1203.05542123618,720,741.213203435596,0,1203.05542123618
55,399852,1223.90982565531,720,741.213203435596,0,1223.90982565531
55,399853,1245.13380635743,720,741.213203435596,0,1245.13380635743
55,399854,1266.70878648412,720,741.213203435596,0,1266.70878648412
55,399859,1379.26292424375,720,741.213203435596,0,1379.26292424375
55,399860,1402.60446524754,720,741.213203435596,0,1402.60446524754
55,399869,1622.42035673146,720,741.213203435596,0,1622.42035673146
55,399870,1647.75030927429,720,741.213203435596,0,1647.75030927429
55,399871,1673.23171410445,720,741.213203435596,0,1673.23171410445
55,399872,1698.85775627093,720,741.213203435596,0,1698.85775627093
55,399873,1724.62198831785,720,741.213203435596,0,1724.62198831785
55,399874,1750.51830859268,720,741.213203435596,0,1750.51830859268
55,399875,1776.54094082614,720,741.213203435596,0,1776.54094082614
55,399945,3745.54825928366,720,741.213203435596,0,3745.54825928366
55,399946,3774.653164035,720,741.213203435596,0,3774.653164035
55,399947,3803.7706652938,720,741.213203435596,0,3803.7706652938
55,399948,3832.90047598175,720,741.213203435596,0,3832.90047598175
55,400545,1060.81044425649,720,741.213203435596,0,1060.81044425649
55,400546,1076.95019484125,720,741.213203435596,0,1076.95019484125
55,400547,1093.67027707146,720,741.213203435596,0,1093.67027707146
55,400548,1110.94448870766,720,741.213203435596,0,1110.94448870766
55,400549,1128.74738905091,720,741.213203435596,0,1128.74738905091
55,400550,1147.05436176402,720,741.213203435596,0,1147.05436176402
55,400555,1245.3510952386,720,741.213203435596,0,1245.3510952386
55,400556,1266.21584513768,720,741.213203435596,0,1266.21584513768
55,400557,1287.43769239014,720,741.213203435596,0,1287.43769239014
55,400558,1308.9992690385,720,741.213203435596,0,1308.9992690385
55,400559,1330.88406337283,720,741.213203435596,0,1330.88406337283
55,400562,1398.32488248694,720,741.213203435596,0,1398.32488248694
55,400563,1421.35354424472,720,741.213203435596,0,1421.35354424472
55,400564,1444.63467621574,720,741.213203435596,0,1444.63467621574
55,400565,1468.15626789167,720,741.213203435596,0,1468.15626789167
55,400573,1663.74027806396,720,741.213203435596,0,1663.74027806396
55,400575,1714.37137939967,720,741.213203435596,0,1714.37137939967
55,400649,3781.66882863514,720,741.213203435596,0,3781.66882863514
55,400650,3810.73287976685,720,741.213203435596,0,3810.73287976685
55,400651,3839.81002931994,720,741.213203435596,0,3839.81002931994
55,400652,3868.89998196664,720,741.213203435596,0,3868.89998196664
55,400672,4453.00048350612,720,741.213203435596,0,4453.00048350612
55,400673,4482.30408606345,720,741.213203435596,0,4482.30408606345
55,400674,4511.61573745707,720,741.213203435596,0,4511.61573745707
55,400675,4540.93528182233,720,741.213203435596,0,4540.93528182233
55,401250,1118.41237949153,720,741.213203435596,0,1118.41237949153
55,401251,1135.31028240475,720,741.213203435596,0,1135.31028240475
55,401252,1152.73703113505,720,741.213203435596,0,1152.73703113505
55,401253,1170.66900849035,720,741.213203435596,0,1170.66900849035
55,401254,1189.08335738451,720,741.213203435596,0,1189.08335738451
55,401255,1207.95801791793,720,741.213203435596,0,1207.95801791793
55,401256,1227.27175237131,720,741.213203435596,0,1227.27175237131
55,401259,1287.64759571391,720,741.213203435596,0,1287.64759571391
55,401260,1308.52201637685,720,741.213203435596,0,1308.52201637685
55,401261,1329.74187074359,720,741.213203435596,0,1329.74187074359
55,401262,1351.29088546278,720,741.213203435596,0,1351.29088546278
55,401263,1373.15356400116,720,741.213203435596,0,1373.15356400116
55,401264,1395.31516238453,720,741.213203435596,0,1395.31516238453
55,401265,1417.76166307831,720,741.213203435596,0,1417.76166307831
55,401266,1440.47974753676,720,741.213203435596,0,1440.47974753676
55,401267,1463.45676795973,720,741.213203435596,0,1463.45676795973
55,401268,1486.68071863739,720,741.213203435596,0,1486.68071863739
55,401269,1510.14020723196,720,741.213203435596,0,1510.14020723196
55,401270,1533.82442628971,720,741.213203435596,0,1533.82442628971
55,401352,3788.90764515666,720,741.213203435596,0,3788.90764515666
55,401353,3817.91674621974,720,741.213203435596,0,3817.91674621974
55,401354,3846.93975220353,720,741.213203435596,0,3846.93975220353
55,401355,3875.97635075252,720,741.213203435596,0,3875.97635075252
55,401356,3905.02623865673,720,741.213203435596,0,3905.02623865673
55,401375,4459.15295028224,720,741.213203435596,0,4459.15295028224
55,401376,4488.41654207883,720,741.213203435596,0,4488.41654207883
55,401377,4517.68869165639,720,741.213203435596,0,4517.68869165639
55,401378,4546.96923373777,720,741.213203435596,0,4546.96923373777
55,401379,4576.25800722969,720,741.213203435596,0,4576.25800722969
55,401380,4605.55485508718,720,741.213203435596,0,4605.55485508718
55,401381,4634.85962419446,720,741.213203435596,0,4634.85962419446
55,401382,4664.1721652455,720,741.213203435596,0,4664.1721652455
55,401383,4693.49233262612,720,741.213203435596,0,4693.49233262612
55,401957,1212.61744853486,720,741.213203435596,0,1212.61744853486
55,401958,1231.13145598371,720,741.213203435596,0,1231.13145598371
55,401959,1250.08731528322,720,741.213203435596,0,1250.08731528322
55,401960,1269.46523317574,720,741.213203435596,0,1269.46523317574
55,401961,1289.24617864241,720,741.213203435596,0,1289.24617864241
55,401965,1372.04632489177,720,741.213203435596,0,1372.04632489177
55,401966,1393.5835428827,720,741.213203435596,0,1393.5835428827
55,401967,1415.42541760987,720,741.213203435596,0,1415.42541760987
55,401968,1437.5580625221,720,741.213203435596,0,1437.5580625221
55,401970,1482.64340593576,720,741.213203435596,0,1482.64340593576
55,401971,1505.57154758646,720,741.213203435596,0,1505.57154758646
55,401972,1528.74129567787,720,741.213203435596,0,1528.74129567787
55,401973,1552.14183043784,720,741.213203435596,0,1552.14183043784
55,401974,1575.76287014958,720,741.213203435596,0,1575.76287014958
55,402056,3825.32101587874,720,741.213203435596,0,3825.32101587874
55,402057,3854.28842281327,720,741.213203435596,0,3854.28842281327
55,402058,3883.27022830643,720,741.213203435596,0,3883.27022830643
55,402059,3912.26611236893,720,741.213203435596,0,3912.26611236893
55,402079,4494.71974473681,720,741.213203435596,0,4494.71974473681
55,402080,4523.95126633975,720,741.213203435596,0,4523.95126633975
55,402081,4553.19169206147,720,741.213203435596,0,4553.19169206147
55,402082,4582.44085145213,720,741.213203435596,0,4582.44085145213
55,402083,4611.69857833182,720,741.213203435596,0,4611.69857833182
55,402084,4640.96471066312,720,741.213203435596,0,4640.96471066312
55,402085,4670.23909042892,720,741.213203435596,0,4670.23909042892
55,402086,4699.52156350518,720,741.213203435596,0,4699.52156350518
55,402087,4728.81197953628,720,741.213203435596,0,4728.81197953628
55,402088,4758.11019183859,720,741.213203435596,0,4758.11019183859
55,402089,4787.41605727082,720,741.213203435596,0,4787.41605727082
55,402090,4816.72943614546,720,741.213203435596,0,4816.72943614546
55,402091,4846.05019211821,720,741.213203435596,0,4846.05019211821
55,402092,4875.37819208811,720,741.213203435596,0,4875.37819208811
55,402093,4904.71330610471,720,741.213203435596,0,4904.71330610471
55,402662,1273.19677623759,720,741.213203435596,0,1273.19677623759
55,402663,1292.22829865849,720,741.213203435596,0,1292.22829865849
55,402664,1311.66610797029,720,741.213203435596,0,1311.66610797029
55,402665,1331.4924107401,720,741.213203435596,0,1331.4924107401
55,402666,1351.69011205425,720,741.213203435596,0,1351.69011205425
55,402667,1372.24281244416,720,741.213203435596,0,1372.24281244416
55,402668,1393.13480025685,720,741.213203435596,0,1393.13480025685
55,402669,1414.35104029347,720,741.213203435596,0,1414.35104029347
55,402670,1435.8771593607,720,741.213203435596,0,1435.8771593607
55,402671,1457.69942939913,720,741.213203435596,0,1457.69942939913
55,402672,1479.80474869736,720,741.213203435596,0,1479.80474869736
55,402673,1502.18062168329,720,741.213203435596,0,1502.18062168329
55,402690,1914.35170420323,720,741.213203435596,0,1914.35170420323
55,402691,1940.02268509147,720,741.213203435596,0,1940.02268509147
55,402692,1965.81373685707,720,741.213203435596,0,1965.81373685707
55,402761,3890.78039136611,720,741.213203435596,0,3890.78039136611
55,402762,3919.72087484617,720,741.213203435596,0,3919.72087484617
55,402784,4559.60188503418,720,741.213203435596,0,4559.60188503418
55,402785,4588.81034241159,720,741.213203435596,0,4588.81034241159
55,402786,4618.02787180761,720,741.213203435596,0,4618.02787180761
55,402787,4647.25430211061,720,741.213203435596,0,4647.25430211061
55,402788,4676.48946643979,720,741.213203435596,0,4676.48946643979
55,402789,4705.73320201044,720,741.213203435596,0,4705.73320201044
55,402790,4734.98535000751,720,741.213203435596,0,4734.98535000751
55,402791,4764.24575547944,720,741.213203435596,0,4764.24575547944
55,402792,4793.51426720617,720,741.213203435596,0,4793.51426720617
55,402793,4822.79073760384,720,741.213203435596,0,4822.79073760384
55,402794,4852.07502260842,720,741.213203435596,0,4852.07502260842
55,402795,4881.36698157543,720,741.213203435596,0,4881.36698157543
55,403370,1393.97018380496,720,741.213203435596,0,1393.97018380496
55,403371,1414.54141658956,720,741.213203435596,0,1414.54141658956
55,403372,1435.44140698529,720,741.213203435596,0,1435.44140698529
55,403373,1456.6560040898,720,741.213203435596,0,1456.6560040898
55,403374,1478.1716623381,720,741.213203435596,0,1478.1716623381
55,403375,1499.97542651428,720,741.213203435596,0,1499.97542651428
55,403376,1522.0549151309,720,741.213203435596,0,1522.0549151309
55,403377,1544.39830255118,720,741.213203435596,0,1544.39830255118
55,403378,1566.99430020791,720,741.213203435596,0,1566.99430020791
55,403379,1589.83213722773,720,741.213203435596,0,1589.83213722773
55,403380,1612.90154068611,720,741.213203435596,0,1612.90154068611
55,403381,1636.19271574258,720,741.213203435596,0,1636.19271574258
55,403382,1659.69632579306,720,741.213203435596,0,1659.69632579306
55,403383,1683.40347283858,720,741.213203435596,0,1683.40347283858
55,403384,1707.30567813001,720,741.213203435596,0,1707.30567813001
55,403385,1731.39486324956,720,741.213203435596,0,1731.39486324956
55,403390,1854.38848612717,720,741.213203435596,0,1854.38848612717
55,403391,1879.45006785027,720,741.213203435596,0,1879.45006785027
55,403392,1904.65181208709,720,741.213203435596,0,1904.65181208709
55,403393,1929.98822812959,720,741.213203435596,0,1929.98822812959
55,403394,1955.45408123482,720,741.213203435596,0,1955.45408123482
55,403395,1981.04437976589,720,741.213203435596,0,1981.04437976589
55,403396,2006.75436290743,720,741.213203435596,0,2006.75436290743
55,403490,4653.72765045257,720,741.213203435596,0,4653.72765045257
55,403491,4682.92255871277,720,741.213203435596,0,4682.92255871277
55,403492,4712.12652677988,720,741.213203435596,0,4712.12652677988
55,403493,4741.33938723956,720,741.213203435596,0,4741.33938723956
55,403494,4770.56097673535,720,741.213203435596,0,4770.56097673535
55,403495,4799.79113583285,720,741.213203435596,0,4799.79113583285
55,404075,1456.8406206991,720,741.213203435596,0,1456.8406206991
55,404076,1477.74815352621,720,741.213203435596,0,1477.74815352621
55,404077,1498.96120487783,720,741.213203435596,0,1498.96120487783
55,404078,1520.46698732589,720,741.213203435596,0,1520.46698732589
55,404079,1542.25325504847,720,741.213203435596,0,1542.25325504847
55,404080,1564.30828905587,720,741.213203435596,0,1564.30828905587
55,404081,1586.62088132094,720,741.213203435596,0,1586.62088132094
55,404082,1609.18031811848,720,741.213203435596,0,1609.18031811848
55,404083,1631.97636279543,720,741.213203435596,0,1631.97636279543
55,404084,1654.99923823626,720,741.213203435596,0,1654.99923823626
55,404085,1678.23960915127,720,741.213203435596,0,1678.23960915127
55,404086,1701.68856440243,720,741.213203435596,0,1701.68856440243
55,404087,1725.33759943721,720,741.213203435596,0,1725.33759943721
55,404091,1821.77771763913,720,741.213203435596,0,1821.77771763913
55,404092,1846.31262273822,720,741.213203435596,0,1846.31262273822
55,404093,1871.00417599679,720,741.213203435596,0,1871.00417599679
55,404094,1895.84625684887,720,741.213203435596,0,1895.84625684887
55,404095,1920.83302499864,720,741.213203435596,0,1920.83302499864
55,404096,1945.95890695332,720,741.213203435596,0,1945.95890695332
55,404097,1971.21858312708,720,741.213203435596,0,1971.21858312708
55,404098,1996.60697551734,720,741.213203435596,0,1996.60697551734
55,404099,2022.11923589767,720,741.213203435596,0,2022.11923589767
55,404100,2047.75073458397,720,741.213203435596,0,2047.75073458397
55,404780,1520.05503770009,720,741.213203435596,0,1520.05503770009
55,404781,1541.26663250227,720,741.213203435596,0,1541.26663250227
55,404782,1562.76307681514,720,741.213203435596,0,1562.76307681514
55,404783,1584.53277751209,720,741.213203435596,0,1584.53277751209
55,404784,1606.56462637547,720,741.213203435596,0,1606.56462637547
55,404785,1628.84798596701,720,741.213203435596,0,1628.84798596701
55,404794,1839.17439033536,720,741.213203435596,0,1839.17439033536
55,404795,1863.48039167861,720,741.213203435596,0,1863.48039167861
55,404796,1887.94755997366,720,741.213203435596,0,1887.94755997366
55,404797,1912.56970988568,720,741.213203435596,0,1912.56970988568
55,404798,1937.34093232477,720,741.213203435596,0,1937.34093232477
55,404799,1962.2555816909,720,741.213203435596,0,1962.2555816909
55,404800,1987.30826360849,720,741.213203435596,0,1987.30826360849
55,404801,2012.49382316024,720,741.213203435596,0,2012.49382316024
55,404802,2037.80733358628,720,741.213203435596,0,2037.80733358628
55,404808,2192.12558883287,720,741.213203435596,0,2192.12558883287
55,404809,2218.21381883896,720,741.213203435596,0,2218.21381883896
55,404810,2244.39759887863,720,741.213203435596,0,2244.39759887863
55,404811,2270.67362350814,720,741.213203435596,0,2270.67362350814
55,405485,1583.57227789731,720,741.213203435596,0,1583.57227789731
55,405486,1605.05987935974,720,741.213203435596,0,1605.05987935974
55,405487,1626.81387070345,720,741.213203435596,0,1626.81387070345
55,405488,1648.82370800365,720,741.213203435596,0,1648.82370800365
55,405489,1671.07928202411,720,741.213203435596,0,1671.07928202411
55,405491,1716.28929671009,720,741.213203435596,0,1716.28929671009
55,405492,1739.22557089493,720,741.213203435596,0,1739.22557089493
55,405493,1762.37122067613,720,741.213203435596,0,1762.37122067613
55,405494,1785.71810458589,720,741.213203435596,0,1785.71810458589
55,405503,2003.71528921717,720,741.213203435596,0,2003.71528921717
55,405504,2028.69730500365,720,741.213203435596,0,2028.69730500365
55,405505,2053.81124910326,720,741.213203435596,0,2053.81124910326
55,405511,2207.01155948705,720,741.213203435596,0,2207.01155948705
55,405512,2232.92601556416,720,741.213203435596,0,2232.92601556416
55,405513,2258.93940927435,720,741.213203435596,0,2258.93940927435
55,405514,2285.04836164606,720,741.213203435596,0,2285.04836164606
55,405515,2311.24963425797,720,741.213203435596,0,2311.24963425797
55,405516,2337.54012268285,720,741.213203435596,0,2337.54012268285
55,406191,1669.09642390073,720,741.213203435596,0,1669.09642390073
55,406193,1713.31446797589,720,741.213203435596,0,1713.31446797589
55,406194,1735.77458859428,720,741.213203435596,0,1735.77458859428
55,406195,1758.45684759109,720,741.213203435596,0,1758.45684759109
55,406196,1781.35275940837,720,741.213203435596,0,1781.35275940837
55,406197,1804.45419123049,720,741.213203435596,0,1804.45419123049
55,406198,1827.7533502186,720,741.213203435596,0,1827.7533502186
55,406204,1971.30383879038,720,741.213203435596,0,1971.30383879038
55,406205,1995.79481636441,720,741.213203435596,0,1995.79481636441
55,406206,2020.43192891426,720,741.213203435596,0,2020.43192891426
55,406207,2045.2098953149,720,741.213203435596,0,2045.2098953149
55,406208,2070.12365779433,720,741.213203435596,0,2070.12365779433
55,406209,2095.16837208491,720,741.213203435596,0,2095.16837208491
55,406210,2120.33939791595,720,741.213203435596,0,2120.33939791595
55,406211,2145.63228990383,720,741.213203435596,0,2145.63228990383
55,406213,2196.56681303852,720,741.213203435596,0,2196.56681303852
55,406214,2222.20045083442,720,741.213203435596,0,2222.20045083442
55,406215,2247.93995234802,720,741.213203435596,0,2247.93995234802
55,406216,2273.78172241145,720,741.213203435596,0,2273.78172241145
55,406217,2299.72231347693,720,741.213203435596,0,2299.72231347693
55,406218,2325.75841891771,720,741.213203435596,0,2325.75841891771
55,406219,2351.88686661262,720,741.213203435596,0,2351.88686661262
55,406900,1823.48844278174,720,741.213203435596,0,1823.48844278174
55,406904,1916.86257698614,720,741.213203435596,0,1916.86257698614
55,406905,1940.65721807519,720,741.213203435596,0,1940.65721807519
55,406906,1964.6192640993,720,741.213203435596,0,1964.6192640993
55,406907,1988.74266396163,720,741.213203435596,0,1988.74266396163
55,406908,2013.02161683521,720,741.213203435596,0,2013.02161683521
55,406909,2037.45056185542,720,741.213203435596,0,2037.45056185542
55,406910,2062.02416812934,720,741.213203435596,0,2062.02416812934
55,406911,2086.73732502893,720,741.213203435596,0,2086.73732502893
55,406912,2111.58513282495,720,741.213203435596,0,2111.58513282495
55,406913,2136.56289362831,720,741.213203435596,0,2136.56289362831
55,406914,2161.66610267823,720,741.213203435596,0,2161.66610267823
55,406915,2186.8904399312,720,741.213203435596,0,2186.8904399312
55,406916,2212.23176200483,720,741.213203435596,0,2212.23176200483
55,406917,2237.68609441646,720,741.213203435596,0,2237.68609441646
55,406918,2263.24962415092,720,741.213203435596,0,2263.24962415092
55,406919,2288.91869253779,720,741.213203435596,0,2288.91869253779
55,406920,2314.68978842154,720,741.213203435596,0,2314.68978842154
55,406921,2340.55954163686,720,741.213203435596,0,2340.55954163686
55,406922,2366.52471675421,720,741.213203435596,0,2366.52471675421
55,407616,2153.07970776653,720,741.213203435596,0,2153.07970776653
55,407617,2177.99268799189,720,741.213203435596,0,2177.99268799189
55,407618,2203.0302302232,720,741.213203435596,0,2203.0302302232
55,407619,2228.18813545709,720,741.213203435596,0,2228.18813545709
55,407620,2253.46237245964,720,741.213203435596,0,2253.46237245964
55,407621,2278.84907059702,720,741.213203435596,0,2278.84907059702
55,407622,2304.3445129603,720,741.213203435596,0,2304.3445129603
55,407623,2329.9451297449,720,741.213203435596,0,2329.9451297449
55,407624,2355.64749192403,720,741.213203435596,0,2355.64749192403
55,408321,2219.45578639809,720,741.213203435596,0,2219.45578639809
55,408322,2244.42971791063,720,741.213203435596,0,2244.42971791063
55,408323,2269.5232240529,720,741.213203435596,0,2269.5232240529
55,408324,2294.73238208332,720,741.213203435596,0,2294.73238208332
55,408325,2320.05342206758,720,741.213203435596,0,2320.05342206758
