"OID","cell_id","NEAR_DIST","uc","radius","assigned_community","fringe_dist"
62,2859,22289.6220427267,10,31.2132034355964,0,22289.6220427267
62,3561,22287.7753115175,10,31.2132034355964,0,22287.7753115175
62,3562,22267.5851209935,10,31.2132034355964,0,22267.5851209935
62,3563,22247.4167183722,10,31.2132034355964,0,22247.4167183722
62,4264,22265.7768536671,10,31.2132034355964,0,22265.7768536671
62,4265,22245.566588064,10,31.2132034355964,0,22245.566588064
62,4266,22225.3780956937,10,31.2132034355964,0,22225.3780956937
62,4267,22205.2114359408,10,31.2132034355964,0,22205.2114359408
62,4967,22243.7968622293,10,31.2132034355964,0,22243.7968622293
62,4968,22223.566498596,10,31.2132034355964,0,22223.566498596
62,4969,22203.3578934001,10,31.2132034355964,0,22203.3578934001
62,4970,22183.1711061036,10,31.2132034355964,0,22183.1711061036
62,5666,22303.053579957,10,31.2132034355964,0,22303.053579957
62,5671,22201.5849074167,10,31.2132034355964,0,22201.5849074167
62,5672,22181.3561663498,10,31.2132034355964,0,22181.3561663498
62,5673,22161.1492283389,10,31.2132034355964,0,22161.1492283389
62,5674,22140.9641530837,10,31.2132034355964,0,22140.9641530837
62,6368,22301.5694910767,10,31.2132034355964,0,22301.5694910767
62,6369,22281.1911092549,10,31.2132034355964,0,22281.1911092549
62,6370,22260.8341601014,10,31.2132034355964,0,22260.8341601014
62,6375,22159.3729695761,10,31.2132034355964,0,22159.3729695761
62,6376,22139.1458577113,10,31.2132034355964,0,22139.1458577113
62,6377,22118.9405937104,10,31.2132034355964,0,22118.9405937104
62,7048,22754.6885594337,10,31.2132034355964,0,22754.6885594337
62,7071,22279.7458315288,10,31.2132034355964,0,22279.7458315288
62,7072,22259.3473600169,10,31.2132034355964,0,22259.3473600169
62,7073,22238.9703056254,10,31.2132034355964,0,22238.9703056254
62,7077,22157.6774400944,10,31.2132034355964,0,22157.6774400944
62,7078,22137.4083582795,10,31.2132034355964,0,22137.4083582795
62,7079,22117.1610494544,10,31.2132034355964,0,22117.1610494544
62,7080,22096.9355734725,10,31.2132034355964,0,22096.9355734725
62,7750,22754.2567058712,10,31.2132034355964,0,22754.2567058712
62,7751,22733.3417883024,10,31.2132034355964,0,22733.3417883024
62,7752,22712.446902172,10,31.2132034355964,0,22712.446902172
62,7764,22463.2910145669,10,31.2132034355964,0,22463.2910145669
62,7773,22278.3808967952,10,31.2132034355964,0,22278.3808967952
62,7774,22257.9409708057,10,31.2132034355964,0,22257.9409708057
62,7775,22237.5223874156,10,31.2132034355964,0,22237.5223874156
62,7776,22217.1252054717,10,31.2132034355964,0,22217.1252054717
62,7779,22156.0626590837,10,31.2132034355964,0,22156.0626590837
62,7780,22135.7516744646,10,31.2132034355964,0,22135.7516744646
62,8454,22712.0143466089,10,31.2132034355964,0,22712.0143466089
62,8455,22691.0997083374,10,31.2132034355964,0,22691.0997083374
62,8466,22462.3755687742,10,31.2132034355964,0,22462.3755687742
62,8467,22441.7054637519,10,31.2132034355964,0,22441.7054637519
62,8468,22421.05610479,10,31.2132034355964,0,22421.05610479
62,8476,22256.6150083576,10,31.2132034355964,0,22256.6150083576
62,8477,22236.1549642098,10,31.2132034355964,0,22236.1549642098
62,8478,22215.71624679,10,31.2132034355964,0,22215.71624679
62,8479,22195.298915016,10,31.2132034355964,0,22195.298915016
62,8481,22154.5286448486,10,31.2132034355964,0,22154.5286448486
62,8482,22134.1758250679,10,31.2132034355964,0,22134.1758250679
62,8483,22113.8446281537,10,31.2132034355964,0,22113.8446281537
62,9157,22690.7062888561,10,31.2132034355964,0,22690.7062888561
62,9158,22669.7718791618,10,31.2132034355964,0,22669.7718791618
62,9159,22648.8575215588,10,31.2132034355964,0,22648.8575215588
62,9170,22420.1390367772,10,31.2132034355964,0,22420.1390367772
62,9171,22399.4696847715,10,31.2132034355964,0,22399.4696847715
62,9179,22234.8680515059,10,31.2132034355964,0,22234.8680515059
62,9180,22214.3878672123,10,31.2132034355964,0,22214.3878672123
62,9181,22193.9289936473,10,31.2132034355964,0,22193.9289936473
62,9182,22173.4914898023,10,31.2132034355964,0,22173.4914898023
62,9861,22648.4634693528,10,31.2132034355964,0,22648.4634693528
62,9865,22564.8475709574,10,31.2132034355964,0,22564.8475709574
62,9869,22481.5558054621,10,31.2132034355964,0,22481.5558054621
62,9873,22398.5917888846,10,31.2132034355964,0,22398.5917888846
62,9874,22377.9024230134,10,31.2132034355964,0,22377.9024230134
62,9883,22192.6397354554,10,31.2132034355964,0,22192.6397354554
62,9884,22172.1606836686,10,31.2132034355964,0,22172.1606836686
62,9885,22151.7029855483,10,31.2132034355964,0,22151.7029855483
62,10567,22564.372827727,10,31.2132034355964,0,22564.372827727
62,10568,22543.4792201202,10,31.2132034355964,0,22543.4792201202
62,10569,22522.6058532112,10,31.2132034355964,0,22522.6058532112
62,10572,22460.1077607395,10,31.2132034355964,0,22460.1077607395
62,11271,22522.1303207616,10,31.2132034355964,0,22522.1303207616
62,15481,22563.2735349417,10,31.2132034355964,0,22563.2735349417
62,15482,22542.1009876744,10,31.2132034355964,0,22542.1009876744
62,16183,22563.4342220876,10,31.2132034355964,0,22563.4342220876
62,16184,22542.2221210726,10,31.2132034355964,0,22542.2221210726
62,16185,22521.0296684206,10,31.2132034355964,0,22521.0296684206
62,16886,22542.4227622693,10,31.2132034355964,0,22542.4227622693
62,16887,22521.1907564569,10,31.2132034355964,0,22521.1907564569
62,16888,22499.9783800565,10,31.2132034355964,0,22499.9783800565
62,17589,22521.4314261103,10,31.2132034355964,0,22521.4314261103
62,17590,22500.1794973156,10,31.2132034355964,0,22500.1794973156
62,18291,22521.7516754671,10,31.2132034355964,0,22521.7516754671
62,18292,22500.4602699345,10,31.2132034355964,0,22500.4602699345
62,18293,22479.1884000275,10,31.2132034355964,0,22479.1884000275
62,18995,22479.5093502172,10,31.2132034355964,0,22479.5093502172
62,18996,22458.2175211246,10,31.2132034355964,0,22458.2175211246
62,19698,22458.5787235949,10,31.2132034355964,0,22458.5787235949
62,19699,22437.2669173002,10,31.2132034355964,0,22437.2669173002
62,19725,21890.1888061435,10,31.2132034355964,0,21890.1888061435
62,19726,21869.4249638455,10,31.2132034355964,0,21869.4249638455
62,19727,21848.6822368679,10,31.2132034355964,0,21848.6822368679
62,20401,22437.6684468554,10,31.2132034355964,0,22437.6684468554
62,20402,22416.3366454005,10,31.2132034355964,0,22416.3366454005
62,20428,21868.731946163,10,31.2132034355964,0,21868.731946163
62,20429,21847.947599457,10,31.2132034355964,0,21847.947599457
62,20430,21827.1843500579,10,31.2132034355964,0,21827.1843500579
62,21105,22395.4267624318,10,31.2132034355964,0,22395.4267624318
62,21106,22374.0944610334,10,31.2132034355964,0,22374.0944610334
62,21132,21826.4900925022,10,31.2132034355964,0,21826.4900925022
62,21808,22374.5373255573,10,31.2132034355964,0,22374.5373255573
62,21809,22353.1849734408,10,31.2132034355964,0,22353.1849734408
62,22511,22353.668392097,10,31.2132034355964,0,22353.668392097
62,22512,22332.2959713559,10,31.2132034355964,0,22332.2959713559
62,23215,22311.4275123178,10,31.2132034355964,0,22311.4275123178
62,26729,22228.8885928942,10,31.2132034355964,0,22228.8885928942
62,27431,22229.6975291767,10,31.2132034355964,0,22229.6975291767
62,27432,22208.1648015921,10,31.2132034355964,0,22208.1648015921
62,27433,22186.6514042493,10,31.2132034355964,0,22186.6514042493
62,28134,22209.0148942515,10,31.2132034355964,0,22209.0148942515
62,28135,22187.4619779705,10,31.2132034355964,0,22187.4619779705
62,28136,22165.9283709774,10,31.2132034355964,0,22165.9283709774
62,28838,22166.7801807756,10,31.2132034355964,0,22166.7801807756
62,57711,20241.5025469978,10,31.2132034355964,0,20241.5025469978
62,58413,20242.1300659496,10,31.2132034355964,0,20242.1300659496
62,58414,20220.6826873684,10,31.2132034355964,0,20220.6826873684
62,59116,20221.35521332,10,31.2132034355964,0,20221.35521332
62,59117,20199.8856609843,10,31.2132034355964,0,20199.8856609843
62,59118,20178.4375080991,10,31.2132034355964,0,20178.4375080991
62,59819,20200.6032857955,10,31.2132034355964,0,20200.6032857955
62,59820,20179.1115384405,10,31.2132034355964,0,20179.1115384405
62,59821,20157.6411655493,10,31.2132034355964,0,20157.6411655493
62,60523,20158.3603905494,10,31.2132034355964,0,20158.3603905494
62,60524,20136.8677763029,10,31.2132034355964,0,20136.8677763029
62,60525,20115.3965797944,10,31.2132034355964,0,20115.3965797944
62,61226,20137.6322883337,10,31.2132034355964,0,20137.6322883337
62,61227,20116.1174114683,10,31.2132034355964,0,20116.1174114683
62,61228,20094.623927074,10,31.2132034355964,0,20094.623927074
62,61930,20095.3901423717,10,31.2132034355964,0,20095.3901423717
62,61931,20073.8743487436,10,31.2132034355964,0,20073.8743487436
62,61932,20052.3799909294,10,31.2132034355964,0,20052.3799909294
62,62634,20053.1479164297,10,31.2132034355964,0,20053.1479164297
62,62635,20031.6312025711,10,31.2132034355964,0,20031.6312025711
62,62636,20010.1359680401,10,31.2132034355964,0,20010.1359680401
62,63338,20010.9056107277,10,31.2132034355964,0,20010.9056107277
62,63339,19989.3879731439,10,31.2132034355964,0,19989.3879731439
62,64003,20823.9899353131,10,31.2132034355964,0,20823.9899353131
62,64042,19968.6632254838,10,31.2132034355964,0,19968.6632254838
62,64043,19947.1446606604,10,31.2132034355964,0,19947.1446606604
62,64706,20804.1441533162,10,31.2132034355964,0,20804.1441533162
62,64711,20692.6896509812,10,31.2132034355964,0,20692.6896509812
62,64745,19947.9617975165,10,31.2132034355964,0,19947.9617975165
62,64746,19926.4207609172,10,31.2132034355964,0,19926.4207609172
62,64747,19904.9012653196,10,31.2132034355964,0,19904.9012653196
62,65414,20672.7604966659,10,31.2132034355964,0,20672.7604966659
62,65415,20650.5054785743,10,31.2132034355964,0,20650.5054785743
62,65449,19905.72023212,10,31.2132034355964,0,19905.72023212
62,65450,19884.1782172536,10,31.2132034355964,0,19884.1782172536
62,65451,19862.6577873202,10,31.2132034355964,0,19862.6577873202
62,66117,20652.8554321972,10,31.2132034355964,0,20652.8554321972
62,66118,20630.5788214786,10,31.2132034355964,0,20630.5788214786
62,66119,20608.321452963,10,31.2132034355964,0,20608.321452963
62,66153,19863.4785916108,10,31.2132034355964,0,19863.4785916108
62,66154,19841.9355947145,10,31.2132034355964,0,19841.9355947145
62,66155,19820.4142268677,10,31.2132034355964,0,19820.4142268677
62,66821,20610.6763083579,10,31.2132034355964,0,20610.6763083579
62,66822,20588.3973036964,10,31.2132034355964,0,20588.3973036964
62,66857,19821.2368762381,10,31.2132034355964,0,19821.2368762381
62,66858,19799.6928935304,10,31.2132034355964,0,19799.6928935304
62,66859,19778.1705841625,10,31.2132034355964,0,19778.1705841625
62,67525,20568.4973527748,10,31.2132034355964,0,20568.4973527748
62,67526,20546.2159449915,10,31.2132034355964,0,20546.2159449915
62,67560,19800.5617055068,10,31.2132034355964,0,19800.5617055068
62,67561,19778.9950862562,10,31.2132034355964,0,19778.9950862562
62,67562,19757.4501139259,10,31.2132034355964,0,19757.4501139259
62,67563,19735.926859413,10,31.2132034355964,0,19735.926859413
62,68229,20526.3185671893,10,31.2132034355964,0,20526.3185671893
62,68264,19758.3208789793,10,31.2132034355964,0,19758.3208789793
62,68265,19736.7532219167,10,31.2132034355964,0,19736.7532219167
62,68266,19715.207256135,10,31.2132034355964,0,19715.207256135
62,68932,20506.4455129434,10,31.2132034355964,0,20506.4455129434
62,68933,20484.1399533618,10,31.2132034355964,0,20484.1399533618
62,68968,19716.0799823895,10,31.2132034355964,0,19716.0799823895
62,68969,19694.5112834808,10,31.2132034355964,0,19694.5112834808
62,68970,19672.9643203875,10,31.2132034355964,0,19672.9643203875
62,69635,20486.5968530394,10,31.2132034355964,0,20486.5968530394
62,69636,20464.2695383784,10,31.2132034355964,0,20464.2695383784
62,69637,20441.9615130607,10,31.2132034355964,0,20441.9615130607
62,69672,19673.8390160258,10,31.2132034355964,0,19673.8390160258
62,69673,19652.2692712042,10,31.2132034355964,0,19652.2692712042
62,70339,20444.4235731899,10,31.2132034355964,0,20444.4235731899
62,70375,19653.1905285747,10,31.2132034355964,0,19653.1905285747
62,70376,19631.5979801744,10,31.2132034355964,0,19631.5979801744
62,70377,19610.0271853505,10,31.2132034355964,0,19610.0271853505
62,71078,19632.5658961565,10,31.2132034355964,0,19632.5658961565
62,71079,19610.9505224247,10,31.2132034355964,0,19610.9505224247
62,71080,19589.356875124,10,31.2132034355964,0,19589.356875124
62,71782,19590.3269733151,10,31.2132034355964,0,19590.3269733151
62,71783,19568.7104516972,10,31.2132034355964,0,19568.7104516972
62,72485,19569.7274084331,10,31.2132034355964,0,19569.7274084331
62,72486,19548.0879907563,10,31.2132034355964,0,19548.0879907563
62,72487,19526.4703167138,10,31.2132034355964,0,19526.4703167138
62,73189,19527.4895682192,10,31.2132034355964,0,19527.4895682192
62,73190,19505.8489488332,10,31.2132034355964,0,19505.8489488332
62,73191,19484.2301177968,10,31.2132034355964,0,19484.2301177968
62,73892,19506.9152602369,10,31.2132034355964,0,19506.9152602369
62,73893,19485.2516737798,10,31.2132034355964,0,19485.2516737798
62,73894,19463.6098479028,10,31.2132034355964,0,19463.6098479028
62,73895,19441.9898552797,10,31.2132034355964,0,19441.9898552797
62,74559,20280.9624954134,10,31.2132034355964,0,20280.9624954134
62,74560,20258.5399142294,10,31.2132034355964,0,20258.5399142294
62,74596,19464.6785680351,10,31.2132034355964,0,19464.6785680351
62,74597,19443.0137255024,10,31.2132034355964,0,19443.0137255024
62,74598,19421.3706883276,10,31.2132034355964,0,19421.3706883276
62,74599,19399.7495294885,10,31.2132034355964,0,19399.7495294885
62,75263,20238.8012971703,10,31.2132034355964,0,20238.8012971703
62,75300,19422.4418274168,10,31.2132034355964,0,19422.4418274168
62,75301,19400.7757237874,10,31.2132034355964,0,19400.7757237874
62,75302,19379.1314704696,10,31.2132034355964,0,19379.1314704696
62,75303,19357.5091407604,10,31.2132034355964,0,19357.5091407604
62,76004,19380.2050388176,10,31.2132034355964,0,19380.2050388176
62,76005,19358.5376690296,10,31.2132034355964,0,19358.5376690296
62,76006,19336.8921946973,10,31.2132034355964,0,19336.8921946973
62,76708,19337.9682026673,10,31.2132034355964,0,19337.9682026673
62,76709,19316.2995616328,10,31.2132034355964,0,19316.2995616328
62,77412,19295.7313194073,10,31.2132034355964,0,19295.7313194073
62,78078,20092.6147113373,10,31.2132034355964,0,20092.6147113373
62,78781,20072.9354286914,10,31.2132034355964,0,20072.9354286914
62,78782,20050.4576028585,10,31.2132034355964,0,20050.4576028585
62,79484,20053.2814496976,10,31.2132034355964,0,20053.2814496976
62,80185,20078.754856048,10,31.2132034355964,0,20078.754856048
62,80888,20059.1960279042,10,31.2132034355964,0,20059.1960279042
62,80889,20036.613298084,10,31.2132034355964,0,20036.613298084
62,81591,20039.66275646,10,31.2132034355964,0,20039.66275646
62,81592,20017.0578677022,10,31.2132034355964,0,20017.0578677022
62,81593,19994.4720803248,10,31.2132034355964,0,19994.4720803248
62,82294,20020.1551165205,10,31.2132034355964,0,20020.1551165205
62,82295,19997.5280545144,10,31.2132034355964,0,19997.5280545144
62,82296,19974.9200626171,10,31.2132034355964,0,19974.9200626171
62,82998,19978.0239336485,10,31.2132034355964,0,19978.0239336485
62,92148,19475.7578215152,10,31.2132034355964,0,19475.7578215152
62,92850,19479.1263511056,10,31.2132034355964,0,19479.1263511056
62,92851,19456.373071381,10,31.2132034355964,0,19456.373071381
62,93553,19459.7910559603,10,31.2132034355964,0,19459.7910559603
62,93554,19437.0150191197,10,31.2132034355964,0,19437.0150191197
62,94262,19303.9797026523,10,31.2132034355964,0,19303.9797026523
62,94964,19307.2857194918,10,31.2132034355964,0,19307.2857194918
62,94965,19284.5608493837,10,31.2132034355964,0,19284.5608493837
62,94966,19261.8555295735,10,31.2132034355964,0,19261.8555295735
62,95668,19265.1688634474,10,31.2132034355964,0,19265.1688634474
62,95669,19242.4405392084,10,31.2132034355964,0,19242.4405392084
62,95670,19219.7318001958,10,31.2132034355964,0,19219.7318001958
62,96372,19223.0524828436,10,31.2132034355964,0,19223.0524828436
62,97120,18200.1446327177,10,31.2132034355964,0,18200.1446327177
62,97823,18179.7378920979,10,31.2132034355964,0,18179.7378920979
62,97824,18157.9128625981,10,31.2132034355964,0,18157.9128625981
62,98526,18159.3574883551,10,31.2132034355964,0,18159.3574883551
62,98527,18137.5078170257,10,31.2132034355964,0,18137.5078170257
62,98528,18115.6810877682,10,31.2132034355964,0,18115.6810877682
62,99230,18117.1291735359,10,31.2132034355964,0,18117.1291735359
62,99231,18095.2777454156,10,31.2132034355964,0,18095.2777454156
62,99933,18096.7770213213,10,31.2132034355964,0,18096.7770213213
62,99934,18074.9008706741,10,31.2132034355964,0,18074.9008706741
62,99935,18053.047678097,10,31.2132034355964,0,18053.047678097
62,100637,18054.5505531602,10,31.2132034355964,0,18054.5505531602
62,100638,18032.6725806607,10,31.2132034355964,0,18032.6725806607
62,100639,18010.8176159021,10,31.2132034355964,0,18010.8176159021
62,101340,18034.2268827775,10,31.2132034355964,0,18034.2268827775
62,101341,18012.3241067321,10,31.2132034355964,0,18012.3241067321
62,101342,17990.4443043893,10,31.2132034355964,0,17990.4443043893
62,102044,17992.0023466427,10,31.2132034355964,0,17992.0023466427
62,102045,17970.0976829952,10,31.2132034355964,0,17970.0976829952
62,102046,17948.2160427628,10,31.2132034355964,0,17948.2160427628
62,102748,17949.7778424815,10,31.2132034355964,0,17949.7778424815
62,102749,17927.8712829159,10,31.2132034355964,0,17927.8712829159
62,102750,17905.9877966952,10,31.2132034355964,0,17905.9877966952
62,103451,17929.4848739007,10,31.2132034355964,0,17929.4848739007
62,103452,17907.5533713258,10,31.2132034355964,0,17907.5533713258
62,103453,17885.6449074717,10,31.2132034355964,0,17885.6449074717
62,104155,17887.2623994834,10,31.2132034355964,0,17887.2623994834
62,104156,17865.3289342232,10,31.2132034355964,0,17865.3289342232
62,104157,17843.4185576521,10,31.2132034355964,0,17843.4185576521
62,104859,17845.0399688753,10,31.2132034355964,0,17845.0399688753
62,104860,17823.1045322275,10,31.2132034355964,0,17823.1045322275
62,105562,17824.7781036557,10,31.2132034355964,0,17824.7781036557
62,105563,17802.8175832051,10,31.2132034355964,0,17802.8175832051
62,105564,17780.8801664029,10,31.2132034355964,0,17780.8801664029
62,106266,17782.5578032543,10,31.2132034355964,0,17782.5578032543
62,106267,17760.5952436064,10,31.2132034355964,0,17760.5952436064
62,106268,17738.6558378234,10,31.2132034355964,0,17738.6558378234
62,106970,17740.3375591744,10,31.2132034355964,0,17740.3375591744
62,106971,17718.3729512234,10,31.2132034355964,0,17718.3729512234
62,107673,17720.1072065255,10,31.2132034355964,0,17720.1072065255
62,107674,17698.1173726366,10,31.2132034355964,0,17698.1173726366
62,107675,17676.1507072173,10,31.2132034355964,0,17676.1507072173
62,121010,17795.099362571,10,31.2132034355964,0,17795.099362571
62,121011,17772.1949605028,10,31.2132034355964,0,17772.1949605028
62,121713,17775.9404214354,10,31.2132034355964,0,17775.9404214354
62,121714,17753.0111773761,10,31.2132034355964,0,17753.0111773761
62,121715,17730.1026567127,10,31.2132034355964,0,17730.1026567127
62,122417,17733.8570932769,10,31.2132034355964,0,17733.8570932769
62,122418,17710.9236736878,10,31.2132034355964,0,17710.9236736878
62,122419,17688.0110162554,10,31.2132034355964,0,17688.0110162554
62,123121,17691.7744707432,10,31.2132034355964,0,17691.7744707432
62,123122,17668.8368571948,10,31.2132034355964,0,17668.8368571948
62,123123,17645.9200447009,10,31.2132034355964,0,17645.9200447009
62,123124,17623.0241144088,10,31.2132034355964,0,17623.0241144088
62,123824,17672.6551446829,10,31.2132034355964,0,17672.6551446829
62,123825,17649.6925597015,10,31.2132034355964,0,17649.6925597015
62,123826,17626.7507336426,10,31.2132034355964,0,17626.7507336426
62,123827,17603.8297476671,10,31.2132034355964,0,17603.8297476671
62,124528,17630.5782210523,10,31.2132034355964,0,17630.5782210523
62,124529,17607.6113660783,10,31.2132034355964,0,17607.6113660783
62,124530,17584.6653088294,10,31.2132034355964,0,17584.6653088294
62,124531,17561.7401308313,10,31.2132034355964,0,17561.7401308313
62,125232,17588.5020397563,10,31.2132034355964,0,17588.5020397563
62,125233,17565.5308958498,10,31.2132034355964,0,17565.5308958498
62,125234,17542.5805886086,10,31.2132034355964,0,17542.5805886086
62,125235,17519.6511999169,10,31.2132034355964,0,17519.6511999169
62,125936,17546.4266069602,10,31.2132034355964,0,17546.4266069602
62,125937,17523.4511550579,10,31.2132034355964,0,17523.4511550579
62,125938,17500.4965788906,10,31.2132034355964,0,17500.4965788906
62,125939,17477.5629607144,10,31.2132034355964,0,17477.5629607144
62,126640,17504.3519288904,10,31.2132034355964,0,17504.3519288904
62,126641,17481.3721497949,10,31.2132034355964,0,17481.3721497949
62,126642,17458.4132856448,10,31.2132034355964,0,17458.4132856448
62,127344,17462.2780118282,10,31.2132034355964,0,17462.2780118282
62,127345,17439.2938862185,10,31.2132034355964,0,17439.2938862185
62,128047,17443.2142644639,10,31.2132034355964,0,17443.2142644639
62,128048,17420.2048621219,10,31.2132034355964,0,17420.2048621219
62,128049,17397.2163705386,10,31.2132034355964,0,17397.2163705386
62,128751,17401.1463133209,10,31.2132034355964,0,17401.1463133209
62,128752,17378.1324861763,10,31.2132034355964,0,17378.1324861763
62,128753,17355.1396090337,10,31.2132034355964,0,17355.1396090337
62,129455,17359.0791622638,10,31.2132034355964,0,17359.0791622638
62,131560,17394.6886407124,10,31.2132034355964,0,17394.6886407124
62,131561,17371.5115019362,10,31.2132034355964,0,17371.5115019362
62,131582,16889.6622033084,10,31.2132034355964,0,16889.6622033084
62,132263,17375.8599339833,10,31.2132034355964,0,17375.8599339833
62,132264,17352.6575214169,10,31.2132034355964,0,17352.6575214169
62,132265,17329.4755883216,10,31.2132034355964,0,17329.4755883216
62,132285,16870.2670852592,10,31.2132034355964,0,16870.2670852592
62,132286,16847.5348094386,10,31.2132034355964,0,16847.5348094386
62,132967,17333.8346490362,10,31.2132034355964,0,17333.8346490362
62,132968,17310.627383663,10,31.2132034355964,0,17310.627383663
62,132969,17287.4406348124,10,31.2132034355964,0,17287.4406348124
62,132988,16850.9027385841,10,31.2132034355964,0,16850.9027385841
62,132989,16828.1441816975,10,31.2132034355964,0,16828.1441816975
62,132990,16805.4079571258,10,31.2132034355964,0,16805.4079571258
62,133671,17291.8103753391,10,31.2132034355964,0,17291.8103753391
62,133672,17268.5982354591,10,31.2132034355964,0,17268.5982354591
62,133673,17245.4066492649,10,31.2132034355964,0,17245.4066492649
62,133692,16808.7844127958,10,31.2132034355964,0,16808.7844127958
62,133693,16786.0218431418,10,31.2132034355964,0,16786.0218431418
62,134375,17249.7871211246,10,31.2132034355964,0,17249.7871211246
62,134376,17226.570084885,10,31.2132034355964,0,17226.570084885
62,134396,16766.6666759545,10,31.2132034355964,0,16766.6666759545
62,134397,16743.9000747204,10,31.2132034355964,0,16743.9000747204
62,134398,16721.1558970034,10,31.2132034355964,0,16721.1558970034
62,135078,17231.0073942722,10,31.2132034355964,0,17231.0073942722
62,135079,17207.7648947015,10,31.2132034355964,0,17207.7648947015
62,135080,17184.5429401074,10,31.2132034355964,0,17184.5429401074
62,135100,16724.5495333748,10,31.2132034355964,0,16724.5495333748
62,135101,16701.7788816171,10,31.2132034355964,0,16701.7788816171
62,135102,16679.0306992384,10,31.2132034355964,0,16679.0306992384
62,135782,17188.9911816861,10,31.2132034355964,0,17188.9911816861
62,135783,17165.7437044634,10,31.2132034355964,0,17165.7437044634
62,135784,17142.516809365,10,31.2132034355964,0,17142.516809365
62,135804,16682.432990427,10,31.2132034355964,0,16682.432990427
62,135805,16659.6582690609,10,31.2132034355964,0,16659.6582690609
62,135806,16636.9060631175,10,31.2132034355964,0,16636.9060631175
62,136486,17146.976036176,10,31.2132034355964,0,17146.976036176
62,136487,17123.7235588831,10,31.2132034355964,0,17123.7235588831
62,136488,17100.4917009798,10,31.2132034355964,0,17100.4917009798
62,136508,16640.3170525326,10,31.2132034355964,0,16640.3170525326
62,136509,16617.53824234,10,31.2132034355964,0,16617.53824234
62,136510,16594.7819937897,10,31.2132034355964,0,16594.7819937897
62,137189,17128.2400390102,10,31.2132034355964,0,17128.2400390102
62,137190,17104.9619664483,10,31.2132034355964,0,17104.9619664483
62,137191,17081.7044665149,10,31.2132034355964,0,17081.7044665149
62,137192,17058.4676233598,10,31.2132034355964,0,17058.4676233598
62,137198,16919.4851175666,10,31.2132034355964,0,16919.4851175666
62,137212,16598.2017251708,10,31.2132034355964,0,16598.2017251708
62,137213,16575.4188067935,10,31.2132034355964,0,16575.4188067935
62,137893,17086.2321363482,10,31.2132034355964,0,17086.2321363482
62,137894,17062.9489812981,10,31.2132034355964,0,17062.9489812981
62,137895,17039.6864360043,10,31.2132034355964,0,17039.6864360043
62,137896,17016.4445849894,10,31.2132034355964,0,17016.4445849894
62,137900,16923.6858278212,10,31.2132034355964,0,16923.6858278212
62,137901,16900.5487296899,10,31.2132034355964,0,16900.5487296899
62,137902,16877.4328411742,10,31.2132034355964,0,16877.4328411742
62,137916,16556.0870138747,10,31.2132034355964,0,16556.0870138747
62,137917,16533.2999678121,10,31.2132034355964,0,16533.2999678121
62,138597,17044.2253501384,10,31.2132034355964,0,17044.2253501384
62,138598,17020.9370896081,10,31.2132034355964,0,17020.9370896081
62,138599,16997.6694760735,10,31.2132034355964,0,16997.6694760735
62,138604,16881.6440987444,10,31.2132034355964,0,16881.6440987444
62,138605,16858.5021639213,10,31.2132034355964,0,16858.5021639213
62,138606,16835.3814786801,10,31.2132034355964,0,16835.3814786801
62,138619,16536.7867251329,10,31.2132034355964,0,16536.7867251329
62,138620,16513.972924231,10,31.2132034355964,0,16513.972924231
62,138621,16491.1817308468,10,31.2132034355964,0,16491.1817308468
62,139301,17002.2196895114,10,31.2132034355964,0,17002.2196895114
62,139302,16978.9263003468,10,31.2132034355964,0,16978.9263003468
62,139303,16955.6535955382,10,31.2132034355964,0,16955.6535955382
62,139308,16839.6033357252,10,31.2132034355964,0,16839.6033357252
62,139309,16816.4565419265,10,31.2132034355964,0,16816.4565419265
62,139310,16793.3310378164,10,31.2132034355964,0,16793.3310378164
62,139311,16770.2269114659,10,31.2132034355964,0,16770.2269114659
62,139323,16494.6774763861,10,31.2132034355964,0,16494.6774763861
62,139324,16471.8594618901,10,31.2132034355964,0,16471.8594618901
62,139325,16449.0641014039,10,31.2132034355964,0,16449.0641014039
62,140005,16960.2151636813,10,31.2132034355964,0,16960.2151636813
62,140006,16936.9166225753,10,31.2132034355964,0,16936.9166225753
62,140007,16913.6388032985,10,31.2132034355964,0,16913.6388032985
62,140011,16820.7364639384,10,31.2132034355964,0,16820.7364639384
62,140012,16797.5635468778,10,31.2132034355964,0,16797.5635468778
62,140013,16774.4118716698,10,31.2132034355964,0,16774.4118716698
62,140014,16751.281526386,10,31.2132034355964,0,16751.281526386
62,140015,16728.1725995097,10,31.2132034355964,0,16728.1725995097
62,140027,16452.5688807535,10,31.2132034355964,0,16452.5688807535
62,140028,16429.7466325588,10,31.2132034355964,0,16429.7466325588
62,140029,16406.9470850424,10,31.2132034355964,0,16406.9470850424
62,140709,16918.2117819581,10,31.2132034355964,0,16918.2117819581
62,140710,16894.9080654383,10,31.2132034355964,0,16894.9080654383
62,140711,16871.6251083391,10,31.2132034355964,0,16871.6251083391
62,140715,16778.7026014324,10,31.2132034355964,0,16778.7026014324
62,140716,16755.5247404004,10,31.2132034355964,0,16755.5247404004
62,140717,16732.3681611862,10,31.2132034355964,0,16732.3681611862
62,140718,16709.2329522729,10,31.2132034355964,0,16709.2329522729
62,140719,16686.1192025497,10,31.2132034355964,0,16686.1192025497
62,140731,16410.4609441434,10,31.2132034355964,0,16410.4609441434
62,141413,16876.2095537408,10,31.2132034355964,0,16876.2095537408
62,141414,16852.9006381748,10,31.2132034355964,0,16852.9006381748
62,141415,16829.6125197415,10,31.2132034355964,0,16829.6125197415
62,141419,16736.6697524617,10,31.2132034355964,0,16736.6697524617
62,141420,16713.4869245694,10,31.2132034355964,0,16713.4869245694
62,141421,16690.3254185989,10,31.2132034355964,0,16690.3254185989
62,141422,16667.1853234382,10,31.2132034355964,0,16667.1853234382
62,142116,16857.5433754418,10,31.2132034355964,0,16857.5433754418
62,142117,16834.2084885225,10,31.2132034355964,0,16834.2084885225
62,142118,16810.894350118,10,31.2132034355964,0,16810.894350118
62,142119,16787.6010466744,10,31.2132034355964,0,16787.6010466744
62,142123,16694.637925547,10,31.2132034355964,0,16694.637925547
62,142124,16671.4501077503,10,31.2132034355964,0,16671.4501077503
62,142125,16648.2836521092,10,31.2132034355964,0,16648.2836521092
62,142126,16625.1386479253,10,31.2132034355964,0,16625.1386479253
62,142138,16349.104889396,10,31.2132034355964,0,16349.104889396
62,142139,16326.2470719303,10,31.2132034355964,0,16326.2470719303
62,142140,16303.4120005327,10,31.2132034355964,0,16303.4120005327
62,142141,16280.5997709124,10,31.2132034355964,0,16280.5997709124
62,142143,16235.0442220607,10,31.2132034355964,0,16235.0442220607
62,142144,16212.301096462,10,31.2132034355964,0,16212.301096462
62,142145,16189.5811999146,10,31.2132034355964,0,16189.5811999146
62,142820,16815.5487671644,10,31.2132034355964,0,16815.5487671644
62,142821,16792.2085958939,10,31.2132034355964,0,16792.2085958939
62,142822,16768.8892106923,10,31.2132034355964,0,16768.8892106923
62,142823,16745.5906983971,10,31.2132034355964,0,16745.5906983971
62,142827,16652.6071292983,10,31.2132034355964,0,16652.6071292983
62,142828,16629.4142983873,10,31.2132034355964,0,16629.4142983873
62,142829,16606.2428700016,10,31.2132034355964,0,16606.2428700016
62,142840,16352.7956849624,10,31.2132034355964,0,16352.7956849624
62,142841,16329.8882057193,10,31.2132034355964,0,16329.8882057193
62,142842,16307.003328452,10,31.2132034355964,0,16307.003328452
62,142843,16284.1411484551,10,31.2132034355964,0,16284.1411484551
62,142844,16261.3017614584,10,31.2132034355964,0,16261.3017614584
62,142845,16238.4852636389,10,31.2132034355964,0,16238.4852636389
62,142846,16215.6917516178,10,31.2132034355964,0,16215.6917516178
62,142847,16192.9213224582,10,31.2132034355964,0,16192.9213224582
62,142848,16170.1740736773,10,31.2132034355964,0,16170.1740736773
62,142849,16147.4501032401,10,31.2132034355964,0,16147.4501032401
62,143524,16773.5553654034,10,31.2132034355964,0,16773.5553654034
62,143525,16750.2098855418,10,31.2132034355964,0,16750.2098855418
62,143526,16726.8852294169,10,31.2132034355964,0,16726.8852294169
62,143527,16703.5814842627,10,31.2132034355964,0,16703.5814842627
62,143531,16610.5773724112,10,31.2132034355964,0,16610.5773724112
62,143532,16587.3795050136,10,31.2132034355964,0,16587.3795050136
62,143544,16310.7037349522,10,31.2132034355964,0,16310.7037349522
62,143545,16287.7917793006,10,31.2132034355964,0,16287.7917793006
62,143546,16264.9024718187,10,31.2132034355964,0,16264.9024718187
62,143547,16242.035908255,10,31.2132034355964,0,16242.035908255
62,143548,16219.19218481,10,31.2132034355964,0,16219.19218481
62,143550,16173.57364529,10,31.2132034355964,0,16173.57364529
62,143551,16150.7990238479,10,31.2132034355964,0,16150.7990238479
62,143552,16128.0476317934,10,31.2132034355964,0,16128.0476317934
62,143553,16105.3195675719,10,31.2132034355964,0,16105.3195675719
62,144228,16731.5631801068,10,31.2132034355964,0,16731.5631801068
62,144229,16708.2123672444,10,31.2132034355964,0,16708.2123672444
62,144230,16684.8824159031,10,31.2132034355964,0,16684.8824159031
62,144231,16661.5734137189,10,31.2132034355964,0,16661.5734137189
62,144235,16568.548663666,10,31.2132034355964,0,16568.548663666
62,144248,16268.6125385293,10,31.2132034355964,0,16268.6125385293
62,144249,16245.6960849321,10,31.2132034355964,0,16245.6960849321
62,144250,16222.8023258669,10,31.2132034355964,0,16222.8023258669
62,144253,16154.2581802814,10,31.2132034355964,0,16154.2581802814
62,144254,16131.4561660051,10,31.2132034355964,0,16131.4561660051
62,144255,16108.6773318438,10,31.2132034355964,0,16108.6773318438
62,144256,16085.9217762722,10,31.2132034355964,0,16085.9217762722
62,144257,16063.1895982209,10,31.2132034355964,0,16063.1895982209
62,144932,16689.5722213247,10,31.2132034355964,0,16689.5722213247
62,144933,16666.2160508823,10,31.2132034355964,0,16666.2160508823
62,144934,16642.8807798658,10,31.2132034355964,0,16642.8807798658
62,144935,16619.5664963078,10,31.2132034355964,0,16619.5664963078
62,144952,16226.5221024537,10,31.2132034355964,0,16226.5221024537
62,144953,16203.6011292089,10,31.2132034355964,0,16203.6011292089
62,144954,16180.7028970413,10,31.2132034355964,0,16180.7028970413
62,144955,16157.8275026332,10,31.2132034355964,0,16157.8275026332
62,144958,16089.3393195876,10,31.2132034355964,0,16089.3393195876
62,144959,16066.5562521167,10,31.2132034355964,0,16066.5562521167
62,144960,16043.7965126335,10,31.2132034355964,0,16043.7965126335
62,144961,16021.0602005622,10,31.2132034355964,0,16021.0602005622
62,145636,16647.5824992061,10,31.2132034355964,0,16647.5824992061
62,145637,16624.2209464365,10,31.2132034355964,0,16624.2209464365
62,145638,16600.8803311113,10,31.2132034355964,0,16600.8803311113
62,145639,16577.560741671,10,31.2132034355964,0,16577.560741671
62,145645,16438.089754068,10,31.2132034355964,0,16438.089754068
62,145656,16184.4324335493,10,31.2132034355964,0,16184.4324335493
62,145657,16161.5069188022,10,31.2132034355964,0,16161.5069188022
62,145658,16138.6041918501,10,31.2132034355964,0,16138.6041918501
62,145659,16115.7243498464,10,31.2132034355964,0,16115.7243498464
62,145662,16047.2231119227,10,31.2132034355964,0,16047.2231119227
62,145663,16024.4357903967,10,31.2132034355964,0,16024.4357903967
62,145664,16001.6718464589,10,31.2132034355964,0,16001.6718464589
62,145665,15978.9313800208,10,31.2132034355964,0,15978.9313800208
62,146340,16605.5940240074,10,31.2132034355964,0,16605.5940240074
62,146341,16582.2270639875,10,31.2132034355964,0,16582.2270639875
62,146342,16558.8810795522,10,31.2132034355964,0,16558.8810795522
62,146343,16535.5561595437,10,31.2132034355964,0,16535.5561595437
62,146347,16442.4689154737,10,31.2132034355964,0,16442.4689154737
62,146348,16419.2506650939,10,31.2132034355964,0,16419.2506650939
62,146349,16396.0540211304,10,31.2132034355964,0,16396.0540211304
62,146350,16372.8790754151,10,31.2132034355964,0,16372.8790754151
62,146360,16142.3435387172,10,31.2132034355964,0,16142.3435387172
62,146361,16119.4134604479,10,31.2132034355964,0,16119.4134604479
62,146362,16096.5062168696,10,31.2132034355964,0,16096.5062168696
62,146363,16073.6219056133,10,31.2132034355964,0,16073.6219056133
62,146366,16005.1075489559,10,31.2132034355964,0,16005.1075489559
62,146367,15982.315952478,10,31.2132034355964,0,15982.315952478
62,146368,15959.5477833841,10,31.2132034355964,0,15959.5477833841
62,146369,15936.8031420859,10,31.2132034355964,0,15936.8031420859
62,146370,15914.0821294609,10,31.2132034355964,0,15914.0821294609
62,147044,16563.6068060811,10,31.2132034355964,0,16563.6068060811
62,147045,16540.2344137186,10,31.2132034355964,0,16540.2344137186
62,147046,16516.8830351943,10,31.2132034355964,0,16516.8830351943
62,147047,16493.5527597606,10,31.2132034355964,0,16493.5527597606
62,147051,16400.4444889375,10,31.2132034355964,0,16400.4444889375
62,147052,16377.2210827106,10,31.2132034355964,0,16377.2210827106
62,147053,16354.0193240858,10,31.2132034355964,0,16354.0193240858
62,147054,16330.8393053326,10,31.2132034355964,0,16330.8393053326
62,147064,16100.2554249244,10,31.2132034355964,0,16100.2554249244
62,147065,16077.3207609509,10,31.2132034355964,0,16077.3207609509
62,147066,16054.4089787465,10,31.2132034355964,0,16054.4089787465
62,147067,16031.5201764183,10,31.2132034355964,0,16031.5201764183
62,147071,15940.1967442118,10,31.2132034355964,0,15940.1967442118
62,147072,15917.4243291089,10,31.2132034355964,0,15917.4243291089
62,147073,15894.6754922973,10,31.2132034355964,0,15894.6754922973
62,147074,15871.9503351584,10,31.2132034355964,0,15871.9503351584
62,147748,16521.6208558926,10,31.2132034355964,0,16521.6208558926
62,147749,16498.2430059154,10,31.2132034355964,0,16498.2430059154
62,147750,16474.8862081484,10,31.2132034355964,0,16474.8862081484
62,147755,16358.4211558231,10,31.2132034355964,0,16358.4211558231
62,147756,16335.1925693627,10,31.2132034355964,0,16335.1925693627
62,147757,16311.9856718322,10,31.2132034355964,0,16311.9856718322
62,147758,16288.8005559353,10,31.2132034355964,0,16288.8005559353
62,147775,15898.0781715142,10,31.2132034355964,0,15898.0781715142
62,147776,15875.301489389,10,31.2132034355964,0,15875.301489389
62,147777,15852.5484362558,10,31.2132034355964,0,15852.5484362558
62,147778,15829.8191140056,10,31.2132034355964,0,15829.8191140056
62,148452,16479.6361840079,10,31.2132034355964,0,16479.6361840079
62,148453,16456.2528509673,10,31.2132034355964,0,16456.2528509673
62,148454,16432.8906086288,10,31.2132034355964,0,16432.8906086288
62,148455,16409.5495470765,10,31.2132034355964,0,16409.5495470765
62,148459,16316.3989254644,10,31.2132034355964,0,16316.3989254644
62,148460,16293.1651342129,10,31.2132034355964,0,16293.1651342129
62,148461,16269.9530733573,10,31.2132034355964,0,16269.9530733573
62,148462,16246.7628360357,10,31.2132034355964,0,16246.7628360357
62,148479,15855.960240363,10,31.2132034355964,0,15855.960240363
62,148480,15833.1792700434,10,31.2132034355964,0,15833.1792700434
62,148481,15810.4219796248,10,31.2132034355964,0,15810.4219796248
62,148482,15787.6884715099,10,31.2132034355964,0,15787.6884715099
62,149156,16437.6528011019,10,31.2132034355964,0,16437.6528011019
62,149157,16414.2639593712,10,31.2132034355964,0,16414.2639593712
62,149158,16390.8962469563,10,31.2132034355964,0,16390.8962469563
62,149159,16367.5497543535,10,31.2132034355964,0,16367.5497543535
62,149163,16274.3778072944,10,31.2132034355964,0,16274.3778072944
62,149164,16251.1387865165,10,31.2132034355964,0,16251.1387865165
62,149165,16227.9215377376,10,31.2132034355964,0,16227.9215377376
62,149166,16204.7261545409,10,31.2132034355964,0,16204.7261545409
62,149183,15813.8429567966,10,31.2132034355964,0,15813.8429567966
62,149184,15791.0576769537,10,31.2132034355964,0,15791.0576769537
62,149185,15768.2961281279,10,31.2132034355964,0,15768.2961281279
62,149186,15745.5584132336,10,31.2132034355964,0,15745.5584132336
62,149860,16395.6707179608,10,31.2132034355964,0,16395.6707179608
62,149861,16372.2763417355,10,31.2132034355964,0,16372.2763417355
62,149862,16348.9031335531,10,31.2132034355964,0,16348.9031335531
62,149863,16325.5511843327,10,31.2132034355964,0,16325.5511843327
62,149868,16209.1135356244,10,31.2132034355964,0,16209.1135356244
62,149869,16185.8910741512,10,31.2132034355964,0,16185.8910741512
62,149870,16162.6905204504,10,31.2132034355964,0,16162.6905204504
62,149887,15771.7263269239,10,31.2132034355964,0,15771.7263269239
62,149888,15748.936716066,10,31.2132034355964,0,15748.936716066
62,149889,15726.1708875473,10,31.2132034355964,0,15726.1708875473
62,149890,15703.4289448003,10,31.2132034355964,0,15703.4289448003
62,150564,16353.6899454807,10,31.2132034355964,0,16353.6899454807
62,150565,16330.2900087688,10,31.2132034355964,0,16330.2900087688
62,150566,16306.9112789491,10,31.2132034355964,0,16306.9112789491
62,150567,16283.5538473665,10,31.2132034355964,0,16283.5538473665
62,150571,16190.3389457332,10,31.2132034355964,0,16190.3389457332
62,150572,16167.0893909845,10,31.2132034355964,0,16167.0893909845
62,150573,16143.8616918676,10,31.2132034355964,0,16143.8616918676
62,150574,16120.6559428524,10,31.2132034355964,0,16120.6559428524
62,150591,15729.6103569151,10,31.2132034355964,0,15729.6103569151
62,150592,15706.8163933852,10,31.2132034355964,0,15706.8163933852
62,150593,15684.0462637255,10,31.2132034355964,0,15684.0462637255
62,150594,15661.3000718961,10,31.2132034355964,0,15661.3000718961
62,150595,15638.5779223467,10,31.2132034355964,0,15638.5779223467
62,151268,16311.7104946668,10,31.2132034355964,0,16311.7104946668
62,151269,16288.3049712945,10,31.2132034355964,0,16288.3049712945
62,151270,16264.9206937862,10,31.2132034355964,0,16264.9206937862
62,151271,16241.5577539083,10,31.2132034355964,0,16241.5577539083
62,151275,16148.3212216971,10,31.2132034355964,0,16148.3212216971
62,151276,16125.0663621465,10,31.2132034355964,0,16125.0663621465
62,151277,16101.8334002513,10,31.2132034355964,0,16101.8334002513
62,151278,16078.6224309336,10,31.2132034355964,0,16078.6224309336
62,151295,15687.4950530072,10,31.2132034355964,0,15687.4950530072
62,151296,15664.6967149829,10,31.2132034355964,0,15664.6967149829
62,151297,15641.9222625746,10,31.2132034355964,0,15641.9222625746
62,151298,15619.1718002631,10,31.2132034355964,0,15619.1718002631
62,151299,15596.4454330351,10,31.2132034355964,0,15596.4454330351
62,151972,16269.7323766385,10,31.2132034355964,0,16269.7323766385
62,151973,16246.3212402502,10,31.2132034355964,0,16246.3212402502
62,151974,16222.9313888128,10,31.2132034355964,0,16222.9313888128
62,151975,16199.5629145263,10,31.2132034355964,0,16199.5629145263
62,151980,16083.0444587558,10,31.2132034355964,0,16083.0444587558
62,151981,16059.8062087666,10,31.2132034355964,0,16059.8062087666
62,152001,15599.7988900638,10,31.2132034355964,0,15599.7988900638
62,152002,15577.0441357131,10,31.2132034355964,0,15577.0441357131
62,152003,15554.3135294646,10,31.2132034355964,0,15554.3135294646
62,152676,16227.7556026339,10,31.2132034355964,0,16227.7556026339
62,152677,16204.3388266808,10,31.2132034355964,0,16204.3388266808
62,152678,16180.9433748907,10,31.2132034355964,0,16180.9433748907
62,152679,16157.5693398926,10,31.2132034355964,0,16157.5693398926
62,152683,16064.289236266,10,31.2132034355964,0,16064.289236266
62,152684,16041.0236905571,10,31.2132034355964,0,16041.0236905571
62,152685,16017.7801269792,10,31.2132034355964,0,16017.7801269792
62,152704,15580.4593156365,10,31.2132034355964,0,15580.4593156365
62,152705,15557.6761522323,10,31.2132034355964,0,15557.6761522323
62,152706,15534.9170841143,10,31.2132034355964,0,15534.9170841143
62,152707,15512.182217338,10,31.2132034355964,0,15512.182217338
62,152708,15489.4716584705,10,31.2132034355964,0,15489.4716584705
62,153380,16185.780184001,10,31.2132034355964,0,16185.780184001
62,153381,16162.3577417506,10,31.2132034355964,0,16162.3577417506
62,153382,16138.956662993,10,31.2132034355964,0,16138.956662993
62,153383,16115.5770407902,10,31.2132034355964,0,16115.5770407902
62,153387,16022.274994835,10,31.2132034355964,0,16022.274994835
62,153388,15999.0040674025,10,31.2132034355964,0,15999.0040674025
62,153389,15975.7551645489,10,31.2132034355964,0,15975.7551645489
62,153408,15538.3416071663,10,31.2132034355964,0,15538.3416071663
62,153409,15515.5540551803,10,31.2132034355964,0,15515.5540551803
62,153410,15492.7906514,10,31.2132034355964,0,15492.7906514
62,153411,15470.0515024249,10,31.2132034355964,0,15470.0515024249
62,153412,15447.3367153705,10,31.2132034355964,0,15447.3367153705
62,154084,16143.8061322111,10,31.2132034355964,0,16143.8061322111
62,154085,16120.3779967371,10,31.2132034355964,0,16120.3779967371
62,154086,16096.9712642048,10,31.2132034355964,0,16096.9712642048
62,154087,16073.5860281201,10,31.2132034355964,0,16073.5860281201
62,154091,15980.2619344154,10,31.2132034355964,0,15980.2619344154
62,154092,15956.9855992424,10,31.2132034355964,0,15956.9855992424
62,154093,15933.7313312441,10,31.2132034355964,0,15933.7313312441
62,154113,15473.4326050751,10,31.2132034355964,0,15473.4326050751
62,154114,15450.6648435696,10,31.2132034355964,0,15450.6648435696
62,154115,15427.9213905581,10,31.2132034355964,0,15427.9213905581
62,154116,15405.2023537038,10,31.2132034355964,0,15405.2023537038
62,154117,15382.5078411878,10,31.2132034355964,0,15382.5078411878
62,154788,16101.8334588516,10,31.2132034355964,0,16101.8334588516
62,154789,16078.399603033,10,31.2132034355964,0,16078.399603033
62,154790,16054.9871897318,10,31.2132034355964,0,16054.9871897318
62,154791,16031.5963128929,10,31.2132034355964,0,16031.5963128929
62,154795,15938.2500652526,10,31.2132034355964,0,15938.2500652526
62,154796,15914.9682961369,10,31.2132034355964,0,15914.9682961369
62,154797,15891.7086369318,10,31.2132034355964,0,15891.7086369318
62,154817,15431.3118081534,10,31.2132034355964,0,15431.3118081534
62,154818,15408.5396666897,10,31.2132034355964,0,15408.5396666897
62,154819,15385.7918876307,10,31.2132034355964,0,15385.7918876307
62,154820,15363.0685791922,10,31.2132034355964,0,15363.0685791922
62,154821,15340.3698501232,10,31.2132034355964,0,15340.3698501232
62,155492,16059.8621756281,10,31.2132034355964,0,16059.8621756281
62,155493,16036.4225721551,10,31.2132034355964,0,16036.4225721551
62,155494,16013.0044508954,10,31.2132034355964,0,16013.0044508954
62,155495,15989.6079062343,10,31.2132034355964,0,15989.6079062343
62,155499,15896.2393977029,10,31.2132034355964,0,15896.2393977029
62,155500,15872.9521682488,10,31.2132034355964,0,15872.9521682488
62,155501,15849.6870915823,10,31.2132034355964,0,15849.6870915823
62,155522,15366.4151268894,10,31.2132034355964,0,15366.4151268894
62,155523,15343.662999598,10,31.2132034355964,0,15343.662999598
62,155524,15320.9353976289,10,31.2132034355964,0,15320.9353976289
62,155525,15298.2324302854,10,31.2132034355964,0,15298.2324302854
62,156196,16017.8922943764,10,31.2132034355964,0,16017.8922943764
62,156197,15994.446915741,10,31.2132034355964,0,15994.446915741
62,156198,15971.0230591335,10,31.2132034355964,0,15971.0230591335
62,156199,15947.6208193874,10,31.2132034355964,0,15947.6208193874
62,156203,15854.2299422325,10,31.2132034355964,0,15854.2299422325
62,156206,15784.4184786918,10,31.2132034355964,0,15784.4184786918
62,156226,15324.2912303654,10,31.2132034355964,0,15324.2912303654
62,156227,15301.5347324908,10,31.2132034355964,0,15301.5347324908
62,156228,15278.8028148637,10,31.2132034355964,0,15278.8028148637
62,156229,15256.095587362,10,31.2132034355964,0,15256.095587362
62,156230,15233.4131603968,10,31.2132034355964,0,15233.4131603968
62,156900,15975.9238270516,10,31.2132034355964,0,15975.9238270516
62,156901,15952.4726455449,10,31.2132034355964,0,15952.4726455449
62,156902,15929.0430260041,10,31.2132034355964,0,15929.0430260041
62,156908,15788.9234793169,10,31.2132034355964,0,15788.9234793169
62,156909,15765.6474882036,10,31.2132034355964,0,15765.6474882036
62,156910,15742.3938347196,10,31.2132034355964,0,15742.3938347196
62,156930,15282.1679833877,10,31.2132034355964,0,15282.1679833877
62,156931,15259.407092396,10,31.2132034355964,0,15259.407092396
62,156932,15236.6708368158,10,31.2132034355964,0,15236.6708368158
62,156933,15213.9593270946,10,31.2132034355964,0,15213.9593270946
62,156934,15191.27267422,10,31.2132034355964,0,15191.27267422
62,157604,15933.9567857326,10,31.2132034355964,0,15933.9567857326
62,157607,15863.6506507019,10,31.2132034355964,0,15863.6506507019
62,157612,15746.9109391471,10,31.2132034355964,0,15746.9109391471
62,157613,15723.6294506532,10,31.2132034355964,0,15723.6294506532
62,157614,15700.3703435806,10,31.2132034355964,0,15700.3703435806
62,157635,15217.2800854752,10,31.2132034355964,0,15217.2800854752
62,157636,15194.5394694677,10,31.2132034355964,0,15194.5394694677
62,157637,15171.8236552909,10,31.2132034355964,0,15171.8236552909
62,157638,15149.1327545163,10,31.2132034355964,0,15149.1327545163
62,158309,15868.528311456,10,31.2132034355964,0,15868.528311456
62,158310,15845.087082497,10,31.2132034355964,0,15845.087082497
62,158311,15821.6675919475,10,31.2132034355964,0,15821.6675919475
62,158316,15704.8996159417,10,31.2132034355964,0,15704.8996159417
62,158317,15681.6126030293,10,31.2132034355964,0,15681.6126030293
62,158318,15658.348015484,10,31.2132034355964,0,15658.348015484
62,158338,15197.9234634754,10,31.2132034355964,0,15197.9234634754
62,158339,15175.1537179529,10,31.2132034355964,0,15175.1537179529
62,158340,15152.4087188661,10,31.2132034355964,0,15152.4087188661
62,158341,15129.6885778249,10,31.2132034355964,0,15129.6885778249
62,158342,15106.9934069857,10,31.2132034355964,0,15106.9934069857
62,158343,15084.3233190562,10,31.2132034355964,0,15084.3233190562
62,159013,15826.5582717021,10,31.2132034355964,0,15826.5582717021
62,159014,15803.1111958536,10,31.2132034355964,0,15803.1111958536
62,159015,15779.6858991799,10,31.2132034355964,0,15779.6858991799
62,159020,15662.8895204149,10,31.2132034355964,0,15662.8895204149
62,159021,15639.5969558502,10,31.2132034355964,0,15639.5969558502
62,159022,15616.3268607443,10,31.2132034355964,0,15616.3268607443
62,159023,15593.0793356961,10,31.2132034355964,0,15593.0793356961
62,159043,15133.0279961246,10,31.2132034355964,0,15133.0279961246
62,159044,15110.2785911303,10,31.2132034355964,0,15110.2785911303
62,159045,15087.5541006367,10,31.2132034355964,0,15087.5541006367
62,159046,15064.8546373896,10,31.2132034355964,0,15064.8546373896
62,159047,15042.1803146913,10,31.2132034355964,0,15042.1803146913
62,159717,15784.5896664508,10,31.2132034355964,0,15784.5896664508
62,159718,15761.1367153165,10,31.2132034355964,0,15761.1367153165
62,159724,15620.8806634007,10,31.2132034355964,0,15620.8806634007
62,159725,15597.5825197429,10,31.2132034355964,0,15597.5825197429
62,159726,15574.3068897892,10,31.2132034355964,0,15574.3068897892
62,159727,15551.0538746309,10,31.2132034355964,0,15551.0538746309
62,159748,15068.1490924455,10,31.2132034355964,0,15068.1490924455
62,159749,15045.4202297302,10,31.2132034355964,0,15045.4202297302
62,159750,15022.7164515535,10,31.2132034355964,0,15022.7164515535
62,160421,15742.6225080923,10,31.2132034355964,0,15742.6225080923
62,160422,15719.1636530683,10,31.2132034355964,0,15719.1636530683
62,160423,15695.7266591334,10,31.2132034355964,0,15695.7266591334
62,160428,15578.873055845,10,31.2132034355964,0,15578.873055845
62,160429,15555.5693054533,10,31.2132034355964,0,15555.5693054533
62,160430,15532.288113159,10,31.2132034355964,0,15532.288113159
62,160431,15509.0295805492,10,31.2132034355964,0,15509.0295805492
62,161125,15700.6568091492,10,31.2132034355964,0,15700.6568091492
62,161126,15677.1920214255,10,31.2132034355964,0,15677.1920214255
62,161127,15653.7491359405,10,31.2132034355964,0,15653.7491359405
62,161128,15630.3282512421,10,31.2132034355964,0,15630.3282512421
62,161132,15536.8667088167,10,31.2132034355964,0,15536.8667088167
62,161133,15513.5573238397,10,31.2132034355964,0,15513.5573238397
62,161134,15490.270541503,10,31.2132034355964,0,15490.270541503
62,161135,15467.0064639002,10,31.2132034355964,0,15467.0064639002
62,161829,15658.6925822812,10,31.2132034355964,0,15658.6925822812
62,161830,15635.2218328368,10,31.2132034355964,0,15635.2218328368
62,161831,15611.7730269051,10,31.2132034355964,0,15611.7730269051
62,161832,15588.3462635105,10,31.2132034355964,0,15588.3462635105
62,161837,15471.5465858773,10,31.2132034355964,0,15471.5465858773
62,161838,15448.2541855938,10,31.2132034355964,0,15448.2541855938
62,161839,15424.9845352474,10,31.2132034355964,0,15424.9845352474
62,162533,15616.7298402835,10,31.2132034355964,0,15616.7298402835
62,162534,15593.2530998811,10,31.2132034355964,0,15593.2530998811
62,162535,15569.7983443923,10,31.2132034355964,0,15569.7983443923
62,162536,15546.3656733269,10,31.2132034355964,0,15546.3656733269
62,162537,15522.9551866956,10,31.2132034355964,0,15522.9551866956
62,162541,15429.5371026641,10,31.2132034355964,0,15429.5371026641
62,162542,15406.2390563177,10,31.2132034355964,0,15406.2390563177
62,162543,15382.9638052647,10,31.2132034355964,0,15382.9638052647
62,163238,15551.2858352726,10,31.2132034355964,0,15551.2858352726
62,163239,15527.8251009064,10,31.2132034355964,0,15527.8251009064
62,163240,15504.386492976,10,31.2132034355964,0,15504.386492976
62,163241,15480.9701119836,10,31.2132034355964,0,15480.9701119836
62,163245,15387.5288854199,10,31.2132034355964,0,15387.5288854199
62,163246,15364.2251646794,10,31.2132034355964,0,15364.2251646794
62,163247,15340.9442847458,10,31.2132034355964,0,15340.9442847458
62,163248,15317.6863497682,10,31.2132034355964,0,15317.6863497682
62,163942,15509.3200518667,10,31.2132034355964,0,15509.3200518667
62,163943,15485.8533090798,10,31.2132034355964,0,15485.8533090798
62,163944,15462.4087348772,10,31.2132034355964,0,15462.4087348772
62,163945,15438.9864302495,10,31.2132034355964,0,15438.9864302495
62,163950,15322.2125218023,10,31.2132034355964,0,15322.2125218023
62,163951,15298.9259846044,10,31.2132034355964,0,15298.9259846044
62,163952,15275.6624385515,10,31.2132034355964,0,15275.6624385515
62,164647,15443.8829816878,10,31.2132034355964,0,15443.8829816878
62,164648,15420.4324115841,10,31.2132034355964,0,15420.4324115841
62,164649,15397.0041538266,10,31.2132034355964,0,15397.0041538266
62,164654,15280.2011389373,10,31.2132034355964,0,15280.2011389373
62,164655,15256.9089158684,10,31.2132034355964,0,15256.9089158684
62,164656,15233.6397303015,10,31.2132034355964,0,15233.6397303015
62,165351,15401.9141316402,10,31.2132034355964,0,15401.9141316402
62,165352,15378.4575357851,10,31.2132034355964,0,15378.4575357851
62,165353,15355.0232951863,10,31.2132034355964,0,15355.0232951863
62,165354,15331.6115123551,10,31.2132034355964,0,15331.6115123551
62,165358,15238.1910274517,10,31.2132034355964,0,15238.1910274517
62,165359,15214.8930896947,10,31.2132034355964,0,15214.8930896947
62,165360,15191.6182359531,10,31.2132034355964,0,15191.6182359531
62,165361,15168.36657249,10,31.2132034355964,0,15168.36657249
62,166055,15359.9467719887,10,31.2132034355964,0,15359.9467719887
62,166056,15336.4841203103,10,31.2132034355964,0,15336.4841203103
62,166057,15313.0438669349,10,31.2132034355964,0,15313.0438669349
62,166058,15289.6261148769,10,31.2132034355964,0,15289.6261148769
62,166759,15317.980915929,10,31.2132034355964,0,15317.980915929
62,166760,15294.5121781306,10,31.2132034355964,0,15294.5121781306
62,166761,15271.065881816,10,31.2132034355964,0,15271.065881816
62,166762,15247.6421305083,10,31.2132034355964,0,15247.6421305083
62,167463,15276.0165768006,10,31.2132034355964,0,15276.0165768006
62,167464,15252.541722355,10,31.2132034355964,0,15252.541722355
62,167465,15229.0893527103,10,31.2132034355964,0,15229.0893527103
62,167466,15205.6595719081,10,31.2132034355964,0,15205.6595719081
62,168168,15210.5727662385,10,31.2132034355964,0,15210.5727662385
62,168169,15187.1142926478,10,31.2132034355964,0,15187.1142926478
62,168170,15163.6784518693,10,31.2132034355964,0,15163.6784518693
62,168872,15168.6053231874,10,31.2132034355964,0,15168.6053231874
62,168873,15145.1407147964,10,31.2132034355964,0,15145.1407147964
62,168874,15121.6987833355,10,31.2132034355964,0,15121.6987833355
62,169576,15126.6394067465,10,31.2132034355964,0,15126.6394067465
62,170282,15037.743853246,10,31.2132034355964,0,15037.743853246
62,170984,15042.7122086624,10,31.2132034355964,0,15042.7122086624
62,170985,15019.229008417,10,31.2132034355964,0,15019.229008417
62,170986,14995.7686182928,10,31.2132034355964,0,14995.7686182928
62,171088,12745.0254524333,10,31.2132034355964,0,12745.0254524333
62,171688,15000.7509548754,10,31.2132034355964,0,15000.7509548754
62,171690,14953.7948880535,10,31.2132034355964,0,14953.7948880535
62,171790,12743.7244072519,10,31.2132034355964,0,12743.7244072519
62,171791,12723.2316142652,10,31.2132034355964,0,12723.2316142652
62,171792,12702.7761019157,10,31.2132034355964,0,12702.7761019157
62,172393,14935.2955299998,10,31.2132034355964,0,14935.2955299998
62,172394,14911.8226762032,10,31.2132034355964,0,14911.8226762032
62,172395,14888.3728303457,10,31.2132034355964,0,14888.3728303457
62,173097,14893.3311303072,10,31.2132034355964,0,14893.3311303072
62,173098,14869.8519965716,10,31.2132034355964,0,14869.8519965716
62,173099,14846.3959162956,10,31.2132034355964,0,14846.3959162956
62,173801,14851.3683092172,10,31.2132034355964,0,14851.3683092172
62,173802,14827.8828631478,10,31.2132034355964,0,14827.8828631478
62,173803,14804.4205162003,10,31.2132034355964,0,14804.4205162003
62,174505,14809.4070811295,10,31.2132034355964,0,14809.4070811295
62,174506,14785.9152900743,10,31.2132034355964,0,14785.9152900743
62,174507,14762.4466439577,10,31.2132034355964,0,14762.4466439577
62,175209,14767.4474605996,10,31.2132034355964,0,14767.4474605996
62,175210,14743.9492916596,10,31.2132034355964,0,14743.9492916596
62,175211,14720.4743136188,10,31.2132034355964,0,14720.4743136188
62,175912,14749.0171682536,10,31.2132034355964,0,14749.0171682536
62,175913,14725.4894623555,10,31.2132034355964,0,14725.4894623555
62,175914,14701.984882372,10,31.2132034355964,0,14701.984882372
62,175915,14678.5035393955,10,31.2132034355964,0,14678.5035393955
62,175916,14655.0455451243,10,31.2132034355964,0,14655.0455451243
62,176616,14707.0672973374,10,31.2132034355964,0,14707.0672973374
62,176617,14683.5331012884,10,31.2132034355964,0,14683.5331012884
62,176618,14660.022076842,10,31.2132034355964,0,14660.022076842
62,176619,14636.5343356641,10,31.2132034355964,0,14636.5343356641
62,177321,14641.5783924597,10,31.2132034355964,0,14641.5783924597
62,177322,14618.0608898745,10,31.2132034355964,0,14618.0608898745
62,177323,14594.5667169663,10,31.2132034355964,0,14594.5667169663
62,178025,14599.6253511061,10,31.2132034355964,0,14599.6253511061
62,178026,14576.101336439,10,31.2132034355964,0,14576.101336439
62,178027,14552.6006980074,10,31.2132034355964,0,14552.6006980074
62,178028,14529.123549242,10,31.2132034355964,0,14529.123549242
62,178729,14557.6739926383,10,31.2132034355964,0,14557.6739926383
62,178730,14534.1434316807,10,31.2132034355964,0,14534.1434316807
62,178731,14510.6362936648,10,31.2132034355964,0,14510.6362936648
62,178732,14487.1526926126,10,31.2132034355964,0,14487.1526926126
62,178733,14463.692743169,10,31.2132034355964,0,14463.692743169
62,179434,14492.1871909148,10,31.2132034355964,0,14492.1871909148
62,179435,14468.6735189883,10,31.2132034355964,0,14468.6735189883
62,179436,14445.1834314735,10,31.2132034355964,0,14445.1834314735
62,179437,14421.7170436167,10,31.2132034355964,0,14421.7170436167
62,180138,14450.2326296398,10,31.2132034355964,0,14450.2326296398
62,180139,14426.7123892001,10,31.2132034355964,0,14426.7123892001
62,180140,14403.2157807796,10,31.2132034355964,0,14403.2157807796
62,180141,14379.7429202228,10,31.2132034355964,0,14379.7429202228
62,180842,14408.2797635292,10,31.2132034355964,0,14408.2797635292
62,180843,14384.7529197029,10,31.2132034355964,0,14384.7529197029
62,180844,14361.249755655,10,31.2132034355964,0,14361.249755655
62,180845,14337.7703878356,10,31.2132034355964,0,14337.7703878356
62,180846,14314.3149333446,10,31.2132034355964,0,14314.3149333446
62,181547,14342.7951260748,10,31.2132034355964,0,14342.7951260748
62,181548,14319.2853714007,10,31.2132034355964,0,14319.2853714007
62,181549,14295.7994614836,10,31.2132034355964,0,14295.7994614836
62,181550,14272.3375140394,10,31.2132034355964,0,14272.3375140394
62,182251,14300.8390240791,10,31.2132034355964,0,14300.8390240791
62,182252,14277.3226435025,10,31.2132034355964,0,14277.3226435025
62,182253,14253.8301563712,10,31.2132034355964,0,14253.8301563712
62,182254,14230.3616810211,10,31.2132034355964,0,14230.3616810211
62,182255,14206.9173364454,10,31.2132034355964,0,14206.9173364454
62,182329,12548.3318951441,10,31.2132034355964,0,12548.3318951441
62,182330,12527.0898049962,10,31.2132034355964,0,12527.0898049962
62,182955,14258.8846296633,10,31.2132034355964,0,14258.8846296633
62,182956,14235.3615876234,10,31.2132034355964,0,14235.3615876234
62,182957,14211.8624878777,10,31.2132034355964,0,14211.8624878777
62,182958,14188.3874493846,10,31.2132034355964,0,14188.3874493846
62,182959,14164.9365917756,10,31.2132034355964,0,14164.9365917756
62,183032,12527.3394000999,10,31.2132034355964,0,12527.3394000999
62,183033,12506.0615385859,10,31.2132034355964,0,12506.0615385859
62,183660,14193.4022196129,10,31.2132034355964,0,14193.4022196129
62,183661,14169.8964715638,10,31.2132034355964,0,14169.8964715638
62,183662,14146.4148344113,10,31.2132034355964,0,14146.4148344113
62,183663,14122.9574284185,10,31.2132034355964,0,14122.9574284185
62,183664,14099.5243745279,10,31.2132034355964,0,14099.5243745279
62,183735,12506.3832074774,10,31.2132034355964,0,12506.3832074774
62,183736,12485.0695161757,10,31.2132034355964,0,12485.0695161757
62,183737,12463.7910734149,10,31.2132034355964,0,12463.7910734149
62,183738,12442.5480600356,10,31.2132034355964,0,12442.5480600356
62,184364,14151.4445555049,10,31.2132034355964,0,14151.4445555049
62,184365,14127.93212318,10,31.2132034355964,0,14127.93212318
62,184366,14104.443851557,10,31.2132034355964,0,14104.443851557
62,184367,14080.9798615441,10,31.2132034355964,0,14080.9798615441
62,184368,14057.5402747299,10,31.2132034355964,0,14057.5402747299
62,184369,14034.1252133865,10,31.2132034355964,0,14034.1252133865
62,184440,12442.7995270534,10,31.2132034355964,0,12442.7995270534
62,184441,12421.5204996859,10,31.2132034355964,0,12421.5204996859
62,184442,12400.2770208596,10,31.2132034355964,0,12400.2770208596
62,185071,14039.003906503,10,31.2132034355964,0,14039.003906503
62,185072,14015.5577510117,10,31.2132034355964,0,14015.5577510117
62,185073,13992.136172926,10,31.2132034355964,0,13992.136172926
62,185074,13968.7392958751,10,31.2132034355964,0,13968.7392958751
62,185144,12400.529432823,10,31.2132034355964,0,12400.529432823
62,185776,13973.576818619,10,31.2132034355964,0,13973.576818619
62,185777,13950.1486879286,10,31.2132034355964,0,13950.1486879286
62,185778,13926.7453110575,10,31.2132034355964,0,13926.7453110575
62,186480,13931.5974929748,10,31.2132034355964,0,13931.5974929748
62,186481,13908.1627735189,10,31.2132034355964,0,13908.1627735189
62,186482,13884.7528608546,10,31.2132034355964,0,13884.7528608546
62,186483,13861.3678806723,10,31.2132034355964,0,13861.3678806723
62,187185,13866.1784450068,10,31.2132034355964,0,13866.1784450068
62,187186,13842.7619602821,10,31.2132034355964,0,13842.7619602821
62,187187,13819.3704618862,10,31.2132034355964,0,13819.3704618862
62,187188,13796.0040769177,10,31.2132034355964,0,13796.0040769177
62,187200,13517.6135692926,10,31.2132034355964,0,13517.6135692926
62,187201,13494.5855599537,10,31.2132034355964,0,13494.5855599537
62,187202,13471.5845213164,10,31.2132034355964,0,13471.5845213164
62,187203,13448.6105917631,10,31.2132034355964,0,13448.6105917631
62,187204,13425.6639104642,10,31.2132034355964,0,13425.6639104642
62,187889,13824.1957178909,10,31.2132034355964,0,13824.1957178909
62,187890,13800.7726245291,10,31.2132034355964,0,13800.7726245291
62,187891,13777.3745715448,10,31.2132034355964,0,13777.3745715448
62,187892,13754.0016867316,10,31.2132034355964,0,13754.0016867316
62,187893,13730.6540986155,10,31.2132034355964,0,13730.6540986155
62,187903,13498.5983432661,10,31.2132034355964,0,13498.5983432661
62,187904,13475.5377149638,10,31.2132034355964,0,13475.5377149638
62,187905,13452.5039842222,10,31.2132034355964,0,13452.5039842222
62,187906,13429.4972894404,10,31.2132034355964,0,13429.4972894404
62,187907,13406.5177698107,10,31.2132034355964,0,13406.5177698107
62,187908,13383.5655653088,10,31.2132034355964,0,13383.5655653088
62,188594,13758.7848689771,10,31.2132034355964,0,13758.7848689771
62,188595,13735.3802247193,10,31.2132034355964,0,13735.3802247193
62,188596,13712.0008035779,10,31.2132034355964,0,13712.0008035779
62,188597,13688.6467347929,10,31.2132034355964,0,13688.6467347929
62,188609,13410.4234622649,10,31.2132034355964,0,13410.4234622649
62,188610,13387.4110783128,10,31.2132034355964,0,13387.4110783128
62,188611,13364.4259358697,10,31.2132034355964,0,13364.4259358697
62,188612,13341.4681757375,10,31.2132034355964,0,13341.4681757375
62,189299,13693.3874366664,10,31.2132034355964,0,13693.3874366664
62,189300,13670.0014424074,10,31.2132034355964,0,13670.0014424074
62,189301,13646.6408563716,10,31.2132034355964,0,13646.6408563716
62,189302,13623.3058092657,10,31.2132034355964,0,13623.3058092657
62,189303,13599.9964325484,10,31.2132034355964,0,13599.9964325484
62,190004,13628.0036183543,10,31.2132034355964,0,13628.0036183543
62,190005,13604.6364781741,10,31.2132034355964,0,13604.6364781741
62,190006,13581.2949337261,10,31.2132034355964,0,13581.2949337261
62,190007,13557.9791172117,10,31.2132034355964,0,13557.9791172117
62,190008,13534.6891615908,10,31.2132034355964,0,13534.6891615908
62,190709,13562.6336152042,10,31.2132034355964,0,13562.6336152042
62,190710,13539.2855364239,10,31.2132034355964,0,13539.2855364239
62,190711,13515.9632433376,10,31.2132034355964,0,13515.9632433376
62,190712,13492.6668696618,10,31.2132034355964,0,13492.6668696618
62,190713,13469.3965498841,10,31.2132034355964,0,13469.3965498841
62,191414,13497.2776322311,10,31.2132034355964,0,13497.2776322311
62,191416,13450.6459968957,10,31.2132034355964,0,13450.6459968957
62,194945,13031.7480520182,10,31.2132034355964,0,13031.7480520182
62,195647,13035.9041869746,10,31.2132034355964,0,13035.9041869746
62,195648,13012.777629867,10,31.2132034355964,0,13012.777629867
62,195649,12989.678698351,10,31.2132034355964,0,12989.678698351
62,196350,13017.0086795193,10,31.2132034355964,0,13017.0086795193
62,196351,12993.8483671889,10,31.2132034355964,0,12993.8483671889
62,196352,12970.7156007523,10,31.2132034355964,0,12970.7156007523
62,196353,12947.6105278526,10,31.2132034355964,0,12947.6105278526
62,196434,11183.4733628321,10,31.2132034355964,0,11183.4733628321
62,197055,12951.7938177259,10,31.2132034355964,0,12951.7938177259
62,197056,12928.6548045788,10,31.2132034355964,0,12928.6548045788
62,197057,12905.5435532167,10,31.2132034355964,0,12905.5435532167
62,197136,11181.8340744929,10,31.2132034355964,0,11181.8340744929
62,197137,11161.5117158286,10,31.2132034355964,0,11161.5117158286
62,197138,11141.2325029983,10,31.2132034355964,0,11141.2325029983
62,197759,12909.7405521181,10,31.2132034355964,0,12909.7405521181
62,197760,12886.5952545413,10,31.2132034355964,0,12886.5952545413
62,197761,12863.4777872979,10,31.2132034355964,0,12863.4777872979
62,197767,12725.3659017983,10,31.2132034355964,0,12725.3659017983
62,197840,11139.5870884278,10,31.2132034355964,0,11139.5870884278
62,197841,11119.267780178,10,31.2132034355964,0,11119.267780178
62,197842,11098.9917935699,10,31.2132034355964,0,11098.9917935699
62,197843,11078.7593664597,10,31.2132034355964,0,11078.7593664597
62,198470,12706.2184512245,10,31.2132034355964,0,12706.2184512245
62,198471,12683.2653331456,10,31.2132034355964,0,12683.2653331456
62,198544,11097.3402057164,10,31.2132034355964,0,11097.3402057164
62,198545,11077.0239722058,10,31.2132034355964,0,11077.0239722058
62,198546,11056.7512375753,10,31.2132034355964,0,11056.7512375753
62,198547,11036.5222415354,10,31.2132034355964,0,11036.5222415354
62,199173,12687.1126233676,10,31.2132034355964,0,12687.1126233676
62,199174,12664.124752984,10,31.2132034355964,0,12664.124752984
62,199175,12641.1657776596,10,31.2132034355964,0,12641.1657776596
62,199249,11034.780294689,10,31.2132034355964,0,11034.780294689
62,199250,11014.5108380991,10,31.2132034355964,0,11014.5108380991
62,199251,10994.2853006542,10,31.2132034355964,0,10994.2853006542
62,199252,10974.103925192,10,31.2132034355964,0,10974.103925192
62,199876,12668.0486065485,10,31.2132034355964,0,12668.0486065485
62,199877,12645.0259548738,10,31.2132034355964,0,12645.0259548738
62,199878,12622.0321156539,10,31.2132034355964,0,12622.0321156539
62,199879,12599.0672466417,10,31.2132034355964,0,12599.0672466417
62,199880,12576.1315065391,10,31.2132034355964,0,12576.1315065391
62,199953,10992.5367504489,10,31.2132034355964,0,10992.5367504489
62,199954,10972.2705982604,10,31.2132034355964,0,10972.2705982604
62,199955,10952.0485472664,10,31.2132034355964,0,10952.0485472664
62,199956,10931.870842205,10,31.2132034355964,0,10931.870842205
62,199957,10911.7377290864,10,31.2132034355964,0,10911.7377290864
62,200580,12625.9691284226,10,31.2132034355964,0,12625.9691284226
62,200581,12602.9403962373,10,31.2132034355964,0,12602.9403962373
62,200582,12579.9405510349,10,31.2132034355964,0,12579.9405510349
62,200583,12556.969751547,10,31.2132034355964,0,12556.969751547
62,200658,10930.0305212384,10,31.2132034355964,0,10930.0305212384
62,200659,10909.8119848751,10,31.2132034355964,0,10909.8119848751
62,200660,10889.6379799245,10,31.2132034355964,0,10889.6379799245
62,200661,10869.5087543415,10,31.2132034355964,0,10869.5087543415
62,200662,10849.4245573688,10,31.2132034355964,0,10849.4245573688
62,201284,12583.8908103073,10,31.2132034355964,0,12583.8908103073
62,201285,12560.8559597626,10,31.2132034355964,0,12560.8559597626
62,201286,12537.8500710812,10,31.2132034355964,0,12537.8500710812
62,201362,10887.7906102528,10,31.2132034355964,0,10887.7906102528
62,201363,10867.5756170356,10,31.2132034355964,0,10867.5756170356
62,201364,10847.4053422593,10,31.2132034355964,0,10847.4053422593
62,201365,10827.2800358468,10,31.2132034355964,0,10827.2800358468
62,201366,10807.199949019,10,31.2132034355964,0,10807.199949019
62,201367,10787.1653343012,10,31.2132034355964,0,10787.1653343012
62,201988,12541.8136650315,10,31.2132034355964,0,12541.8136650315
62,201989,12518.7726579209,10,31.2132034355964,0,12518.7726579209
62,202067,10825.3394473611,10,31.2132034355964,0,10825.3394473611
62,202068,10805.1729331838,10,31.2132034355964,0,10805.1729331838
62,202069,10785.0515779533,10,31.2132034355964,0,10785.0515779533
62,202070,10764.9756348951,10,31.2132034355964,0,10764.9756348951
62,202071,10744.9453585581,10,31.2132034355964,0,10744.9453585581
62,202772,10762.9407567328,10,31.2132034355964,0,10762.9407567328
62,202773,10742.8233850801,10,31.2132034355964,0,10742.8233850801
62,202774,10722.7516198256,10,31.2132034355964,0,10722.7516198256
62,202775,10702.7257175567,10,31.2132034355964,0,10702.7257175567
62,202776,10682.7459362018,10,31.2132034355964,0,10682.7459362018
62,203477,10700.5954617176,10,31.2132034355964,0,10700.5954617176
62,203478,10680.5279087075,10,31.2132034355964,0,10680.5279087075
62,203479,10660.5064166325,10,31.2132034355964,0,10660.5064166325
62,203480,10640.5312454991,10,31.2132034355964,0,10640.5312454991
62,203481,10620.6026566678,10,31.2132034355964,0,10620.6026566678
62,203482,10600.7209128542,10,31.2132034355964,0,10600.7209128542
62,204183,10618.2874612012,10,31.2132034355964,0,10618.2874612012
62,204184,10598.3169385782,10,31.2132034355964,0,10598.3169385782
62,204185,10578.3932021386,10,31.2132034355964,0,10578.3932021386
62,204186,10558.5165167397,10,31.2132034355964,0,10558.5165167397
62,204888,10556.1030214136,10,31.2132034355964,0,10556.1030214136
62,204889,10536.1841779002,10,31.2132034355964,0,10536.1841779002
62,204890,10516.3125932477,10,31.2132034355964,0,10516.3125932477
62,204891,10496.4885358608,10,31.2132034355964,0,10496.4885358608
62,204892,10476.7122755364,10,31.2132034355964,0,10476.7122755364
62,205593,10493.9755905206,10,31.2132034355964,0,10493.9755905206
62,205594,10474.1091494693,10,31.2132034355964,0,10474.1091494693
62,205595,10454.290447541,10,31.2132034355964,0,10454.290447541
62,205596,10434.5197567518,10,31.2132034355964,0,10434.5197567518
62,206298,10431.9061926169,10,31.2132034355964,0,10431.9061926169
62,206299,10412.0928914087,10,31.2132034355964,0,10412.0928914087
62,206300,10392.327817325,10,31.2132034355964,0,10392.327817325
62,209779,11028.1223789111,10,31.2132034355964,0,11028.1223789111
62,209780,11006.6210295361,10,31.2132034355964,0,11006.6210295361
62,209781,10985.1589580999,10,31.2132034355964,0,10985.1589580999
62,209782,10963.7363952694,10,31.2132034355964,0,10963.7363952694
62,209783,10942.3535730934,10,31.2132034355964,0,10942.3535730934
62,210483,10985.8545280646,10,31.2132034355964,0,10985.8545280646
62,210484,10964.3516915609,10,31.2132034355964,0,10964.3516915609
62,210485,10942.888279318,10,31.2132034355964,0,10942.888279318
62,210486,10921.4645237745,10,31.2132034355964,0,10921.4645237745
62,210487,10900.0806587609,10,31.2132034355964,0,10900.0806587609
62,210488,10878.7369195099,10,31.2132034355964,0,10878.7369195099
62,211151,11742.2339266762,10,31.2132034355964,0,11742.2339266762
62,211152,11719.4495591144,10,31.2132034355964,0,11719.4495591144
62,211153,11696.697223174,10,31.2132034355964,0,11696.697223174
62,211187,10943.5866191291,10,31.2132034355964,0,10943.5866191291
62,211188,10922.0822847553,10,31.2132034355964,0,10922.0822847553
62,211189,10900.6175220581,10,31.2132034355964,0,10900.6175220581
62,211190,10879.1925652623,10,31.2132034355964,0,10879.1925652623
62,211191,10857.8076500065,10,31.2132034355964,0,10857.8076500065
62,211192,10836.46301335,10,31.2132034355964,0,10836.46301335
62,211854,11722.9273071959,10,31.2132034355964,0,11722.9273071959
62,211855,11700.1052196205,10,31.2132034355964,0,11700.1052196205
62,211856,11677.315069927,10,31.2132034355964,0,11677.315069927
62,211857,11654.5570454745,10,31.2132034355964,0,11654.5570454745
62,211891,10901.3186527555,10,31.2132034355964,0,10901.3186527555
62,211892,10879.8128096474,10,31.2132034355964,0,10879.8128096474
62,211893,10858.3466867322,10,31.2132034355964,0,10858.3466867322
62,211894,10836.9205200472,10,31.2132034355964,0,10836.9205200472
62,211895,10815.5345470618,10,31.2132034355964,0,10815.5345470618
62,212558,11680.8054398704,10,31.2132034355964,0,11680.8054398704
62,212559,11657.9774380656,10,31.2132034355964,0,11657.9774380656
62,212560,11635.1814670043,10,31.2132034355964,0,11635.1814670043
62,212561,11612.417715324,10,31.2132034355964,0,11612.417715324
62,212562,11589.6863728761,10,31.2132034355964,0,11589.6863728761
62,212597,10816.0757737617,10,31.2132034355964,0,10816.0757737617
62,212598,10794.6483884529,10,31.2132034355964,0,10794.6483884529
62,213263,11615.8505933231,10,31.2132034355964,0,11615.8505933231
62,213264,11593.0487612573,10,31.2132034355964,0,11593.0487612573
62,213265,11570.2792432352,10,31.2132034355964,0,11570.2792432352
62,213266,11547.542230405,10,31.2132034355964,0,11547.542230405
62,213968,11550.9169637585,10,31.2132034355964,0,11550.9169637585
62,213969,11528.1416398699,10,31.2132034355964,0,11528.1416398699
62,213970,11505.3989176774,10,31.2132034355964,0,11505.3989176774
62,214009,10646.0592427234,10,31.2132034355964,0,10646.0592427234
62,214673,11486.0049160511,10,31.2132034355964,0,11486.0049160511
62,214674,11463.2564451037,10,31.2132034355964,0,11463.2564451037
62,214675,11440.5408679474,10,31.2132034355964,0,11440.5408679474
62,214711,10646.4411980881,10,31.2132034355964,0,10646.4411980881
62,214712,10625.0919780615,10,31.2132034355964,0,10625.0919780615
62,214713,10603.7840666006,10,31.2132034355964,0,10603.7840666006
62,214714,10582.5177132294,10,31.2132034355964,0,10582.5177132294
62,215377,11443.8690827553,10,31.2132034355964,0,11443.8690827553
62,215378,11421.1148232481,10,31.2132034355964,0,11421.1148232481
62,215379,11398.3935564801,10,31.2132034355964,0,11398.3935564801
62,215380,11375.7054801453,10,31.2132034355964,0,11375.7054801453
62,215415,10604.1676277595,10,31.2132034355964,0,10604.1676277595
62,215416,10582.817471258,10,31.2132034355964,0,10582.817471258
62,215417,10561.5087853407,10,31.2132034355964,0,10561.5087853407
62,215418,10540.2418215232,10,31.2132034355964,0,10540.2418215232
62,215419,10519.0168328666,10,31.2132034355964,0,10519.0168328666
62,216082,11378.974062838,10,31.2132034355964,0,11378.974062838
62,216085,11310.8931490902,10,31.2132034355964,0,11310.8931490902
62,216120,10540.5428649364,10,31.2132034355964,0,10540.5428649364
62,216121,10519.2333990503,10,31.2132034355964,0,10519.2333990503
62,216122,10497.965820579,10,31.2132034355964,0,10497.965820579
62,216787,11314.1014093711,10,31.2132034355964,0,11314.1014093711
62,216788,11291.402036791,10,31.2132034355964,0,11291.402036791
62,216789,11268.7362588135,10,31.2132034355964,0,11268.7362588135
62,216824,10498.2681592676,10,31.2132034355964,0,10498.2681592676
62,216825,10476.9579078402,10,31.2132034355964,0,10476.9579078402
62,217492,11249.2515144455,10,31.2132034355964,0,11249.2515144455
62,217493,11226.5801321769,10,31.2132034355964,0,11226.5801321769
62,217494,11203.9426525728,10,31.2132034355964,0,11203.9426525728
62,218196,11207.1018054005,10,31.2132034355964,0,11207.1018054005
62,218197,11184.4247791114,10,31.2132034355964,0,11184.4247791114
62,218198,11161.7817610445,10,31.2132034355964,0,11161.7817610445
62,218199,11139.1729585899,10,31.2132034355964,0,11139.1729585899
62,218901,11142.2702096928,10,31.2132034355964,0,11142.2702096928
62,218902,11119.6216136303,10,31.2132034355964,0,11119.6216136303
62,218903,11097.007340859,10,31.2132034355964,0,11097.007340859
62,218904,11074.4276016485,10,31.2132034355964,0,11074.4276016485
62,219605,11100.1164341529,10,31.2132034355964,0,11100.1164341529
62,219606,11077.4622201321,10,31.2132034355964,0,11077.4622201321
62,219607,11054.842437733,10,31.2132034355964,0,11054.842437733
62,219608,11032.2572987433,10,31.2132034355964,0,11032.2572987433
62,220310,11035.3035905024,10,31.2132034355964,0,11035.3035905024
62,220311,11012.6782587314,10,31.2132034355964,0,11012.6782587314
62,220312,10990.0876808905,10,31.2132034355964,0,10990.0876808905
62,220313,10967.532071737,10,31.2132034355964,0,10967.532071737
62,220314,10945.011647462,10,31.2132034355964,0,10945.011647462
62,221014,10993.1457348444,10,31.2132034355964,0,10993.1457348444
62,221015,10970.5148135211,10,31.2132034355964,0,10970.5148135211
62,221016,10947.9187573298,10,31.2132034355964,0,10947.9187573298
62,221017,10925.3577825942,10,31.2132034355964,0,10925.3577825942
62,221018,10902.832107098,10,31.2132034355964,0,10902.832107098
62,221719,10928.3521119205,10,31.2132034355964,0,10928.3521119205
62,221720,10905.750537438,10,31.2132034355964,0,10905.750537438
62,221721,10883.1841578851,10,31.2132034355964,0,10883.1841578851
62,221722,10860.653192646,10,31.2132034355964,0,10860.653192646
62,221723,10838.1578625838,10,31.2132034355964,0,10838.1578625838
62,222424,10863.5830307437,10,31.2132034355964,0,10863.5830307437
62,222425,10841.0112066963,10,31.2132034355964,0,10841.0112066963
62,222426,10818.474912763,10,31.2132034355964,0,10818.474912763
62,222427,10795.9743714484,10,31.2132034355964,0,10795.9743714484
62,222428,10773.509806765,10,31.2132034355964,0,10773.509806765
62,223129,10798.8389382585,10,31.2132034355964,0,10798.8389382585
62,223130,10776.2972762435,10,31.2132034355964,0,10776.2972762435
62,223131,10753.7914850402,10,31.2132034355964,0,10753.7914850402
62,223132,10731.3217903328,10,31.2132034355964,0,10731.3217903328
62,223834,10734.12029202,10,31.2132034355964,0,10734.12029202
62,223835,10711.609211851,10,31.2132034355964,0,10711.609211851
62,223836,10689.1343488172,10,31.2132034355964,0,10689.1343488172
62,223837,10666.6959318524,10,31.2132034355964,0,10666.6959318524
62,224538,10691.943969164,10,31.2132034355964,0,10691.943969164
62,224539,10669.4275605087,10,31.2132034355964,0,10669.4275605087
62,225248,10515.1892381301,10,31.2132034355964,0,10515.1892381301
62,225249,10492.8897439415,10,31.2132034355964,0,10492.8897439415
62,225951,10495.3256023922,10,31.2132034355964,0,10495.3256023922
62,225952,10472.9836933899,10,31.2132034355964,0,10472.9836933899
62,225953,10450.6795553502,10,31.2132034355964,0,10450.6795553502
62,225954,10428.4134306249,10,31.2132034355964,0,10428.4134306249
62,226656,10430.7786052309,10,31.2132034355964,0,10430.7786052309
62,226657,10408.4697875813,10,31.2132034355964,0,10408.4697875813
62,226658,10386.1991181157,10,31.2132034355964,0,10386.1991181157
62,226659,10363.9668427577,10,31.2132034355964,0,10363.9668427577
62,227359,10410.9255518767,10,31.2132034355964,0,10410.9255518767
62,227360,10388.573980609,10,31.2132034355964,0,10388.573980609
62,227361,10366.2604471715,10,31.2132034355964,0,10366.2604471715
62,227362,10343.9851977224,10,31.2132034355964,0,10343.9851977224
62,227363,10321.7484801263,10,31.2132034355964,0,10321.7484801263
62,228064,10346.3698265967,10,31.2132034355964,0,10346.3698265967
62,228065,10324.0515407614,10,31.2132034355964,0,10324.0515407614
62,228066,10301.7716756729,10,31.2132034355964,0,10301.7716756729
62,228067,10279.5304811495,10,31.2132034355964,0,10279.5304811495
62,228068,10257.3282087412,10,31.2132034355964,0,10257.3282087412
62,228768,10304.1661503754,10,31.2132034355964,0,10304.1661503754
62,228769,10281.8430751043,10,31.2132034355964,0,10281.8430751043
62,228770,10259.558558291,10,31.2132034355964,0,10259.558558291
62,228771,10237.3128517367,10,31.2132034355964,0,10237.3128517367
62,228772,10215.1062089975,10,31.2132034355964,0,10215.1062089975
62,228773,10192.9388853935,10,31.2132034355964,0,10192.9388853935
62,228774,10170.8111380111,10,31.2132034355964,0,10170.8111380111
62,228775,10148.7232257194,10,31.2132034355964,0,10148.7232257194
62,229472,10261.9629592552,10,31.2132034355964,0,10261.9629592552
62,229473,10239.6350570622,10,31.2132034355964,0,10239.6350570622
62,229474,10217.3458520076,10,31.2132034355964,0,10217.3458520076
62,229475,10195.0955978996,10,31.2132034355964,0,10195.0955978996
62,229476,10172.8845503236,10,31.2132034355964,0,10172.8845503236
62,229477,10150.7129666445,10,31.2132034355964,0,10150.7129666445
62,229478,10128.5811060226,10,31.2132034355964,0,10128.5811060226
62,229479,10106.4892294262,10,31.2132034355964,0,10106.4892294262
62,230177,10197.4274936082,10,31.2132034355964,0,10197.4274936082
62,230178,10175.1335633596,10,31.2132034355964,0,10175.1335633596
62,230179,10152.8787257483,10,31.2132034355964,0,10152.8787257483
62,230180,10130.6632384079,10,31.2132034355964,0,10130.6632384079
62,230181,10108.4873607773,10,31.2132034355964,0,10108.4873607773
62,230182,10086.3513541199,10,31.2132034355964,0,10086.3513541199
62,230183,10064.2554815173,10,31.2132034355964,0,10064.2554815173
62,230184,10042.2000078936,10,31.2132034355964,0,10042.2000078936
62,230185,10020.1852000159,10,31.2132034355964,0,10020.1852000159
62,230186,9998.21132650628,10,31.2132034355964,0,9998.21132650628
62,230187,9976.27865785338,10,31.2132034355964,0,9976.27865785338
62,230306,7756.16955672791,10,31.2132034355964,0,7756.16955672791
62,230882,10132.9216989967,10,31.2132034355964,0,10132.9216989967
62,230883,10110.6622414932,10,31.2132034355964,0,10110.6622414932
62,230884,10088.442279036,10,31.2132034355964,0,10088.442279036
62,230885,10066.26207317,10,31.2132034355964,0,10066.26207317
62,230886,10044.1218872728,10,31.2132034355964,0,10044.1218872728
62,230887,10022.0219865795,10,31.2132034355964,0,10022.0219865795
62,230888,9999.96263817975,10,31.2132034355964,0,9999.96263817975
62,230889,9977.94411103312,10,31.2132034355964,0,9977.94411103312
62,230890,9955.96667598073,10,31.2132034355964,0,9955.96667598073
62,230891,9934.03060575514,10,31.2132034355964,0,9934.03060575514
62,230892,9912.13617498171,10,31.2132034355964,0,9912.13617498171
62,230893,9890.2836601952,10,31.2132034355964,0,9890.2836601952
62,230894,9868.47333985349,10,31.2132034355964,0,9868.47333985349
62,230969,8376.23334347895,10,31.2132034355964,0,8376.23334347895
62,230970,8358.60137982365,10,31.2132034355964,0,8358.60137982365
62,230971,8341.03931668534,10,31.2132034355964,0,8341.03931668534
62,231008,7744.57439029907,10,31.2132034355964,0,7744.57439029907
62,231009,7730.01233982313,10,31.2132034355964,0,7730.01233982313
62,231010,7715.53866650698,10,31.2132034355964,0,7715.53866650698
62,231587,10068.4461514467,10,31.2132034355964,0,10068.4461514467
62,231588,10046.2216780951,10,31.2132034355964,0,10046.2216780951
62,231589,10024.0371092818,10,31.2132034355964,0,10024.0371092818
62,231590,10001.8927105394,10,31.2132034355964,0,10001.8927105394
62,231591,9979.78874927143,10,31.2132034355964,0,9979.78874927143
62,231592,9957.72549476274,10,31.2132034355964,0,9957.72549476274
62,231593,9935.7032181967,10,31.2132034355964,0,9935.7032181967
62,231594,9913.72219265922,10,31.2132034355964,0,9913.72219265922
62,231595,9891.78269314855,10,31.2132034355964,0,9891.78269314855
62,231596,9869.88499658427,10,31.2132034355964,0,9869.88499658427
62,231597,9848.02938182403,10,31.2132034355964,0,9848.02938182403
62,231598,9826.21612966284,10,31.2132034355964,0,9826.21612966284
62,231673,8334.44572027329,10,31.2132034355964,0,8334.44572027329
62,231674,8316.8325545523,10,31.2132034355964,0,8316.8325545523
62,231675,8299.28972139451,10,31.2132034355964,0,8299.28972139451
62,231676,8281.81766774633,10,31.2132034355964,0,8281.81766774633
62,231712,7703.88244641919,10,31.2132034355964,0,7703.88244641919
62,231713,7689.35951070469,10,31.2132034355964,0,7689.35951070469
62,231714,7674.92556867547,10,31.2132034355964,0,7674.92556867547
62,231715,7660.58112337325,10,31.2132034355964,0,7660.58112337325
62,232292,10004.0014415655,10,31.2132034355964,0,10004.0014415655
62,232293,9981.8124746732,10,31.2132034355964,0,9981.8124746732
62,232294,9959.66382906145,10,31.2132034355964,0,9959.66382906145
62,232295,9937.55577433105,10,31.2132034355964,0,9937.55577433105
62,232296,9915.48858199517,10,31.2132034355964,0,9915.48858199517
62,232297,9893.46252548304,10,31.2132034355964,0,9893.46252548304
62,232298,9871.47788015216,10,31.2132034355964,0,9871.47788015216
62,232299,9849.53492329626,10,31.2132034355964,0,9849.53492329626
62,232300,9827.6339341634,10,31.2132034355964,0,9827.6339341634
62,232301,9805.77519395234,10,31.2132034355964,0,9805.77519395234
62,232377,8292.66302170885,10,31.2132034355964,0,8292.66302170885
62,232378,8275.06885536384,10,31.2132034355964,0,8275.06885536384
62,232379,8257.54545873051,10,31.2132034355964,0,8257.54545873051
62,232380,8240.09328330589,10,31.2132034355964,0,8240.09328330589
62,232416,7663.20767359905,10,31.2132034355964,0,7663.20767359905
62,232417,7648.72430240864,10,31.2132034355964,0,7648.72430240864
62,232997,9939.58817499496,10,31.2132034355964,0,9939.58817499496
62,232998,9917.43524806693,10,31.2132034355964,0,9917.43524806693
62,233004,9785.3829906964,10,31.2132034355964,0,9785.3829906964
62,233005,9763.52109923954,10,31.2132034355964,0,9763.52109923954
62,233081,8250.88532435027,10,31.2132034355964,0,8250.88532435027
62,233082,8233.3103620241,10,31.2132034355964,0,8233.3103620241
62,233083,8215.80661173724,10,31.2132034355964,0,8215.80661173724
62,233084,8198.37452960659,10,31.2132034355964,0,8198.37452960659
62,233707,9765.03982519582,10,31.2132034355964,0,9765.03982519582
62,233708,9743.13216921666,10,31.2132034355964,0,9743.13216921666
62,233709,9721.26710038441,10,31.2132034355964,0,9721.26710038441
62,233786,8191.55715590933,10,31.2132034355964,0,8191.55715590933
62,233787,8174.07326514025,10,31.2132034355964,0,8174.07326514025
62,233788,8156.66149482051,10,31.2132034355964,0,8156.66149482051
62,233789,8139.32230779515,10,31.2132034355964,0,8139.32230779515
62,234410,9744.74600456556,10,31.2132034355964,0,9744.74600456556
62,234411,9722.79250375843,10,31.2132034355964,0,9722.79250375843
62,234412,9700.88147280691,10,31.2132034355964,0,9700.88147280691
62,234413,9679.01320013671,10,31.2132034355964,0,9679.01320013671
62,234414,9657.18797622154,10,31.2132034355964,0,9657.18797622154
62,234490,8149.80932005495,10,31.2132034355964,0,8149.80932005495
62,234491,8132.34550540003,10,31.2132034355964,0,8132.34550540003
62,234492,8114.95426891904,10,31.2132034355964,0,8114.95426891904
62,234497,8029.10319690357,10,31.2132034355964,0,8029.10319690357
62,235115,9680.54533870215,10,31.2132034355964,0,9680.54533870215
62,235116,9658.63090460447,10,31.2132034355964,0,9658.63090460447
62,235117,9636.75940129381,10,31.2132034355964,0,9636.75940129381
62,235118,9614.93112174093,10,31.2132034355964,0,9614.93112174093
62,235162,8702.11212575745,10,31.2132034355964,0,8702.11212575745
62,235163,8682.56760086273,10,31.2132034355964,0,8682.56760086273
62,235164,8663.08217372382,10,31.2132034355964,0,8663.08217372382
62,235165,8643.65624401285,10,31.2132034355964,0,8643.65624401285
62,235199,8021.58449627801,10,31.2132034355964,0,8021.58449627801
62,235200,8004.51093024826,10,31.2132034355964,0,8004.51093024826
62,235201,7987.51278842038,10,31.2132034355964,0,7987.51278842038
62,235819,9638.29833358197,10,31.2132034355964,0,9638.29833358197
62,235820,9616.38046780325,10,31.2132034355964,0,9616.38046780325
62,235821,9594.50570670315,10,31.2132034355964,0,9594.50570670315
62,235822,9572.6743457793,10,31.2132034355964,0,9572.6743457793
62,235823,9550.88668264269,10,31.2132034355964,0,9550.88668264269
62,235866,8659.93808026899,10,31.2132034355964,0,8659.93808026899
62,235867,8640.40151492583,10,31.2132034355964,0,8640.40151492583
62,235868,8620.92437297982,10,31.2132034355964,0,8620.92437297982
62,235869,8601.50705810575,10,31.2132034355964,0,8601.50705810575
62,235902,7997.08107896685,10,31.2132034355964,0,7997.08107896685
62,235903,7979.95499433546,10,31.2132034355964,0,7979.95499433546
62,235904,7962.90434203958,10,31.2132034355964,0,7962.90434203958
62,235905,7945.92960767363,10,31.2132034355964,0,7945.92960767363
62,236524,9574.13016565643,10,31.2132034355964,0,9574.13016565643
62,236525,9552.25211926288,10,31.2132034355964,0,9552.25211926288
62,236526,9530.41765089936,10,31.2132034355964,0,9530.41765089936
62,236527,9508.62706077157,10,31.2132034355964,0,9508.62706077157
62,236528,9486.88065123181,10,31.2132034355964,0,9486.88065123181
62,236570,8617.76498418651,10,31.2132034355964,0,8617.76498418651
62,236571,8598.23645974637,10,31.2132034355964,0,8598.23645974637
62,236572,8578.76768789525,10,31.2132034355964,0,8578.76768789525
62,236573,8559.35907636457,10,31.2132034355964,0,8559.35907636457
62,236606,7955.43572559225,10,31.2132034355964,0,7955.43572559225
62,236607,7938.332316616,10,31.2132034355964,0,7938.332316616
62,236608,7921.3048347121,10,31.2132034355964,0,7921.3048347121
62,236609,7904.35377056706,10,31.2132034355964,0,7904.35377056706
62,237228,9531.88000146832,10,31.2132034355964,0,9531.88000146832
62,237229,9509.99864191749,10,31.2132034355964,0,9509.99864191749
62,237230,9488.16103970857,10,31.2132034355964,0,9488.16103970857
62,237231,9466.3674976653,10,31.2132034355964,0,9466.3674976653
62,237232,9444.61832079922,10,31.2132034355964,0,9444.61832079922
62,237274,8575.59285319919,10,31.2132034355964,0,8575.59285319919
62,237275,8556.07245225131,10,31.2132034355964,0,8556.07245225131
62,237276,8536.6121366879,10,31.2132034355964,0,8536.6121366879
62,237309,7930.95346409645,10,31.2132034355964,0,7930.95346409645
62,237310,7913.7970514039,10,31.2132034355964,0,7913.7970514039
62,237311,7896.71657285378,10,31.2132034355964,0,7896.71657285378
62,237312,7879.71252224613,10,31.2132034355964,0,7879.71252224613
62,237313,7862.78539542984,10,31.2132034355964,0,7862.78539542984
62,237932,9489.62997860336,10,31.2132034355964,0,9489.62997860336
62,237933,9467.74527767275,10,31.2132034355964,0,9467.74527767275
62,237934,9445.9045148591,10,31.2132034355964,0,9445.9045148591
62,237935,9424.10799565271,10,31.2132034355964,0,9424.10799565271
62,237936,9402.35602774806,10,31.2132034355964,0,9402.35602774806
62,237978,8533.42170331238,10,31.2132034355964,0,8533.42170331238
62,237979,8513.90950970399,10,31.2132034355964,0,8513.90950970399
62,238013,7889.29888937069,10,31.2132034355964,0,7889.29888937069
62,238014,7872.1651642219,10,31.2132034355964,0,7872.1651642219
62,238015,7855.10787509959,10,31.2132034355964,0,7855.10787509959
62,238016,7838.1275210239,10,31.2132034355964,0,7838.1275210239
62,238637,9425.49202957872,10,31.2132034355964,0,9425.49202957872
62,238638,9403.64807905524,10,31.2132034355964,0,9403.64807905524
62,238639,9381.84855709773,10,31.2132034355964,0,9381.84855709773
62,238640,9360.09377412747,10,31.2132034355964,0,9360.09377412747
62,238641,9338.3840428184,10,31.2132034355964,0,9338.3840428184
62,238682,8491.25155084339,10,31.2132034355964,0,8491.25155084339
62,238683,8471.74764971251,10,31.2132034355964,0,8471.74764971251
62,238716,7864.83817723403,10,31.2132034355964,0,7864.83817723403
62,238717,7847.65095470157,10,31.2132034355964,0,7847.65095470157
62,238718,7830.54017414469,10,31.2132034355964,0,7830.54017414469
62,238719,7813.50633776616,10,31.2132034355964,0,7813.50633776616
62,239342,9361.39173504392,10,31.2132034355964,0,9361.39173504392
62,239343,9339.58918440849,10,31.2132034355964,0,9339.58918440849
62,239344,9317.83156202652,10,31.2132034355964,0,9317.83156202652
62,239345,9296.11918336391,10,31.2132034355964,0,9296.11918336391
62,239346,9274.45236617956,10,31.2132034355964,0,9274.45236617956
62,239385,8468.63861863545,10,31.2132034355964,0,8468.63861863545
62,239386,8449.08241243922,10,31.2132034355964,0,8449.08241243922
62,239387,8429.5868902341,10,31.2132034355964,0,8429.5868902341
62,239420,7823.17429398679,10,31.2132034355964,0,7823.17429398679
62,239421,7806.00976822235,10,31.2132034355964,0,7806.00976822235
62,239422,7788.92219360586,10,31.2132034355964,0,7788.92219360586
62,239423,7771.91207769874,10,31.2132034355964,0,7771.91207769874
62,239424,7754.97993020465,10,31.2132034355964,0,7754.97993020465
62,239426,7721.35158982074,10,31.2132034355964,0,7721.35158982074
62,240047,9297.32988003978,10,31.2132034355964,0,9297.32988003978
62,240048,9275.56939357289,10,31.2132034355964,0,9275.56939357289
62,240049,9253.85434451734,10,31.2132034355964,0,9253.85434451734
62,240050,9232.1850534927,10,31.2132034355964,0,9232.1850534927
62,240051,9210.56184346141,10,31.2132034355964,0,9210.56184346141
62,240052,9188.98503973019,10,31.2132034355964,0,9188.98503973019
62,240053,9167.45496997184,10,31.2132034355964,0,9167.45496997184
62,240054,9145.97196422786,10,31.2132034355964,0,9145.97196422786
62,240055,9124.53635492364,10,31.2132034355964,0,9124.53635492364
62,240089,8426.46238804059,10,31.2132034355964,0,8426.46238804059
62,240090,8406.91430507886,10,31.2132034355964,0,8406.91430507886
62,240091,8387.42724958596,10,31.2132034355964,0,8387.42724958596
62,240092,8368.00164791712,10,31.2132034355964,0,8368.00164791712
62,240093,8348.63792904809,10,31.2132034355964,0,8348.63792904809
62,240094,8329.33652456523,10,31.2132034355964,0,8329.33652456523
62,240125,7764.37544036966,10,31.2132034355964,0,7764.37544036966
62,240126,7747.31133743368,10,31.2132034355964,0,7747.31133743368
62,240127,7730.32521423444,10,31.2132034355964,0,7730.32521423444
62,240128,7713.41758594394,10,31.2132034355964,0,7713.41758594394
62,240129,7696.58896986637,10,31.2132034355964,0,7696.58896986637
62,240130,7679.83988541677,10,31.2132034355964,0,7679.83988541677
62,240752,9233.30727093091,10,31.2132034355964,0,9233.30727093091
62,240753,9211.58952813163,10,31.2132034355964,0,9211.58952813163
62,240754,9189.91774161539,10,31.2132034355964,0,9189.91774161539
62,240755,9168.29223727183,10,31.2132034355964,0,9168.29223727183
62,240756,9146.71334337891,10,31.2132034355964,0,9146.71334337891
62,240757,9125.18139060194,10,31.2132034355964,0,9125.18139060194
62,240758,9103.6967120158,10,31.2132034355964,0,9103.6967120158
62,240795,8345.26874645838,10,31.2132034355964,0,8345.26874645838
62,240796,8325.85205239467,10,31.2132034355964,0,8325.85205239467
62,240797,8306.49759730717,10,31.2132034355964,0,8306.49759730717
62,240798,8287.2058172652,10,31.2132034355964,0,8287.2058172652
62,240799,8267.97715099327,10,31.2132034355964,0,8267.97715099327
62,240830,7705.70772291782,10,31.2132034355964,0,7705.70772291782
62,240831,7688.74586927491,10,31.2132034355964,0,7688.74586927491
62,240832,7671.86304373207,10,31.2132034355964,0,7671.86304373207
62,240833,7655.05976916816,10,31.2132034355964,0,7655.05976916816
62,240834,7638.33657058647,10,31.2132034355964,0,7638.33657058647
62,240835,7621.69397508402,10,31.2132034355964,0,7621.69397508402
62,241460,9104.44161084296,10,31.2132034355964,0,9104.44161084296
62,241461,9082.90775849552,10,31.2132034355964,0,9082.90775849552
62,241462,9061.4213923978,10,31.2132034355964,0,9061.4213923978
62,241463,9039.98285115088,10,31.2132034355964,0,9039.98285115088
62,241464,9018.59247581321,10,31.2132034355964,0,9018.59247581321
62,241500,8283.703707992,10,31.2132034355964,0,8283.703707992
62,241501,8264.35861526271,10,31.2132034355964,0,8264.35861526271
62,241502,8245.07656235746,10,31.2132034355964,0,8245.07656235746
62,241503,8225.85799258658,10,31.2132034355964,0,8225.85799258658
62,241534,7664.11146987724,10,31.2132034355964,0,7664.11146987724
62,241535,7647.17416734796,10,31.2132034355964,0,7647.17416734796
62,241536,7630.31643293459,10,31.2132034355964,0,7630.31643293459
62,241537,7613.53879517014,10,31.2132034355964,0,7613.53879517014
62,241538,7596.84178473383,10,31.2132034355964,0,7596.84178473383
62,241539,7580.22593442355,10,31.2132034355964,0,7580.22593442355
62,242166,9019.14600602887,10,31.2132034355964,0,9019.14600602887
62,242169,8954.97143187339,10,31.2132034355964,0,8954.97143187339
62,242204,8241.55663565563,10,31.2132034355964,0,8241.55663565563
62,242205,8222.22100542508,10,31.2132034355964,0,8222.22100542508
62,242206,8202.94878397987,10,31.2132034355964,0,8202.94878397987
62,242207,8183.74041929555,10,31.2132034355964,0,8183.74041929555
62,242239,7605.61023568416,10,31.2132034355964,0,7605.61023568416
62,242240,7588.77788572113,10,31.2132034355964,0,7588.77788572113
62,242241,7572.02618510973,10,31.2132034355964,0,7572.02618510973
62,242242,7555.35567029785,10,31.2132034355964,0,7555.35567029785
62,242243,7538.76687986635,10,31.2132034355964,0,7538.76687986635
62,242871,8955.42902868291,10,31.2132034355964,0,8955.42902868291
62,242872,8934.03611233063,10,31.2132034355964,0,8934.03611233063
62,242873,8912.69215453789,10,31.2132034355964,0,8912.69215453789
62,242874,8891.39750788529,10,31.2132034355964,0,8891.39750788529
62,242907,8218.80025483627,10,31.2132034355964,0,8218.80025483627
62,242908,8199.41085676807,10,31.2132034355964,0,8199.41085676807
62,242909,8180.08479076533,10,31.2132034355964,0,8180.08479076533
62,242910,8160.82250677153,10,31.2132034355964,0,8160.82250677153
62,242911,8141.62445749209,10,31.2132034355964,0,8141.62445749209
62,242912,8122.49109839501,10,31.2132034355964,0,8122.49109839501
62,242943,7564.05420428367,10,31.2132034355964,0,7564.05420428367
62,242944,7547.24753714688,10,31.2132034355964,0,7547.24753714688
62,242945,7530.52207922986,10,31.2132034355964,0,7530.52207922986
62,242946,7513.87837283477,10,31.2132034355964,0,7513.87837283477
62,242947,7497.31696241481,10,31.2132034355964,0,7497.31696241481
62,242948,7480.83839454041,10,31.2132034355964,0,7480.83839454041
62,243575,8913.15199915989,10,31.2132034355964,0,8913.15199915989
62,243576,8891.75779551763,10,31.2132034355964,0,8891.75779551763
62,243577,8870.4127781252,10,31.2132034355964,0,8870.4127781252
62,243578,8849.11730290941,10,31.2132034355964,0,8849.11730290941
62,243610,8196.08985261804,10,31.2132034355964,0,8196.08985261804
62,243611,8176.64649640866,10,31.2132034355964,0,8176.64649640866
62,243612,8157.26639314637,10,31.2132034355964,0,8157.26639314637
62,243613,8137.94999473376,10,31.2132034355964,0,8137.94999473376
62,243614,8118.6977558805,10,31.2132034355964,0,8118.6977558805
62,243615,8099.51013409975,10,31.2132034355964,0,8099.51013409975
62,243648,7505.72552523213,10,31.2132034355964,0,7505.72552523213
62,243649,7489.026620851,10,31.2132034355964,0,7489.026620851
62,243650,7472.41004109884,10,31.2132034355964,0,7472.41004109884
62,243651,7455.87633639447,10,31.2132034355964,0,7455.87633639447
62,243652,7439.4260592962,10,31.2132034355964,0,7439.4260592962
62,244280,8849.47938911553,10,31.2132034355964,0,8849.47938911553
62,244281,8828.1333028478,10,31.2132034355964,0,8828.1333028478
62,244282,8806.83699196776,10,31.2132034355964,0,8806.83699196776
62,244314,8153.92830784747,10,31.2132034355964,0,8153.92830784747
62,244315,8134.49397482891,10,31.2132034355964,0,8134.49397482891
62,244316,8115.12326706697,10,31.2132034355964,0,8115.12326706697
62,244317,8095.81664126487,10,31.2132034355964,0,8095.81664126487
62,244318,8076.57455697699,10,31.2132034355964,0,8076.57455697699
62,244319,8057.39747660393,10,31.2132034355964,0,8057.39747660393
62,244320,8038.28586539073,10,31.2132034355964,0,8038.28586539073
62,244351,7480.9663765952,10,31.2132034355964,0,7480.9663765952
62,244352,7464.21199103875,10,31.2132034355964,0,7464.21199103875
62,244353,7447.53995645651,10,31.2132034355964,0,7447.53995645651
62,244354,7430.9508271345,10,31.2132034355964,0,7430.9508271345
62,244355,7414.44515955296,10,31.2132034355964,0,7414.44515955296
62,244356,7398.02351234321,10,31.2132034355964,0,7398.02351234321
62,244984,8807.20089347411,10,31.2132034355964,0,8807.20089347411
62,244985,8785.85372892309,10,31.2132034355964,0,8785.85372892309
62,244986,8764.55657517682,10,31.2132034355964,0,8764.55657517682
62,245019,8092.34271121261,10,31.2132034355964,0,8092.34271121261
62,245020,8072.98150126475,10,31.2132034355964,0,8072.98150126475
62,245021,8053.68475479145,10,31.2132034355964,0,8053.68475479145
62,245022,8034.45293627081,10,31.2132034355964,0,8034.45293627081
62,245023,8015.28651306656,10,31.2132034355964,0,8015.28651306656
62,245024,7996.18595542512,10,31.2132034355964,0,7996.18595542512
62,245025,7977.15173647403,10,31.2132034355964,0,7977.15173647403
62,245056,7422.70707875495,10,31.2132034355964,0,7422.70707875495
62,245057,7406.06223578001,10,31.2132034355964,0,7406.06223578001
62,245058,7389.50088636506,10,31.2132034355964,0,7389.50088636506
62,245059,7373.02359313972,10,31.2132034355964,0,7373.02359313972
62,245060,7356.63092091045,10,31.2132034355964,0,7356.63092091045
62,245688,8764.92230894967,10,31.2132034355964,0,8764.92230894967
62,245689,8743.57405657329,10,31.2132034355964,0,8743.57405657329
62,245690,8722.27605265608,10,31.2132034355964,0,8722.27605265608
62,245724,8030.84111895256,10,31.2132034355964,0,8030.84111895256
62,245725,8011.55436026331,10,31.2132034355964,0,8011.55436026331
62,245726,7992.33292052386,10,31.2132034355964,0,7992.33292052386
62,245727,7973.17727213906,10,31.2132034355964,0,7973.17727213906
62,245728,7954.08789043995,10,31.2132034355964,0,7954.08789043995
62,245729,7935.06525368147,10,31.2132034355964,0,7935.06525368147
62,245760,7381.21093578102,10,31.2132034355964,0,7381.21093578102
62,245761,7364.59361190024,10,31.2132034355964,0,7364.59361190024
62,245762,7348.06037768375,10,31.2132034355964,0,7348.06037768375
62,245763,7331.61180201592,10,31.2132034355964,0,7331.61180201592
62,245764,7315.24845596913,10,31.2132034355964,0,7315.24845596913
62,246392,8722.64363590916,10,31.2132034355964,0,8722.64363590916
62,246393,8701.29428602839,10,31.2132034355964,0,8701.29428602839
62,246394,8679.99542452423,10,31.2132034355964,0,8679.99542452423
62,246395,8658.74742397264,10,31.2132034355964,0,8658.74742397264
62,246396,8637.55065972346,10,31.2132034355964,0,8637.55065972346
62,246429,7969.42548315788,10,31.2132034355964,0,7969.42548315788
62,246430,7950.21453706397,10,31.2132034355964,0,7950.21453706397
62,246431,7931.0697830828,10,31.2132034355964,0,7931.0697830828
62,246432,7911.99170171452,10,31.2132034355964,0,7911.99170171452
62,246464,7339.72371282516,10,31.2132034355964,0,7339.72371282516
62,246465,7323.1342413266,10,31.2132034355964,0,7323.1342413266
62,246466,7306.62946355811,10,31.2132034355964,0,7306.62946355811
62,246467,7290.20995474968,10,31.2132034355964,0,7290.20995474968
62,247097,8659.01441751492,10,31.2132034355964,0,8659.01441751492
62,247098,8637.71469090236,10,31.2132034355964,0,8637.71469090236
62,247099,8616.46607110528,10,31.2132034355964,0,8616.46607110528
62,247100,8595.26893714903,10,31.2132034355964,0,8595.26893714903
62,247134,7908.09781379584,10,31.2132034355964,0,7908.09781379584
62,247135,7888.96407578097,10,31.2132034355964,0,7888.96407578097
62,247136,7869.89742119096,10,31.2132034355964,0,7869.89742119096
62,247137,7850.89833878297,10,31.2132034355964,0,7850.89833878297
62,247138,7831.96732031397,10,31.2132034355964,0,7831.96732031397
62,247168,7298.24556398145,10,31.2132034355964,0,7298.24556398145
62,247169,7281.68428409876,10,31.2132034355964,0,7281.68428409876
62,247170,7265.20831011681,10,31.2132034355964,0,7265.20831011681
62,247171,7248.81822371404,10,31.2132034355964,0,7248.81822371404
62,247801,8616.73445126981,10,31.2132034355964,0,8616.73445126981
62,247802,8595.43385191922,10,31.2132034355964,0,8595.43385191922
62,247803,8574.18460762923,10,31.2132034355964,0,8574.18460762923
62,247814,8343.9438903335,10,31.2132034355964,0,8343.9438903335
62,247815,8323.34159077384,10,31.2132034355964,0,8323.34159077384
62,247816,8302.79584914019,10,31.2132034355964,0,8302.79584914019
62,247839,7846.86018075828,10,31.2132034355964,0,7846.86018075828
62,247840,7827.80508150297,10,31.2132034355964,0,7827.80508150297
62,247841,7808.8179755957,10,31.2132034355964,0,7808.8179755957
62,247842,7789.8993602177,10,31.2132034355964,0,7789.8993602177
62,247843,7771.04973559225,10,31.2132034355964,0,7771.04973559225
62,247844,7752.26960496877,10,31.2132034355964,0,7752.26960496877
62,247845,7733.55947462843,10,31.2132034355964,0,7733.55947462843
62,247873,7240.24390388642,10,31.2132034355964,0,7240.24390388642
62,247874,7223.79708726366,10,31.2132034355964,0,7223.79708726366
62,247875,7207.43678520882,10,31.2132034355964,0,7207.43678520882
62,248505,8574.45438753406,10,31.2132034355964,0,8574.45438753406
62,248508,8510.70515177953,10,31.2132034355964,0,8510.70515177953
62,248517,8322.32909999025,10,31.2132034355964,0,8322.32909999025
62,248518,8301.67304772489,10,31.2132034355964,0,8301.67304772489
62,248519,8281.07343451649,10,31.2132034355964,0,8281.07343451649
62,248520,8260.53068259972,10,31.2132034355964,0,8260.53068259972
62,248543,7804.75812919687,10,31.2132034355964,0,7804.75812919687
62,248544,7785.71471598255,10,31.2132034355964,0,7785.71471598255
62,248545,7766.73972243535,10,31.2132034355964,0,7766.73972243535
62,248546,7747.83365125137,10,31.2132034355964,0,7747.83365125137
62,248547,7728.99700820555,10,31.2132034355964,0,7728.99700820555
62,248548,7710.23030215568,10,31.2132034355964,0,7710.23030215568
62,248549,7691.53404502199,10,31.2132034355964,0,7691.53404502199
62,248577,7198.81326808585,10,31.2132034355964,0,7198.81326808585
62,248578,7182.39596878027,10,31.2132034355964,0,7182.39596878027
62,248579,7166.06581955479,10,31.2132034355964,0,7166.06581955479
62,249211,8489.62134905443,10,31.2132034355964,0,8489.62134905443
62,249212,8468.42308899702,10,31.2132034355964,0,8468.42308899702
62,249221,8280.05585361547,10,31.2132034355964,0,8280.05585361547
62,249222,8259.40221421946,10,31.2132034355964,0,8259.40221421946
62,249223,8238.80531612088,10,31.2132034355964,0,8238.80531612088
62,249224,8218.26558593893,10,31.2132034355964,0,8218.26558593893
62,249225,8197.78345337948,10,31.2132034355964,0,8197.78345337948
62,249226,8177.35935124586,10,31.2132034355964,0,8177.35935124586
62,249249,7724.66361565716,10,31.2132034355964,0,7724.66361565716
62,249250,7705.77023215438,10,31.2132034355964,0,7705.77023215438
62,249251,7686.94671960994,10,31.2132034355964,0,7686.94671960994
62,249252,7668.19359257094,10,31.2132034355964,0,7668.19359257094
62,249253,7649.51136869561,10,31.2132034355964,0,7649.51136869561
62,249254,7630.90056874951,10,31.2132034355964,0,7630.90056874951
62,249281,7157.39254793342,10,31.2132034355964,0,7157.39254793342
62,249282,7141.00513243495,10,31.2132034355964,0,7141.00513243495
62,249283,7124.70551121867,10,31.2132034355964,0,7124.70551121867
62,249284,7108.49428821526,10,31.2132034355964,0,7108.49428821526
62,249914,8468.59070407432,10,31.2132034355964,0,8468.59070407432
62,249915,8447.33955405722,10,31.2132034355964,0,8447.33955405722
62,249916,8426.14091282932,10,31.2132034355964,0,8426.14091282932
62,249917,8404.99517769818,10,31.2132034355964,0,8404.99517769818
62,249925,8237.78259228419,10,31.2132034355964,0,8237.78259228419
62,249926,8217.13139172066,10,31.2132034355964,0,8217.13139172066
62,249927,8196.53723793617,10,31.2132034355964,0,8196.53723793617
62,249928,8176.00056200941,10,31.2132034355964,0,8176.00056200941
62,249929,8155.5217981524,10,31.2132034355964,0,8155.5217981524
62,249930,8135.10138371583,10,31.2132034355964,0,8135.10138371583
62,249953,7682.58969240632,10,31.2132034355964,0,7682.58969240632
62,249954,7663.70914252228,10,31.2132034355964,0,7663.70914252228
62,249955,7644.89891193937,10,31.2132034355964,0,7644.89891193937
62,249956,7626.15952099303,10,31.2132034355964,0,7626.15952099303
62,249957,7607.49149317951,10,31.2132034355964,0,7607.49149317951
62,249958,7588.895355141,10,31.2132034355964,0,7588.895355141
62,249986,7099.62476009893,10,31.2132034355964,0,7099.62476009893
62,249987,7083.3560489267,10,31.2132034355964,0,7083.3560489267
62,249988,7067.17639592163,10,31.2132034355964,0,7067.17639592163
62,249989,7051.08641414932,10,31.2132034355964,0,7051.08641414932
62,250618,8426.3094449358,10,31.2132034355964,0,8426.3094449358
62,250619,8405.05764865678,10,31.2132034355964,0,8405.05764865678
62,250620,8383.85862328573,10,31.2132034355964,0,8383.85862328573
62,250621,8362.71277013648,10,31.2132034355964,0,8362.71277013648
62,250631,8154.2692023576,10,31.2132034355964,0,8154.2692023576
62,250632,8133.73561372278,10,31.2132034355964,0,8133.73561372278
62,250658,7621.65042281491,10,31.2132034355964,0,7621.65042281491
62,250659,7602.85362825421,10,31.2132034355964,0,7602.85362825421
62,250660,7584.12813319044,10,31.2132034355964,0,7584.12813319044
62,250661,7565.47446704988,10,31.2132034355964,0,7565.47446704988
62,250662,7546.89316245224,10,31.2132034355964,0,7546.89316245224
62,250691,7042.01762579053,10,31.2132034355964,0,7042.01762579053
62,250692,7025.86994098152,10,31.2132034355964,0,7025.86994098152
62,250693,7009.81260351494,10,31.2132034355964,0,7009.81260351494
62,250694,6993.84623568403,10,31.2132034355964,0,6993.84623568403
62,251323,8362.77563290896,10,31.2132034355964,0,8362.77563290896
62,251324,8341.57622037337,10,31.2132034355964,0,8341.57622037337
62,251325,8320.43024887534,10,31.2132034355964,0,8320.43024887534
62,251326,8299.33812690749,10,31.2132034355964,0,8299.33812690749
62,251327,8278.3002660735,10,31.2132034355964,0,8278.3002660735
62,251362,7579.59411438949,10,31.2132034355964,0,7579.59411438949
62,251363,7560.81091257519,10,31.2132034355964,0,7560.81091257519
62,251364,7542.0994759495,10,31.2132034355964,0,7542.0994759495
62,251365,7523.46033996907,10,31.2132034355964,0,7523.46033996907
62,251366,7504.89404333047,10,31.2132034355964,0,7504.89404333047
62,251396,6984.57512838536,10,31.2132034355964,0,6984.57512838536
62,252028,8299.29370409951,10,31.2132034355964,0,8299.29370409951
62,252029,8278.14761392088,10,31.2132034355964,0,8278.14761392088
62,252030,8257.05564899855,10,31.2132034355964,0,8257.05564899855
62,252031,8236.01822516884,10,31.2132034355964,0,8236.01822516884
62,252032,8215.03576144683,10,31.2132034355964,0,8215.03576144683
62,252066,7537.54025952639,10,31.2132034355964,0,7537.54025952639
62,252067,7518.77080990307,10,31.2132034355964,0,7518.77080990307
62,252068,7500.0735970997,10,31.2132034355964,0,7500.0735970997
62,252069,7481.44916270637,10,31.2132034355964,0,7481.44916270637
62,252070,7462.89805160442,10,31.2132034355964,0,7462.89805160442
62,252733,8235.86486527446,10,31.2132034355964,0,8235.86486527446
62,252734,8214.77305989665,10,31.2132034355964,0,8214.77305989665
62,252735,8193.73607847187,10,31.2132034355964,0,8193.73607847187
62,252736,8172.75434435511,10,31.2132034355964,0,8172.75434435511
62,252770,7495.48890145147,10,31.2132034355964,0,7495.48890145147
62,252771,7476.73336624596,10,31.2132034355964,0,7476.73336624596
62,252772,7458.05054554587,10,31.2132034355964,0,7458.05054554587
62,252773,7439.44098718106,10,31.2132034355964,0,7439.44098718106
62,252774,7420.90524231508,10,31.2132034355964,0,7420.90524231508
62,252775,7402.44386543759,10,31.2132034355964,0,7402.44386543759
62,253438,8172.49035964671,10,31.2132034355964,0,8172.49035964671
62,253439,8151.45382610901,10,31.2132034355964,0,8151.45382610901
62,253440,8130.47283010027,10,31.2132034355964,0,8130.47283010027
62,253474,7453.44008436411,10,31.2132034355964,0,7453.44008436411
62,253475,7434.69862865416,10,31.2132034355964,0,7434.69862865416
62,253476,7416.03037130393,10,31.2132034355964,0,7416.03037130393
62,253477,7397.43586648476,10,31.2132034355964,0,7397.43586648476
62,253478,7378.91567175728,10,31.2132034355964,0,7378.91567175728
62,253479,7360.47034805143,10,31.2132034355964,0,7360.47034805143
62,254142,8130.20754828863,10,31.2132034355964,0,8130.20754828863
62,254143,8109.17146820986,10,31.2132034355964,0,8109.17146820986
62,254144,8088.19121894528,10,31.2132034355964,0,8088.19121894528
62,254178,7411.39385346084,10,31.2132034355964,0,7411.39385346084
62,254179,7392.66664524202,10,31.2132034355964,0,7392.66664524202
62,254180,7374.01312551773,10,31.2132034355964,0,7374.01312551773
62,254181,7355.43385491799,10,31.2132034355964,0,7355.43385491799
62,254182,7336.9293975042,10,31.2132034355964,0,7336.9293975042
62,254183,7318.50032075946,10,31.2132034355964,0,7318.50032075946
62,254184,7300.14719557612,10,31.2132034355964,0,7300.14719557612
62,254846,8087.92462586767,10,31.2132034355964,0,8087.92462586767
62,254847,8066.88900490897,10,31.2132034355964,0,8066.88900490897
62,254848,8045.90951115761,10,31.2132034355964,0,8045.90951115761
62,254883,7350.63746521985,10,31.2132034355964,0,7350.63746521985
62,254884,7331.9988605069,10,31.2132034355964,0,7331.9988605069
62,254885,7313.43500802529,10,31.2132034355964,0,7313.43500802529
62,254886,7294.94647845181,10,31.2132034355964,0,7294.94647845181
62,254887,7276.53384593947,10,31.2132034355964,0,7276.53384593947
62,254888,7258.19768809896,10,31.2132034355964,0,7258.19768809896
62,254889,7239.93858597708,10,31.2132034355964,0,7239.93858597708
62,255550,8045.64159243256,10,31.2132034355964,0,8045.64159243256
62,255551,8024.60643633891,10,31.2132034355964,0,8024.60643633891
62,255552,8003.62770701037,10,31.2132034355964,0,8003.62770701037
62,255553,7982.70584932232,10,31.2132034355964,0,7982.70584932232
62,255554,7961.84131160831,10,31.2132034355964,0,7961.84131160831
62,255588,7289.98762979017,10,31.2132034355964,0,7289.98762979017
62,255589,7271.4393826285,10,31.2132034355964,0,7271.4393826285
62,255590,7252.96697485801,10,31.2132034355964,0,7252.96697485801
62,255591,7234.57098741331,10,31.2132034355964,0,7234.57098741331
62,255592,7216.2520047376,10,31.2132034355964,0,7216.2520047376
62,255593,7198.01061476243,10,31.2132034355964,0,7198.01061476243
62,255594,7179.84740889498,10,31.2132034355964,0,7179.84740889498
62,256254,8003.35844802623,10,31.2132034355964,0,8003.35844802623
62,256255,7982.32376263732,10,31.2132034355964,0,7982.32376263732
62,256256,7961.34580678649,10,31.2132034355964,0,7961.34580678649
62,256257,7940.42503009704,10,31.2132034355964,0,7940.42503009704
62,256258,7919.56188571503,10,31.2132034355964,0,7919.56188571503
62,256293,7229.44703686803,10,31.2132034355964,0,7229.44703686803
62,256294,7210.99094837645,10,31.2132034355964,0,7210.99094837645
62,256295,7192.6118104826,10,31.2132034355964,0,7192.6118104826
62,256296,7174.31021458038,10,31.2132034355964,0,7174.31021458038
62,256297,7156.08675561177,10,31.2132034355964,0,7156.08675561177
62,256298,7137.94203203396,10,31.2132034355964,0,7137.94203203396
62,256373,6049.33855892475,10,31.2132034355964,0,6049.33855892475
62,256374,6039.12568354437,10,31.2132034355964,0,6039.12568354437
62,256959,7940.04098394703,10,31.2132034355964,0,7940.04098394703
62,256960,7919.06381076959,10,31.2132034355964,0,7919.06381076959
62,256961,7898.14412762195,10,31.2132034355964,0,7898.14412762195
62,256962,7877.28239253162,10,31.2132034355964,0,7877.28239253162
62,256999,7150.65638197648,10,31.2132034355964,0,7150.65638197648
62,257000,7132.37238833822,10,31.2132034355964,0,7132.37238833822
62,257001,7114.16708325179,10,31.2132034355964,0,7114.16708325179
62,257002,7096.04107236039,10,31.2132034355964,0,7096.04107236039
62,257076,6021.26037868306,10,31.2132034355964,0,6021.26037868306
62,257077,6010.99974250344,10,31.2132034355964,0,6010.99974250344
62,257078,6000.87055942476,10,31.2132034355964,0,6000.87055942476
62,257079,5990.87349621734,10,31.2132034355964,0,5990.87349621734
62,257664,7876.78171925444,10,31.2132034355964,0,7876.78171925444
62,257665,7855.86314239014,10,31.2132034355964,0,7855.86314239014
62,257666,7835.00283280862,10,31.2132034355964,0,7835.00283280862
62,257667,7814.20125715127,10,31.2132034355964,0,7814.20125715127
62,257704,7090.43859838103,10,31.2132034355964,0,7090.43859838103
62,257705,7072.25167417675,10,31.2132034355964,0,7072.25167417675
62,257706,7054.14461063111,10,31.2132034355964,0,7054.14461063111
62,257707,7036.11802429593,10,31.2132034355964,0,7036.11802429593
62,257780,5982.89112223947,10,31.2132034355964,0,5982.89112223947
62,257781,5972.71421483755,10,31.2132034355964,0,5972.71421483755
62,257782,5962.66989052823,10,31.2132034355964,0,5962.66989052823
62,257783,5952.7588204493,10,31.2132034355964,0,5952.7588204493
62,257784,5942.98167128394,10,31.2132034355964,0,5942.98167128394
62,258368,7834.49953253898,10,31.2132034355964,0,7834.49953253898
62,258369,7813.58207490813,10,31.2132034355964,0,7813.58207490813
62,258370,7792.72320732122,10,31.2132034355964,0,7792.72320732122
62,258371,7771.92340152514,10,31.2132034355964,0,7771.92340152514
62,258372,7751.18313298431,10,31.2132034355964,0,7751.18313298431
62,258373,7730.50288089837,10,31.2132034355964,0,7730.50288089837
62,258408,7048.5089188032,10,31.2132034355964,0,7048.5089188032
62,258409,7030.34060669628,10,31.2132034355964,0,7030.34060669628
62,258410,7012.252729532,10,31.2132034355964,0,7012.252729532
62,258411,6994.24591135136,10,31.2132034355964,0,6994.24591135136
62,258486,5924.52473265812,10,31.2132034355964,0,5924.52473265812
62,258487,5914.70085908779,10,31.2132034355964,0,5914.70085908779
62,258488,5905.01205980829,10,31.2132034355964,0,5905.01205980829
62,259073,7771.30092569254,10,31.2132034355964,0,7771.30092569254
62,259074,7750.44351685801,10,31.2132034355964,0,7750.44351685801
62,259075,7729.64550135385,10,31.2132034355964,0,7729.64550135385
62,259076,7708.90735989601,10,31.2132034355964,0,7708.90735989601
62,259077,7688.22957699748,10,31.2132034355964,0,7688.22957699748
62,259078,7667.61264097608,10,31.2132034355964,0,7667.61264097608
62,259113,6988.43396098803,10,31.2132034355964,0,6988.43396098803
62,259114,6970.36551372227,10,31.2132034355964,0,6970.36551372227
62,259115,6952.37871532505,10,31.2132034355964,0,6952.37871532505
62,259189,5896.30718626346,10,31.2132034355964,0,5896.30718626346
62,259190,5886.43616743149,10,31.2132034355964,0,5886.43616743149
62,259191,5876.70071644791,10,31.2132034355964,0,5876.70071644791
62,259192,5867.10150816972,10,31.2132034355964,0,5867.10150816972
62,259778,7708.1637622235,10,31.2132034355964,0,7708.1637622235
62,259779,7687.36755778305,10,31.2132034355964,0,7687.36755778305
62,259780,7666.63156800888,10,31.2132034355964,0,7666.63156800888
62,259781,7645.95628280829,10,31.2132034355964,0,7645.95628280829
62,259782,7625.34219596782,10,31.2132034355964,0,7625.34219596782
62,259817,6946.53181916057,10,31.2132034355964,0,6946.53181916057
62,259818,6928.48304990566,10,31.2132034355964,0,6928.48304990566
62,259819,6910.5165276756,10,31.2132034355964,0,6910.5165276756
62,259893,5858.18782965149,10,31.2132034355964,0,5858.18782965149
62,259894,5848.40530302074,10,31.2132034355964,0,5848.40530302074
62,259895,5838.75952390327,10,31.2132034355964,0,5838.75952390327
62,259896,5829.25117113439,10,31.2132034355964,0,5829.25117113439
62,259897,5819.88091828416,10,31.2132034355964,0,5819.88091828416
62,260482,7665.88394424158,10,31.2132034355964,0,7665.88394424158
62,260483,7645.08957198546,10,31.2132034355964,0,7645.08957198546
62,260484,7624.35575890272,10,31.2132034355964,0,7624.35575890272
62,260485,7603.68300039709,10,31.2132034355964,0,7603.68300039709
62,260487,7562.52264840602,10,31.2132034355964,0,7562.52264840602
62,260488,7542.03606545201,10,31.2132034355964,0,7542.03606545201
62,260489,7521.61255816323,10,31.2132034355964,0,7521.61255816323
62,260521,6904.63426530604,10,31.2132034355964,0,6904.63426530604
62,260522,6886.60542687917,10,31.2132034355964,0,6886.60542687917
62,260523,6868.65944207837,10,31.2132034355964,0,6868.65944207837
62,260597,5820.12605186432,10,31.2132034355964,0,5820.12605186432
62,260598,5810.43327491679,10,31.2132034355964,0,5810.43327491679
62,260599,5800.87844064955,10,31.2132034355964,0,5800.87844064955
62,260600,5791.46223180116,10,31.2132034355964,0,5791.46223180116
62,260601,5782.18532562287,10,31.2132034355964,0,5782.18532562287
62,261190,7540.80144315154,10,31.2132034355964,0,7540.80144315154
62,261191,7520.25557704541,10,31.2132034355964,0,7520.25557704541
62,261192,7499.77264657845,10,31.2132034355964,0,7499.77264657845
62,261193,7479.3531688158,10,31.2132034355964,0,7479.3531688158
62,261201,7318.34503377063,10,31.2132034355964,0,7318.34503377063
62,261202,7298.52057010898,10,31.2132034355964,0,7298.52057010898
62,261203,7278.76495420908,10,31.2132034355964,0,7278.76495420908
62,261204,7259.07874817683,10,31.2132034355964,0,7259.07874817683
62,261225,6862.74138555651,10,31.2132034355964,0,6862.74138555651
62,261226,6844.73273560305,10,31.2132034355964,0,6844.73273560305
62,261227,6826.80755449854,10,31.2132034355964,0,6826.80755449854
62,261303,5763.05865450179,10,31.2132034355964,0,5763.05865450179
62,261895,7477.98859445323,10,31.2132034355964,0,7477.98859445323
62,261896,7457.5093594081,10,31.2132034355964,0,7457.5093594081
62,261897,7437.0939586232,10,31.2132034355964,0,7437.0939586232
62,261904,7296.01831334369,10,31.2132034355964,0,7296.01831334369
62,261905,7276.13291162651,10,31.2132034355964,0,7276.13291162651
62,261906,7256.3162378453,10,31.2132034355964,0,7256.3162378453
62,261907,7236.56885661323,10,31.2132034355964,0,7236.56885661323
62,261908,7216.89133674326,10,31.2132034355964,0,7216.89133674326
62,261929,6820.85326815595,10,31.2132034355964,0,6820.85326815595
62,261930,6802.86506927297,10,31.2132034355964,0,6802.86506927297
62,261931,6784.96096325334,10,31.2132034355964,0,6784.96096325334
62,262599,7435.72170408301,10,31.2132034355964,0,7435.72170408301
62,262600,7415.24620813853,10,31.2132034355964,0,7415.24620813853
62,262601,7394.8349326118,10,31.2132034355964,0,7394.8349326118
62,262602,7374.48841075308,10,31.2132034355964,0,7374.48841075308
62,262608,7253.79949930966,10,31.2132034355964,0,7253.79949930966
62,262609,7233.9215382662,10,31.2132034355964,0,7233.9215382662
62,262610,7214.11274890784,10,31.2132034355964,0,7214.11274890784
62,262611,7194.37370260338,10,31.2132034355964,0,7194.37370260338
62,262612,7174.70497498487,10,31.2132034355964,0,7174.70497498487
62,262633,6778.97000351687,10,31.2132034355964,0,6778.97000351687
62,263303,7393.45490947248,10,31.2132034355964,0,7393.45490947248
62,263304,7372.98319707157,10,31.2132034355964,0,7372.98319707157
62,263305,7352.5760959219,10,31.2132034355964,0,7352.5760959219
62,263306,7332.23414550448,10,31.2132034355964,0,7332.23414550448
62,263312,7211.58135870177,10,31.2132034355964,0,7211.58135870177
62,263313,7191.71092888294,10,31.2132034355964,0,7191.71092888294
62,263314,7171.91012020305,10,31.2132034355964,0,7171.91012020305
62,263315,7152.17951090249,10,31.2132034355964,0,7152.17951090249
62,263316,7132.51968355553,10,31.2132034355964,0,7132.51968355553
62,263340,6683.50900720265,10,31.2132034355964,0,6683.50900720265
62,264007,7351.18821424011,10,31.2132034355964,0,7351.18821424011
62,264008,7330.7203306,10,31.2132034355964,0,7330.7203306
62,264009,7310.31745381494,10,31.2132034355964,0,7310.31745381494
62,264010,7289.9801296991,10,31.2132034355964,0,7289.9801296991
62,264015,7189.29620740108,10,31.2132034355964,0,7189.29620740108
62,264016,7169.36390542948,10,31.2132034355964,0,7169.36390542948
62,264018,7129.70836903477,10,31.2132034355964,0,7129.70836903477
62,264042,6677.29318673909,10,31.2132034355964,0,6677.29318673909
62,264043,6659.45398759496,10,31.2132034355964,0,6659.45398759496
62,264044,6641.70150113439,10,31.2132034355964,0,6641.70150113439
62,264045,6624.03642453053,10,31.2132034355964,0,6624.03642453053
62,264712,7288.45761322438,10,31.2132034355964,0,7288.45761322438
62,264713,7268.05901167273,10,31.2132034355964,0,7268.05901167273
62,264714,7247.72636969329,10,31.2132034355964,0,7247.72636969329
62,264715,7227.46024397174,10,31.2132034355964,0,7227.46024397174
62,264719,7147.07219255109,10,31.2132034355964,0,7147.07219255109
62,264746,6635.44659911715,10,31.2132034355964,0,6635.44659911715
62,264747,6617.62961458655,10,31.2132034355964,0,6617.62961458655
62,264748,6599.900012702,10,31.2132034355964,0,6599.900012702
62,264749,6582.25849957021,10,31.2132034355964,0,6582.25849957021
62,264750,6564.70578536055,10,31.2132034355964,0,6564.70578536055
62,264751,6547.24258426691,10,31.2132034355964,0,6547.24258426691
62,265416,7246.19504954703,10,31.2132034355964,0,7246.19504954703
62,265417,7225.8007750025,10,31.2132034355964,0,7225.8007750025
62,265418,7205.47287199469,10,31.2132034355964,0,7205.47287199469
62,265419,7185.21190384158,10,31.2132034355964,0,7185.21190384158
62,265450,6593.60553831174,10,31.2132034355964,0,6593.60553831174
62,265451,6575.81106747599,10,31.2132034355964,0,6575.81106747599
62,265452,6558.10465917837,10,31.2132034355964,0,6558.10465917837
62,265453,6540.48702862721,10,31.2132034355964,0,6540.48702862721
62,265454,6522.95889515598,10,31.2132034355964,0,6522.95889515598
62,265455,6505.52098217086,10,31.2132034355964,0,6505.52098217086
62,265456,6488.17401711666,10,31.2132034355964,0,6488.17401711666
62,266120,7203.93264427677,10,31.2132034355964,0,7203.93264427677
62,266121,7183.54274944348,10,31.2132034355964,0,7183.54274944348
62,266122,7163.21964325811,10,31.2132034355964,0,7163.21964325811
62,266123,7142.96389580346,10,31.2132034355964,0,7142.96389580346
62,266124,7122.77608174371,10,31.2132034355964,0,7122.77608174371
62,266155,6533.99846033111,10,31.2132034355964,0,6533.99846033111
62,266156,6516.31556082493,10,31.2132034355964,0,6516.31556082493
62,266157,6498.72213837892,10,31.2132034355964,0,6498.72213837892
62,266158,6481.21892165449,10,31.2132034355964,0,6481.21892165449
62,266159,6463.80664345333,10,31.2132034355964,0,6463.80664345333
62,266160,6446.48604066292,10,31.2132034355964,0,6446.48604066292
62,266825,7141.28494076609,10,31.2132034355964,0,7141.28494076609
62,266826,7120.96669030685,10,31.2132034355964,0,7120.96669030685
62,266827,7100.71622782078,10,31.2132034355964,0,7100.71622782078
62,266860,6474.53284099812,10,31.2132034355964,0,6474.53284099812
62,266861,6456.96395875896,10,31.2132034355964,0,6456.96395875896
62,266862,6439.4860016045,10,31.2132034355964,0,6439.4860016045
62,266863,6422.09971190252,10,31.2132034355964,0,6422.09971190252
62,266864,6404.80583616497,10,31.2132034355964,0,6404.80583616497
62,266865,6387.6051250011,10,31.2132034355964,0,6387.6051250011
62,267529,7099.02735488099,10,31.2132034355964,0,7099.02735488099
62,267530,7078.71402011716,10,31.2132034355964,0,7078.71402011716
62,267531,7058.46890804292,10,31.2132034355964,0,7058.46890804292
62,267565,6415.21262306229,10,31.2132034355964,0,6415.21262306229
62,267566,6397.76027529195,10,31.2132034355964,0,6397.76027529195
62,267567,6380.4003350362,10,31.2132034355964,0,6380.4003350362
62,267568,6363.13355861667,10,31.2132034355964,0,6363.13355861667
62,267569,6345.96070650583,10,31.2132034355964,0,6345.96070650583
62,268233,7056.76999783716,10,31.2132034355964,0,7056.76999783716
62,268234,7036.46163983643,10,31.2132034355964,0,7036.46163983643
62,268235,7016.22194482286,10,31.2132034355964,0,7016.22194482286
62,268236,6996.0515087269,10,31.2132034355964,0,6996.0515087269
62,268270,6356.04188666376,10,31.2132034355964,0,6356.04188666376
62,268271,6338.70866423048,10,31.2132034355964,0,6338.70866423048
62,268272,6321.46936707343,10,31.2132034355964,0,6321.46936707343
62,268273,6304.32476571309,10,31.2132034355964,0,6304.32476571309
62,268274,6287.27563481929,10,31.2132034355964,0,6287.27563481929
62,268938,6994.20955678536,10,31.2132034355964,0,6994.20955678536
62,268939,6973.97534671206,10,31.2132034355964,0,6973.97534671206
62,268940,6953.81084888758,10,31.2132034355964,0,6953.81084888758
62,268973,6331.73103408974,10,31.2132034355964,0,6331.73103408974
62,268974,6314.33098344805,10,31.2132034355964,0,6314.33098344805
62,268975,6297.02485484346,10,31.2132034355964,0,6297.02485484346
62,268976,6279.81342477764,10,31.2132034355964,0,6279.81342477764
62,268977,6262.69747401361,10,31.2132034355964,0,6262.69747401361
62,269642,6951.95777846233,10,31.2132034355964,0,6951.95777846233
62,269643,6931.72912246873,10,31.2132034355964,0,6931.72912246873
62,269644,6911.57063798905,10,31.2132034355964,0,6911.57063798905
62,269645,6891.48294080809,10,31.2132034355964,0,6891.48294080809
62,269678,6272.62771727425,10,31.2132034355964,0,6272.62771727425
62,269679,6255.34906634185,10,31.2132034355964,0,6255.34906634185
62,269680,6238.16589929803,10,31.2132034355964,0,6238.16589929803
62,269681,6221.07900735244,10,31.2132034355964,0,6221.07900735244
62,269682,6204.08918596513,10,31.2132034355964,0,6204.08918596513
62,269683,6187.19723479669,10,31.2132034355964,0,6187.19723479669
62,270346,6909.70631255031,10,31.2132034355964,0,6909.70631255031
62,270347,6889.48328107049,10,31.2132034355964,0,6889.48328107049
62,270348,6869.3308864212,10,31.2132034355964,0,6869.3308864212
62,270349,6849.2497521004,10,31.2132034355964,0,6849.2497521004
62,270382,6230.93224380634,10,31.2132034355964,0,6230.93224380634
62,270383,6213.68146244157,10,31.2132034355964,0,6213.68146244157
62,270384,6196.52696268321,10,31.2132034355964,0,6196.52696268321
62,270385,6179.46954637693,10,31.2132034355964,0,6179.46954637693
62,270386,6162.51001968694,10,31.2132034355964,0,6162.51001968694
62,271050,6867.45516691615,10,31.2132034355964,0,6867.45516691615
62,271051,6847.23783171397,10,31.2132034355964,0,6847.23783171397
62,271052,6827.09160482266,10,31.2132034355964,0,6827.09160482266
62,271053,6807.01711760746,10,31.2132034355964,0,6807.01711760746
62,271054,6787.01500663856,10,31.2132034355964,0,6787.01500663856
62,271086,6189.24472286801,10,31.2132034355964,0,6189.24472286801
62,271087,6172.0222112486,10,31.2132034355964,0,6172.0222112486
62,271088,6154.89679159101,10,31.2132034355964,0,6154.89679159101
62,271089,6137.86927659389,10,31.2132034355964,0,6137.86927659389
62,271755,6804.9927838215,10,31.2132034355964,0,6804.9927838215
62,271756,6784.85280410273,10,31.2132034355964,0,6784.85280410273
62,271757,6764.78504984591,10,31.2132034355964,0,6764.78504984591
62,271758,6744.79016572655,10,31.2132034355964,0,6744.79016572655
62,271759,6724.86880173513,10,31.2132034355964,0,6724.86880173513
62,271760,6705.02161318361,10,31.2132034355964,0,6705.02161318361
62,271761,6685.24926070779,10,31.2132034355964,0,6685.24926070779
62,271877,5110.46885758939,10,31.2132034355964,0,5110.46885758939
62,271878,5105.03467291562,10,31.2132034355964,0,5105.03467291562
62,271879,5099.77004298455,10,31.2132034355964,0,5099.77004298455
62,272459,6762.7481470562,10,31.2132034355964,0,6762.7481470562
62,272460,6742.6144954416,10,31.2132034355964,0,6742.6144954416
62,272461,6722.55356164419,10,31.2132034355964,0,6722.55356164419
62,272462,6702.56599860443,10,31.2132034355964,0,6702.56599860443
62,272463,6682.65246467188,10,31.2132034355964,0,6682.65246467188
62,272464,6662.81362361074,10,31.2132034355964,0,6662.81362361074
62,272465,6643.05014461045,10,31.2132034355964,0,6643.05014461045
62,272466,6623.36270229325,10,31.2132034355964,0,6623.36270229325
62,272467,6603.75197671018,10,31.2132034355964,0,6603.75197671018
62,272580,5081.07465598907,10,31.2132034355964,0,5081.07465598907
62,272581,5075.6089711682,10,31.2132034355964,0,5075.6089711682
62,273165,6680.32266615812,10,31.2132034355964,0,6680.32266615812
62,273166,6660.34252025759,10,31.2132034355964,0,6660.34252025759
62,273167,6640.43691946538,10,31.2132034355964,0,6640.43691946538
62,273168,6620.60653616569,10,31.2132034355964,0,6620.60653616569
62,273169,6600.85204826988,10,31.2132034355964,0,6600.85204826988
62,273170,6581.17413921422,10,31.2132034355964,0,6581.17413921422
62,273171,6561.57349797369,10,31.2132034355964,0,6561.57349797369
62,273872,6578.40037041166,10,31.2132034355964,0,6578.40037041166
62,273873,6558.65499357091,10,31.2132034355964,0,6558.65499357091
62,273874,6538.98674541441,10,31.2132034355964,0,6538.98674541441
62,273875,6519.39632400578,10,31.2132034355964,0,6519.39632400578
62,273876,6499.88443304591,10,31.2132034355964,0,6499.88443304591
62,274577,6516.45900296773,10,31.2132034355964,0,6516.45900296773
62,274578,6496.80054589305,10,31.2132034355964,0,6496.80054589305
62,274579,6477.22048252458,10,31.2132034355964,0,6477.22048252458
62,274580,6457.71952594274,10,31.2132034355964,0,6457.71952594274
62,274701,4937.73302128429,10,31.2132034355964,0,4937.73302128429
62,274703,4931.01312163184,10,31.2132034355964,0,4931.01312163184
62,275282,6454.61556630564,10,31.2132034355964,0,6454.61556630564
62,275283,6435.04600197699,10,31.2132034355964,0,6435.04600197699
62,275284,6415.55612915616,10,31.2132034355964,0,6415.55612915616
62,275285,6396.14667633376,10,31.2132034355964,0,6396.14667633376
62,275403,4911.68312186986,10,31.2132034355964,0,4911.68312186986
62,275404,4908.03318331407,10,31.2132034355964,0,4908.03318331407
62,275405,4904.56285798052,10,31.2132034355964,0,4904.56285798052
62,275406,4901.27252739285,10,31.2132034355964,0,4901.27252739285
62,275407,4898.16255428411,10,31.2132034355964,0,4898.16255428411
62,275408,4895.23328240137,10,31.2132034355964,0,4895.23328240137
62,275986,6412.43183298209,10,31.2132034355964,0,6412.43183298209
62,275987,6392.87291155732,10,31.2132034355964,0,6392.87291155732
62,275988,6373.39427492601,10,31.2132034355964,0,6373.39427492601
62,275989,6353.99666144423,10,31.2132034355964,0,6353.99666144423
62,276109,4871.53402568077,10,31.2132034355964,0,4871.53402568077
62,276110,4868.40503858737,10,31.2132034355964,0,4868.40503858737
62,276111,4865.45783521599,10,31.2132034355964,0,4865.45783521599
62,276112,4862.69274609646,10,31.2132034355964,0,4862.69274609646
62,276113,4860.11008206283,10,31.2132034355964,0,4860.11008206283
62,276690,6370.24937295199,10,31.2132034355964,0,6370.24937295199
62,276691,6350.70124123724,10,31.2132034355964,0,6350.70124123724
62,276692,6331.23399635283,10,31.2132034355964,0,6331.23399635283
62,276693,6311.84838672564,10,31.2132034355964,0,6311.84838672564
62,276817,4827.88854386196,10,31.2132034355964,0,4827.88854386196
62,276818,4825.65787050554,10,31.2132034355964,0,4825.65787050554
62,276819,4823.61155714046,10,31.2132034355964,0,4823.61155714046
62,276820,4821.74983848885,10,31.2132034355964,0,4821.74983848885
62,277395,6308.5310217809,10,31.2132034355964,0,6308.5310217809
62,277396,6289.07532742176,10,31.2132034355964,0,6289.07532742176
62,277397,6269.7018895723,10,31.2132034355964,0,6269.7018895723
62,277522,4793.76445715858,10,31.2132034355964,0,4793.76445715858
62,278098,6285.88838449091,10,31.2132034355964,0,6285.88838449091
62,278099,6266.36228479218,10,31.2132034355964,0,6266.36228479218
62,278100,6246.91830303498,10,31.2132034355964,0,6246.91830303498
62,278101,6227.55720840008,10,31.2132034355964,0,6227.55720840008
62,278133,5656.69267637397,10,31.2132034355964,0,5656.69267637397
62,278134,5640.53835995991,10,31.2132034355964,0,5640.53835995991
62,278803,6224.19506271817,10,31.2132034355964,0,6224.19506271817
62,278804,6204.76295904184,10,31.2132034355964,0,6204.76295904184
62,278805,6185.41438266123,10,31.2132034355964,0,6185.41438266123
62,278837,5615.35841115917,10,31.2132034355964,0,5615.35841115917
62,278839,5583.24417851041,10,31.2132034355964,0,5583.24417851041
62,279507,6182.02938889824,10,31.2132034355964,0,6182.02938889824
62,279508,6162.60933227133,10,31.2132034355964,0,6162.60933227133
62,279509,6143.27345289166,10,31.2132034355964,0,6143.27345289166
62,279510,6124.02254810124,10,31.2132034355964,0,6124.02254810124
62,279541,5574.03839989096,10,31.2132034355964,0,5574.03839989096
62,279542,5557.96546500329,10,31.2132034355964,0,5557.96546500329
62,279543,5542.00727669317,10,31.2132034355964,0,5542.00727669317
62,280211,6139.86529758392,10,31.2132034355964,0,6139.86529758392
62,280212,6120.45746056459,10,31.2132034355964,0,6120.45746056459
62,280213,6101.13446074957,10,31.2132034355964,0,6101.13446074957
62,280214,6081.89710675874,10,31.2132034355964,0,6081.89710675874
62,280245,5532.73296453769,10,31.2132034355964,0,5532.73296453769
62,280246,5516.7017001312,10,31.2132034355964,0,5516.7017001312
62,280247,5500.78628627152,10,31.2132034355964,0,5500.78628627152
62,280916,6078.30738281217,10,31.2132034355964,0,6078.30738281217
62,280917,6058.99744904579,10,31.2132034355964,0,6058.99744904579
62,280918,6039.77384280636,10,31.2132034355964,0,6039.77384280636
62,280919,6020.6373910116,10,31.2132034355964,0,6020.6373910116
62,280949,5491.44243664125,10,31.2132034355964,0,5491.44243664125
62,280950,5475.4535163924,10,31.2132034355964,0,5475.4535163924
62,280951,5459.58157029376,10,31.2132034355964,0,5459.58157029376
62,281620,6036.15913899011,10,31.2132034355964,0,6036.15913899011
62,281621,6016.86246178985,10,31.2132034355964,0,6016.86246178985
62,281622,5997.65280453084,10,31.2132034355964,0,5997.65280453084
62,281623,5978.53100602907,10,31.2132034355964,0,5978.53100602907
62,281653,5450.16715766837,10,31.2132034355964,0,5450.16715766837
62,281654,5434.22127124898,10,31.2132034355964,0,5434.22127124898
62,281655,5418.39350270783,10,31.2132034355964,0,5418.39350270783
62,282324,5994.01277019434,10,31.2132034355964,0,5994.01277019434
62,282325,5974.72954422725,10,31.2132034355964,0,5974.72954422725
62,282326,5955.53404158327,10,31.2132034355964,0,5955.53404158327
62,282327,5936.42711322338,10,31.2132034355964,0,5936.42711322338
62,282357,5408.90747938129,10,31.2132034355964,0,5408.90747938129
62,282358,5393.00533295481,10,31.2132034355964,0,5393.00533295481
62,282359,5377.22246876851,10,31.2132034355964,0,5377.22246876851
62,283029,5932.59874289334,10,31.2132034355964,0,5932.59874289334
62,283030,5913.41760502385,10,31.2132034355964,0,5913.41760502385
62,283031,5894.32576845252,10,31.2132034355964,0,5894.32576845252
62,283032,5875.3241037327,10,31.2132034355964,0,5875.3241037327
62,283061,5367.66376422616,10,31.2132034355964,0,5367.66376422616
62,283062,5351.80608096375,10,31.2132034355964,0,5351.80608096375
62,283063,5336.06886545628,10,31.2132034355964,0,5336.06886545628
62,283733,5890.47010564753,10,31.2132034355964,0,5890.47010564753
62,283734,5871.3035473784,10,31.2132034355964,0,5871.3035473784
62,283735,5852.22702917807,10,31.2132034355964,0,5852.22702917807
62,283742,5721.28764427377,10,31.2132034355964,0,5721.28764427377
62,283765,5326.43638573523,10,31.2132034355964,0,5326.43638573523
62,283766,5310.62390634744,10,31.2132034355964,0,5310.62390634744
62,283767,5294.93310192546,10,31.2132034355964,0,5294.93310192546
62,284437,5848.34368172766,10,31.2132034355964,0,5848.34368172766
62,284438,5829.19192268633,10,31.2132034355964,0,5829.19192268633
62,284440,5791.16167371644,10,31.2132034355964,0,5791.16167371644
62,284442,5753.50179733201,10,31.2132034355964,0,5753.50179733201
62,284443,5734.81303184479,10,31.2132034355964,0,5734.81303184479
62,284444,5716.21961385846,10,31.2132034355964,0,5716.21961385846
62,284445,5697.72247681441,10,31.2132034355964,0,5697.72247681441
62,284446,5679.32256145621,10,31.2132034355964,0,5679.32256145621
62,284469,5285.22572894154,10,31.2132034355964,0,5285.22572894154
62,284470,5269.45921223666,10,31.2132034355964,0,5269.45921223666
62,284471,5253.81559996609,10,31.2132034355964,0,5253.81559996609
62,285142,5787.08278655503,10,31.2132034355964,0,5787.08278655503
62,285143,5768.03760532719,10,31.2132034355964,0,5768.03760532719
62,285144,5749.08488799915,10,31.2132034355964,0,5749.08488799915
62,285145,5730.22555204341,10,31.2132034355964,0,5730.22555204341
62,285146,5711.46052249936,10,31.2132034355964,0,5711.46052249936
62,285147,5692.79073195152,10,31.2132034355964,0,5692.79073195152
62,285148,5674.21712048879,10,31.2132034355964,0,5674.21712048879
62,285173,5244.03219082645,10,31.2132034355964,0,5244.03219082645
62,285174,5228.31241429243,10,31.2132034355964,0,5228.31241429243
62,285175,5212.71679448808,10,31.2132034355964,0,5212.71679448808
62,285846,5744.97619622038,10,31.2132034355964,0,5744.97619622038
62,285847,5725.94704422768,10,31.2132034355964,0,5725.94704422768
62,285848,5707.01114560068,10,31.2132034355964,0,5707.01114560068
62,285849,5688.16943165831,10,31.2132034355964,0,5688.16943165831
62,285850,5669.42284144252,10,31.2132034355964,0,5669.42284144252
62,285851,5650.77232167745,10,31.2132034355964,0,5650.77232167745
62,285852,5632.21882674863,10,31.2132034355964,0,5632.21882674863
62,285853,5613.7633186572,10,31.2132034355964,0,5613.7633186572
62,285854,5595.40676698283,10,31.2132034355964,0,5595.40676698283
62,285877,5202.85618077683,10,31.2132034355964,0,5202.85618077683
62,285878,5187.18394117368,10,31.2132034355964,0,5187.18394117368
62,285879,5171.63713402325,10,31.2132034355964,0,5171.63713402325
62,286555,5608.75789101942,10,31.2132034355964,0,5608.75789101942
62,286556,5590.22482987619,10,31.2132034355964,0,5590.22482987619
62,286557,5571.79063060122,10,31.2132034355964,0,5571.79063060122
62,286558,5553.45627768519,10,31.2132034355964,0,5553.45627768519
62,286581,5161.69812106687,10,31.2132034355964,0,5161.69812106687
62,286582,5146.07423505739,10,31.2132034355964,0,5146.07423505739
62,286583,5130.57708126093,10,31.2132034355964,0,5130.57708126093
62,287259,5566.74753267968,10,31.2132034355964,0,5566.74753267968
62,287260,5548.23523004289,10,31.2132034355964,0,5548.23523004289
62,287261,5529.82267952788,10,31.2132034355964,0,5529.82267952788
62,287262,5511.51088087572,10,31.2132034355964,0,5511.51088087572
62,287285,5120.55844736477,10,31.2132034355964,0,5120.55844736477
62,287286,5104.98375215809,10,31.2132034355964,0,5104.98375215809
62,287287,5089.53711359756,10,31.2132034355964,0,5089.53711359756
62,287963,5524.74134216924,10,31.2132034355964,0,5524.74134216924
62,287964,5506.25013046426,10,31.2132034355964,0,5506.25013046426
62,287965,5487.85957674558,10,31.2132034355964,0,5487.85957674558
62,287966,5469.57069635284,10,31.2132034355964,0,5469.57069635284
62,287989,5079.43760924916,10,31.2132034355964,0,5079.43760924916
62,287990,5063.91296327791,10,31.2132034355964,0,5063.91296327791
62,287991,5048.51772371477,10,31.2132034355964,0,5048.51772371477
62,288666,5501.30975507037,10,31.2132034355964,0,5501.30975507037
62,288667,5482.7394179213,10,31.2132034355964,0,5482.7394179213
62,288668,5464.26963752064,10,31.2132034355964,0,5464.26963752064
62,288669,5445.90143698359,10,31.2132034355964,0,5445.90143698359
62,288670,5427.63584760865,10,31.2132034355964,0,5427.63584760865
62,288671,5409.473908827,10,31.2132034355964,0,5409.473908827
62,288693,5038.33607077451,10,31.2132034355964,0,5038.33607077451
62,288694,5022.8623543967,10,31.2132034355964,0,5022.8623543967
62,288695,5007.51942019273,10,31.2132034355964,0,5007.51942019273
62,289370,5459.29134080492,10,31.2132034355964,0,5459.29134080492
62,289371,5440.74186139644,10,31.2132034355964,0,5440.74186139644
62,289372,5422.29386087167,10,31.2132034355964,0,5422.29386087167
62,289373,5403.94837851571,10,31.2132034355964,0,5403.94837851571
62,289374,5385.70646196353,10,31.2132034355964,0,5385.70646196353
62,289397,4997.254311039,10,31.2132034355964,0,4997.254311039
62,289398,4981.83242726594,10,31.2132034355964,0,4981.83242726594
62,289399,4966.5427281348,10,31.2132034355964,0,4966.5427281348
62,290075,5398.74877720031,10,31.2132034355964,0,5398.74877720031
62,290076,5380.32291358607,10,31.2132034355964,0,5380.32291358607
62,290077,5362.00052330948,10,31.2132034355964,0,5362.00052330948
62,290078,5343.78267071647,10,31.2132034355964,0,5343.78267071647
62,290101,4956.19282479499,10,31.2132034355964,0,4956.19282479499
62,290102,4940.82370005016,10,31.2132034355964,0,4940.82370005016
62,290103,4925.58818983934,10,31.2132034355964,0,4925.58818983934
62,290110,4822.78579584826,10,31.2132034355964,0,4822.78579584826
62,290779,5356.76027320842,10,31.2132034355964,0,5356.76027320842
62,290780,5338.35691227996,10,31.2132034355964,0,5338.35691227996
62,290781,5320.05799715897,10,31.2132034355964,0,5320.05799715897
62,290782,5301.86460930455,10,31.2132034355964,0,5301.86460930455
62,290785,5247.92855270154,10,31.2132034355964,0,5247.92855270154
62,290805,4915.15212307812,10,31.2132034355964,0,4915.15212307812
62,290806,4899.83670798666,10,31.2132034355964,0,4899.83670798666
62,290807,4884.65636549909,10,31.2132034355964,0,4884.65636549909
62,290812,4810.82509674146,10,31.2132034355964,0,4810.82509674146
62,290813,4796.48185531585,10,31.2132034355964,0,4796.48185531585
62,290814,4782.28260744473,10,31.2132034355964,0,4782.28260744473
62,291483,5314.77646069739,10,31.2132034355964,0,5314.77646069739
62,291484,5296.39597724766,10,31.2132034355964,0,5296.39597724766
62,291485,5278.12092984537,10,31.2132034355964,0,5278.12092984537
62,291486,5259.95241746306,10,31.2132034355964,0,5259.95241746306
62,291487,5241.89154785882,10,31.2132034355964,0,5241.89154785882
62,291488,5223.93943750242,10,31.2132034355964,0,5223.93943750242
62,291489,5206.0972114953,10,31.2132034355964,0,5206.0972114953
62,291509,4874.13273387505,10,31.2132034355964,0,4874.13273387505
62,291510,4858.87200409308,10,31.2132034355964,0,4858.87200409308
62,291511,4843.74783392339,10,31.2132034355964,0,4843.74783392339
62,291516,4770.22042861595,10,31.2132034355964,0,4770.22042861595
62,291517,4755.94269884682,10,31.2132034355964,0,4755.94269884682
62,291518,4741.81058812164,10,31.2132034355964,0,4741.81058812164
62,292187,5272.79745446978,10,31.2132034355964,0,5272.79745446978
62,292188,5254.44023261607,10,31.2132034355964,0,5254.44023261607
62,292189,5236.18945528768,10,31.2132034355964,0,5236.18945528768
62,292190,5218.04623939423,10,31.2132034355964,0,5218.04623939423
62,292191,5200.01171080588,10,31.2132034355964,0,5200.01171080588
62,292192,5182.08700427444,10,31.2132034355964,0,5182.08700427444
62,292193,5164.27326334628,10,31.2132034355964,0,5164.27326334628
62,292213,4833.13520282275,10,31.2132034355964,0,4833.13520282275
62,292214,4817.93015988361,10,31.2132034355964,0,4817.93015988361
62,292215,4802.86319331193,10,31.2132034355964,0,4802.86319331193
62,292220,4729.64526845479,10,31.2132034355964,0,4729.64526845479
62,292221,4715.43426865318,10,31.2132034355964,0,4715.43426865318
62,292222,4701.37054591359,10,31.2132034355964,0,4701.37054591359
62,292891,5230.82337300424,10,31.2132034355964,0,5230.82337300424
62,292892,5212.48980648667,10,31.2132034355964,0,5212.48980648667
62,292893,5194.2637117095,10,31.2132034355964,0,5194.2637117095
62,292894,5176.14622395131,10,31.2132034355964,0,5176.14622395131
62,292895,5158.13848763183,10,31.2132034355964,0,5158.13848763183
62,292896,5140.24165622278,10,31.2132034355964,0,5140.24165622278
62,292917,4792.16009392778,10,31.2132034355964,0,4792.16009392778
62,292918,4777.01176614591,10,31.2132034355964,0,4777.01176614591
62,292919,4762.00306205087,10,31.2132034355964,0,4762.00306205087
62,293596,5170.54483110888,10,31.2132034355964,0,5170.54483110888
62,293597,5152.34384182035,10,31.2132034355964,0,5152.34384182035
62,293598,5134.25252482959,10,31.2132034355964,0,5134.25252482959
62,293599,5116.27204355209,10,31.2132034355964,0,5116.27204355209
62,293600,5098.40357063619,10,31.2132034355964,0,5098.40357063619
62,293621,4751.20799035196,10,31.2132034355964,0,4751.20799035196
62,293622,4736.11743374324,10,31.2132034355964,0,4736.11743374324
62,293623,4721.16807956058,10,31.2132034355964,0,4721.16807956058
62,294300,5128.60544303617,10,31.2132034355964,0,5128.60544303617
62,294301,5110.42999298807,10,31.2132034355964,0,5110.42999298807
62,294302,5092.36530075043,10,31.2132034355964,0,5092.36530075043
62,294303,5074.41254920216,10,31.2132034355964,0,5074.41254920216
62,294304,5056.57293064181,10,31.2132034355964,0,5056.57293064181
62,294325,4710.27949519737,10,31.2132034355964,0,4710.27949519737
62,294326,4695.24779445162,10,31.2132034355964,0,4695.24779445162
62,294327,4680.35890717804,10,31.2132034355964,0,4680.35890717804
62,294328,4665.61420061729,10,31.2132034355964,0,4665.61420061729
62,295004,5086.67178331238,10,31.2132034355964,0,5086.67178331238
62,295005,5068.52231743543,10,31.2132034355964,0,5068.52231743543
62,295006,5050.48471568078,10,31.2132034355964,0,5050.48471568078
62,295007,5032.56018087395,10,31.2132034355964,0,5032.56018087395
62,295008,5014.74992544022,10,31.2132034355964,0,5014.74992544022
62,295009,4997.05517130957,10,31.2132034355964,0,4997.05517130957
62,295029,4669.37523236122,10,31.2132034355964,0,4669.37523236122
62,295030,4654.40350185564,10,31.2132034355964,0,4654.40350185564
62,295031,4639.57622908599,10,31.2132034355964,0,4639.57622908599
62,295032,4624.89480343349,10,31.2132034355964,0,4624.89480343349
62,295708,5044.74399764812,10,31.2132034355964,0,5044.74399764812
62,295709,5026.62097243866,10,31.2132034355964,0,5026.62097243866
62,295710,5008.61093904814,10,31.2132034355964,0,5008.61093904814
62,295711,4990.71512073841,10,31.2132034355964,0,4990.71512073841
62,295712,4972.93475056956,10,31.2132034355964,0,4972.93475056956
62,295713,4955.27107128506,10,31.2132034355964,0,4955.27107128506
62,295733,4628.49584742569,10,31.2132034355964,0,4628.49584742569
62,295734,4613.58523227523,10,31.2132034355964,0,4613.58523227523
62,295735,4598.8207532846,10,31.2132034355964,0,4598.8207532846
62,295736,4584.20382244868,10,31.2132034355964,0,4584.20382244868
62,295737,4569.73585562816,10,31.2132034355964,0,4569.73585562816
62,296412,5002.82223661648,10,31.2132034355964,0,5002.82223661648
62,296413,4984.72612053825,10,31.2132034355964,0,4984.72612053825
62,296414,4966.7441459591,10,31.2132034355964,0,4966.7441459591
62,296415,4948.8775570959,10,31.2132034355964,0,4948.8775570959
62,296416,4931.12760815433,10,31.2132034355964,0,4931.12760815433
62,296417,4913.49556321556,10,31.2132034355964,0,4913.49556321556
62,296438,4572.79368573568,10,31.2132034355964,0,4572.79368573568
62,296439,4558.09321261548,10,31.2132034355964,0,4558.09321261548
62,296440,4543.54202430781,10,31.2132034355964,0,4543.54202430781
62,296441,4529.1415596761,10,31.2132034355964,0,4529.1415596761
62,297116,4960.90665586641,10,31.2132034355964,0,4960.90665586641
62,297117,4942.83792976167,10,31.2132034355964,0,4942.83792976167
62,297118,4924.88451745387,10,31.2132034355964,0,4924.88451745387
62,297119,4907.0476846382,10,31.2132034355964,0,4907.0476846382
62,297120,4889.32870720059,10,31.2132034355964,0,4889.32870720059
62,297121,4871.72887109934,10,31.2132034355964,0,4871.72887109934
62,297143,4517.39436584527,10,31.2132034355964,0,4517.39436584527
62,297144,4502.91020279408,10,31.2132034355964,0,4502.91020279408
62,297145,4488.57856020214,10,31.2132034355964,0,4488.57856020214
62,297821,4900.95657385253,10,31.2132034355964,0,4900.95657385253
62,297822,4883.03224074194,10,31.2132034355964,0,4883.03224074194
62,297823,4865.22570471084,10,31.2132034355964,0,4865.22570471084
62,297824,4847.53826387797,10,31.2132034355964,0,4847.53826387797
62,297847,4476.72499878342,10,31.2132034355964,0,4476.72499878342
62,297848,4462.30918000563,10,31.2132034355964,0,4462.30918000563
62,297849,4448.04771665347,10,31.2132034355964,0,4448.04771665347
62,297850,4433.94209814817,10,31.2132034355964,0,4433.94209814817
62,298525,4859.08223251587,10,31.2132034355964,0,4859.08223251587
62,298526,4841.18750947755,10,31.2132034355964,0,4841.18750947755
62,298527,4823.41182561091,10,31.2132034355964,0,4823.41182561091
62,298551,4436.08592548527,10,31.2132034355964,0,4436.08592548527
62,298552,4421.7398076025,10,31.2132034355964,0,4421.7398076025
62,298553,4407.54991940527,10,31.2132034355964,0,4407.54991940527
62,298554,4393.51777463404,10,31.2132034355964,0,4393.51777463404
62,299229,4817.21509167642,10,31.2132034355964,0,4817.21509167642
62,299256,4381.20296811732,10,31.2132034355964,0,4381.20296811732
62,299257,4367.08609111985,10,31.2132034355964,0,4367.08609111985
62,299258,4353.12889705495,10,31.2132034355964,0,4353.12889705495
62,299259,4339.33292675201,10,31.2132034355964,0,4339.33292675201
62,299960,4340.69957632969,10,31.2132034355964,0,4340.69957632969
62,299961,4326.65718819169,10,31.2132034355964,0,4326.65718819169
62,299962,4312.77646460363,10,31.2132034355964,0,4312.77646460363
62,299963,4299.05897150476,10,31.2132034355964,0,4299.05897150476
62,299964,4285.50627635211,10,31.2132034355964,0,4285.50627635211
62,300665,4286.26420226051,10,31.2132034355964,0,4286.26420226051
62,300666,4272.46151331212,10,31.2132034355964,0,4272.46151331212
62,300667,4258.82410541358,10,31.2132034355964,0,4258.82410541358
62,300668,4245.3535713681,10,31.2132034355964,0,4245.3535713681
62,300669,4232.05150464625,10,31.2132034355964,0,4232.05150464625
62,301370,4232.18511770533,10,31.2132034355964,0,4232.18511770533
62,301371,4218.62945032759,10,31.2132034355964,0,4218.62945032759
62,301372,4205.24277829706,10,31.2132034355964,0,4205.24277829706
62,301373,4192.02672060412,10,31.2132034355964,0,4192.02672060412
62,301374,4178.98289595592,10,31.2132034355964,0,4178.98289595592
62,302075,4178.47617013031,10,31.2132034355964,0,4178.47617013031
62,302076,4165.1751114463,10,31.2132034355964,0,4165.1751114463
62,302077,4152.04686147618,10,31.2132034355964,0,4152.04686147618
62,302078,4139.09306455116,10,31.2132034355964,0,4139.09306455116
62,302079,4126.31536365732,10,31.2132034355964,0,4126.31536365732
62,302080,4113.71539972577,10,31.2132034355964,0,4113.71539972577
62,302780,4125.15183097285,10,31.2132034355964,0,4125.15183097285
62,302781,4112.11324111731,10,31.2132034355964,0,4112.11324111731
62,302782,4099.25137345985,10,31.2132034355964,0,4099.25137345985
62,302783,4086.56789662474,10,31.2132034355964,0,4086.56789662474
62,302784,4074.06447672236,10,31.2132034355964,0,4074.06447672236
62,302785,4061.74277658416,10,31.2132034355964,0,4061.74277658416
62,303488,4034.4671856321,10,31.2132034355964,0,4034.4671856321
62,304149,4669.95808664218,10,31.2132034355964,0,4669.95808664218
62,304150,4651.33501458977,10,31.2132034355964,0,4651.33501458977
62,304201,3892.78723079851,10,31.2132034355964,0,3892.78723079851
62,304202,3882.42472876648,10,31.2132034355964,0,3882.42472876648
62,304203,3872.26548417742,10,31.2132034355964,0,3872.26548417742
62,304204,3862.31110094902,10,31.2132034355964,0,3862.31110094902
62,304851,4665.47642386092,10,31.2132034355964,0,4665.47642386092
62,304852,4646.64280421069,10,31.2132034355964,0,4646.64280421069
62,304853,4627.92580999503,10,31.2132034355964,0,4627.92580999503
62,304901,3897.30469346959,10,31.2132034355964,0,3897.30469346959
62,304902,3886.26378365604,10,31.2132034355964,0,3886.26378365604
62,304903,3875.42222000968,10,31.2132034355964,0,3875.42222000968
62,304904,3864.78168015998,10,31.2132034355964,0,3864.78168015998
62,304905,3854.34382898446,10,31.2132034355964,0,3854.34382898446
62,304906,3844.11031755514,10,31.2132034355964,0,3844.11031755514
62,304907,3834.08278207572,10,31.2132034355964,0,3834.08278207572
62,304908,3824.2628428062,10,31.2132034355964,0,3824.2628428062
62,304909,3814.65210297113,10,31.2132034355964,0,3814.65210297113
62,305554,4642.33146356786,10,31.2132034355964,0,4642.33146356786
62,305555,4623.40346090087,10,31.2132034355964,0,4623.40346090087
62,305556,4604.59190168912,10,31.2132034355964,0,4604.59190168912
62,305557,4585.89821890357,10,31.2132034355964,0,4585.89821890357
62,305603,3880.88220009573,10,31.2132034355964,0,3880.88220009573
62,305604,3869.56323590155,10,31.2132034355964,0,3869.56323590155
62,305605,3858.442884979,10,31.2132034355964,0,3858.442884979
62,305606,3847.52286946417,10,31.2132034355964,0,3847.52286946417
62,305607,3836.80489989274,10,31.2132034355964,0,3836.80489989274
62,305608,3826.29067414323,10,31.2132034355964,0,3826.29067414323
62,305609,3815.98187634996,10,31.2132034355964,0,3815.98187634996
62,305610,3805.88017580942,10,31.2132034355964,0,3805.88017580942
62,305611,3795.98722587715,10,31.2132034355964,0,3795.98722587715
62,305612,3786.30466283693,10,31.2132034355964,0,3786.30466283693
62,305613,3776.83410478049,10,31.2132034355964,0,3776.83410478049
62,306257,4619.2642235611,10,31.2132034355964,0,4619.2642235611
62,306258,4600.24120759131,10,31.2132034355964,0,4600.24120759131
62,306259,4581.33444018203,10,31.2132034355964,0,4581.33444018203
62,306260,4562.54536650371,10,31.2132034355964,0,4562.54536650371
62,306261,4543.87544656124,10,31.2132034355964,0,4543.87544656124
62,306279,4229.94238259619,10,31.2132034355964,0,4229.94238259619
62,306280,4213.83260303309,10,31.2132034355964,0,4213.83260303309
62,306281,4197.87407345697,10,31.2132034355964,0,4197.87407345697
62,306307,3841.85434302814,10,31.2132034355964,0,3841.85434302814
62,306308,3830.65349394066,10,31.2132034355964,0,3830.65349394066
62,306309,3819.65397284299,10,31.2132034355964,0,3819.65397284299
62,306310,3808.85752396777,10,31.2132034355964,0,3808.85752396777
62,306311,3798.26587899634,10,31.2132034355964,0,3798.26587899634
62,306312,3787.8807559419,10,31.2132034355964,0,3787.8807559419
62,306313,3777.70385802518,10,31.2132034355964,0,3777.70385802518
62,306314,3767.73687253832,10,31.2132034355964,0,3767.73687253832
62,306315,3757.98146967901,10,31.2132034355964,0,3757.98146967901
62,306960,4596.27587400039,10,31.2132034355964,0,4596.27587400039
62,306961,4577.15721460279,10,31.2132034355964,0,4577.15721460279
62,306981,4221.18004171528,10,31.2132034355964,0,4221.18004171528
62,306982,4204.82389231707,10,31.2132034355964,0,4204.82389231707
62,306983,4188.61741864535,10,31.2132034355964,0,4188.61741864535
62,306984,4172.5623647464,10,31.2132034355964,0,4172.5623647464
62,306985,4156.66048519582,10,31.2132034355964,0,4156.66048519582
62,307014,3770.27007594558,10,31.2132034355964,0,3770.27007594558
62,307015,3759.80756892533,10,31.2132034355964,0,3759.80756892533
62,307016,3749.55442136449,10,31.2132034355964,0,3749.55442136449
62,307017,3739.51235535587,10,31.2132034355964,0,3739.51235535587
62,307018,3729.68307589203,10,31.2132034355964,0,3729.68307589203
62,307019,3720.06826966849,10,31.2132034355964,0,3720.06826966849
62,307020,3710.66960386549,10,31.2132034355964,0,3710.66960386549
62,307663,4573.36760453117,10,31.2132034355964,0,4573.36760453117
62,307685,4179.76850605176,10,31.2132034355964,0,4179.76850605176
62,307686,4163.46441640051,10,31.2132034355964,0,4163.46441640051
62,307687,4147.31190438611,10,31.2132034355964,0,4147.31190438611
62,307688,4131.31274791465,10,31.2132034355964,0,4131.31274791465
62,307718,3731.7629457105,10,31.2132034355964,0,3731.7629457105
62,307719,3721.43247582453,10,31.2132034355964,0,3721.43247582453
62,307720,3711.31426378204,10,31.2132034355964,0,3711.31426378204
62,307721,3701.41005027193,10,31.2132034355964,0,3701.41005027193
62,307722,3691.72155765441,10,31.2132034355964,0,3691.72155765441
62,307723,3682.25048869963,10,31.2132034355964,0,3682.25048869963
62,307724,3672.99852533316,10,31.2132034355964,0,3672.99852533316
62,307725,3663.96732735911,10,31.2132034355964,0,3663.96732735911
56,307832,3325.53117872984,150,171.213203435596,0,3325.53117872984
62,308388,4154.77736544542,10,31.2132034355964,0,4154.77736544542
62,308389,4138.37473012712,10,31.2132034355964,0,4138.37473012712
62,308390,4122.12381792318,10,31.2132034355964,0,4122.12381792318
62,308391,4106.02643031468,10,31.2132034355964,0,4106.02643031468
62,308392,4090.08437998471,10,31.2132034355964,0,4090.08437998471
62,308423,3683.14320475843,10,31.2132034355964,0,3683.14320475843
62,308424,3673.16297861023,10,31.2132034355964,0,3673.16297861023
62,308425,3663.39972989866,10,31.2132034355964,0,3663.39972989866
62,308426,3653.85519794105,10,31.2132034355964,0,3653.85519794105
62,308427,3644.53110110807,10,31.2132034355964,0,3644.53110110807
62,308428,3635.42913550356,10,31.2132034355964,0,3635.42913550356
62,308429,3626.5509736557,10,31.2132034355964,0,3626.5509736557
62,308430,3617.89826317589,10,31.2132034355964,0,3617.89826317589
56,308534,3290.17917624275,150,171.213203435596,0,3290.17917624275
56,308535,3296.26811153411,150,171.213203435596,0,3296.26811153411
56,308536,3302.61665187383,150,171.213203435596,0,3302.61665187383
62,309093,4096.99925577093,10,31.2132034355964,0,4096.99925577093
62,309094,4080.8026741407,10,31.2132034355964,0,4080.8026741407
62,309095,4064.76161062219,10,31.2132034355964,0,4064.76161062219
62,309096,4048.87791363899,10,31.2132034355964,0,4048.87791363899
62,309128,3635.10336803797,10,31.2132034355964,0,3635.10336803797
62,309129,3625.48429137948,10,31.2132034355964,0,3625.48429137948
62,309130,3616.08699014698,10,31.2132034355964,0,3616.08699014698
62,309131,3606.91319775088,10,31.2132034355964,0,3606.91319775088
62,309132,3597.96462384781,10,31.2132034355964,0,3597.96462384781
62,309133,3589.24295295754,10,31.2132034355964,0,3589.24295295754
62,309134,3580.74984309087,10,31.2132034355964,0,3580.74984309087
56,309238,3267.01678891736,150,171.213203435596,0,3267.01678891736
62,309797,4055.6426466782,10,31.2132034355964,0,4055.6426466782
62,309798,4039.50158564579,10,31.2132034355964,0,4039.50158564579
62,309799,4023.51808438651,10,31.2132034355964,0,4023.51808438651
62,309800,4007.69402804267,10,31.2132034355964,0,4007.69402804267
62,309833,3587.66674695089,10,31.2132034355964,0,3587.66674695089
62,309834,3578.42004611686,10,31.2132034355964,0,3578.42004611686
62,309835,3569.39999130156,10,31.2132034355964,0,3569.39999130156
62,309836,3560.60830498398,10,31.2132034355964,0,3560.60830498398
62,309837,3552.04668287327,10,31.2132034355964,0,3552.04668287327
62,310501,4014.30548951594,10,31.2132034355964,0,4014.30548951594
62,310502,3998.22117756101,10,31.2132034355964,0,3998.22117756101
62,310503,3982.29651682715,10,31.2132034355964,0,3982.29651682715
62,310504,3966.5334301966,10,31.2132034355964,0,3966.5334301966
62,310538,3540.85760160959,10,31.2132034355964,0,3540.85760160959
62,310539,3531.99482180008,10,31.2132034355964,0,3531.99482180008
62,310540,3523.36362434558,10,31.2132034355964,0,3523.36362434558
62,311205,3972.98839508461,10,31.2132034355964,0,3972.98839508461
62,311206,3956.96210077,10,31.2132034355964,0,3956.96210077
62,311207,3941.09760063099,10,31.2132034355964,0,3941.09760063099
62,311208,3925.39685634453,10,31.2132034355964,0,3925.39685634453
62,311910,3915.72503324879,10,31.2132034355964,0,3915.72503324879
62,311911,3899.92205737236,10,31.2132034355964,0,3899.92205737236
62,311912,3884.28507348704,10,31.2132034355964,0,3884.28507348704
62,311913,3868.81609431202,10,31.2132034355964,0,3868.81609431202
62,312614,3874.51068147102,10,31.2132034355964,0,3874.51068147102
62,312615,3858.77063900653,10,31.2132034355964,0,3858.77063900653
62,312616,3843.19888096835,10,31.2132034355964,0,3843.19888096835
62,312617,3827.79746113536,10,31.2132034355964,0,3827.79746113536
62,312618,3812.56844382813,10,31.2132034355964,0,3812.56844382813
62,313319,3817.64412946281,10,31.2132034355964,0,3817.64412946281
62,313320,3802.13911217971,10,31.2132034355964,0,3802.13911217971
62,313321,3786.80682603919,10,31.2132034355964,0,3786.80682603919
62,313322,3771.64937756962,10,31.2132034355964,0,3771.64937756962
62,314023,3776.54334633423,10,31.2132034355964,0,3776.54334633423
62,314024,3761.10663636256,10,31.2132034355964,0,3761.10663636256
62,314025,3745.84511202384,10,31.2132034355964,0,3745.84511202384
62,314026,3730.76092323247,10,31.2132034355964,0,3730.76092323247
62,314728,3720.10236051513,10,31.2132034355964,0,3720.10236051513
62,314729,3704.91328224848,10,31.2132034355964,0,3704.91328224848
62,314730,3689.9041023755,10,31.2132034355964,0,3689.9041023755
62,315432,3679.12723144069,10,31.2132034355964,0,3679.12723144069
62,315433,3664.01234219156,10,31.2132034355964,0,3664.01234219156
62,315434,3649.07998150655,10,31.2132034355964,0,3649.07998150655
62,315435,3634.33239925206,10,31.2132034355964,0,3634.33239925206
62,316136,3638.18223790669,10,31.2132034355964,0,3638.18223790669
62,316137,3623.14334196149,10,31.2132034355964,0,3623.14334196149
62,316138,3608.28967453072,10,31.2132034355964,0,3608.28967453072
62,316139,3593.62353245014,10,31.2132034355964,0,3593.62353245014
62,316140,3579.14722097142,10,31.2132034355964,0,3579.14722097142
62,316841,3582.30737875507,10,31.2132034355964,0,3582.30737875507
62,316842,3567.53434535235,10,31.2132034355964,0,3567.53434535235
62,316843,3552.95165785173,10,31.2132034355964,0,3552.95165785173
62,316844,3538.56166954312,10,31.2132034355964,0,3538.56166954312
62,318257,3389.52580299806,10,31.2132034355964,0,3389.52580299806
62,318960,3362.65072237884,10,31.2132034355964,0,3362.65072237884
62,318961,3349.57965987688,10,31.2132034355964,0,3349.57965987688
62,319663,3335.82733152445,10,31.2132034355964,0,3335.82733152445
62,319664,3322.65067843132,10,31.2132034355964,0,3322.65067843132
62,319669,3260.08608168651,10,31.2132034355964,0,3260.08608168651
62,320366,3309.05688743414,10,31.2132034355964,0,3309.05688743414
62,320367,3295.77313500154,10,31.2132034355964,0,3295.77313500154
62,320368,3282.70813613321,10,31.2132034355964,0,3282.70813613321
62,320369,3269.86451297298,10,31.2132034355964,0,3269.86451297298
62,320371,3244.85186335236,10,31.2132034355964,0,3244.85186335236
62,320372,3232.68805653195,10,31.2132034355964,0,3232.68805653195
62,320373,3220.7560607899,10,31.2132034355964,0,3220.7560607899
62,321070,3268.94829837186,10,31.2132034355964,0,3268.94829837186
62,321071,3255.77558573686,10,31.2132034355964,0,3255.77558573686
62,321072,3242.82522472104,10,31.2132034355964,0,3242.82522472104
62,321074,3217.60225064246,10,31.2132034355964,0,3217.60225064246
62,321075,3205.33497082582,10,31.2132034355964,0,3205.33497082582
62,321076,3193.30070510275,10,31.2132034355964,0,3193.30070510275
62,321077,3181.50209765552,10,31.2132034355964,0,3181.50209765552
62,321078,3169.94177986189,10,31.2132034355964,0,3169.94177986189
62,321779,3165.88985544623,10,31.2132034355964,0,3165.88985544623
62,321780,3153.98864556621,10,31.2132034355964,0,3153.98864556621
62,321781,3142.32704721811,10,31.2132034355964,0,3142.32704721811
62,321782,3130.90773782818,10,31.2132034355964,0,3130.90773782818
62,321783,3119.73337798138,10,31.2132034355964,0,3119.73337798138
62,322484,3114.75473338788,10,31.2132034355964,0,3114.75473338788
62,322485,3103.23390270421,10,31.2132034355964,0,3103.23390270421
62,322486,3091.95947030873,10,31.2132034355964,0,3091.95947030873
62,322487,3080.93414122995,10,31.2132034355964,0,3080.93414122995
62,322488,3070.16059914926,10,31.2132034355964,0,3070.16059914926
62,323189,3064.2258036719,10,31.2132034355964,0,3064.2258036719
62,323190,3053.10026470143,10,31.2132034355964,0,3053.10026470143
62,323191,3042.22809660714,10,31.2132034355964,0,3042.22809660714
62,323192,3031.61202535939,10,31.2132034355964,0,3031.61202535939
62,323193,3021.25475057376,10,31.2132034355964,0,3021.25475057376
62,323894,3014.33357021383,10,31.2132034355964,0,3014.33357021383
62,323895,3003.61885167804,10,31.2132034355964,0,3003.61885167804
62,323896,2993.1646570918,10,31.2132034355964,0,2993.1646570918
62,323897,2982.97372557,10,31.2132034355964,0,2982.97372557
62,323898,2973.04876433211,10,31.2132034355964,0,2973.04876433211
62,324598,2975.66300738726,10,31.2132034355964,0,2975.66300738726
62,324599,2965.11019265447,10,31.2132034355964,0,2965.11019265447
62,324600,2954.82244981497,10,31.2132034355964,0,2954.82244981497
62,324601,2944.80255697722,10,31.2132034355964,0,2944.80255697722
62,324602,2935.05325735794,10,31.2132034355964,0,2935.05325735794
62,325302,2937.09237822414,10,31.2132034355964,0,2937.09237822414
62,325303,2926.70609490229,10,31.2132034355964,0,2926.70609490229
62,325304,2916.5895558997,10,31.2132034355964,0,2916.5895558997
62,325305,2906.74557764352,10,31.2132034355964,0,2906.74557764352
62,325306,2897.17693844399,10,31.2132034355964,0,2897.17693844399
62,325307,2887.88637520207,10,31.2132034355964,0,2887.88637520207
62,326007,2888.41073414278,10,31.2132034355964,0,2888.41073414278
62,326008,2878.47033618553,10,31.2132034355964,0,2878.47033618553
62,326009,2868.80733703815,10,31.2132034355964,0,2868.80733703815
62,326010,2859.4245489857,10,31.2132034355964,0,2859.4245489857
62,326011,2850.32473925276,10,31.2132034355964,0,2850.32473925276
62,326712,2840.46937229716,10,31.2132034355964,0,2840.46937229716
62,326713,2830.99261392973,10,31.2132034355964,0,2830.99261392973
62,328117,2793.84908448545,10,31.2132034355964,0,2793.84908448545
62,328820,2765.71363378899,10,31.2132034355964,0,2765.71363378899
62,328821,2755.6550527704,10,31.2132034355964,0,2755.6550527704
62,329523,2737.61584136498,10,31.2132034355964,0,2737.61584136498
62,329524,2727.45358564963,10,31.2132034355964,0,2727.45358564963
62,329525,2717.58253426254,10,31.2132034355964,0,2717.58253426254
62,330227,2699.28893366492,10,31.2132034355964,0,2699.28893366492
62,330228,2689.31445296722,10,31.2132034355964,0,2689.31445296722
62,330229,2679.63671376817,10,31.2132034355964,0,2679.63671376817
62,330230,2670.25894248378,10,31.2132034355964,0,2670.25894248378
62,330931,2661.0823017863,10,31.2132034355964,0,2661.0823017863
62,330932,2651.30145932495,10,31.2132034355964,0,2651.30145932495
62,330933,2641.82305624064,10,31.2132034355964,0,2641.82305624064
62,330934,2632.65035917852,10,31.2132034355964,0,2632.65035917852
62,330935,2623.78657436441,10,31.2132034355964,0,2623.78657436441
62,331636,2613.42011444214,10,31.2132034355964,0,2613.42011444214
62,331637,2604.14732446542,10,31.2132034355964,0,2604.14732446542
62,331638,2595.18614188354,10,31.2132034355964,0,2595.18614188354
62,331639,2586.53980543281,10,31.2132034355964,0,2586.53980543281
62,332341,2566.61559797521,10,31.2132034355964,0,2566.61559797521
62,332342,2557.8726396815,10,31.2132034355964,0,2557.8726396815
62,332343,2549.45062593484,10,31.2132034355964,0,2549.45062593484
62,333045,2529.23429323953,10,31.2132034355964,0,2529.23429323953
62,333046,2520.71655129453,10,31.2132034355964,0,2520.71655129453
62,333047,2512.52602049272,10,31.2132034355964,0,2512.52602049272
62,333048,2504.66591088519,10,31.2132034355964,0,2504.66591088519
62,333749,2492.0101852504,10,31.2132034355964,0,2492.0101852504
62,333750,2483.72494719636,10,31.2132034355964,0,2483.72494719636
62,333751,2475.77335850737,10,31.2132034355964,0,2475.77335850737
62,333752,2468.15864390847,10,31.2132034355964,0,2468.15864390847
62,334399,3288.37279995165,10,31.2132034355964,0,3288.37279995165
62,334452,2463.33249650683,10,31.2132034355964,0,2463.33249650683
62,334453,2454.95043056437,10,31.2132034355964,0,2454.95043056437
62,334454,2446.90529317575,10,31.2132034355964,0,2446.90529317575
62,334455,2439.20041818556,10,31.2132034355964,0,2439.20041818556
62,334456,2431.83903978949,10,31.2132034355964,0,2431.83903978949
62,334457,2424.82428639214,10,31.2132034355964,0,2424.82428639214
62,334458,2418.159174532,10,31.2132034355964,0,2418.159174532
62,334459,2411.8466029032,10,31.2132034355964,0,2411.8466029032
62,335102,3266.97150510595,10,31.2132034355964,0,3266.97150510595
62,335103,3246.08155385733,10,31.2132034355964,0,3246.08155385733
62,335156,2426.20341547445,10,31.2132034355964,0,2426.20341547445
62,335157,2418.06259190732,10,31.2132034355964,0,2418.06259190732
62,335158,2410.2654754577,10,31.2132034355964,0,2410.2654754577
62,335159,2402.81541211064,10,31.2132034355964,0,2402.81541211064
62,335160,2395.71563960654,10,31.2132034355964,0,2395.71563960654
62,335161,2388.96928103392,10,31.2132034355964,0,2388.96928103392
62,335162,2382.5793385079,10,31.2132034355964,0,2382.5793385079
62,335163,2376.54868696917,10,31.2132034355964,0,2376.54868696917
62,335805,3245.70475433956,10,31.2132034355964,0,3245.70475433956
62,335860,2389.24617327778,10,31.2132034355964,0,2389.24617327778
62,335861,2381.35466443484,10,31.2132034355964,0,2381.35466443484
62,335862,2373.81382746051,10,31.2132034355964,0,2373.81382746051
62,335863,2366.62701441729,10,31.2132034355964,0,2366.62701441729
62,335864,2359.79745987067,10,31.2132034355964,0,2359.79745987067
62,335865,2353.3282742045,10,31.2132034355964,0,2353.3282742045
62,335866,2347.22243706081,10,31.2132034355964,0,2347.22243706081
62,335867,2341.48279093204,10,31.2132034355964,0,2341.48279093204
62,335868,2336.11203492827,10,31.2132034355964,0,2336.11203492827
62,336565,2344.83510374126,10,31.2132034355964,0,2344.83510374126
62,336566,2337.55915827041,10,31.2132034355964,0,2337.55915827041
62,336567,2330.64438965478,10,31.2132034355964,0,2330.64438965478
62,336568,2324.09402167474,10,31.2132034355964,0,2324.09402167474
62,336569,2317.91114369776,10,31.2132034355964,0,2317.91114369776
62,336570,2312.09870388643,10,31.2132034355964,0,2312.09870388643
62,336571,2306.65950259046,10,31.2132034355964,0,2306.65950259046
62,336572,2301.59618595626,10,31.2132034355964,0,2301.59618595626
62,336573,2296.91123978878,10,31.2132034355964,0,2296.91123978878
56,336683,2536.0026375693,150,171.213203435596,0,2536.0026375693
62,337273,2282.72831636458,10,31.2132034355964,0,2282.72831636458
62,337274,2277.21893448545,10,31.2132034355964,0,2277.21893448545
62,337275,2272.08998333985,10,31.2132034355964,0,2272.08998333985
62,337276,2267.34404464201,10,31.2132034355964,0,2267.34404464201
62,337277,2262.98352815976,10,31.2132034355964,0,2262.98352815976
56,337385,2494.13283193514,150,171.213203435596,0,2494.13283193514
56,337386,2512.15252395678,150,171.213203435596,0,2512.15252395678
56,337387,2530.39744965887,150,171.213203435596,0,2530.39744965887
62,337978,2242.59451865738,10,31.2132034355964,0,2242.59451865738
62,337979,2237.78600040568,10,31.2132034355964,0,2237.78600040568
62,337980,2233.36775057433,10,31.2132034355964,0,2233.36775057433
62,337981,2229.34208953995,10,31.2132034355964,0,2229.34208953995
62,337982,2225.71114753702,10,31.2132034355964,0,2225.71114753702
62,338682,2208.23747454507,10,31.2132034355964,0,2208.23747454507
62,338683,2203.75996048195,10,31.2132034355964,0,2203.75996048195
62,338684,2199.68009257716,10,31.2132034355964,0,2199.68009257716
62,338685,2196.00008714753,10,31.2132034355964,0,2196.00008714753
62,338686,2192.72195744067,10,31.2132034355964,0,2192.72195744067
62,338690,2183.66106582276,10,31.2132034355964,0,2183.66106582276
62,338691,2182.41505776834,10,31.2132034355964,0,2182.41505776834
62,338692,2181.57847559458,10,31.2132034355964,0,2181.57847559458
56,338792,2464.84894787802,150,171.213203435596,0,2464.84894787802
62,339387,2170.02494472022,10,31.2132034355964,0,2170.02494472022
62,339388,2166.29454294078,10,31.2132034355964,0,2166.29454294078
62,339389,2162.97137504959,10,31.2132034355964,0,2162.97137504959
62,339390,2160.05732058984,10,31.2132034355964,0,2160.05732058984
62,339391,2157.55403724344,10,31.2132034355964,0,2157.55403724344
62,339392,2155.46295617982,10,31.2132034355964,0,2155.46295617982
62,339393,2153.78527800337,10,31.2132034355964,0,2153.78527800337
62,339394,2152.52196933457,10,31.2132034355964,0,2152.52196933457
62,339395,2151.67376003769,10,31.2132034355964,0,2151.67376003769
62,339396,2151.24114111986,10,31.2132034355964,0,2151.24114111986
62,339397,2151.22436331062,10,31.2132034355964,0,2151.22436331062
56,339494,2422.85704618493,150,171.213203435596,0,2422.85704618493
56,339495,2441.40317076709,150,171.213203435596,0,2441.40317076709
56,339496,2460.17313952088,150,171.213203435596,0,2460.17313952088
62,340092,2133.22529270842,10,31.2132034355964,0,2133.22529270842
62,340093,2130.27053226668,10,31.2132034355964,0,2130.27053226668
62,340094,2127.7321913023,10,31.2132034355964,0,2127.7321913023
62,340095,2125.61176164234,10,31.2132034355964,0,2125.61176164234
62,340096,2123.91049496586,10,31.2132034355964,0,2123.91049496586
62,340097,2122.62939913894,10,31.2132034355964,0,2122.62939913894
62,340098,2121.76923524217,10,31.2132034355964,0,2121.76923524217
62,340099,2121.33051531821,10,31.2132034355964,0,2121.33051531821
62,340100,2121.31350084954,10,31.2132034355964,0,2121.31350084954
62,340101,2121.71820198184,10,31.2132034355964,0,2121.71820198184
62,340102,2122.54437749267,10,31.2132034355964,0,2122.54437749267
62,340103,2123.79153550842,10,31.2132034355964,0,2123.79153550842
62,340106,2130.05026192283,10,31.2132034355964,0,2130.05026192283
62,340107,2132.97148468004,10,31.2132034355964,0,2132.97148468004
62,340108,2136.3075473039,10,31.2132034355964,0,2136.3075473039
62,340109,2140.05650975425,10,31.2132034355964,0,2140.05650975425
65,340112,2125.89314369546,48,69.2132034355964,0,2125.89314369546
65,340113,2119.64592940842,48,69.2132034355964,0,2119.64592940842
65,340114,2113.80353987251,48,69.2132034355964,0,2113.80353987251
56,340202,2495.18641893231,150,171.213203435596,0,2495.18641893231
56,340203,2514.97818391112,150,171.213203435596,0,2514.97818391112
62,340797,2097.91289755379,10,31.2132034355964,0,2097.91289755379
62,340798,2095.76228626752,10,31.2132034355964,0,2095.76228626752
62,340799,2094.03675971848,10,31.2132034355964,0,2094.03675971848
62,340800,2092.73736939273,10,31.2132034355964,0,2092.73736939273
62,340801,2091.86490939254,10,31.2132034355964,0,2091.86490939254
62,340802,2091.41991401412,10,31.2132034355964,0,2091.41991401412
62,340803,2091.40265611708,10,31.2132034355964,0,2091.40265611708
62,340804,2091.81314628822,10,31.2132034355964,0,2091.81314628822
62,340805,2092.65113280945,10,31.2132034355964,0,2092.65113280945
62,340806,2093.91610242739,10,31.2132034355964,0,2093.91610242739
62,340807,2095.60728192395,10,31.2132034355964,0,2095.60728192395
62,340808,2097.72364047107,10,31.2132034355964,0,2097.72364047107
62,340809,2100.26389275778,10,31.2132034355964,0,2100.26389275778
62,340810,2103.22650286308,10,31.2132034355964,0,2103.22650286308
62,340811,2106.60968885021,10,31.2132034355964,0,2106.60968885021
62,340812,2110.41142805446,10,31.2132034355964,0,2110.41142805446
65,340813,2110.57925841076,48,69.2132034355964,0,2110.57925841076
65,340814,2103.43604343733,48,69.2132034355964,0,2103.43604343733
65,340815,2096.69523601487,48,69.2132034355964,0,2096.69523601487
65,340816,2090.36072908842,48,69.2132034355964,0,2090.36072908842
65,340817,2084.43622684991,48,69.2132034355964,0,2084.43622684991
65,340818,2078.9252345834,48,69.2132034355964,0,2078.9252345834
56,340905,2472.75255449411,150,171.213203435596,0,2472.75255449411
62,341504,2061.96079114228,10,31.2132034355964,0,2061.96079114228
62,341505,2061.50933827214,10,31.2132034355964,0,2061.50933827214
62,341506,2061.49182988272,10,31.2132034355964,0,2061.49182988272
62,341507,2061.90827702895,10,31.2132034355964,0,2061.90827702895
62,341508,2062.75841687858,10,31.2132034355964,0,2062.75841687858
62,341509,2064.0417135425,10,31.2132034355964,0,2064.0417135425
62,341510,2065.75735975958,10,31.2132034355964,0,2065.75735975958
62,341511,2067.90427942683,10,31.2132034355964,0,2067.90427942683
62,341512,2070.48113095995,10,31.2132034355964,0,2070.48113095995
62,341513,2073.4863114484,10,31.2132034355964,0,2073.4863114484
62,341514,2076.91796159182,10,31.2132034355964,0,2076.91796159182
62,341515,2080.77397136665,10,31.2132034355964,0,2080.77397136665
65,341516,2081.59644697559,48,69.2132034355964,0,2081.59644697559
65,341517,2074.35339056712,48,69.2132034355964,0,2074.35339056712
65,341518,2067.51772920402,48,69.2132034355964,0,2067.51772920402
65,341519,2061.09351629306,48,69.2132034355964,0,2061.09351629306
65,341520,2055.08461041453,48,69.2132034355964,0,2055.08461041453
62,342213,2035.90924460958,10,31.2132034355964,0,2035.90924460958
62,342214,2038.08761820761,10,31.2132034355964,0,2038.08761820761
62,342215,2040.70213447121,10,31.2132034355964,0,2040.70213447121
62,342216,2043.75111956396,10,31.2132034355964,0,2043.75111956396
62,342217,2047.23263229698,10,31.2132034355964,0,2047.23263229698
62,342218,2051.14447021779,10,31.2132034355964,0,2051.14447021779
65,342219,2052.64028110704,48,69.2132034355964,0,2052.64028110704
65,342220,2045.29464444971,48,69.2132034355964,0,2045.29464444971
65,342221,2038.36149933008,48,69.2132034355964,0,2038.36149933008
56,354295,2924.79155924493,150,171.213203435596,0,2924.79155924493
56,354997,2884.84521429342,150,171.213203435596,0,2884.84521429342
56,354998,2911.83209443265,150,171.213203435596,0,2911.83209443265
56,354999,2938.87561011077,150,171.213203435596,0,2938.87561011077
56,355701,2899.12331933947,150,171.213203435596,0,2899.12331933947
62,358329,1978.25007159824,10,31.2132034355964,0,1978.25007159824
56,358511,2795.76860401932,150,171.213203435596,0,2795.76860401932
62,359031,1980.34489435634,10,31.2132034355964,0,1980.34489435634
62,359032,1958.06103457489,10,31.2132034355964,0,1958.06103457489
62,359033,1935.98288615484,10,31.2132034355964,0,1935.98288615484
56,359214,2784.13671648605,150,171.213203435596,0,2784.13671648605
56,359215,2811.77293034776,150,171.213203435596,0,2811.77293034776
56,359216,2839.45528140936,150,171.213203435596,0,2839.45528140936
62,359733,1983.34021496285,10,31.2132034355964,0,1983.34021496285
62,359734,1960.63393712155,10,31.2132034355964,0,1960.63393712155
62,359735,1938.123339205,10,31.2132034355964,0,1938.123339205
62,359736,1915.81531887117,10,31.2132034355964,0,1915.81531887117
56,359917,2772.7787178917,150,171.213203435596,0,2772.7787178917
56,359918,2800.5271656906,150,171.213203435596,0,2800.5271656906
56,359919,2828.31973622241,150,171.213203435596,0,2828.31973622241
62,360436,1964.11502161676,10,31.2132034355964,0,1964.11502161676
62,360437,1941.18375319831,10,31.2132034355964,0,1941.18375319831
62,360438,1918.4448218089,10,31.2132034355964,0,1918.4448218089
62,360439,1895.90514795958,10,31.2132034355964,0,1895.90514795958
62,360440,1873.57192306552,10,31.2132034355964,0,1873.57192306552
56,360621,2789.55680944803,150,171.213203435596,0,2789.55680944803
62,361139,1945.15979330667,10,31.2132034355964,0,1945.15979330667
62,361140,1922.00225948835,10,31.2132034355964,0,1922.00225948835
62,361141,1899.03353951073,10,31.2132034355964,0,1899.03353951073
62,361142,1876.26056762047,10,31.2132034355964,0,1876.26056762047
62,361143,1853.69055825433,10,31.2132034355964,0,1853.69055825433
62,361144,1831.33101558224,10,31.2132034355964,0,1831.33101558224
62,361842,1926.48249884466,10,31.2132034355964,0,1926.48249884466
62,361843,1903.09758046713,10,31.2132034355964,0,1903.09758046713
62,361844,1879.89777050578,10,31.2132034355964,0,1879.89777050578
62,361845,1856.8900071523,10,31.2132034355964,0,1856.8900071523
62,361846,1834.08151785217,10,31.2132034355964,0,1834.08151785217
62,361847,1811.47982984519,10,31.2132034355964,0,1811.47982984519
62,362545,1908.09129989079,10,31.2132034355964,0,1908.09129989079
62,362546,1884.47804698962,10,31.2132034355964,0,1884.47804698962
62,362547,1861.0460135162,10,31.2132034355964,0,1861.0460135162
62,362548,1837.80213114081,10,31.2132034355964,0,1837.80213114081
62,362549,1814.75362956083,10,31.2132034355964,0,1814.75362956083
62,362550,1791.90804807317,10,31.2132034355964,0,1791.90804807317
62,363249,1866.15219419418,10,31.2132034355964,0,1866.15219419418
62,363250,1842.48698633222,10,31.2132034355964,0,1842.48698633222
62,363251,1819.00583871953,10,31.2132034355964,0,1819.00583871953
62,363252,1795.71597180296,10,31.2132034355964,0,1795.71597180296
62,363253,1772.62492509553,10,31.2132034355964,0,1772.62492509553
62,363953,1824.22962334381,10,31.2132034355964,0,1824.22962334381
62,363956,1753.63998326352,10,31.2132034355964,0,1753.63998326352
62,363957,1730.50446250487,10,31.2132034355964,0,1730.50446250487
62,363958,1707.57953601673,10,31.2132034355964,0,1707.57953601673
62,364659,1734.96301120245,10,31.2132034355964,0,1734.96301120245
62,364660,1711.57492405469,10,31.2132034355964,0,1711.57492405469
62,364661,1688.39286717132,10,31.2132034355964,0,1688.39286717132
62,364662,1665.42544414958,10,31.2132034355964,0,1665.42544414958
62,364663,1642.68165783406,10,31.2132034355964,0,1642.68165783406
62,365363,1692.96223822915,10,31.2132034355964,0,1692.96223822915
62,365364,1669.52162894638,10,31.2132034355964,0,1669.52162894638
62,365365,1646.29082832794,10,31.2132034355964,0,1646.29082832794
62,365366,1623.27884414032,10,31.2132034355964,0,1623.27884414032
62,365367,1600.49511486391,10,31.2132034355964,0,1600.49511486391
62,366065,1698.57344541015,10,31.2132034355964,0,1698.57344541015
62,366066,1674.67696974552,10,31.2132034355964,0,1674.67696974552
62,366067,1650.97663782228,10,31.2132034355964,0,1650.97663782228
62,366068,1627.48101874166,10,31.2132034355964,0,1627.48101874166
62,366069,1604.19910740486,10,31.2132034355964,0,1604.19910740486
62,366768,1680.881729724,10,31.2132034355964,0,1680.881729724
62,366769,1656.72995971944,10,31.2132034355964,0,1656.72995971944
62,366771,1609.00740669645,10,31.2132034355964,0,1609.00740669645
62,366772,1585.45411162713,10,31.2132034355964,0,1585.45411162713
62,366773,1562.11854769831,10,31.2132034355964,0,1562.11854769831
62,367471,1663.53972681686,10,31.2132034355964,0,1663.53972681686
62,367472,1639.13231905735,10,31.2132034355964,0,1639.13231905735
62,367475,1567.05586928705,10,31.2132034355964,0,1567.05586928705
62,367476,1543.44203633195,10,31.2132034355964,0,1543.44203633195
62,368174,1646.5584865371,10,31.2132034355964,0,1646.5584865371
62,368175,1621.89541982092,10,31.2132034355964,0,1621.89541982092
62,368176,1597.41177754836,10,31.2132034355964,0,1597.41177754836
62,368177,1573.11593731153,10,31.2132034355964,0,1573.11593731153
62,368178,1549.01673598796,10,31.2132034355964,0,1549.01673598796
62,368179,1525.12349515843,10,31.2132034355964,0,1525.12349515843
62,368878,1605.03088437766,10,31.2132034355964,0,1605.03088437766
62,368879,1580.28584446401,10,31.2132034355964,0,1580.28584446401
62,368880,1555.72243707029,10,31.2132034355964,0,1555.72243707029
62,368881,1531.34940258343,10,31.2132034355964,0,1531.34940258343
62,368882,1507.17597677472,10,31.2132034355964,0,1507.17597677472
62,369582,1563.5445970256,10,31.2132034355964,0,1563.5445970256
62,369583,1538.71382774584,10,31.2132034355964,0,1538.71382774584
62,369584,1514.06688449562,10,31.2132034355964,0,1514.06688449562
62,369585,1489.61289198452,10,31.2132034355964,0,1489.61289198452
62,369586,1465.36151015032,10,31.2132034355964,0,1465.36151015032
62,370285,1547.20052258063,10,31.2132034355964,0,1547.20052258063
62,370286,1522.10301218462,10,31.2132034355964,0,1522.10301218462
62,370287,1497.18250797082,10,31.2132034355964,0,1497.18250797082
62,370288,1472.44799720748,10,31.2132034355964,0,1472.44799720748
62,370289,1447.90901186248,10,31.2132034355964,0,1447.90901186248
62,370290,1423.57566311893,10,31.2132034355964,0,1423.57566311893
62,370989,1505.90315399758,10,31.2132034355964,0,1505.90315399758
62,370990,1480.70989296893,10,31.2132034355964,0,1480.70989296893
62,370991,1455.69537833546,10,31.2132034355964,0,1455.69537833546
62,370992,1430.8689846907,10,31.2132034355964,0,1430.8689846907
62,370993,1406.2406755797,10,31.2132034355964,0,1406.2406755797
62,370994,1381.82104247738,10,31.2132034355964,0,1381.82104247738
56,371157,2397.69265320759,150,171.213203435596,0,2397.69265320759
56,371158,2426.78314300951,150,171.213203435596,0,2426.78314300951
62,371692,1490.12765636093,10,31.2132034355964,0,1490.12765636093
62,371693,1464.66293242227,10,31.2132034355964,0,1464.66293242227
62,371694,1439.36943070616,10,31.2132034355964,0,1439.36943070616
62,371695,1414.25633800406,10,31.2132034355964,0,1414.25633800406
62,371696,1389.33343737304,10,31.2132034355964,0,1389.33343737304
62,371697,1364.61114971198,10,31.2132034355964,0,1364.61114971198
62,371698,1340.10057783831,10,31.2132034355964,0,1340.10057783831
56,371859,2361.70925093858,150,171.213203435596,0,2361.70925093858
56,371860,2390.86344313847,150,171.213203435596,0,2390.86344313847
56,371861,2420.03618202118,150,171.213203435596,0,2420.03618202118
62,372396,1449.05576759577,10,31.2132034355964,0,1449.05576759577
62,372397,1423.48483487197,10,31.2132034355964,0,1423.48483487197
62,372398,1398.08630682602,10,31.2132034355964,0,1398.08630682602
62,372399,1372.86975211331,10,31.2132034355964,0,1372.86975211331
62,372400,1347.84538427896,10,31.2132034355964,0,1347.84538427896
62,372401,1323.02410873204,10,31.2132034355964,0,1323.02410873204
62,372402,1298.41757280746,10,31.2132034355964,0,1298.41757280746
56,372563,2384.38993071282,150,171.213203435596,0,2384.38993071282
56,372564,2413.64107001121,150,171.213203435596,0,2413.64107001121
62,373100,1408.05652787279,10,31.2132034355964,0,1408.05652787279
62,373101,1382.37442344751,10,31.2132034355964,0,1382.37442344751
62,373102,1356.86576559793,10,31.2132034355964,0,1356.86576559793
62,373103,1331.54052264433,10,31.2132034355964,0,1331.54052264433
62,373104,1306.40936132951,10,31.2132034355964,0,1306.40936132951
62,373105,1281.48370010814,10,31.2132034355964,0,1281.48370010814
64,373151,776.491800282714,5,26.2132034355964,0,776.491800282714
56,373267,2407.60061074351,150,171.213203435596,0,2407.60061074351
56,373276,2672.11821434807,150,171.213203435596,0,2672.11821434807
56,373277,2701.5665046969,150,171.213203435596,0,2701.5665046969
56,373278,2731.02492246678,150,171.213203435596,0,2731.02492246678
56,373279,2760.49314343238,150,171.213203435596,0,2760.49314343238
62,373803,1393.09966972025,10,31.2132034355964,0,1393.09966972025
62,373804,1367.13648381738,10,31.2132034355964,0,1367.13648381738
62,373805,1341.33793242042,10,31.2132034355964,0,1341.33793242042
62,373806,1315.71370004382,10,31.2132034355964,0,1315.71370004382
62,373807,1290.27417240371,10,31.2132034355964,0,1290.27417240371
62,373808,1265.03049268822,10,31.2132034355964,0,1265.03049268822
62,373809,1239.99462210776,10,31.2132034355964,0,1239.99462210776
64,373854,748.81434062804,5,26.2132034355964,0,748.81434062804
64,373855,760.865558272111,5,26.2132034355964,0,760.865558272111
56,373978,2637.50505331828,150,171.213203435596,0,2637.50505331828
56,373979,2667.00016035558,150,171.213203435596,0,2667.00016035558
56,373980,2696.50450287266,150,171.213203435596,0,2696.50450287266
56,373981,2726.01778099396,150,171.213203435596,0,2726.01778099396
56,373982,2755.53970760169,150,171.213203435596,0,2755.53970760169
56,373983,2785.07000767318,150,171.213203435596,0,2785.07000767318
62,374506,1378.62960485369,10,31.2132034355964,0,1378.62960485369
62,374507,1352.38850841213,10,31.2132034355964,0,1352.38850841213
62,374508,1326.30297653648,10,31.2132034355964,0,1326.30297653648
62,374509,1300.38237109011,10,31.2132034355964,0,1300.38237109011
62,374510,1274.63675378306,10,31.2132034355964,0,1274.63675378306
62,374511,1249.07694508362,10,31.2132034355964,0,1249.07694508362
62,374512,1223.71458803705,10,31.2132034355964,0,1223.71458803705
62,374513,1198.56221732417,10,31.2132034355964,0,1198.56221732417
56,374682,2662.20836011338,150,171.213203435596,0,2662.20836011338
56,374683,2691.76538393657,150,171.213203435596,0,2691.76538393657
56,374684,2721.330217171,150,171.213203435596,0,2721.330217171
56,374685,2750.90260802376,150,171.213203435596,0,2750.90260802376
62,375209,1364.66181836336,10,31.2132034355964,0,1364.66181836336
62,375210,1338.14669730198,10,31.2132034355964,0,1338.14669730198
62,375211,1311.7778454081,10,31.2132034355964,0,1311.7778454081
62,375212,1285.56426331677,10,31.2132034355964,0,1285.56426331677
62,375213,1259.51564568881,10,31.2132034355964,0,1259.51564568881
62,375214,1233.64244235008,10,31.2132034355964,0,1233.64244235008
62,375215,1207.95592494627,10,31.2132034355964,0,1207.95592494627
62,375216,1182.46825956085,10,31.2132034355964,0,1182.46825956085
64,375261,707.001821536883,5,26.2132034355964,0,707.001821536883
64,375262,720.995895444222,5,26.2132034355964,0,720.995895444222
56,375384,2628.14527984174,150,171.213203435596,0,2628.14527984174
56,375385,2657.74457828669,150,171.213203435596,0,2657.74457828669
56,375387,2716.96388509492,150,171.213203435596,0,2716.96388509492
56,375388,2746.58344692481,150,171.213203435596,0,2746.58344692481
56,375389,2776.20933248495,150,171.213203435596,0,2776.20933248495
62,375912,1351.21188683888,10,31.2132034355964,0,1351.21188683888
62,375913,1324.42737922199,10,31.2132034355964,0,1324.42737922199
62,375914,1297.77965747469,10,31.2132034355964,0,1297.77965747469
62,375915,1271.27732329024,10,31.2132034355964,0,1271.27732329024
62,375916,1244.92966182638,10,31.2132034355964,0,1244.92966182638
62,375917,1218.7467045768,10,31.2132034355964,0,1218.7467045768
62,375918,1192.73929832643,10,31.2132034355964,0,1192.73929832643
62,375919,1166.91918077595,10,31.2132034355964,0,1166.91918077595
56,376086,2594.32444786176,150,171.213203435596,0,2594.32444786176
56,376087,2623.9643776066,150,171.213203435596,0,2623.9643776066
56,376088,2653.61047020893,150,171.213203435596,0,2653.61047020893
56,376089,2683.26252139922,150,171.213203435596,0,2683.26252139922
56,376090,2712.92033579373,150,171.213203435596,0,2712.92033579373
56,376091,2742.58372642288,150,171.213203435596,0,2742.58372642288
56,376092,2772.25251428899,150,171.213203435596,0,2772.25251428899
62,376617,1284.32564271044,10,31.2132034355964,0,1284.32564271044
62,376618,1257.53965497137,10,31.2132034355964,0,1257.53965497137
62,376619,1230.89782580609,10,31.2132034355964,0,1230.89782580609
62,376620,1204.40972172487,10,31.2132034355964,0,1204.40972172487
62,376621,1178.08571184526,10,31.2132034355964,0,1178.08571184526
56,376791,2649.80757890636,150,171.213203435596,0,2649.80757890636
56,376792,2679.50187295891,150,171.213203435596,0,2679.50187295891
56,376793,2709.20101455154,150,171.213203435596,0,2709.20101455154
56,376794,2738.90484598979,150,171.213203435596,0,2738.90484598979
56,376795,2768.61321632564,150,171.213203435596,0,2768.61321632564
62,377320,1271.43307618184,10,31.2132034355964,0,1271.43307618184
62,377321,1244.36945014527,10,31.2132034355964,0,1244.36945014527
62,377322,1217.43929859857,10,31.2132034355964,0,1217.43929859857
62,377323,1190.65167835696,10,31.2132034355964,0,1190.65167835696
62,377324,1164.01642971874,10,31.2132034355964,0,1164.01642971874
62,377325,1137.54425593758,10,31.2132034355964,0,1137.54425593758
62,377326,1111.24681140867,10,31.2132034355964,0,1111.24681140867
62,377327,1085.13679948609,10,31.2132034355964,0,1085.13679948609
62,377328,1059.22808092614,10,31.2132034355964,0,1059.22808092614
62,378023,1259.11920460844,10,31.2132034355964,0,1259.11920460844
62,378024,1231.78491085329,10,31.2132034355964,0,1231.78491085329
62,378025,1204.57329685288,10,31.2132034355964,0,1204.57329685288
62,378026,1177.4928679548,10,31.2132034355964,0,1177.4928679548
62,378027,1150.5528872589,10,31.2132034355964,0,1150.5528872589
62,378028,1123.76345570477,10,31.2132034355964,0,1123.76345570477
62,378029,1097.13560150415,10,31.2132034355964,0,1097.13560150415
62,378030,1070.68138001076,10,31.2132034355964,0,1070.68138001076
62,378031,1044.41398527138,10,31.2132034355964,0,1044.41398527138
62,378032,1018.34787448515,10,31.2132034355964,0,1018.34787448515
62,378033,992.498906812138,10,31.2132034355964,0,992.498906812138
62,378726,1247.40116607901,10,31.2132034355964,0,1247.40116607901
62,378727,1219.80416390214,10,31.2132034355964,0,1219.80416390214
62,378728,1192.31900208319,10,31.2132034355964,0,1192.31900208319
62,378729,1164.95359672056,10,31.2132034355964,0,1164.95359672056
62,378730,1137.71658932471,10,31.2132034355964,0,1137.71658932471
62,378731,1110.61742650631,10,31.2132034355964,0,1110.61742650631
62,378732,1083.66644952663,10,31.2132034355964,0,1083.66644952663
62,378733,1056.87499493932,10,31.2132034355964,0,1056.87499493932
62,378734,1030.25550780504,10,31.2132034355964,0,1030.25550780504
62,378735,1003.82166898786,10,31.2132034355964,0,1003.82166898786
62,378736,977.58853831051,10,31.2132034355964,0,977.58853831051
62,378737,951.572715392126,10,31.2132034355964,0,951.572715392126
62,379430,1208.44516775032,10,31.2132034355964,0,1208.44516775032
62,379431,1180.6954609403,10,31.2132034355964,0,1180.6954609403
62,379432,1153.05407698987,10,31.2132034355964,0,1153.05407698987
62,379433,1125.52899669015,10,31.2132034355964,0,1125.52899669015
62,379434,1098.12896567956,10,31.2132034355964,0,1098.12896567956
62,379435,1070.86358285995,10,31.2132034355964,0,1070.86358285995
62,379436,1043.74340039959,10,31.2132034355964,0,1043.74340039959
62,379437,1016.78003698904,10,31.2132034355964,0,1016.78003698904
62,379438,989.986306125357,10,31.2132034355964,0,989.986306125357
62,379439,963.376361540681,10,31.2132034355964,0,963.376361540681
62,379440,936.965862021136,10,31.2132034355964,0,936.965862021136
62,379441,910.772158212745,10,31.2132034355964,0,910.772158212745
62,379442,884.81450413121,10,31.2132034355964,0,884.81450413121
62,379443,859.114296371466,10,31.2132034355964,0,859.114296371466
62,380134,1169.72147700251,10,31.2132034355964,0,1169.72147700251
62,380135,1141.81431061823,10,31.2132034355964,0,1141.81431061823
62,380136,1114.01140060462,10,31.2132034355964,0,1114.01140060462
62,380137,1086.32075189147,10,31.2132034355964,0,1086.32075189147
62,380138,1058.75117279006,10,31.2132034355964,0,1058.75117279006
62,380139,1031.31237282952,10,31.2132034355964,0,1031.31237282952
62,380140,1004.01507428948,10,31.2132034355964,0,1004.01507428948
62,380141,976.871139417916,10,31.2132034355964,0,976.871139417916
62,380142,949.893715759821,10,31.2132034355964,0,949.893715759821
62,380143,923.097402246034,10,31.2132034355964,0,923.097402246034
62,380144,896.498439158997,10,31.2132034355964,0,896.498439158997
62,380145,870.114925387044,10,31.2132034355964,0,870.114925387044
62,380146,843.967066854159,10,31.2132034355964,0,843.967066854159
62,380147,818.077460317316,10,31.2132034355964,0,818.077460317316
62,380148,792.471417031024,10,31.2132034355964,0,792.471417031024
62,380837,1159.41549478806,10,31.2132034355964,0,1159.41549478806
62,380838,1131.25396305271,10,31.2132034355964,0,1131.25396305271
62,380839,1103.18478619086,10,31.2132034355964,0,1103.18478619086
62,380840,1075.21519717593,10,31.2132034355964,0,1075.21519717593
62,380841,1047.35317452877,10,31.2132034355964,0,1047.35317452877
62,380842,1019.60753643143,10,31.2132034355964,0,1019.60753643143
62,380843,991.988048670791,10,31.2132034355964,0,991.988048670791
62,380844,964.505548591445,10,31.2132034355964,0,964.505548591445
62,380845,937.172087735528,10,31.2132034355964,0,937.172087735528
62,380846,910.001096153572,10,31.2132034355964,0,910.001096153572
62,380847,883.007571983865,10,31.2132034355964,0,883.007571983865
62,380848,856.208300339296,10,31.2132034355964,0,856.208300339296
62,380849,829.622106243274,10,31.2132034355964,0,829.622106243274
62,380850,803.270146949012,10,31.2132034355964,0,803.270146949012
62,380851,777.176249638241,10,31.2132034355964,0,777.176249638241
62,380852,751.367301152063,10,31.2132034355964,0,751.367301152063
62,381523,1640.89648588519,10,31.2132034355964,0,1640.89648588519
62,381524,1611.70829723713,10,31.2132034355964,0,1611.70829723713
62,381540,1149.79547697384,10,31.2132034355964,0,1149.79547697384
62,381541,1121.39222907613,10,31.2132034355964,0,1121.39222907613
62,381542,1093.06968570759,10,31.2132034355964,0,1093.06968570759
62,381543,1064.83428664229,10,31.2132034355964,0,1064.83428664229
62,381544,1036.69315230187,10,31.2132034355964,0,1036.69315230187
62,381545,1008.65417258317,10,31.2132034355964,0,1008.65417258317
62,381546,980.726109337599,10,31.2132034355964,0,980.726109337599
62,381547,952.918714805619,10,31.2132034355964,0,952.918714805619
62,381548,925.242868844303,10,31.2132034355964,0,925.242868844303
62,381549,897.710738208664,10,31.2132034355964,0,897.710738208664
62,381550,870.335961842116,10,31.2132034355964,0,870.335961842116
62,381551,843.133866765736,10,31.2132034355964,0,843.133866765736
62,381552,816.121720045374,10,31.2132034355964,0,816.121720045374
62,381553,789.31902321548,10,31.2132034355964,0,789.31902321548
62,381554,762.747856583883,10,31.2132034355964,0,762.747856583883
62,381555,736.433282026166,10,31.2132034355964,0,736.433282026166
62,381556,710.403813942293,10,31.2132034355964,0,710.403813942293
62,382226,1634.66308092412,10,31.2132034355964,0,1634.66308092412
62,382227,1605.36140346747,10,31.2132034355964,0,1605.36140346747
62,382228,1576.08280453362,10,31.2132034355964,0,1576.08280453362
62,382244,1112.2476915967,10,31.2132034355964,0,1112.2476915967
62,382245,1083.68602310047,10,31.2132034355964,0,1083.68602310047
62,382246,1055.1994073636,10,31.2132034355964,0,1055.1994073636
62,382247,1026.79409103626,10,31.2132034355964,0,1026.79409103626
62,382248,998.477012711758,10,31.2132034355964,0,998.477012711758
62,382249,970.255898148023,10,31.2132034355964,0,970.255898148023
62,382250,942.139370960661,10,31.2132034355964,0,942.139370960661
62,382251,914.137081728218,10,31.2132034355964,0,914.137081728218
62,382252,886.2598589106,10,31.2132034355964,0,886.2598589106
62,382253,858.519885789827,10,31.2132034355964,0,858.519885789827
62,382254,830.930908398759,10,31.2132034355964,0,830.930908398759
62,382255,803.508480491017,10,31.2132034355964,0,803.508480491017
62,382256,776.27025279176,10,31.2132034355964,0,776.27025279176
62,382257,749.236315172653,10,31.2132034355964,0,749.236315172653
62,382258,722.429602134204,10,31.2132034355964,0,722.429602134204
62,382948,1075.05295173498,10,31.2132034355964,0,1075.05295173498
62,382949,1046.33116847182,10,31.2132034355964,0,1046.33116847182
62,382950,1017.67819681222,10,31.2132034355964,0,1017.67819681222
62,382951,989.100016925658,10,31.2132034355964,0,989.100016925658
62,382952,960.603304059903,10,31.2132034355964,0,960.603304059903
62,382953,932.195529450641,10,31.2132034355964,0,932.195529450641
62,382954,903.885078735247,10,31.2132034355964,0,903.885078735247
62,382955,875.681391297358,10,31.2132034355964,0,875.681391297358
62,382956,847.595124836775,10,31.2132034355964,0,847.595124836775
62,382957,819.638350314509,10,31.2132034355964,0,819.638350314509
62,382958,791.824783674951,10,31.2132034355964,0,791.824783674951
62,382959,764.170062132459,10,31.2132034355964,0,764.170062132459
62,382960,736.692074584382,10,31.2132034355964,0,736.692074584382
62,382961,709.411357913208,10,31.2132034355964,0,709.411357913208
56,383047,508.976778808206,150,171.213203435596,0,508.976778808206
56,383118,2630.68204244564,150,171.213203435596,0,2630.68204244564
56,383119,2660.59124024338,150,171.213203435596,0,2660.59124024338
62,383652,1038.24921500159,10,31.2132034355964,0,1038.24921500159
62,383653,1009.36668890462,10,31.2132034355964,0,1009.36668890462
62,383654,980.546141481502,10,31.2132034355964,0,980.546141481502
62,383655,951.793202946369,10,31.2132034355964,0,951.793202946369
62,383656,923.114190913418,10,31.2132034355964,0,923.114190913418
62,383657,894.516215870187,10,31.2132034355964,0,894.516215870187
62,383658,866.007306054302,10,31.2132034355964,0,866.007306054302
62,383659,837.596555940728,10,31.2132034355964,0,837.596555940728
62,383660,809.294303456928,10,31.2132034355964,0,809.294303456928
62,383661,781.112342361834,10,31.2132034355964,0,781.112342361834
62,383662,753.064177795,10,31.2132034355964,0,753.064177795
62,383663,725.165334986861,10,31.2132034355964,0,725.165334986861
62,383664,697.433733742906,10,31.2132034355964,0,697.433733742906
64,383694,355.748481088087,5,26.2132034355964,0,355.748481088087
64,383695,375.728550228755,5,26.2132034355964,0,375.728550228755
56,383749,476.821571802224,150,171.213203435596,0,476.821571802224
56,383750,506.702241423536,150,171.213203435596,0,506.702241423536
56,383751,536.586783390855,150,171.213203435596,0,536.586783390855
56,383820,2600.33553503149,150,171.213203435596,0,2600.33553503149
56,383821,2630.24972586683,150,171.213203435596,0,2630.24972586683
56,383822,2660.16394427709,150,171.213203435596,0,2660.16394427709
56,383823,2690.07818933937,150,171.213203435596,0,2690.07818933937
62,384356,1001.87958687455,10,31.2132034355964,0,1001.87958687455
62,384357,972.837098999666,10,31.2132034355964,0,972.837098999666
62,384358,943.84918715996,10,31.2132034355964,0,943.84918715996
62,384359,914.921038849323,10,31.2132034355964,0,914.921038849323
62,384360,886.058507592181,10,31.2132034355964,0,886.058507592181
62,384361,857.26822100224,10,31.2132034355964,0,857.26822100224
62,384362,828.557710076826,10,31.2132034355964,0,828.557710076826
62,384363,799.935564553218,10,31.2132034355964,0,799.935564553218
62,384364,771.411620516231,10,31.2132034355964,0,771.411620516231
62,384365,742.997188033455,10,31.2132034355964,0,742.997188033455
62,384366,714.705328724487,10,31.2132034355964,0,714.705328724487
62,384367,686.55119599275,10,31.2132034355964,0,686.55119599275
62,384368,658.552454142104,10,31.2132034355964,0,658.552454142104
64,384396,313.617653659962,5,26.2132034355964,0,313.617653659962
64,384397,333.438328473067,5,26.2132034355964,0,333.438328473067
64,384398,354.677542457701,5,26.2132034355964,0,354.677542457701
64,384399,377.095681984493,5,26.2132034355964,0,377.095681984493
56,384452,476.274969924524,150,171.213203435596,0,476.274969924524
56,384453,506.188062971716,150,171.213203435596,0,506.188062971716
56,384454,536.101424502317,150,171.213203435596,0,536.101424502317
56,384524,2630.15752871089,150,171.213203435596,0,2630.15752871089
56,384525,2660.07294385612,150,171.213203435596,0,2660.07294385612
56,384526,2689.988360826,150,171.213203435596,0,2689.988360826
56,384527,2719.90377955735,150,171.213203435596,0,2719.90377955735
62,385059,995.235496776286,10,31.2132034355964,0,995.235496776286
62,385060,965.99311608849,10,31.2132034355964,0,965.99311608849
62,385061,936.793290196141,10,31.2132034355964,0,936.793290196141
62,385062,907.640126216119,10,31.2132034355964,0,907.640126216119
62,385063,878.538269413369,10,31.2132034355964,0,878.538269413369
62,385064,849.492992830834,10,31.2132034355964,0,849.492992830834
62,385065,820.51030515164,10,31.2132034355964,0,820.51030515164
62,385066,791.597081093571,10,31.2132034355964,0,791.597081093571
62,385067,762.761219959775,10,31.2132034355964,0,762.761219959775
62,385068,734.011839484786,10,31.2132034355964,0,734.011839484786
62,385069,705.359514204747,10,31.2132034355964,0,705.359514204747
62,385070,676.816570428284,10,31.2132034355964,0,676.816570428284
62,385071,648.397453482837,10,31.2132034355964,0,648.397453482837
62,385072,620.119187990692,10,31.2132034355964,0,620.119187990692
64,385100,312.401423699883,5,26.2132034355964,0,312.401423699883
64,385101,334.977265388257,5,26.2132034355964,0,334.977265388257
64,385102,358.62912704557,5,26.2132034355964,0,358.62912704557
56,385155,477.604727939581,150,171.213203435596,0,477.604727939581
56,385156,507.439594689933,150,171.213203435596,0,507.439594689933
56,385157,537.283437424063,150,171.213203435596,0,537.283437424063
56,385158,567.134839134264,150,171.213203435596,0,567.134839134264
56,385159,596.992665909922,150,171.213203435596,0,596.992665909922
56,385228,2660.31827349154,150,171.213203435596,0,2660.31827349154
56,385229,2690.23112230673,150,171.213203435596,0,2690.23112230673
56,385230,2720.14403113747,150,171.213203435596,0,2720.14403113747
62,385763,960.032693710568,10,31.2132034355964,0,960.032693710568
62,385764,930.645712681894,10,31.2132034355964,0,930.645712681894
62,385765,901.29356129509,10,31.2132034355964,0,901.29356129509
62,385766,871.979756816398,10,31.2132034355964,0,871.979756816398
62,385767,842.708300970323,10,31.2132034355964,0,842.708300970323
62,385768,813.483765246266,10,31.2132034355964,0,813.483765246266
62,385769,784.311394588685,10,31.2132034355964,0,784.311394588685
62,385770,755.197234244245,10,31.2132034355964,0,755.197234244245
62,385771,726.14828589647,10,31.2132034355964,0,726.14828589647
62,385772,697.172701115421,10,31.2132034355964,0,697.172701115421
62,385773,668.280022763467,10,31.2132034355964,0,668.280022763467
62,385774,639.481488426401,10,31.2132034355964,0,639.481488426401
62,385775,610.790414817312,10,31.2132034355964,0,610.790414817312
64,385804,316.879742277264,5,26.2132034355964,0,316.879742277264
64,385805,341.786397761483,5,26.2132034355964,0,341.786397761483
64,385806,367.441268217645,5,26.2132034355964,0,367.441268217645
64,385807,393.698111179735,5,26.2132034355964,0,393.698111179735
56,385858,480.79527749145,150,171.213203435596,0,480.79527749145
56,385859,510.443848975031,150,171.213203435596,0,510.443848975031
56,385860,540.121875542209,150,171.213203435596,0,540.121875542209
56,385861,569.824754905736,150,171.213203435596,0,569.824754905736
56,385862,599.548793302172,150,171.213203435596,0,599.548793302172
56,385863,629.290992450877,150,171.213203435596,0,629.290992450877
56,385864,659.048893625121,150,171.213203435596,0,659.048893625121
56,385865,688.820461787631,150,171.213203435596,0,688.820461787631
62,386467,925.424556642081,10,31.2132034355964,0,925.424556642081
62,386468,895.90120106647,10,31.2132034355964,0,895.90120106647
62,386469,866.404810292176,10,31.2132034355964,0,866.404810292176
62,386470,836.938235299651,10,31.2132034355964,0,836.938235299651
62,386471,807.504740113878,10,31.2132034355964,0,807.504740113878
62,386472,778.108078673001,10,31.2132034355964,0,778.108078673001
62,386473,748.752589360872,10,31.2132034355964,0,748.752589360872
62,386474,719.443312045926,10,31.2132034355964,0,719.443312045926
62,386475,690.18613403392,10,31.2132034355964,0,690.18613403392
62,386476,660.987973547373,10,31.2132034355964,0,660.987973547373
62,386477,631.857012249988,10,31.2132034355964,0,631.857012249988
62,386478,602.802992597772,10,31.2132034355964,0,602.802992597772
64,386508,326.818644144327,5,26.2132034355964,0,326.818644144327
64,386509,353.561406077875,5,26.2132034355964,0,353.561406077875
64,386510,380.776696319601,5,26.2132034355964,0,380.776696319601
56,386558,398.22579887031,150,171.213203435596,0,398.22579887031
56,386563,544.590839329013,150,171.213203435596,0,544.590839329013
56,386564,574.062688544313,150,171.213203435596,0,574.062688544313
56,386565,603.578214882444,150,171.213203435596,0,603.578214882444
56,386566,633.131309910302,150,171.213203435596,0,633.131309910302
56,386567,662.716947646491,150,171.213203435596,0,662.716947646491
56,386568,692.330956125052,150,171.213203435596,0,692.330956125052
56,386569,721.969844189561,150,171.213203435596,0,721.969844189561
56,386570,751.630668631368,150,171.213203435596,0,751.630668631368
62,387158,1278.04213457072,10,31.2132034355964,0,1278.04213457072
62,387171,891.480360993135,10,31.2132034355964,0,891.480360993135
62,387172,861.832517269285,10,31.2132034355964,0,861.832517269285
62,387173,832.20390074498,10,31.2132034355964,0,832.20390074498
62,387175,773.013191374635,10,31.2132034355964,0,773.013191374635
62,387176,743.456394866301,10,31.2132034355964,0,743.456394866301
62,387177,713.929561591197,10,31.2132034355964,0,713.929561591197
62,387178,684.436569430786,10,31.2132034355964,0,684.436569430786
62,387179,654.981989869843,10,31.2132034355964,0,654.981989869843
62,387180,625.571248819308,10,31.2132034355964,0,625.571248819308
64,387212,341.742071862306,5,26.2132034355964,0,341.742071862306
56,387260,378.140834708338,150,171.213203435596,0,378.140834708338
56,387261,406.472607227837,150,171.213203435596,0,406.472607227837
56,387262,435.01653142498,150,171.213203435596,0,435.01653142498
56,387263,463.733433588699,150,171.213203435596,0,463.733433588699
56,387264,492.593062145181,150,171.213203435596,0,492.593062145181
56,387265,521.571725604859,150,171.213203435596,0,521.571725604859
56,387266,550.650631213533,150,171.213203435596,0,550.650631213533
56,387267,579.814697111357,150,171.213203435596,0,579.814697111357
56,387268,609.051689878712,150,171.213203435596,0,609.051689878712
56,387269,638.351589274463,150,171.213203435596,0,638.351589274463
56,387270,667.706114048574,150,171.213203435596,0,667.706114048574
56,387271,697.108363578331,150,171.213203435596,0,697.108363578331
56,387272,726.552543884207,150,171.213203435596,0,726.552543884207
56,387273,756.033755925532,150,171.213203435596,0,756.033755925532
56,387274,785.547830367875,150,171.213203435596,0,785.547830367875
56,387275,815.091197420307,150,171.213203435596,0,815.091197420307
56,387276,844.660783416559,150,171.213203435596,0,844.660783416559
62,387860,1305.49841175316,10,31.2132034355964,0,1305.49841175316
62,387861,1275.65037199414,10,31.2132034355964,0,1275.65037199414
62,387862,1245.80561905144,10,31.2132034355964,0,1245.80561905144
62,387875,858.278902149367,10,31.2132034355964,0,858.278902149367
62,387878,769.048762764727,10,31.2132034355964,0,769.048762764727
62,387879,739.333331853904,10,31.2132034355964,0,739.333331853904
62,387881,679.955387555756,10,31.2132034355964,0,679.955387555756
62,387882,650.297706027253,10,31.2132034355964,0,650.297706027253
62,387883,620.664872777971,10,31.2132034355964,0,620.664872777971
62,387884,591.060625132239,10,31.2132034355964,0,591.060625132239
62,387903,88.7723771192381,10,31.2132034355964,0,88.7723771192381
62,387904,88.3647113230275,10,31.2132034355964,0,88.3647113230275
64,387905,94.6294651916003,5,26.2132034355964,0,94.6294651916003
64,387906,105.072136252075,5,26.2132034355964,0,105.072136252075
56,387961,335.151468898582,150,171.213203435596,0,335.151468898582
56,387963,389.122035419215,150,171.213203435596,0,389.122035419215
56,387964,416.708012283964,150,171.213203435596,0,416.708012283964
56,387965,444.595432736259,150,171.213203435596,0,444.595432736259
56,387966,472.730951355773,150,171.213203435596,0,472.730951355773
56,387967,501.072777330426,150,171.213203435596,0,501.072777330426
56,387968,529.587788989323,150,171.213203435596,0,529.587788989323
56,387969,558.249448331536,150,171.213203435596,0,558.249448331536
56,387970,587.036275817787,150,171.213203435596,0,587.036275817787
56,387971,615.930721703661,150,171.213203435596,0,615.930721703661
56,387972,644.918321185333,150,171.213203435596,0,644.918321185333
56,387973,673.987055000251,150,171.213203435596,0,673.987055000251
56,387974,703.126860432806,150,171.213203435596,0,703.126860432806
56,387975,732.329253586862,150,171.213203435596,0,732.329253586862
56,387976,761.58703488112,150,171.213203435596,0,761.58703488112
56,387977,790.894057370063,150,171.213203435596,0,790.894057370063
56,387978,820.245042965118,150,171.213203435596,0,820.245042965118
56,387979,849.635435507826,150,171.213203435596,0,849.635435507826
56,387980,879.061282431515,150,171.213203435596,0,879.061282431515
62,388564,1273.95660793957,10,31.2132034355964,0,1273.95660793957
62,388565,1244.07106037993,10,31.2132034355964,0,1244.07106037993
62,388566,1214.18704393602,10,31.2132034355964,0,1214.18704393602
62,388582,736.40310539884,10,31.2132034355964,0,736.40310539884
62,388584,676.767784463682,10,31.2132034355964,0,676.767784463682
62,388585,646.963831605205,10,31.2132034355964,0,646.963831605205
62,388586,617.170782509472,10,31.2132034355964,0,617.170782509472
62,388587,587.390296334874,10,31.2132034355964,0,587.390296334874
62,388588,557.624385888693,10,31.2132034355964,0,557.624385888693
62,388603,120.457863036406,10,31.2132034355964,0,120.457863036406
62,388604,95.2252772190995,10,31.2132034355964,0,95.2252772190995
62,388606,59.6103762354211,10,31.2132034355964,0,59.6103762354211
62,388607,59.0015578989953,10,31.2132034355964,0,59.0015578989953
64,388608,65.6883053039023,5,26.2132034355964,0,65.6883053039023
64,388609,80.0023924535481,5,26.2132034355964,0,80.0023924535481
64,388610,101.369738577353,5,26.2132034355964,0,101.369738577353
64,388611,126.25876902887,5,26.2132034355964,0,126.25876902887
56,388661,278.084798128538,150,171.213203435596,0,278.084798128538
56,388662,301.016983101382,150,171.213203435596,0,301.016983101382
56,388663,325.086488738519,150,171.213203435596,0,325.086488738519
56,388664,350.058792321727,150,171.213203435596,0,350.058792321727
56,388665,375.753939275797,150,171.213203435596,0,375.753939275797
56,388667,428.789631534682,150,171.213203435596,0,428.789631534682
56,388668,455.938821051482,150,171.213203435596,0,455.938821051482
56,388669,483.414729652815,150,171.213203435596,0,483.414729652815
56,388670,511.164675053916,150,171.213203435596,0,511.164675053916
56,388671,539.146344767611,150,171.213203435596,0,539.146344767611
56,388672,567.325452453895,150,171.213203435596,0,567.325452453895
56,388673,595.673978613957,150,171.213203435596,0,595.673978613957
56,388674,624.168839709598,150,171.213203435596,0,624.168839709598
56,388675,652.790873100164,150,171.213203435596,0,652.790873100164
56,388676,681.524056368281,150,171.213203435596,0,681.524056368281
56,388677,710.354901921313,150,171.213203435596,0,710.354901921313
56,388678,739.271983659021,150,171.213203435596,0,739.271983659021
56,388679,768.26556399959,150,171.213203435596,0,768.26556399959
56,388680,797.327297725656,150,171.213203435596,0,797.327297725656
56,388681,826.449995119311,150,171.213203435596,0,826.449995119311
56,388682,855.627431202108,150,171.213203435596,0,855.627431202108
56,388683,884.854191083861,150,171.213203435596,0,884.854191083861
56,388684,914.125543780835,150,171.213203435596,0,914.125543780835
56,388685,943.437338650481,150,171.213203435596,0,943.437338650481
56,388686,972.785919916265,150,171.213203435596,0,972.785919916265
56,388687,1002.16805569859,150,171.213203435596,0,1002.16805569859
56,388688,1031.58087884202,150,171.213203435596,0,1031.58087884202
56,388689,1061.02183727545,150,171.213203435596,0,1061.02183727545
62,389268,1243.05404532693,10,31.2132034355964,0,1243.05404532693
62,389269,1213.14481373261,10,31.2132034355964,0,1213.14481373261
62,389270,1183.23596050286,10,31.2132034355964,0,1183.23596050286
62,389271,1153.32751507151,10,31.2132034355964,0,1153.32751507151
62,389286,704.785072976315,10,31.2132034355964,0,704.785072976315
62,389287,674.8920896264,10,31.2132034355964,0,674.8920896264
62,389288,645.001306880328,10,31.2132034355964,0,645.001306880328
62,389289,615.113045543264,10,31.2132034355964,0,615.113045543264
62,389290,585.227691934158,10,31.2132034355964,0,585.227691934158
62,389291,555.34571548073,10,31.2132034355964,0,555.34571548073
62,389292,525.467692333869,10,31.2132034355964,0,525.467692333869
62,389293,495.594337500238,10,31.2132034355964,0,495.594337500238
62,389306,109.4185140569,10,31.2132034355964,0,109.4185140569
62,389307,80.8092730897637,10,31.2132034355964,0,80.8092730897637
62,389308,53.6459291412126,10,31.2132034355964,0,53.6459291412126
62,389309,31.8693035257051,10,31.2132034355964,0,31.8693035257051
62,389310,30.7154521153811,10,31.2132034355964,62,0
64,389311,38.2696323700636,5,26.2132034355964,0,38.2696323700636
64,389312,59.5819210565349,5,26.2132034355964,0,59.5819210565349
64,389313,86.1711509181035,5,26.2132034355964,0,86.1711509181035
64,389314,114.415691944275,5,26.2132034355964,0,114.415691944275
64,389315,143.34034761303,5,26.2132034355964,0,143.34034761303
56,389365,320.335912728607,150,171.213203435596,0,320.335912728607
56,389366,343.052735070449,150,171.213203435596,0,343.052735070449
56,389367,366.804038410682,150,171.213203435596,0,366.804038410682
56,389372,495.675743661749,150,171.213203435596,0,495.675743661749
56,389373,522.775396702557,150,171.213203435596,0,522.775396702557
56,389374,550.167001408038,150,171.213203435596,0,550.167001408038
56,389375,577.809038501674,150,171.213203435596,0,577.809038501674
56,389376,605.66722051103,150,171.213203435596,0,605.66722051103
56,389377,633.713042726616,150,171.213203435596,0,633.713042726616
56,389378,661.922654496921,150,171.213203435596,0,661.922654496921
56,389379,690.275975273462,150,171.213203435596,0,690.275975273462
56,389383,804.821485139396,150,171.213203435596,0,804.821485139396
56,389384,833.682584611423,150,171.213203435596,0,833.682584611423
56,389385,862.61557040631,150,171.213203435596,0,862.61557040631
56,389386,891.613444387651,150,171.213203435596,0,891.613444387651
56,389387,920.670075325887,150,171.213203435596,0,920.670075325887
56,389388,949.780070576417,150,171.213203435596,0,949.780070576417
56,389389,978.938669585512,150,171.213203435596,0,978.938669585512
56,389390,1008.14165503986,150,171.213203435596,0,1008.14165503986
56,389391,1037.3852784374,150,171.213203435596,0,1037.3852784374
56,389392,1066.66619740496,150,171.213203435596,0,1066.66619740496
56,389393,1095.98142270989,150,171.213203435596,0,1095.98142270989
62,389972,1212.8395994623,10,31.2132034355964,0,1212.8395994623
62,389973,1182.92286641344,10,31.2132034355964,0,1182.92286641344
62,389974,1153.00613659192,10,31.2132034355964,0,1153.00613659192
62,389975,1123.08941026056,10,31.2132034355964,0,1123.08941026056
62,389989,704.255857536746,10,31.2132034355964,0,704.255857536746
62,389990,674.339250468878,10,31.2132034355964,0,674.339250468878
62,389991,644.422660898376,10,31.2132034355964,0,644.422660898376
62,389992,614.506091379712,10,31.2132034355964,0,614.506091379712
62,389993,584.589544994329,10,31.2132034355964,0,584.589544994329
62,389994,554.67302548465,10,31.2132034355964,0,554.67302548465
62,389995,524.756537447306,10,31.2132034355964,0,524.756537447306
62,389996,494.840086594597,10,31.2132034355964,0,494.840086594597
62,389997,464.923680101512,10,31.2132034355964,0,464.923680101512
62,390009,105.943943697441,10,31.2132034355964,0,105.943943697441
62,390010,76.0382624067766,10,31.2132034355964,0,76.0382624067766
62,390011,46.1469913757079,10,31.2132034355964,0,46.1469913757079
62,390012,16.3493607315504,10,31.2132034355964,62,0
64,390013,10.3994635639863,5,26.2132034355964,64,0
64,390014,20.0890419532476,5,26.2132034355964,64,0
64,390015,49.8900929246861,5,26.2132034355964,0,49.8900929246861
64,390016,79.7778424032108,5,26.2132034355964,0,79.7778424032108
63,390017,106.477581394843,10,31.2132034355964,0,106.477581394843
63,390018,129.87449412581,10,31.2132034355964,0,129.87449412581
63,390019,155.52281735166,10,31.2132034355964,0,155.52281735166
63,390020,182.475649931098,10,31.2132034355964,0,182.475649931098
63,390021,210.231854211842,10,31.2132034355964,0,210.231854211842
63,390022,238.511123096851,10,31.2132034355964,0,238.511123096851
56,390080,644.505309606079,150,171.213203435596,0,644.505309606079
56,390081,672.262352508693,150,171.213203435596,0,672.262352508693
56,390082,700.197256636525,150,171.213203435596,0,700.197256636525
56,390083,728.289555682127,150,171.213203435596,0,728.289555682127
56,390085,784.878645186929,150,171.213203435596,0,784.878645186929
56,390086,813.347293419753,150,171.213203435596,0,813.347293419753
56,390087,841.916327708978,150,171.213203435596,0,841.916327708978
56,390088,870.575865226986,150,171.213203435596,0,870.575865226986
56,390092,985.960843621996,150,171.213203435596,0,985.960843621996
56,390093,1014.96195737239,150,171.213203435596,0,1014.96195737239
56,390094,1044.01471051255,150,171.213203435596,0,1044.01471051255
56,390095,1073.11490890679,150,171.213203435596,0,1073.11490890679
56,390096,1102.25879482186,150,171.213203435596,0,1102.25879482186
62,390676,1183.36599201485,10,31.2132034355964,0,1183.36599201485
62,390677,1153.46059253617,10,31.2132034355964,0,1153.46059253617
62,390678,1123.55580409624,10,31.2132034355964,0,1123.55580409624
62,390679,1093.65167681671,10,31.2132034355964,0,1093.65167681671
62,390692,704.996468209988,10,31.2132034355964,0,704.996468209988
62,390693,675.112516796264,10,31.2132034355964,0,675.112516796264
62,390694,645.231616873396,10,31.2132034355964,0,645.231616873396
62,390695,615.354212969201,10,31.2132034355964,0,615.354212969201
62,390696,585.480840300253,10,31.2132034355964,0,585.480840300253
62,390697,555.61214910235,10,31.2132034355964,0,555.61214910235
62,390698,525.748937263327,10,31.2132034355964,0,525.748937263327
62,390699,495.892194708833,10,31.2132034355964,0,495.892194708833
62,390700,466.043164788284,10,31.2132034355964,0,466.043164788284
62,390701,436.203430817321,10,31.2132034355964,0,436.203430817321
62,390712,110.748457012239,10,31.2132034355964,0,110.748457012239
62,390713,82.6007846154392,10,31.2132034355964,0,82.6007846154392
62,390714,56.3080584772014,10,31.2132034355964,0,56.3080584772014
62,390715,36.1710412109684,10,31.2132034355964,0,36.1710412109684
64,390716,28.9230986595529,5,26.2132034355964,0,28.9230986595529
64,390717,33.6447319541435,5,26.2132034355964,0,33.6447319541435
63,390719,64.2024256521238,10,31.2132034355964,0,64.2024256521238
63,390720,88.6669433334126,10,31.2132034355964,0,88.6669433334126
63,390721,115.722795726933,10,31.2132034355964,0,115.722795726933
63,390722,143.915834055242,10,31.2132034355964,0,143.915834055242
63,390723,172.689989181046,10,31.2132034355964,0,172.689989181046
63,390724,201.796830163749,10,31.2132034355964,0,201.796830163749
59,390725,217.558023897195,25,46.2132034355964,0,217.558023897195
56,390785,711.238966799542,150,171.213203435596,0,711.238966799542
56,390786,738.911741906539,150,171.213203435596,0,738.911741906539
56,390787,766.753035527352,150,171.213203435596,0,766.753035527352
56,390788,794.745137377766,150,171.213203435596,0,794.745137377766
56,390789,822.872657227133,150,171.213203435596,0,822.872657227133
56,390790,851.122169473361,150,171.213203435596,0,851.122169473361
56,390791,879.481918773867,150,171.213203435596,0,879.481918773867
56,390792,907.941575355034,150,171.213203435596,0,907.941575355034
56,390793,936.492030821893,150,171.213203435596,0,936.492030821893
56,390797,1051.45356965317,150,171.213203435596,0,1051.45356965317
56,390798,1080.35356817616,150,171.213203435596,0,1080.35356817616
62,391380,1154.68996685915,10,31.2132034355964,0,1154.68996685915
62,391381,1124.81770074725,10,31.2132034355964,0,1124.81770074725
62,391382,1094.94787491828,10,31.2132034355964,0,1094.94787491828
62,391383,1065.08069468696,10,31.2132034355964,0,1065.08069468696
62,391384,1035.2163890387,10,31.2132034355964,0,1035.2163890387
62,391385,1005.35521414246,10,31.2132034355964,0,1005.35521414246
62,391398,617.651416274908,10,31.2132034355964,0,617.651416274908
62,391399,587.894621621941,10,31.2132034355964,0,587.894621621941
62,391400,558.154950521326,10,31.2132034355964,0,558.154950521326
62,391401,528.435294057485,10,31.2132034355964,0,528.435294057485
62,391402,498.739230238098,10,31.2132034355964,0,498.739230238098
62,391403,469.071239905508,10,31.2132034355964,0,469.071239905508
62,391404,439.437009131931,10,31.2132034355964,0,439.437009131931
62,391415,122.864623840704,10,31.2132034355964,0,122.864623840704
62,391416,98.2514907009355,10,31.2132034355964,0,98.2514907009355
62,391417,77.4664031864573,10,31.2132034355964,0,77.4664031864573
62,391418,64.3333535963079,10,31.2132034355964,0,64.3333535963079
63,391419,44.2315165895324,10,31.2132034355964,0,44.2315165895324
63,391420,18.0583494449407,10,31.2132034355964,63,0
63,391421,22.0420907024879,10,31.2132034355964,63,0
63,391422,49.3525723080756,10,31.2132034355964,0,49.3525723080756
63,391423,78.5848069120054,10,31.2132034355964,0,78.5848069120054
63,391424,108.192144881085,10,31.2132034355964,0,108.192144881085
63,391425,137.933249810502,10,31.2132034355964,0,137.933249810502
63,391426,167.736982938865,10,31.2132034355964,0,167.736982938865
59,391427,177.729651728543,25,46.2132034355964,0,177.729651728543
59,391428,191.463782918809,25,46.2132034355964,0,191.463782918809
59,391429,208.612205812405,25,46.2132034355964,0,208.612205812405
56,391490,778.000463863193,150,171.213203435596,0,778.000463863193
56,391491,805.601993932595,150,171.213203435596,0,805.601993932595
56,391492,833.36330243123,150,171.213203435596,0,833.36330243123
56,391493,861.268939067284,150,171.213203435596,0,861.268939067284
56,391494,889.305317262616,150,171.213203435596,0,889.305317262616
56,391495,917.460451229086,150,171.213203435596,0,917.460451229086
56,391496,945.723734594623,150,171.213203435596,0,945.723734594623
56,391497,974.08575347547,150,171.213203435596,0,974.08575347547
62,392085,1097.05838536091,10,31.2132034355964,0,1097.05838536091
62,392086,1067.25010728892,10,31.2132034355964,0,1067.25010728892
62,392087,1037.44809040278,10,31.2132034355964,0,1037.44809040278
62,392088,1007.65289023748,10,31.2132034355964,0,1007.65289023748
62,392089,977.865129907694,10,31.2132034355964,0,977.865129907694
62,392090,948.085510663584,10,31.2132034355964,0,948.085510663584
62,392091,918.314824521337,10,31.2132034355964,0,918.314824521337
62,392092,888.553969379662,10,31.2132034355964,0,888.553969379662
62,392104,532.789985370558,10,31.2132034355964,0,532.789985370558
62,392105,503.350736879648,10,31.2132034355964,0,503.350736879648
62,392106,473.971326454093,10,31.2132034355964,0,473.971326454093
62,392107,444.663614957167,10,31.2132034355964,0,444.663614957167
62,392108,415.442776820626,10,31.2132034355964,0,415.442776820626
62,392118,140.412265807524,10,31.2132034355964,0,140.412265807524
62,392119,119.47056025546,10,31.2132034355964,0,119.47056025546
62,392120,103.057669936367,10,31.2132034355964,0,103.057669936367
63,392121,74.0267334716281,10,31.2132034355964,0,74.0267334716281
63,392122,45.382187630988,10,31.2132034355964,0,45.382187630988
63,392123,20.7174109246031,10,31.2132034355964,63,0
63,392124,24.2685341954375,10,31.2132034355964,63,0
63,392125,50.3864551637471,10,31.2132034355964,0,50.3864551637471
63,392126,79.2383142892567,10,31.2132034355964,0,79.2383142892567
63,392127,108.667881703022,10,31.2132034355964,0,108.667881703022
59,392128,133.915337255477,25,46.2132034355964,0,133.915337255477
59,392129,139.368699036209,25,46.2132034355964,0,139.368699036209
59,392130,150.678737024598,25,46.2132034355964,0,150.678737024598
59,392131,166.657313411141,25,46.2132034355964,0,166.657313411141
59,392132,186.105801189329,25,46.2132034355964,0,186.105801189329
59,392133,208.053380556619,25,46.2132034355964,0,208.053380556619
59,392138,336.737836883741,25,46.2132034355964,0,336.737836883741
56,392197,900.016023579369,150,171.213203435596,0,900.016023579369
56,392198,927.846349568154,150,171.213203435596,0,927.846349568154
56,392199,955.802717135868,150,171.213203435596,0,955.802717135868
56,392200,983.874382086117,150,171.213203435596,0,983.874382086117
56,392201,1012.05175032524,150,171.213203435596,0,1012.05175032524
56,392202,1040.32623292299,150,171.213203435596,0,1040.32623292299
62,392790,1040.53519976356,10,31.2132034355964,0,1040.53519976356
62,392791,1010.83083714636,10,31.2132034355964,0,1010.83083714636
62,392792,981.139403188651,10,31.2132034355964,0,981.139403188651
62,392793,951.462108247432,10,31.2132034355964,0,951.462108247432
62,392794,921.800317942243,10,31.2132034355964,0,921.800317942243
62,392795,892.155578735276,10,31.2132034355964,0,892.155578735276
62,392796,862.529648747319,10,31.2132034355964,0,862.529648747319
62,392797,832.924535028561,10,31.2132034355964,0,832.924535028561
62,392798,803.342538976712,10,31.2132034355964,0,803.342538976712
62,392808,509.678822778584,10,31.2132034355964,0,509.678822778584
62,392809,480.68617832055,10,31.2132034355964,0,480.68617832055
62,392810,451.814087288922,10,31.2132034355964,0,451.814087288922
62,392811,423.087230625849,10,31.2132034355964,0,423.087230625849
63,392824,85.8631765405174,10,31.2132034355964,0,85.8631765405174
63,392825,62.8653512307669,10,31.2132034355964,0,62.8653512307669
63,392826,48.1841445186262,10,31.2132034355964,0,48.1841445186262
63,392827,49.8142878929074,10,31.2132034355964,0,49.8142878929074
63,392828,66.5680619466606,10,31.2132034355964,0,66.5680619466606
63,392829,90.3949255329105,10,31.2132034355964,0,90.3949255329105
59,392830,105.540294802383,25,46.2132034355964,0,105.540294802383
59,392831,104.110221075713,25,46.2132034355964,0,104.110221075713
59,392832,111.037213861924,25,46.2132034355964,0,111.037213861924
59,392833,124.938897129466,25,46.2132034355964,0,124.938897129466
59,392835,165.9550529372,25,46.2132034355964,0,165.9550529372
59,392839,269.973087244725,25,46.2132034355964,0,269.973087244725
59,392840,297.820274583578,25,46.2132034355964,0,297.820274583578
59,392841,326.034514265923,25,46.2132034355964,0,326.034514265923
65,392842,351.305945994789,48,69.2132034355964,0,351.305945994789
56,392901,939.070503620607,150,171.213203435596,0,939.070503620607
56,392902,966.702477248275,150,171.213203435596,0,966.702477248275
56,392903,994.46666000008,150,171.213203435596,0,994.46666000008
56,392904,1022.3522806633,150,171.213203435596,0,1022.3522806633
56,392905,1050.34966715102,150,171.213203435596,0,1050.34966715102
56,392906,1078.45011492175,150,171.213203435596,0,1078.45011492175
56,392907,1106.64577306922,150,171.213203435596,0,1106.64577306922
62,393497,926.239131599153,10,31.2132034355964,0,926.239131599153
62,393498,896.740982871392,10,31.2132034355964,0,896.740982871392
62,393499,867.271542960054,10,31.2132034355964,0,867.271542960054
62,393500,837.833841225757,10,31.2132034355964,0,837.833841225757
62,393501,808.431344760587,10,31.2132034355964,0,808.431344760587
62,393502,779.068039579371,10,31.2132034355964,0,779.068039579371
62,393513,460.798873709942,10,31.2132034355964,0,460.798873709942
62,393514,432.668813481113,10,31.2132034355964,0,432.668813481113
63,393528,87.3725091385324,10,31.2132034355964,0,87.3725091385324
63,393529,77.4829399750544,10,31.2132034355964,0,77.4829399750544
63,393530,78.5070591806149,10,31.2132034355964,0,78.5070591806149
63,393531,90.0733723983246,10,31.2132034355964,0,90.0733723983246
61,393532,86.5600946943186,15,36.2132034355964,0,86.5600946943186
59,393533,76.3791172753631,25,46.2132034355964,0,76.3791172753631
59,393534,74.3905387110029,25,46.2132034355964,0,74.3905387110029
59,393535,83.8110075728327,25,46.2132034355964,0,83.8110075728327
59,393542,259.96310405728,25,46.2132034355964,0,259.96310405728
59,393543,288.777333907459,25,46.2132034355964,0,288.777333907459
59,393544,317.795581674004,25,46.2132034355964,0,317.795581674004
59,393545,346.966662559486,25,46.2132034355964,0,346.966662559486
56,393608,1061.12184464439,150,171.213203435596,0,1061.12184464439
56,393609,1088.94449713031,150,171.213203435596,0,1088.94449713031
56,393610,1116.87540293774,150,171.213203435596,0,1116.87540293774
56,393611,1144.90663931431,150,171.213203435596,0,1144.90663931431
62,394204,814.587402911509,10,31.2132034355964,0,814.587402911509
62,394205,785.454109110598,10,31.2132034355964,0,785.454109110598
62,394206,756.382023245919,10,31.2132034355964,0,756.382023245919
63,394231,114.478171971864,10,31.2132034355964,0,114.478171971864
63,394232,107.120930394008,10,31.2132034355964,0,107.120930394008
61,394233,101.982122123601,15,36.2132034355964,0,101.982122123601
61,394234,77.7656822900211,15,36.2132034355964,0,77.7656822900211
61,394235,59.0322942734784,15,36.2132034355964,0,59.0322942734784
59,394236,48.1474695196217,25,46.2132034355964,0,48.1474695196217
59,394237,44.926160568867,25,46.2132034355964,59,0
59,394238,59.2342861442753,25,46.2132034355964,0,59.2342861442753
59,394245,253.111747339996,25,46.2132034355964,0,253.111747339996
59,394246,282.625502634851,25,46.2132034355964,0,282.625502634851
59,394247,312.216195136962,25,46.2132034355964,0,312.216195136962
59,394248,341.863847075647,25,46.2132034355964,0,341.863847075647
65,394249,359.789039076859,48,69.2132034355964,0,359.789039076859
65,394250,337.127292948868,48,69.2132034355964,0,337.127292948868
65,394251,315.676326509116,48,69.2132034355964,0,315.676326509116
56,394313,1127.80577132927,150,171.213203435596,0,1127.80577132927
56,394317,1239.47144468857,150,171.213203435596,0,1239.47144468857
56,394318,1267.61602440664,150,171.213203435596,0,1267.61602440664
56,394320,1324.13830774758,150,171.213203435596,0,1324.13830774758
56,394321,1352.50626897446,150,171.213203435596,0,1352.50626897446
62,394908,792.91783828582,10,31.2132034355964,0,792.91783828582
62,394909,764.129612631691,10,31.2132034355964,0,764.129612631691
62,394910,735.431525155077,10,31.2132034355964,0,735.431525155077
62,394911,706.834554999829,10,31.2132034355964,0,706.834554999829
61,394935,119.687062554123,15,36.2132034355964,0,119.687062554123
61,394936,90.4541083415288,15,36.2132034355964,0,90.4541083415288
61,394937,61.8794830914417,15,36.2132034355964,0,61.8794830914417
61,394938,35.5860517313981,15,36.2132034355964,61,0
61,394939,22.222413611478,15,36.2132034355964,61,0
59,394940,17.0927205021769,25,46.2132034355964,59,0
59,394949,279.555709003051,25,46.2132034355964,0,279.555709003051
59,394950,309.440247568973,25,46.2132034355964,0,309.440247568973
59,394951,339.330677190291,25,46.2132034355964,0,339.330677190291
59,394952,369.225567151613,25,46.2132034355964,0,369.225567151613
65,394953,357.975658030996,48,69.2132034355964,0,357.975658030996
65,394954,337.850896015625,48,69.2132034355964,0,337.850896015625
65,394959,266.416478691389,48,69.2132034355964,0,266.416478691389
65,394960,260.220846196557,48,69.2132034355964,0,260.220846196557
65,394961,257.375444735363,48,69.2132034355964,0,257.375444735363
56,395020,1250.04618666774,150,171.213203435596,0,1250.04618666774
56,395021,1277.9580475208,150,171.213203435596,0,1277.9580475208
56,395022,1305.95868697445,150,171.213203435596,0,1305.95868697445
56,395023,1334.04251483035,150,171.213203435596,0,1334.04251483035
56,395024,1362.20438594853,150,171.213203435596,0,1362.20438594853
56,395025,1390.43955828907,150,171.213203435596,0,1390.43955828907
56,395026,1418.74365543634,150,171.213203435596,0,1418.74365543634
62,395612,772.957798486289,10,31.2132034355964,0,772.957798486289
62,395613,744.59988598741,10,31.2132034355964,0,744.59988598741
62,395614,716.368849451979,10,31.2132034355964,0,716.368849451979
62,395615,688.280301189407,10,31.2132034355964,0,688.280301189407
61,395638,117.881347049861,15,36.2132034355964,0,117.881347049861
61,395639,88.0507338727096,15,36.2132034355964,0,88.0507338727096
61,395640,58.3098023487671,15,36.2132034355964,0,58.3098023487671
61,395641,28.9364117548857,15,36.2132034355964,61,0
61,395642,8.04862483193787,15,36.2132034355964,61,0
58,395643,15.0946558504655,25,46.2132034355964,58,0
59,395644,42.9617573529156,25,46.2132034355964,59,0
59,395645,71.5978231647388,25,46.2132034355964,0,71.5978231647388
59,395646,100.980012295554,25,46.2132034355964,0,100.980012295554
59,395647,130.605728809306,25,46.2132034355964,0,130.605728809306
59,395650,219.958201535465,25,46.2132034355964,0,219.958201535465
59,395653,309.543170915446,25,46.2132034355964,0,309.543170915446
59,395654,339.424690561167,25,46.2132034355964,0,339.424690561167
59,395655,369.312124599439,25,46.2132034355964,0,369.312124599439
65,395656,380.036478999473,48,69.2132034355964,0,380.036478999473
65,395657,361.143055166772,48,69.2132034355964,0,361.143055166772
65,395660,314.888233000705,48,69.2132034355964,0,314.888233000705
65,395661,303.828153757087,48,69.2132034355964,0,303.828153757087
65,395662,295.395643927367,48,69.2132034355964,0,295.395643927367
65,395663,289.820146969862,48,69.2132034355964,0,289.820146969862
65,395664,287.268063715193,48,69.2132034355964,0,287.268063715193
56,395723,1261.24179637565,150,171.213203435596,0,1261.24179637565
56,395724,1288.91138199282,150,171.213203435596,0,1288.91138199282
56,395725,1316.67925494367,150,171.213203435596,0,1316.67925494367
56,395726,1344.53932564975,150,171.213203435596,0,1344.53932564975
56,395727,1372.48597956128,150,171.213203435596,0,1372.48597956128
56,395728,1400.51403349729,150,171.213203435596,0,1400.51403349729
56,395729,1428.61869650438,150,171.213203435596,0,1428.61869650438
56,395730,1456.79553473533,150,171.213203435596,0,1456.79553473533
62,396316,754.842927874745,10,31.2132034355964,0,754.842927874745
62,396317,727.009602631569,10,31.2132034355964,0,727.009602631569
62,396318,699.348407293501,10,31.2132034355964,0,699.348407293501
62,396319,671.880601859494,10,31.2132034355964,0,671.880601859494
61,396343,68.995573836352,15,36.2132034355964,0,68.995573836352
60,396344,45.7051267394205,25,46.2132034355964,60,0
60,396345,15.8996008172387,25,46.2132034355964,60,0
60,396346,14.3818830715084,25,46.2132034355964,60,0
60,396347,44.1710581031732,25,46.2132034355964,60,0
60,396348,74.0643554337803,25,46.2132034355964,0,74.0643554337803
60,396349,103.972004292213,25,46.2132034355964,0,103.972004292213
60,396350,133.884387309787,25,46.2132034355964,0,133.884387309787
58,396351,163.601119877229,25,46.2132034355964,0,163.601119877229
58,396352,193.298349390713,25,46.2132034355964,0,193.298349390713
58,396353,223.054642855208,25,46.2132034355964,0,223.054642855208
58,396354,252.849148485045,25,46.2132034355964,0,252.849148485045
58,396355,282.669783401463,25,46.2132034355964,0,282.669783401463
59,396357,342.143721523013,25,46.2132034355964,0,342.143721523013
59,396358,371.8128088818,25,46.2132034355964,0,371.8128088818
59,396359,401.518856407443,25,46.2132034355964,0,401.518856407443
65,396362,354.764842492557,48,69.2132034355964,0,354.764842492557
65,396363,342.381224798691,48,69.2132034355964,0,342.381224798691
65,396364,332.237586743934,48,69.2132034355964,0,332.237586743934
65,396365,324.544028323688,48,69.2132034355964,0,324.544028323688
65,396366,319.47760472427,48,69.2132034355964,0,319.47760472427
56,396427,1300.46058131505,150,171.213203435596,0,1300.46058131505
56,396428,1327.98713180069,150,171.213203435596,0,1327.98713180069
56,396429,1355.61497431087,150,171.213203435596,0,1355.61497431087
56,396430,1383.33803988752,150,171.213203435596,0,1383.33803988752
56,396431,1411.15071636684,150,171.213203435596,0,1411.15071636684
56,396432,1439.04780798794,150,171.213203435596,0,1439.04780798794
56,396433,1467.02449901561,150,171.213203435596,0,1467.02449901561
56,396434,1495.07632093358,150,171.213203435596,0,1495.07632093358
62,397020,738.709002044867,10,31.2132034355964,0,738.709002044867
62,397021,711.502642365941,10,31.2132034355964,0,711.502642365941
62,397022,684.522575239772,10,31.2132034355964,0,684.522575239772
62,397023,657.796645982352,10,31.2132034355964,0,657.796645982352
62,397024,631.357129087317,10,31.2132034355964,0,631.357129087317
60,397047,55.8870200482632,25,46.2132034355964,0,55.8870200482632
60,397048,35.877400077454,25,46.2132034355964,60,0
60,397049,35.2310778121583,25,46.2132034355964,60,0
60,397050,54.6395647175494,25,46.2132034355964,0,54.6395647175494
60,397051,80.7461912549302,25,46.2132034355964,0,80.7461912549302
60,397052,108.833014077366,25,46.2132034355964,0,108.833014077366
60,397053,137.693553532985,25,46.2132034355964,0,137.693553532985
60,397054,166.926979836332,25,46.2132034355964,0,166.926979836332
60,397055,196.366826856549,25,46.2132034355964,0,196.366826856549
60,397056,225.932416804381,25,46.2132034355964,0,225.932416804381
60,397057,255.580115453613,25,46.2132034355964,0,255.580115453613
60,397058,285.284324922852,25,46.2132034355964,0,285.284324922852
60,397059,315.029060338465,25,46.2132034355964,0,315.029060338465
60,397060,344.803833862707,25,46.2132034355964,0,344.803833862707
65,397063,410.310423480574,48,69.2132034355964,0,410.310423480574
65,397064,395.147042184097,48,69.2132034355964,0,395.147042184097
65,397065,381.730058054921,48,69.2132034355964,0,381.730058054921
65,397066,370.249376021439,48,69.2132034355964,0,370.249376021439
65,397067,360.889837225205,48,69.2132034355964,0,360.889837225205
65,397068,353.819812513393,48,69.2132034355964,0,353.819812513393
56,397131,1339.86744776202,150,171.213203435596,0,1339.86744776202
56,397132,1367.25539400942,150,171.213203435596,0,1367.25539400942
56,397133,1394.74725116042,150,171.213203435596,0,1394.74725116042
56,397134,1422.33699385661,150,171.213203435596,0,1422.33699385661
56,397135,1450.01903465385,150,171.213203435596,0,1450.01903465385
56,397136,1477.78818675453,150,171.213203435596,0,1477.78818675453
56,397137,1505.63963027395,150,171.213203435596,0,1505.63963027395
56,397138,1533.56888168828,150,171.213203435596,0,1533.56888168828
62,397724,724.688359871962,10,31.2132034355964,0,724.688359871962
62,397725,698.217847381462,10,31.2132034355964,0,698.217847381462
62,397726,672.036636668968,10,31.2132034355964,0,672.036636668968
62,397727,646.17989352963,10,31.2132034355964,0,646.17989352963
62,397728,620.688169480003,10,31.2132034355964,0,620.688169480003
62,397729,595.608334244237,10,31.2132034355964,0,595.608334244237
62,397730,570.994664654534,10,31.2132034355964,0,570.994664654534
60,397751,64.1168613026117,25,46.2132034355964,0,64.1168613026117
60,397752,63.7574518292797,25,46.2132034355964,0,63.7574518292797
60,397753,76.2186015866259,25,46.2132034355964,0,76.2186015866259
60,397754,96.6631242782471,25,46.2132034355964,0,96.6631242782471
60,397755,121.113441724803,25,46.2132034355964,0,121.113441724803
60,397756,147.591983998206,25,46.2132034355964,0,147.591983998206
60,397757,175.181458830968,25,46.2132034355964,0,175.181458830968
60,397758,203.430369163588,25,46.2132034355964,0,203.430369163588
60,397759,232.098057900128,25,46.2132034355964,0,232.098057900128
60,397760,261.046592901441,25,46.2132034355964,0,261.046592901441
60,397761,290.19193760575,25,46.2132034355964,0,290.19193760575
60,397762,319.480233253276,25,46.2132034355964,0,319.480233253276
60,397763,348.875479258272,25,46.2132034355964,0,348.875479258272
65,397766,435.894370899437,48,69.2132034355964,0,435.894370899437
65,397767,421.651963429149,48,69.2132034355964,0,421.651963429149
65,397768,409.10508981565,48,69.2132034355964,0,409.10508981565
65,397769,398.413969798009,48,69.2132034355964,0,398.413969798009
65,397770,389.731354545786,48,69.2132034355964,0,389.731354545786
56,397833,1325.28346022611,150,171.213203435596,0,1325.28346022611
56,397834,1352.30511587852,150,171.213203435596,0,1352.30511587852
56,397835,1379.44628740399,150,171.213203435596,0,1379.44628740399
56,397836,1406.70005692472,150,171.213203435596,0,1406.70005692472
56,397837,1434.06000480998,150,171.213203435596,0,1434.06000480998
56,397838,1461.52016802802,150,171.213203435596,0,1461.52016802802
56,397839,1489.07500234764,150,171.213203435596,0,1489.07500234764
56,397840,1516.71934799818,150,171.213203435596,0,1516.71934799818
62,398429,687.284110187664,10,31.2132034355964,0,687.284110187664
62,398430,662.023019755437,10,31.2132034355964,0,662.023019755437
62,398431,637.165327079187,10,31.2132034355964,0,637.165327079187
62,398432,612.760127748245,10,31.2132034355964,0,612.760127748245
62,398433,588.863684616758,10,31.2132034355964,0,588.863684616758
62,398434,565.540492577896,10,31.2132034355964,0,565.540492577896
63,398435,542.497740004706,10,31.2132034355964,0,542.497740004706
61,398442,379.035148611947,15,36.2132034355964,0,379.035148611947
61,398443,351.002380571869,15,36.2132034355964,0,351.002380571869
60,398456,102.090459690347,25,46.2132034355964,0,102.090459690347
60,398457,118.139601002263,25,46.2132034355964,0,118.139601002263
60,398458,138.858561551915,25,46.2132034355964,0,138.858561551915
60,398459,162.470509116964,25,46.2132034355964,0,162.470509116964
60,398460,187.887902684787,25,46.2132034355964,0,187.887902684787
60,398461,214.469795174515,25,46.2132034355964,0,214.469795174515
60,398462,241.832490651858,25,46.2132034355964,0,241.832490651858
60,398463,269.738476030835,25,46.2132034355964,0,269.738476030835
60,398464,298.035180459596,25,46.2132034355964,0,298.035180459596
60,398465,326.621070289086,25,46.2132034355964,0,326.621070289086
60,398468,413.511519048517,25,46.2132034355964,0,413.511519048517
60,398469,442.72910096385,25,46.2132034355964,0,442.72910096385
65,398470,448.585515945239,48,69.2132034355964,0,448.585515945239
65,398471,436.812895115613,48,69.2132034355964,0,436.812895115613
65,398472,426.816325545341,48,69.2132034355964,0,426.816325545341
65,398473,418.723030601044,48,69.2132034355964,0,418.723030601044
56,398537,1365.2849038958,150,171.213203435596,0,1365.2849038958
56,398538,1392.17319351093,150,171.213203435596,0,1392.17319351093
56,398539,1419.18272227295,150,171.213203435596,0,1419.18272227295
56,398541,1473.53880022056,150,171.213203435596,0,1473.53880022056
56,398542,1500.87314381704,150,171.213203435596,0,1500.87314381704
56,398543,1528.30424276067,150,171.213203435596,0,1528.30424276067
62,399134,654.595216806207,10,31.2132034355964,0,654.595216806207
62,399135,630.864529062461,10,31.2132034355964,0,630.864529062461
62,399136,607.68031446758,10,31.2132034355964,0,607.68031446758
63,399137,583.768003649854,10,31.2132034355964,0,583.768003649854
63,399138,558.8398537872,10,31.2132034355964,0,558.8398537872
61,399144,417.662008743728,15,36.2132034355964,0,417.662008743728
61,399145,390.110549925902,15,36.2132034355964,0,390.110549925902
61,399146,362.934096565027,15,36.2132034355964,0,362.934096565027
61,399147,336.223594359597,15,36.2132034355964,0,336.223594359597
60,399148,310.001944196467,25,46.2132034355964,0,310.001944196467
60,399149,282.742066633542,25,46.2132034355964,0,282.742066633542
60,399167,308.590295485329,25,46.2132034355964,0,308.590295485329
60,399168,336.280271811041,25,46.2132034355964,0,336.280271811041
60,399169,364.322814266995,25,46.2132034355964,0,364.322814266995
60,399170,392.642389238711,25,46.2132034355964,0,392.642389238711
60,399171,421.1831189656,25,46.2132034355964,0,421.1831189656
60,399172,449.902916885568,25,46.2132034355964,0,449.902916885568
65,399173,475.874926325796,48,69.2132034355964,0,475.874926325796
65,399174,464.793964787354,48,69.2132034355964,0,464.793964787354
56,399240,1378.7915015312,150,171.213203435596,0,1378.7915015312
56,399241,1405.42155069026,150,171.213203435596,0,1405.42155069026
56,399242,1432.18139275592,150,171.213203435596,0,1432.18139275592
56,399243,1459.06388637881,150,171.213203435596,0,1459.06388637881
62,399838,649.841924957028,10,31.2132034355964,0,649.841924957028
63,399839,625.176978376772,10,31.2132034355964,0,625.176978376772
63,399840,600.47715442233,10,31.2132034355964,0,600.47715442233
63,399841,576.272123205955,10,31.2132034355964,0,576.272123205955
63,399842,552.626904250059,10,31.2132034355964,0,552.626904250059
63,399843,529.616482872662,10,31.2132034355964,0,529.616482872662
60,399850,349.631337251412,25,46.2132034355964,0,349.631337251412
60,399851,322.9452048112,25,46.2132034355964,0,322.9452048112
60,399852,296.87605039973,25,46.2132034355964,0,296.87605039973
60,399853,271.60159049526,25,46.2132034355964,0,271.60159049526
60,399854,247.365537793209,25,46.2132034355964,0,247.365537793209
60,399859,158.602950715833,25,46.2132034355964,0,158.602950715833
60,399860,152.704568774979,25,46.2132034355964,0,152.704568774979
60,399869,295.557218877483,25,46.2132034355964,0,295.557218877483
60,399870,321.590369381805,25,46.2132034355964,0,321.590369381805
60,399871,348.2483487349,25,46.2132034355964,0,348.2483487349
60,399872,375.398068430082,25,46.2132034355964,0,375.398068430082
60,399873,402.940141750198,25,46.2132034355964,0,402.940141750198
60,399874,430.799322831583,25,46.2132034355964,0,430.799322831583
60,399875,458.917864042671,25,46.2132034355964,0,458.917864042671
56,399945,1445.68214965287,150,171.213203435596,0,1445.68214965287
56,399946,1472.31830062975,150,171.213203435596,0,1472.31830062975
56,399947,1499.07823834913,150,171.213203435596,0,1499.07823834913
56,399948,1525.95545046007,150,171.213203435596,0,1525.95545046007
63,400545,571.815812273974,10,31.2132034355964,0,571.815812273974
63,400546,549.609236590938,10,31.2132034355964,0,549.609236590938
61,400547,523.78938161694,15,36.2132034355964,0,523.78938161694
61,400548,496.718248039523,15,36.2132034355964,0,496.718248039523
61,400549,469.992519607092,15,36.2132034355964,0,469.992519607092
60,400550,443.634098196301,25,46.2132034355964,0,443.634098196301
60,400555,313.236485572854,25,46.2132034355964,0,313.236485572854
60,400556,289.394286963398,25,46.2132034355964,0,289.394286963398
60,400557,266.779442709281,25,46.2132034355964,0,266.779442709281
60,400558,245.731050273517,25,46.2132034355964,0,245.731050273517
60,400559,226.685878205289,25,46.2132034355964,0,226.685878205289
60,400562,187.446696581179,25,46.2132034355964,0,187.446696581179
60,400563,182.482995204625,25,46.2132034355964,0,182.482995204625
60,400564,182.357021556849,25,46.2132034355964,0,182.357021556849
60,400565,187.078548680752,25,46.2132034355964,0,187.078548680752
60,400573,336.752363653809,25,46.2132034355964,0,336.752363653809
60,400575,388.465828745224,25,46.2132034355964,0,388.465828745224
56,400649,1486.05663610664,150,171.213203435596,0,1486.05663610664
56,400650,1512.57368066014,150,171.213203435596,0,1512.57368066014
56,400651,1539.21540030351,150,171.213203435596,0,1539.21540030351
56,400652,1565.97543181026,150,171.213203435596,0,1565.97543181026
56,400672,2118.98541108376,150,171.213203435596,0,2118.98541108376
56,400673,2147.27412772479,150,171.213203435596,0,2147.27412772479
56,400674,2175.60641710082,150,171.213203435596,0,2175.60641710082
56,400675,2203.98059882348,150,171.213203435596,0,2203.98059882348
61,401250,536.88232452722,15,36.2132034355964,0,536.88232452722
60,401251,510.482705004506,25,46.2132034355964,0,510.482705004506
60,401252,483.41760718315,25,46.2132034355964,0,483.41760718315
60,401253,456.708707681331,25,46.2132034355964,0,456.708707681331
60,401254,430.422320887297,25,46.2132034355964,0,430.422320887297
60,401255,404.640797345345,25,46.2132034355964,0,404.640797345345
60,401256,379.467054361235,25,46.2132034355964,0,379.467054361235
60,401259,309.063223679883,25,46.2132034355964,0,309.063223679883
60,401260,287.996920736212,25,46.2132034355964,0,287.996920736212
60,401261,268.61616926231,25,46.2132034355964,0,268.61616926231
60,401262,251.311234010617,25,46.2132034355964,0,251.311234010617
60,401263,236.538149576307,25,46.2132034355964,0,236.538149576307
60,401264,224.796632503577,25,46.2132034355964,0,224.796632503577
60,401265,216.580298457487,25,46.2132034355964,0,216.580298457487
60,401266,212.298834877298,25,46.2132034355964,0,212.298834877298
60,401267,212.190562503326,25,46.2132034355964,0,212.190562503326
60,401268,216.261749405575,25,46.2132034355964,0,216.261749405575
60,401269,224.284916148198,25,46.2132034355964,0,224.284916148198
60,401270,235.857102675254,25,46.2132034355964,0,235.857102675254
56,401352,1500.2655986786,150,171.213203435596,0,1500.2655986786
56,401353,1526.53598309165,150,171.213203435596,0,1526.53598309165
56,401354,1552.93832903444,150,171.213203435596,0,1552.93832903444
56,401355,1579.46601891728,150,171.213203435596,0,1579.46601891728
56,401356,1606.11284194668,150,171.213203435596,0,1606.11284194668
56,401375,2128.97721391663,150,171.213203435596,0,2128.97721391663
56,401376,2157.13505216246,150,171.213203435596,0,2157.13505216246
56,401377,2185.33965188615,150,171.213203435596,0,2185.33965188615
56,401378,2213.58922564547,150,171.213203435596,0,2213.58922564547
56,401379,2241.88207331189,150,171.213203435596,0,2241.88207331189
56,401380,2270.21657696405,150,171.213203435596,0,2270.21657696405
56,401381,2298.59119613293,150,171.213203435596,0,2298.59119613293
56,401382,2327.0044633586,150,171.213203435596,0,2327.0044633586
56,401383,2355.45498003748,150,171.213203435596,0,2355.45498003748
60,401957,445.897155300226,25,46.2132034355964,0,445.897155300226
60,401958,421.064078198843,25,46.2132034355964,0,421.064078198843
60,401959,396.933145915759,25,46.2132034355964,0,396.933145915759
60,401960,373.640423723058,25,46.2132034355964,0,373.640423723058
60,401961,351.352657152282,25,46.2132034355964,0,351.352657152282
60,401965,276.979383417009,25,46.2132034355964,0,276.979383417009
60,401966,263.648440099693,25,46.2132034355964,0,263.648440099693
60,401967,253.167337216609,25,46.2132034355964,0,253.167337216609
60,401968,245.900754038766,25,46.2132034355964,0,245.900754038766
60,401970,242.043342928738,25,46.2132034355964,0,242.043342928738
60,401971,245.620232618864,25,46.2132034355964,0,245.620232618864
60,401972,252.71307252466,25,46.2132034355964,0,252.71307252466
60,401973,263.037592209658,25,46.2132034355964,0,263.037592209658
60,401974,276.231664265193,25,46.2132034355964,0,276.231664265193
56,402056,1540.95245527827,150,171.213203435596,0,1540.95245527827
56,402057,1567.11207402178,150,171.213203435596,0,1567.11207402178
56,402058,1593.40395076126,150,171.213203435596,0,1593.40395076126
56,402059,1619.82164533717,150,171.213203435596,0,1619.82164533717
56,402079,2167.36394738299,150,171.213203435596,0,2167.36394738299
56,402080,2195.43729119145,150,171.213203435596,0,2195.43729119145
56,402081,2223.55873168804,150,171.213203435596,0,2223.55873168804
56,402082,2251.72646685946,150,171.213203435596,0,2251.72646685946
56,402083,2279.93878084676,150,171.213203435596,0,2279.93878084676
56,402084,2308.19403902984,150,171.213203435596,0,2308.19403902984
56,402085,2336.49068343408,150,171.213203435596,0,2336.49068343408
56,402086,2364.8272284249,150,171.213203435596,0,2364.8272284249
56,402087,2393.20225667672,150,171.213203435596,0,2393.20225667672
56,402088,2421.61441542268,150,171.213203435596,0,2421.61441542268
56,402089,2450.06241290601,150,171.213203435596,0,2450.06241290601
56,402090,2478.54501508964,150,171.213203435596,0,2478.54501508964
56,402091,2507.06104254719,150,171.213203435596,0,2507.06104254719
56,402092,2535.60936755246,150,171.213203435596,0,2535.60936755246
56,402093,2564.18891135139,150,171.213203435596,0,2564.18891135139
60,402662,415.819663849025,25,46.2132034355964,0,415.819663849025
60,402663,393.645958047821,25,46.2132034355964,0,393.645958047821
60,402664,372.55681028342,25,46.2132034355964,0,372.55681028342
60,402665,352.74679679178,25,46.2132034355964,0,352.74679679178
60,402666,334.443294989861,25,46.2132034355964,0,334.443294989861
60,402667,317.906624087253,25,46.2132034355964,0,317.906624087253
60,402668,303.425797968686,25,46.2132034355964,0,303.425797968686
60,402669,291.307564724934,25,46.2132034355964,0,291.307564724934
60,402670,281.856823260805,25,46.2132034355964,0,281.856823260805
60,402671,275.348378477954,25,46.2132034355964,0,275.348378477954
60,402672,271.993528236276,25,46.2132034355964,0,271.993528236276
60,402673,271.909026024533,25,46.2132034355964,0,271.909026024533
60,402690,589.124285013259,25,46.2132034355964,0,589.124285013259
65,402691,594.589712714589,48,69.2132034355964,0,594.589712714589
65,402692,590.32507510702,48,69.2132034355964,0,590.32507510702
56,402761,1607.77759320035,150,171.213203435596,0,1607.77759320035
56,402762,1633.96305277839,150,171.213203435596,0,1633.96305277839
56,402784,2233.88428530066,150,171.213203435596,0,2233.88428530066
56,402785,2261.92358976711,150,171.213203435596,0,2261.92358976711
56,402786,2290.01043140903,150,171.213203435596,0,2290.01043140903
56,402787,2318.14308232961,150,171.213203435596,0,2318.14308232961
56,402788,2346.31989475523,150,171.213203435596,0,2346.31989475523
56,402789,2374.53929659584,150,171.213203435596,0,2374.53929659584
56,402790,2402.7997872883,150,171.213203435596,0,2402.7997872883
56,402791,2431.09993391579,150,171.213203435596,0,2431.09993391579
56,402792,2459.4383675409,150,171.213203435596,0,2459.4383675409
56,402793,2487.81377979559,150,171.213203435596,0,2487.81377979559
56,402794,2516.22491965784,150,171.213203435596,0,2516.22491965784
56,402795,2544.67059043597,150,171.213203435596,0,2544.67059043597
60,403370,343.807649082631,25,46.2132034355964,0,343.807649082631
60,403371,330.463680976047,25,46.2132034355964,0,330.463680976047
60,403372,319.372960817736,25,46.2132034355964,0,319.372960817736
60,403373,310.776817894181,25,46.2132034355964,0,310.776817894181
60,403374,304.886325965893,25,46.2132034355964,0,304.886325965893
60,403375,301.859920763696,25,46.2132034355964,0,301.859920763696
60,403376,301.783781121079,25,46.2132034355964,0,301.783781121079
60,403377,304.660119008079,25,46.2132034355964,0,304.660119008079
60,403378,310.406869224622,25,46.2132034355964,0,310.406869224622
60,403379,318.868875231539,25,46.2132034355964,0,318.868875231539
60,403380,329.837222736198,25,46.2132034355964,0,329.837222736198
60,403381,343.071605055449,25,46.2132034355964,0,343.071605055449
60,403382,358.321025992496,25,46.2132034355964,0,358.321025992496
60,403383,375.339963131108,25,46.2132034355964,0,375.339963131108
60,403384,393.899120280043,25,46.2132034355964,0,393.899120280043
60,403385,413.791305819479,25,46.2132034355964,0,413.791305819479
60,403390,527.647008451457,25,46.2132034355964,0,527.647008451457
60,403391,552.467090431506,25,46.2132034355964,0,552.467090431506
60,403392,577.77046070871,25,46.2132034355964,0,577.77046070871
60,403393,603.496332468178,25,46.2132034355964,0,603.496332468178
65,403394,624.100255457687,48,69.2132034355964,0,624.100255457687
65,403395,620.038603263346,48,69.2132034355964,0,620.038603263346
65,403396,617.401658366951,48,69.2132034355964,0,617.401658366951
56,403490,2328.43388825196,150,171.213203435596,0,2328.43388825196
56,403491,2356.48780534443,150,171.213203435596,0,2356.48780534443
56,403492,2384.58703244796,150,171.213203435596,0,2384.58703244796
56,403493,2412.7299864851,150,171.213203435596,0,2412.7299864851
56,403494,2440.91515498761,150,171.213203435596,0,2440.91515498761
56,403495,2469.14109232086,150,171.213203435596,0,2469.14109232086
60,404075,347.74627600298,25,46.2132034355964,0,347.74627600298
60,404076,339.868483092131,25,46.2132034355964,0,339.868483092131
60,404077,334.490668821381,25,46.2132034355964,0,334.490668821381
60,404078,331.734438462609,25,46.2132034355964,0,331.734438462609
60,404079,331.665156745896,25,46.2132034355964,0,331.665156745896
60,404080,334.284494316488,25,46.2132034355964,0,334.284494316488
60,404081,339.530232064058,25,46.2132034355964,0,339.530232064058
60,404082,347.28337454422,25,46.2132034355964,0,347.28337454422
60,404083,357.380769470768,25,46.2132034355964,0,357.380769470768
60,404084,369.630349057275,25,46.2132034355964,0,369.630349057275
60,404085,383.826111544234,25,46.2132034355964,0,383.826111544234
60,404086,399.760780049738,25,46.2132034355964,0,399.760780049738
60,404087,417.23516993509,25,46.2132034355964,0,417.23516993509
60,404091,499.093472314939,25,46.2132034355964,0,499.093472314939
60,404092,521.845132081335,25,46.2132034355964,0,521.845132081335
60,404093,545.289554318215,25,46.2132034355964,0,545.289554318215
60,404094,569.341165396946,25,46.2132034355964,0,569.341165396946
60,404095,593.926203817657,25,46.2132034355964,0,593.926203817657
60,404096,618.981111946112,25,46.2132034355964,0,618.981111946112
60,404097,644.45108945831,25,46.2132034355964,0,644.45108945831
65,404098,649.770296574973,48,69.2132034355964,0,649.770296574973
65,404099,647.254477768005,48,69.2132034355964,0,647.254477768005
65,404100,646.115691526087,48,69.2132034355964,0,646.115691526087
60,404780,364.145213935887,25,46.2132034355964,0,364.145213935887
60,404781,361.615067574008,25,46.2132034355964,0,361.615067574008
60,404782,361.551511387849,25,46.2132034355964,0,361.551511387849
60,404783,363.955837572364,25,46.2132034355964,0,363.955837572364
60,404784,368.779779876424,25,46.2132034355964,0,368.779779876424
60,404785,375.930204178828,25,46.2132034355964,0,375.930204178828
60,404794,519.435040074714,25,46.2132034355964,0,519.435040074714
60,404795,541.332553490388,25,46.2132034355964,0,541.332553490388
60,404796,563.967573626275,25,46.2132034355964,0,563.967573626275
60,404797,587.254827783029,25,46.2132034355964,0,587.254827783029
60,404798,611.119758662372,25,46.2132034355964,0,611.119758662372
60,404799,635.497288838643,25,46.2132034355964,0,635.497288838643
60,404800,660.330649622791,25,46.2132034355964,0,660.330649622791
65,404801,679.517770643732,48,69.2132034355964,0,679.517770643732
65,404802,677.112474971881,48,69.2132034355964,0,677.112474971881
65,404808,690.287820512692,48,69.2132034355964,0,690.287820512692
65,404809,696.968934602289,48,69.2132034355964,0,696.968934602289
65,404810,704.857668781051,48,69.2132034355964,0,704.857668781051
65,404811,713.913991643496,48,69.2132034355964,0,713.913991643496
60,405485,391.441704614679,25,46.2132034355964,0,391.441704614679
60,405486,393.663528667574,25,46.2132034355964,0,393.663528667574
60,405487,398.127702053992,25,46.2132034355964,0,398.127702053992
60,405488,404.760037714065,25,46.2132034355964,0,404.760037714065
60,405489,413.456209006473,25,46.2132034355964,0,413.456209006473
60,405491,436.517716685782,25,46.2132034355964,0,436.517716685782
60,405492,450.592996571469,25,46.2132034355964,0,450.592996571469
60,405493,466.165965921495,25,46.2132034355964,0,466.165965921495
60,405494,483.091807687283,25,46.2132034355964,0,483.091807687283
60,405503,677.159745178741,25,46.2132034355964,0,677.159745178741
60,405504,701.794545286174,25,46.2132034355964,0,701.794545286174
65,405505,706.974993951094,48,69.2132034355964,0,706.974993951094
65,405511,719.603856497738,48,69.2132034355964,0,719.603856497738
65,405512,726.015275839713,48,69.2132034355964,0,726.015275839713
65,405513,733.591764967368,48,69.2132034355964,0,733.591764967368
65,405514,742.297649808058,48,69.2132034355964,0,742.297649808058
65,405515,752.093711315421,48,69.2132034355964,0,752.093711315421
65,405516,762.937957305909,48,69.2132034355964,0,762.937957305909
60,406191,433.736384666704,25,46.2132034355964,0,433.736384666704
60,406193,451.827801721177,25,46.2132034355964,0,451.827801721177
60,406194,463.513132310386,25,46.2132034355964,0,463.513132310386
60,406195,476.79222152886,25,46.2132034355964,0,476.79222152886
60,406196,491.535917776625,25,46.2132034355964,0,491.535917776625
60,406197,507.616618805104,25,46.2132034355964,0,507.616618805104
60,406198,524.911461275981,25,46.2132034355964,0,524.911461275981
60,406204,648.285112986805,25,46.2132034355964,0,648.285112986805
60,406205,671.314649826682,25,46.2132034355964,0,671.314649826682
60,406206,694.869388937719,25,46.2132034355964,0,694.869388937719
60,406207,718.897707297916,25,46.2132034355964,0,718.897707297916
65,406208,736.841484933262,48,69.2132034355964,0,736.841484933262
65,406209,735.841340246251,48,69.2132034355964,0,735.841340246251
65,406210,736.056939470659,48,69.2132034355964,0,736.056939470659
65,406211,737.48721636506,48,69.2132034355964,0,737.48721636506
65,406213,743.957831272235,48,69.2132034355964,0,743.957831272235
65,406214,748.966981222669,48,69.2132034355964,0,748.966981222669
65,406215,755.129167256922,48,69.2132034355964,0,755.129167256922
65,406216,762.41643184851,48,69.2132034355964,0,762.41643184851
65,406217,770.79686551798,48,69.2132034355964,0,770.79686551798
65,406218,780.235244180829,48,69.2132034355964,0,780.235244180829
65,406219,790.693683204874,48,69.2132034355964,0,790.693683204874
60,406900,532.692183399059,25,46.2132034355964,0,532.692183399059
60,406904,604.924019566527,25,46.2132034355964,0,604.924019566527
60,406905,625.261516062489,25,46.2132034355964,0,625.261516062489
60,406906,646.344493574754,25,46.2132034355964,0,646.344493574754
60,406907,668.102381500107,25,46.2132034355964,0,668.102381500107
60,406908,690.471380178523,25,46.2132034355964,0,690.471380178523
60,406909,713.394006427611,25,46.2132034355964,0,713.394006427611
60,406910,736.818591549767,25,46.2132034355964,0,736.818591549767
60,406911,760.69876572905,25,46.2132034355964,0,760.69876572905
65,406912,765.750348012725,48,69.2132034355964,0,765.750348012725
65,406913,765.957529706878,48,69.2132034355964,0,765.957529706878
65,406914,767.332082478533,48,69.2132034355964,0,767.332082478533
65,406915,769.867753538468,48,69.2132034355964,0,769.867753538468
65,406916,773.553124697456,48,69.2132034355964,0,773.553124697456
65,406917,778.37186560882,48,69.2132034355964,0,778.37186560882
65,406918,784.303086354941,48,69.2132034355964,0,784.303086354941
65,406919,791.321772107778,48,69.2132034355964,0,791.321772107778
65,406920,799.399279714962,48,69.2132034355964,0,799.399279714962
65,406921,808.503874732103,48,69.2132034355964,0,808.503874732103
65,406922,818.601287658084,48,69.2132034355964,0,818.601287658084
65,407616,795.858938521696,48,69.2132034355964,0,795.858938521696
65,407617,797.181942117451,48,69.2132034355964,0,797.181942117451
65,407618,799.622975486034,48,69.2132034355964,0,799.622975486034
65,407619,803.171844803975,48,69.2132034355964,0,803.171844803975
65,407620,807.813949446675,48,69.2132034355964,0,807.813949446675
65,407621,813.53057522634,48,69.2132034355964,0,813.53057522634
65,407622,820.299257594232,48,69.2132034355964,0,820.299257594232
65,407623,828.094199027845,48,69.2132034355964,0,828.094199027845
65,407624,836.886723631217,48,69.2132034355964,0,836.886723631217
65,408321,829.389438952624,48,69.2132034355964,0,829.389438952624
65,408322,832.811492101559,48,69.2132034355964,0,832.811492101559
65,408323,837.289308544728,48,69.2132034355964,0,837.289308544728
65,408324,842.806060683519,48,69.2132034355964,0,842.806060683519
65,408325,849.34150407333,48,69.2132034355964,0,849.34150407333
