"OID","cell_id","NEAR_DIST","uc","radius","assigned_community","fringe_dist"
66,2859,7177.28335314327,25,46.2132034355964,0,7177.28335314327
66,3561,7164.23444276191,25,46.2132034355964,0,7164.23444276191
66,3562,7150.62731692698,25,46.2132034355964,0,7150.62731692698
66,3563,7137.11905573684,25,46.2132034355964,0,7137.11905573684
66,4264,7137.65509749105,25,46.2132034355964,0,7137.65509749105
66,4265,7123.99713035059,25,46.2132034355964,0,7123.99713035059
66,4266,7110.43820455739,25,46.2132034355964,0,7110.43820455739
66,4267,7096.97888777109,25,46.2132034355964,0,7096.97888777109
66,4967,7111.10222286328,25,46.2132034355964,0,7111.10222286328
66,4968,7097.39308438659,25,46.2132034355964,0,7097.39308438659
66,4969,7083.78316292145,25,46.2132034355964,0,7083.78316292145
66,4970,7070.27303142915,25,46.2132034355964,0,7070.27303142915
66,5666,7140.60104762241,25,46.2132034355964,0,7140.60104762241
66,5671,7070.81547409673,25,46.2132034355964,0,7070.81547409673
66,5672,7057.15422327726,25,46.2132034355964,0,7057.15422327726
66,5673,7043.59294237092,25,46.2132034355964,0,7043.59294237092
66,5674,7030.1322099129,25,46.2132034355964,0,7030.1322099129
66,6368,7128.61256137246,25,46.2132034355964,0,7128.61256137246
66,6369,7114.3109959039,25,46.2132034355964,0,7114.3109959039
66,6370,7100.10608347711,25,46.2132034355964,0,7100.10608347711
66,6375,7030.55168221915,25,46.2132034355964,0,7030.55168221915
66,6376,7016.93891451843,25,46.2132034355964,0,7016.93891451843
66,6377,7003.42687959119,25,46.2132034355964,0,7003.42687959119
66,7048,7457.94156463859,25,46.2132034355964,0,7457.94156463859
66,7071,7102.40418231438,25,46.2132034355964,0,7102.40418231438
66,7072,7088.04965875007,25,46.2132034355964,0,7088.04965875007
66,7073,7073.79193392015,25,46.2132034355964,0,7073.79193392015
66,7077,7017.74076165024,25,46.2132034355964,0,7017.74076165024
66,7078,7003.97584054521,25,46.2132034355964,0,7003.97584054521
66,7079,6990.31124598293,25,46.2132034355964,0,6990.31124598293
66,7080,6976.74756746031,25,46.2132034355964,0,6976.74756746031
66,7750,7449.57676082712,25,46.2132034355964,0,7449.57676082712
66,7751,7433.01674001494,25,46.2132034355964,0,7433.01674001494
66,7752,7416.53985172367,25,46.2132034355964,0,7416.53985172367
66,7764,7225.50567412827,25,46.2132034355964,0,7225.50567412827
66,7773,7090.7293389776,25,46.2132034355964,0,7090.7293389776
66,7774,7076.22517173726,25,46.2132034355964,0,7076.22517173726
66,7775,7061.81735651336,25,46.2132034355964,0,7061.81735651336
66,7776,7047.50648424932,25,46.2132034355964,0,7047.50648424932
66,7779,7005.16144645205,25,46.2132034355964,0,7005.16144645205
66,7780,6991.24427067838,25,46.2132034355964,0,6991.24427067838
66,8454,7408.12882760691,25,46.2132034355964,0,7408.12882760691
66,8455,7391.59637153008,25,46.2132034355964,0,7391.59637153008
66,8466,7215.38962910225,25,46.2132034355964,0,7215.38962910225
66,8467,7199.89935241648,25,46.2132034355964,0,7199.89935241648
66,8468,7184.49966614362,25,46.2132034355964,0,7184.49966614362
66,8476,7064.63378910279,25,46.2132034355964,0,7064.63378910279
66,8477,7050.07585680242,25,46.2132034355964,0,7050.07585680242
66,8478,7035.61441396386,25,46.2132034355964,0,7035.61441396386
66,8479,7021.25005679627,25,46.2132034355964,0,7021.25005679627
66,8481,6992.81498858458,25,46.2132034355964,0,6992.81498858458
66,8482,6978.74547401068,25,46.2132034355964,0,6978.74547401068
66,8483,6964.77543789184,25,46.2132034355964,0,6964.77543789184
66,9157,7383.27820068931,25,46.2132034355964,0,7383.27820068931
66,9158,7366.68988490156,25,46.2132034355964,0,7366.68988490156
66,9159,7350.18532583436,25,46.2132034355964,0,7350.18532583436
66,9170,7174.32634581935,25,46.2132034355964,0,7174.32634581935
66,9171,7158.87156524338,25,46.2132034355964,0,7158.87156524338
66,9179,7038.56860327256,25,46.2132034355964,0,7038.56860327256
66,9180,7023.95656916884,25,46.2132034355964,0,7023.95656916884
66,9181,7009.44116036011,25,46.2132034355964,0,7009.44116036011
66,9182,6995.02297837155,25,46.2132034355964,0,6995.02297837155
66,9861,7341.82076833176,25,46.2132034355964,0,7341.82076833176
66,9865,7276.08647644252,25,46.2132034355964,0,7276.08647644252
66,9869,7211.72949169883,25,46.2132034355964,0,7211.72949169883
66,9873,7148.78701186838,25,46.2132034355964,0,7148.78701186838
66,9874,7133.27681474927,25,46.2132034355964,0,7133.27681474927
66,9883,6997.86764506529,25,46.2132034355964,0,6997.86764506529
66,9884,6983.29792952527,25,46.2132034355964,0,6983.29792952527
66,9885,6968.82558034107,25,46.2132034355964,0,6968.82558034107
66,10567,7267.39184819993,25,46.2132034355964,0,7267.39184819993
66,10568,7251.02964754366,25,46.2132034355964,0,7251.02964754366
66,10569,7234.75357115462,25,46.2132034355964,0,7234.75357115462
66,10572,7186.44792382979,25,46.2132034355964,0,7186.44792382979
66,11271,7226.00974810932,25,46.2132034355964,0,7226.00974810932
66,15481,7213.17511161322,25,46.2132034355964,0,7213.17511161322
66,15482,7195.8224777308,25,46.2132034355964,0,7195.8224777308
66,16183,7206.38845104766,25,46.2132034355964,0,7206.38845104766
66,16184,7188.89542340463,25,46.2132034355964,0,7188.89542340463
66,16185,7171.48394674173,25,46.2132034355964,0,7171.48394674173
66,16886,7182.21048693543,25,46.2132034355964,0,7182.21048693543
66,16887,7164.65833238245,25,46.2132034355964,0,7164.65833238245
66,16888,7147.18771678824,25,46.2132034355964,0,7147.18771678824
66,17589,7158.07584782089,25,46.2132034355964,0,7158.07584782089
66,17590,7140.46427231324,25,46.2132034355964,0,7140.46427231324
66,18291,7151.73716640471,25,46.2132034355964,0,7151.73716640471
66,18292,7133.98497341837,25,46.2132034355964,0,7133.98497341837
66,18293,7116.31368208829,25,46.2132034355964,0,7116.31368208829
66,18995,7109.93830859401,25,46.2132034355964,0,7109.93830859401
66,18996,7092.2070057797,25,46.2132034355964,0,7092.2070057797
66,19698,7085.9363034364,25,46.2132034355964,0,7085.9363034364
66,19699,7068.14469270938,25,46.2132034355964,0,7068.14469270938
66,19725,6636.01066701959,25,46.2132034355964,0,6636.01066701959
66,19726,6620.64351580262,25,46.2132034355964,0,6620.64351580262
66,19727,6605.3754844553,25,46.2132034355964,0,6605.3754844553
66,20401,7061.97941330599,25,46.2132034355964,0,7061.97941330599
66,20402,7044.12719750173,25,46.2132034355964,0,7044.12719750173
66,20428,6610.42087657915,25,46.2132034355964,0,6610.42087657915
66,20429,6594.9940148411,25,46.2132034355964,0,6594.9940148411
66,20430,6579.66638154559,25,46.2132034355964,0,6579.66638154559
66,21105,7020.15498015326,25,46.2132034355964,0,7020.15498015326
66,21106,7002.32326315574,25,46.2132034355964,0,7002.32326315574
66,21132,6569.38055996181,25,46.2132034355964,0,6569.38055996181
66,21808,6996.22850609124,25,46.2132034355964,0,6996.22850609124
66,21809,6978.33555336372,25,46.2132034355964,0,6978.33555336372
66,22511,6972.3482462363,25,46.2132034355964,0,6972.3482462363
66,22512,6954.39375518995,25,46.2132034355964,0,6954.39375518995
66,23215,6930.49834444788,25,46.2132034355964,0,6930.49834444788
66,26729,6830.06426541422,25,46.2132034355964,0,6830.06426541422
66,27431,6824.99591502484,25,46.2132034355964,0,6824.99591502484
66,27432,6806.52116576134,25,46.2132034355964,0,6806.52116576134
66,27433,6788.12738258937,25,46.2132034355964,0,6788.12738258937
66,28134,6801.56691533094,25,46.2132034355964,0,6801.56691533094
66,28135,6783.02825318657,25,46.2132034355964,0,6783.02825318657
66,28136,6764.57049008973,25,46.2132034355964,0,6764.57049008973
66,28838,6759.58605096217,25,46.2132034355964,0,6759.58605096217
66,57711,4888.14526936686,25,46.2132034355964,0,4888.14526936686
66,58413,4879.99791626389,25,46.2132034355964,0,4879.99791626389
66,58414,4863.2904768032,25,46.2132034355964,0,4863.2904768032
66,59116,4855.28578173469,25,46.2132034355964,0,4855.28578173469
66,59117,4838.49292058324,25,46.2132034355964,0,4838.49292058324
66,59118,4821.82639032992,25,46.2132034355964,0,4821.82639032992
66,59819,4830.63244050981,25,46.2132034355964,0,4830.63244050981
66,59820,4813.75348524604,25,46.2132034355964,0,4813.75348524604
66,59821,4797.00091134921,25,46.2132034355964,0,4797.00091134921
66,60523,4789.07307151814,25,46.2132034355964,0,4789.07307151814
66,60524,4772.23376857477,25,46.2132034355964,0,4772.23376857477
66,60525,4755.52223151928,25,46.2132034355964,0,4755.52223151928
66,61226,4764.45259661429,25,46.2132034355964,0,4764.45259661429
66,61227,4747.52587499926,25,46.2132034355964,0,4747.52587499926
66,61228,4730.72696599366,25,46.2132034355964,0,4730.72696599366
66,61930,4722.87816051709,25,46.2132034355964,0,4722.87816051709
66,61931,4705.99117641797,25,46.2132034355964,0,4705.99117641797
66,61932,4689.23342351284,25,46.2132034355964,0,4689.23342351284
66,62634,4681.3158055934,25,46.2132034355964,0,4681.3158055934
66,62635,4664.46931273403,25,46.2132034355964,0,4664.46931273403
66,62636,4647.75349938145,25,46.2132034355964,0,4647.75349938145
66,63338,4639.76585962189,25,46.2132034355964,0,4639.76585962189
66,63339,4622.96063290456,25,46.2132034355964,0,4622.96063290456
66,64003,5341.84259556382,25,46.2132034355964,0,5341.84259556382
66,64042,4598.22866212628,25,46.2132034355964,0,4598.22866212628
66,64043,4581.46549842487,25,46.2132034355964,0,4581.46549842487
66,64706,5320.62528528123,25,46.2132034355964,0,5320.62528528123
66,64711,5216.3119593967,25,46.2132034355964,0,5216.3119593967
66,64745,4573.55857494453,25,46.2132034355964,0,4573.55857494453
66,64746,4556.70456490462,25,46.2132034355964,0,4556.70456490462
66,64747,4539.98428388545,25,46.2132034355964,0,4539.98428388545
66,65414,5194.75360612014,25,46.2132034355964,0,5194.75360612014
66,65415,5174.0682576041,25,46.2132034355964,0,5174.0682576041
66,65449,4532.00576608549,25,46.2132034355964,0,4532.00576608549
66,65450,4515.19393258774,25,46.2132034355964,0,4515.19393258774
66,65451,4498.51737756524,25,46.2132034355964,0,4498.51737756524
66,66117,5173.27836020806,25,46.2132034355964,0,5173.27836020806
66,66118,5152.50668514293,25,46.2132034355964,0,5152.50668514293
66,66119,5131.82459369644,25,46.2132034355964,0,5131.82459369644
66,66153,4490.4659661628,25,46.2132034355964,0,4490.4659661628
66,66154,4473.6971432156,25,46.2132034355964,0,4473.6971432156
66,66155,4457.06518206174,25,46.2132034355964,0,4457.06518206174
66,66821,5131.02887731942,25,46.2132034355964,0,5131.02887731942
66,66822,5110.25974992788,25,46.2132034355964,0,5110.25974992788
66,66857,4448.93954281476,25,46.2132034355964,0,4448.93954281476
66,66858,4432.21458886426,25,46.2132034355964,0,4432.21458886426
66,66859,4415.62811493986,25,46.2132034355964,0,4415.62811493986
66,67525,5088.77933853954,25,46.2132034355964,0,5088.77933853954
66,67526,5068.01280296625,25,46.2132034355964,0,5068.01280296625
66,67560,4424.24562784053,25,46.2132034355964,0,4424.24562784053
66,67561,4407.42687741728,25,46.2132034355964,0,4407.42687741728
66,67562,4390.74667628411,25,46.2132034355964,0,4390.74667628411
66,67563,4374.20660943806,25,46.2132034355964,0,4374.20660943806
66,68229,5046.52974532447,25,46.2132034355964,0,5046.52974532447
66,68264,4382.70311466164,25,46.2132034355964,0,4382.70311466164
66,68265,4365.92836571983,25,46.2132034355964,0,4365.92836571983
66,68266,4349.29382759911,25,46.2132034355964,0,4349.29382759911
66,68932,5025.13289010444,25,46.2132034355964,0,5025.13289010444
66,68933,5004.28009918406,25,46.2132034355964,0,5004.28009918406
66,68968,4341.17426595013,25,46.2132034355964,0,4341.17426595013
66,68969,4324.44441853274,25,46.2132034355964,0,4324.44441853274
66,68970,4307.85648102075,25,46.2132034355964,0,4307.85648102075
66,69635,5003.82334313729,25,46.2132034355964,0,5003.82334313729
66,69636,4982.88126170781,25,46.2132034355964,0,4982.88126170781
66,69637,4962.0304016732,25,46.2132034355964,0,4962.0304016732
66,69672,4299.65948100698,25,46.2132034355964,0,4299.65948100698
66,69673,4282.97546242944,25,46.2132034355964,0,4282.97546242944
66,70339,4961.57045892038,25,46.2132034355964,0,4961.57045892038
66,70375,4274.94013638922,25,46.2132034355964,0,4274.94013638922
66,70376,4258.15917456493,25,46.2132034355964,0,4258.15917456493
66,70377,4241.52194051533,25,46.2132034355964,0,4241.52194051533
66,71078,4250.28752912636,25,46.2132034355964,0,4250.28752912636
66,71079,4233.40875578204,25,46.2132034355964,0,4233.40875578204
66,71080,4216.67377753637,25,46.2132034355964,0,4216.67377753637
66,71782,4208.72536816009,25,46.2132034355964,0,4208.72536816009
66,71783,4191.89175837284,25,46.2132034355964,0,4191.89175837284
66,72485,4184.11019801213,25,46.2132034355964,0,4184.11019801213
66,72486,4167.1770630875,25,46.2132034355964,0,4167.1770630875
66,72487,4150.38957927115,25,46.2132034355964,0,4150.38957927115
66,73189,4142.5308966599,25,46.2132034355964,0,4142.5308966599
66,73190,4125.64303602411,25,46.2132034355964,0,4125.64303602411
66,73191,4108.90267100668,25,46.2132034355964,0,4108.90267100668
66,73892,4117.95448953717,25,46.2132034355964,0,4117.95448953717
66,73893,4100.96533210583,25,46.2132034355964,0,4100.96533210583
66,73894,4084.12372611084,25,46.2132034355964,0,4084.12372611084
66,73895,4067.43150441176,25,46.2132034355964,0,4067.43150441176
66,74559,4792.72991911045,25,46.2132034355964,0,4792.72991911045
66,74560,4771.42088437659,25,46.2132034355964,0,4771.42088437659
66,74596,4076.35771774498,25,46.2132034355964,0,4076.35771774498
66,74597,4059.41392986814,25,46.2132034355964,0,4059.41392986814
66,74598,4042.61959037299,25,46.2132034355964,0,4042.61959037299
66,74599,4025.97656952707,25,46.2132034355964,0,4025.97656952707
66,75263,4750.47949484484,25,46.2132034355964,0,4750.47949484484
66,75300,4034.77455272222,25,46.2132034355964,0,4034.77455272222
66,75301,4017.87713292965,25,46.2132034355964,0,4017.87713292965
66,75302,4001.13110462734,25,46.2132034355964,0,4001.13110462734
66,75303,3984.53837660043,25,46.2132034355964,0,3984.53837660043
66,76004,3993.20542317017,25,46.2132034355964,0,3993.20542317017
66,76005,3976.35540261633,25,46.2132034355964,0,3976.35540261633
66,76006,3959.6587644529,25,46.2132034355964,0,3959.6587644529
66,76708,3951.65077567334,25,46.2132034355964,0,3951.65077567334
66,76709,3934.84921956154,25,46.2132034355964,0,3934.84921956154
66,77412,3910.11107565,25,46.2132034355964,0,3910.11107565
66,78078,4602.89173365724,25,46.2132034355964,0,4602.89173365724
66,78781,4582.15606579895,25,46.2132034355964,0,4582.15606579895
66,78782,4560.64413976146,25,46.2132034355964,0,4560.64413976146
66,79484,4561.52227927138,25,46.2132034355964,0,4561.52227927138
66,80185,4584.6828257954,25,46.2132034355964,0,4584.6828257954
66,80888,4564.45274318481,25,46.2132034355964,0,4564.45274318481
66,80889,4542.46422887359,25,46.2132034355964,0,4542.46422887359
66,81591,4544.32948516715,25,46.2132034355964,0,4544.32948516715
66,81592,4522.24300705023,25,46.2132034355964,0,4522.24300705023
66,81593,4500.24618697492,25,46.2132034355964,0,4500.24618697492
66,82294,4524.31447714664,25,46.2132034355964,0,4524.31447714664
66,82295,4502.12969075829,25,46.2132034355964,0,4502.12969075829
66,82296,4480.03399650409,25,46.2132034355964,0,4480.03399650409
66,82998,4482.12573266069,25,46.2132034355964,0,4482.12573266069
66,92148,3978.77665771171,25,46.2132034355964,0,3978.77665771171
66,92850,3982.03956685439,25,46.2132034355964,0,3982.03956685439
66,92851,3959.29075430791,25,46.2132034355964,0,3959.29075430791
66,93553,3962.79561237819,25,46.2132034355964,0,3962.79561237819
66,93554,3939.93556492253,25,46.2132034355964,0,3939.93556492253
66,94262,3807.28814979054,25,46.2132034355964,0,3807.28814979054
66,94964,3810.23241004298,25,46.2132034355964,0,3810.23241004298
66,94965,3787.62802962432,25,46.2132034355964,0,3787.62802962432
66,94966,3765.12468975905,25,46.2132034355964,0,3765.12468975905
66,95668,3768.1027745373,25,46.2132034355964,0,3768.1027745373
66,95669,3745.48200382043,25,46.2132034355964,0,3745.48200382043
66,95670,3722.96322012485,25,46.2132034355964,0,3722.96322012485
66,96372,3725.9758917457,25,46.2132034355964,0,3725.9758917457
66,97120,2817.04077063156,25,46.2132034355964,0,2817.04077063156
66,97823,2791.6889296672,25,46.2132034355964,0,2791.6889296672
66,97824,2775.89089803488,25,46.2132034355964,0,2775.89089803488
66,98526,2766.4281754927,25,46.2132034355964,0,2766.4281754927
66,98527,2750.48497056493,25,46.2132034355964,0,2750.48497056493
66,98528,2734.77478251656,25,46.2132034355964,0,2734.77478251656
66,99230,2725.17050151355,25,46.2132034355964,0,2725.17050151355
66,99231,2709.3134434946,25,46.2132034355964,0,2709.3134434946
66,99933,2699.95006339694,25,46.2132034355964,0,2699.95006339694
66,99934,2683.94391756182,25,46.2132034355964,0,2683.94391756182
66,99935,2668.1758552044,25,46.2132034355964,0,2668.1758552044
66,100637,2658.66883301411,25,46.2132034355964,0,2658.66883301411
66,100638,2642.74988410497,25,46.2132034355964,0,2642.74988410497
66,100639,2627.07380553893,25,46.2132034355964,0,2627.07380553893
66,101340,2633.49090907296,25,46.2132034355964,0,2633.49090907296
66,101341,2617.4187473705,25,46.2132034355964,0,2617.4187473705
66,101342,2601.5899529207,25,46.2132034355964,0,2601.5899529207
66,102044,2592.18522520047,25,46.2132034355964,0,2592.18522520047
66,102045,2576.20130813591,25,46.2132034355964,0,2576.20130813591
66,102046,2560.46577424624,25,46.2132034355964,0,2560.46577424624
66,102748,2550.91071393247,25,46.2132034355964,0,2550.91071393247
66,102749,2535.01811341939,25,46.2132034355964,0,2535.01811341939
66,102750,2519.37910459221,25,46.2132034355964,0,2519.37910459221
66,103451,2525.72111571586,25,46.2132034355964,0,2525.72111571586
66,103452,2509.66891903063,25,46.2132034355964,0,2509.66891903063
66,103453,2493.87086552657,25,46.2132034355964,0,2493.87086552657
66,104155,2484.42120511903,25,46.2132034355964,0,2484.42120511903
66,104156,2468.46148617043,25,46.2132034355964,0,2468.46148617043
66,104157,2452.76137946484,25,46.2132034355964,0,2452.76137946484
66,104859,2443.15405101533,25,46.2132034355964,0,2443.15405101533
66,104860,2427.29017136178,25,46.2132034355964,0,2427.29017136178
66,105562,2417.95176105637,25,46.2132034355964,0,2417.95176105637
66,105563,2401.9213477753,25,46.2132034355964,0,2401.9213477753
66,105564,2386.15685022299,25,46.2132034355964,0,2386.15685022299
66,106266,2376.65818731337,25,46.2132034355964,0,2376.65818731337
66,106267,2360.72490668048,25,46.2132034355964,0,2360.72490668048
66,106268,2345.06352818023,25,46.2132034355964,0,2345.06352818023
66,106970,2335.39911999795,25,46.2132034355964,0,2335.39911999795
66,106971,2319.56666604258,25,46.2132034355964,0,2319.56666604258
66,107673,2310.18298146961,25,46.2132034355964,0,2310.18298146961
66,107674,2294.17642711973,25,46.2132034355964,0,2294.17642711973
66,107675,2278.44870237686,25,46.2132034355964,0,2278.44870237686
66,121010,2302.13083632113,25,46.2132034355964,0,2302.13083632113
66,121011,2278.25293893789,25,46.2132034355964,0,2278.25293893789
66,121713,2284.39501588701,25,46.2132034355964,0,2284.39501588701
66,121714,2260.32963632216,25,46.2132034355964,0,2260.32963632216
66,121715,2236.40396018434,25,46.2132034355964,0,2236.40396018434
66,122417,2242.66204974836,25,46.2132034355964,0,2242.66204974836
66,122418,2218.54571674327,25,46.2132034355964,0,2218.54571674327
66,122419,2194.57063382873,25,46.2132034355964,0,2194.57063382873
66,123121,2200.94909412317,25,46.2132034355964,0,2200.94909412317
66,123122,2176.78007932197,25,46.2132034355964,0,2176.78007932197
66,123123,2152.75387907277,25,46.2132034355964,0,2152.75387907277
66,123124,2128.87532873716,25,46.2132034355964,0,2128.87532873716
66,123824,2183.62041711717,25,46.2132034355964,0,2183.62041711717
66,123825,2159.25731539649,25,46.2132034355964,0,2159.25731539649
66,123826,2135.03380373001,25,46.2132034355964,0,2135.03380373001
66,123827,2110.95468757165,25,46.2132034355964,0,2110.95468757165
66,124528,2142.00891406783,25,46.2132034355964,0,2142.00891406783
66,124529,2117.58797120091,25,46.2132034355964,0,2117.58797120091
66,124530,2093.30805524485,25,46.2132034355964,0,2093.30805524485
66,124531,2069.17413068468,25,46.2132034355964,0,2069.17413068468
66,125232,2100.42321496552,25,46.2132034355964,0,2100.42321496552
66,125233,2075.94241943618,25,46.2132034355964,0,2075.94241943618
66,125234,2051.60409334877,25,46.2132034355964,0,2051.60409334877
66,125235,2027.41336758159,25,46.2132034355964,0,2027.41336758159
66,125936,2058.86489041259,25,46.2132034355964,0,2058.86489041259
66,125937,2034.32212839938,25,46.2132034355964,0,2034.32212839938
66,125938,2009.92328137447,25,46.2132034355964,0,2009.92328137447
66,125939,1985.67365438881,25,46.2132034355964,0,1985.67365438881
66,126640,2017.33563936257,25,46.2132034355964,0,2017.33563936257
66,126641,1992.72868812282,25,46.2132034355964,0,1992.72868812282
66,126642,1968.26709735328,25,46.2132034355964,0,1968.26709735328
66,127344,1975.83730236655,25,46.2132034355964,0,1975.83730236655
66,127345,1951.16382316048,25,46.2132034355964,0,1951.16382316048
66,128047,1959.25696626928,25,46.2132034355964,0,1959.25696626928
66,128048,1934.37187650014,25,46.2132034355964,0,1934.37187650014
66,128049,1909.62940697171,25,46.2132034355964,0,1909.62940697171
66,128751,1917.89943476707,25,46.2132034355964,0,1917.89943476707
66,128752,1892.94153216968,25,46.2132034355964,0,1892.94153216968
66,128753,1868.12747820714,25,46.2132034355964,0,1868.12747820714
66,129455,1876.58205521446,25,46.2132034355964,0,1876.58205521446
66,131560,1933.50574554277,25,46.2132034355964,0,1933.50574554277
66,131561,1907.34947451954,25,46.2132034355964,0,1907.34947451954
66,131582,1392.91248453826,25,46.2132034355964,0,1392.91248453826
66,132263,1919.35841302652,25,46.2132034355964,0,1919.35841302652
66,132264,1893.00653080338,25,46.2132034355964,0,1893.00653080338
66,132265,1866.76029795899,25,46.2132034355964,0,1866.76029795899
66,132285,1373.20345887545,25,46.2132034355964,0,1373.20345887545
66,132286,1350.72455675281,25,46.2132034355964,0,1350.72455675281
66,132967,1879.03028897179,25,46.2132034355964,0,1879.03028897179
66,132968,1852.58591675818,25,46.2132034355964,0,1852.58591675818
66,132969,1826.24686640866,25,46.2132034355964,0,1826.24686640866
66,132988,1353.86841416536,25,46.2132034355964,0,1353.86841416536
66,132989,1331.06289909416,25,46.2132034355964,0,1331.06289909416
66,132990,1308.54135809867,25,46.2132034355964,0,1308.54135809867
66,133671,1838.78887896426,25,46.2132034355964,0,1838.78887896426
66,133672,1812.24917073887,25,46.2132034355964,0,1812.24917073887
66,133673,1785.81434306402,25,46.2132034355964,0,1785.81434306402
66,133692,1311.78864455918,25,46.2132034355964,0,1311.78864455918
66,133693,1288.93024320442,25,46.2132034355964,0,1288.93024320442
66,134375,1798.64001126353,25,46.2132034355964,0,1798.64001126353
66,134376,1772.00202825317,25,46.2132034355964,0,1772.00202825317
66,134396,1269.72093444243,25,46.2132034355964,0,1269.72093444243
66,134397,1246.80630405601,25,46.2132034355964,0,1246.80630405601
66,134398,1224.19115075667,25,46.2132034355964,0,1224.19115075667
66,135078,1785.42827268274,25,46.2132034355964,0,1785.42827268274
66,135079,1758.59003234843,25,46.2132034355964,0,1758.59003234843
66,135080,1731.8507446427,25,46.2132034355964,0,1731.8507446427
66,135100,1227.66653527534,25,46.2132034355964,0,1227.66653527534
66,135101,1204.69200801488,25,46.2132034355964,0,1204.69200801488
66,135102,1182.02532181588,25,46.2132034355964,0,1182.02532181588
66,135782,1745.58758276877,25,46.2132034355964,0,1745.58758276877
66,135783,1718.64586391359,25,46.2132034355964,0,1718.64586391359
66,135784,1691.80215346071,25,46.2132034355964,0,1691.80215346071
66,135804,1185.62687565714,25,46.2132034355964,0,1185.62687565714
66,135805,1162.58841544297,25,46.2132034355964,0,1162.58841544297
66,135806,1139.86660784843,25,46.2132034355964,0,1139.86660784843
66,136486,1705.86330134581,25,46.2132034355964,0,1705.86330134581
66,136487,1678.81506723995,25,46.2132034355964,0,1678.81506723995
66,136488,1651.86373263556,25,46.2132034355964,0,1651.86373263556
66,136508,1143.60359371387,25,46.2132034355964,0,1143.60359371387
66,136509,1120.49674579708,25,46.2132034355964,0,1120.49674579708
66,136510,1097.71584176968,25,46.2132034355964,0,1097.71584176968
66,137189,1693.51261988477,25,46.2132034355964,0,1693.51261988477
66,137190,1666.26376274329,25,46.2132034355964,0,1666.26376274329
66,137191,1639.10591606064,25,46.2132034355964,0,1639.10591606064
66,137192,1612.04367956426,25,46.2132034355964,0,1612.04367956426
66,137198,1451.97615944543,25,46.2132034355964,0,1451.97615944543
66,137212,1101.59857685209,25,46.2132034355964,0,1101.59857685209
66,137213,1078.41840854718,25,46.2132034355964,0,1078.41840854718
66,137893,1654.15815978245,25,46.2132034355964,0,1654.15815978245
66,137894,1626.7980853314,25,46.2132034355964,0,1626.7980853314
66,137895,1599.52747917735,25,46.2132034355964,0,1599.52747917735
66,137896,1572.35099649637,25,46.2132034355964,0,1572.35099649637
66,137900,1464.69081645637,25,46.2132034355964,0,1464.69081645637
66,137901,1438.06656803394,25,46.2132034355964,0,1438.06656803394
66,137902,1411.57184504959,25,46.2132034355964,0,1411.57184504959
66,137916,1059.61401087446,25,46.2132034355964,0,1059.61401087446
66,137917,1036.35504159081,25,46.2132034355964,0,1036.35504159081
66,138597,1614.95052875073,25,46.2132034355964,0,1614.95052875073
66,138598,1587.47626185938,25,46.2132034355964,0,1587.47626185938
66,138599,1560.08971427167,25,46.2132034355964,0,1560.08971427167
66,138604,1424.64926704999,25,46.2132034355964,0,1424.64926704999
66,138605,1397.90012036831,25,46.2132034355964,0,1397.90012036831
66,138606,1371.27944705502,25,46.2132034355964,0,1371.27944705502
66,138619,1041.32935890338,25,46.2132034355964,0,1041.32935890338
66,138620,1017.65244114342,25,46.2132034355964,0,1017.65244114342
66,138621,994.308559361104,25,46.2132034355964,0,994.308559361104
66,139301,1575.90069509374,25,46.2132034355964,0,1575.90069509374
66,139302,1548.30926189636,25,46.2132034355964,0,1548.30926189636
66,139303,1520.80357467254,25,46.2132034355964,0,1520.80357467254
66,139308,1384.73961914473,25,46.2132034355964,0,1384.73961914473
66,139309,1357.86081415524,25,46.2132034355964,0,1357.86081415524
66,139310,1331.1091394057,25,46.2132034355964,0,1331.1091394057
66,139311,1304.49241622743,25,46.2132034355964,0,1304.49241622743
66,139323,999.495174188542,25,46.2132034355964,0,999.495174188542
66,139324,975.71684937839,25,46.2132034355964,0,975.71684937839
66,139325,952.281213571325,25,46.2132034355964,0,952.281213571325
66,140005,1537.02069533252,25,46.2132034355964,0,1537.02069533252
66,140006,1509.30914819764,25,46.2132034355964,0,1509.30914819764
66,140007,1481.68113100805,25,46.2132034355964,0,1481.68113100805
66,140011,1372.1050516082,25,46.2132034355964,0,1372.1050516082
66,140012,1344.97362533194,25,46.2132034355964,0,1344.97362533194
66,140013,1317.96024797758,25,46.2132034355964,0,1317.96024797758
66,140014,1291.07232945028,25,46.2132034355964,0,1291.07232945028
66,140015,1264.31787408046,25,46.2132034355964,0,1264.31787408046
66,140027,957.698607408591,25,46.2132034355964,0,957.698607408591
66,140028,933.81075089741,25,46.2132034355964,0,933.81075089741
66,140029,910.27567065813,25,46.2132034355964,0,910.27567065813
66,140709,1498.32376021834,25,46.2132034355964,0,1498.32376021834
66,140710,1470.48920903744,25,46.2132034355964,0,1470.48920903744
66,140711,1442.73571009172,25,46.2132034355964,0,1442.73571009172
66,140715,1332.63329861309,25,46.2132034355964,0,1332.63329861309
66,140716,1305.36442536291,25,46.2132034355964,0,1305.36442536291
66,140717,1278.21142588624,25,46.2132034355964,0,1278.21142588624
66,140718,1251.18184424583,25,46.2132034355964,0,1251.18184424583
66,140719,1224.28385487782,25,46.2132034355964,0,1224.28385487782
66,140731,915.944824096777,25,46.2132034355964,0,915.944824096777
66,141413,1459.82445770591,25,46.2132034355964,0,1459.82445770591
66,141414,1431.86410895821,25,46.2132034355964,0,1431.86410895821
66,141415,1403.98205372247,25,46.2132034355964,0,1403.98205372247
66,141419,1293.33783068167,25,46.2132034355964,0,1293.33783068167
66,141420,1265.92674834486,25,46.2132034355964,0,1265.92674834486
66,141421,1238.62896847251,25,46.2132034355964,0,1238.62896847251
66,141422,1211.45215025587,25,46.2132034355964,0,1211.45215025587
66,142116,1449.69851149979,25,46.2132034355964,0,1449.69851149979
66,142117,1421.53885538947,25,46.2132034355964,0,1421.53885538947
66,142118,1393.45006067037,25,46.2132034355964,0,1393.45006067037
66,142119,1365.43650048283,25,46.2132034355964,0,1365.43650048283
66,142123,1254.23522857656,25,46.2132034355964,0,1254.23522857656
66,142124,1226.67714954904,25,46.2132034355964,0,1226.67714954904
66,142125,1199.22936126724,25,46.2132034355964,0,1199.22936126724
66,142126,1171.89961332041,25,46.2132034355964,0,1171.89961332041
66,142138,857.220206149891,25,46.2132034355964,0,857.220206149891
66,142139,832.591417675883,25,46.2132034355964,0,832.591417675883
66,142140,808.315450085116,25,46.2132034355964,0,808.315450085116
66,142141,784.425060796517,25,46.2132034355964,0,784.425060796517
66,142143,737.950220298177,25,46.2132034355964,0,737.950220298177
66,142144,715.450606337977,25,46.2132034355964,0,715.450606337977
66,142145,693.507046601426,25,46.2132034355964,0,693.507046601426
66,142820,1411.77193687614,25,46.2132034355964,0,1411.77193687614
66,142821,1383.48470519199,25,46.2132034355964,0,1383.48470519199
66,142822,1355.26502129178,25,46.2132034355964,0,1355.26502129178
66,142823,1327.11719416878,25,46.2132034355964,0,1327.11719416878
66,142827,1215.34412016927,25,46.2132034355964,0,1215.34412016927
66,142828,1187.63428841083,25,46.2132034355964,0,1187.63428841083
66,142829,1160.0312479769,25,46.2132034355964,0,1160.0312479769
66,142840,866.342016097902,25,46.2132034355964,0,866.342016097902
66,142841,840.920228461802,25,46.2132034355964,0,840.920228461802
66,142842,815.799358378992,25,46.2132034355964,0,815.799358378992
66,142843,791.008076032805,25,46.2132034355964,0,791.008076032805
66,142844,766.57835886823,25,46.2132034355964,0,766.57835886823
66,142845,742.545894166313,25,46.2132034355964,0,742.545894166313
66,142846,718.950520081767,25,46.2132034355964,0,718.950520081767
66,142847,695.836702415635,25,46.2132034355964,0,695.836702415635
66,142848,673.254040653754,25,46.2132034355964,0,673.254040653754
66,142849,651.257791362633,25,46.2132034355964,0,651.257791362633
66,143524,1374.09831559935,25,46.2132034355964,0,1374.09831559935
66,143525,1345.68165348946,25,46.2132034355964,0,1345.68165348946
66,143526,1317.32891657567,25,46.2132034355964,0,1317.32891657567
66,143527,1289.04432299969,25,46.2132034355964,0,1289.04432299969
66,143531,1176.68548840125,25,46.2132034355964,0,1176.68548840125
66,143532,1148.81925575215,25,46.2132034355964,0,1148.81925575215
66,143544,825.382682743172,25,46.2132034355964,0,825.382682743172
66,143545,799.773787396814,25,46.2132034355964,0,799.773787396814
66,143546,774.469547098563,25,46.2132034355964,0,774.469547098563
66,143547,749.500819275953,25,46.2132034355964,0,749.500819275953
66,143548,724.902274206855,25,46.2132034355964,0,724.902274206855
66,143550,676.976555193427,25,46.2132034355964,0,676.976555193427
66,143551,653.742591820456,25,46.2132034355964,0,653.742591820456
66,143552,631.066499494939,25,46.2132034355964,0,631.066499494939
66,143553,609.010597243236,25,46.2132034355964,0,609.010597243236
66,144228,1336.69904640121,25,46.2132034355964,0,1336.69904640121
66,144229,1308.15148027585,25,46.2132034355964,0,1308.15148027585
66,144230,1279.66389726578,25,46.2132034355964,0,1279.66389726578
66,144231,1251.24039437415,25,46.2132034355964,0,1251.24039437415
66,144235,1138.28303246975,25,46.2132034355964,0,1138.28303246975
66,144248,784.561675339731,25,46.2132034355964,0,784.561675339731
66,144249,758.750140656898,25,46.2132034355964,0,758.750140656898
66,144250,733.246186104554,25,46.2132034355964,0,733.246186104554
66,144253,658.934890308507,25,46.2132034355964,0,658.934890308507
66,144254,635.041056150789,25,46.2132034355964,0,635.041056150789
66,144255,611.671918835043,25,46.2132034355964,0,611.671918835043
66,144256,588.889946890983,25,46.2132034355964,0,588.889946890983
66,144257,566.765950609284,25,46.2132034355964,0,566.765950609284
66,144932,1299.59782616093,25,46.2132034355964,0,1299.59782616093
66,144933,1270.91837141074,25,46.2132034355964,0,1270.91837141074
66,144934,1242.29463226895,25,46.2132034355964,0,1242.29463226895
66,144935,1213.73055060912,25,46.2132034355964,0,1213.73055060912
66,144952,743.901785211242,25,46.2132034355964,0,743.901785211242
66,144953,717.870360377479,25,46.2132034355964,0,717.870360377479
66,144954,692.148316588059,25,46.2132034355964,0,692.148316588059
66,144955,666.771459782929,25,46.2132034355964,0,666.771459782929
66,144958,593.1522058722,25,46.2132034355964,0,593.1522058722
66,144959,569.629901847231,25,46.2132034355964,0,569.629901847231
66,144960,546.726952332087,25,46.2132034355964,0,546.726952332087
66,144961,524.524494489136,25,46.2132034355964,0,524.524494489136
66,145636,1262.82093628776,25,46.2132034355964,0,1262.82093628776
66,145637,1234.00922838113,25,46.2132034355964,0,1234.00922838113
66,145638,1205.24864384685,25,46.2132034355964,0,1205.24864384685
66,145639,1176.54293182711,25,46.2132034355964,0,1176.54293182711
66,145645,1005.72350806305,25,46.2132034355964,0,1005.72350806305
66,145656,703.430972243601,25,46.2132034355964,0,703.430972243601
66,145657,677.160523772562,25,46.2132034355964,0,677.160523772562
66,145658,651.199720820635,25,46.2132034355964,0,651.199720820635
66,145659,625.587113864328,25,46.2132034355964,0,625.587113864328
66,145662,551.32066362608,25,46.2132034355964,0,551.32066362608
66,145663,527.623418336935,25,46.2132034355964,0,527.623418336935
66,145664,504.580943175959,25,46.2132034355964,0,504.580943175959
66,145665,482.287097128198,25,46.2132034355964,0,482.287097128198
66,146340,1226.3975667022,25,46.2132034355964,0,1226.3975667022
66,146341,1197.45402042194,25,46.2132034355964,0,1197.45402042194
66,146342,1168.55669063513,25,46.2132034355964,0,1168.55669063513
66,146343,1139.7090928032,25,46.2132034355964,0,1139.7090928032
66,146347,1024.89990345021,25,46.2132034355964,0,1024.89990345021
66,146348,996.368020887824,25,46.2132034355964,0,996.368020887824
66,146349,967.916382135567,25,46.2132034355964,0,967.916382135567
66,146350,939.552277078085,25,46.2132034355964,0,939.552277078085
66,146360,663.183874418373,25,46.2132034355964,0,663.183874418373
66,146361,636.65325472001,25,46.2132034355964,0,636.65325472001
66,146362,610.430463702653,25,46.2132034355964,0,610.430463702653
66,146363,584.556929738102,25,46.2132034355964,0,584.556929738102
66,146366,509.560571750746,25,46.2132034355964,0,509.560571750746
66,146367,485.661718327054,25,46.2132034355964,0,485.661718327054
66,146368,462.45659454056,25,46.2132034355964,0,462.45659454056
66,146369,440.054960025005,25,46.2132034355964,0,440.054960025005
66,146370,418.585836684345,25,46.2132034355964,0,418.585836684345
66,147044,1190.36018165571,25,46.2132034355964,0,1190.36018165571
66,147045,1161.28618416858,25,46.2132034355964,0,1161.28618416858
66,147046,1132.25320463978,25,46.2132034355964,0,1132.25320463978
66,147047,1103.26448129981,25,46.2132034355964,0,1103.26448129981
66,147051,987.829987876913,25,46.2132034355964,0,987.829987876913
66,147052,959.124951871555,25,46.2132034355964,0,959.124951871555
66,147053,930.492740472758,25,46.2132034355964,0,930.492740472758
66,147054,901.940289191115,25,46.2132034355964,0,901.940289191115
66,147064,623.203859604451,25,46.2132034355964,0,623.203859604451
66,147065,596.389854484371,25,46.2132034355964,0,596.389854484371
66,147066,569.879061620739,25,46.2132034355964,0,569.879061620739
66,147067,543.715835389242,25,46.2132034355964,0,543.715835389242
66,147071,443.757538692491,25,46.2132034355964,0,443.757538692491
66,147072,420.36045261021,25,46.2132034355964,0,420.36045261021
66,147073,397.829794675314,25,46.2132034355964,0,397.829794675314
66,147074,376.321218354886,25,46.2132034355964,0,376.321218354886
66,147748,1154.74493173724,25,46.2132034355964,0,1154.74493173724
66,147749,1125.54307609025,25,46.2132034355964,0,1125.54307609025
66,147750,1096.37678875465,25,46.2132034355964,0,1096.37678875465
66,147755,951.193259712664,25,46.2132034355964,0,951.193259712664
66,147756,922.314692666638,25,46.2132034355964,0,922.314692666638
66,147757,893.500786420566,25,46.2132034355964,0,893.500786420566
66,147758,864.758004531796,25,46.2132034355964,0,864.758004531796
66,147775,401.928906561335,25,46.2132034355964,0,401.928906561335
66,147776,378.301971875437,25,46.2132034355964,0,378.301971875437
66,147777,355.614125111459,25,46.2132034355964,0,355.614125111459
66,147778,334.056758788934,25,46.2132034355964,0,334.056758788934
66,148452,1119.59211607214,25,46.2132034355964,0,1119.59211607214
66,148453,1090.26648286665,25,46.2132034355964,0,1090.26648286665
66,148454,1060.97078121864,25,46.2132034355964,0,1060.97078121864
66,148455,1031.70756088636,25,46.2132034355964,0,1031.70756088636
66,148459,915.041768483158,25,46.2132034355964,0,915.041768483158
66,148460,885.991207027257,25,46.2132034355964,0,885.991207027257
66,148461,856.996439577934,25,46.2132034355964,0,856.996439577934
66,148462,828.063327062077,25,46.2132034355964,0,828.063327062077
66,148479,360.202181912507,25,46.2132034355964,0,360.202181912507
66,148480,336.295325732086,25,46.2132034355964,0,336.295325732086
66,148481,313.41183456046,25,46.2132034355964,0,313.41183456046
66,148482,291.792576423212,25,46.2132034355964,0,291.792576423212
66,149156,1084.94669819466,25,46.2132034355964,0,1084.94669819466
66,149157,1055.50319420932,25,46.2132034355964,0,1055.50319420932
66,149158,1026.083892925,25,46.2132034355964,0,1026.083892925
66,149159,996.690937513864,25,46.2132034355964,0,996.690937513864
66,149163,879.435373435572,25,46.2132034355964,0,879.435373435572
66,149164,850.216902926779,25,46.2132034355964,0,850.216902926779
66,149165,821.044758384347,25,46.2132034355964,0,821.044758384347
66,149166,791.9240593635,25,46.2132034355964,0,791.9240593635
66,149183,318.61745051946,25,46.2132034355964,0,318.61745051946
66,149184,294.362754995764,25,46.2132034355964,0,294.362754995764
66,149185,271.229221471169,25,46.2132034355964,0,271.229221471169
66,149186,249.528869929254,25,46.2132034355964,0,249.528869929254
66,149860,1050.85887772521,25,46.2132034355964,0,1050.85887772521
66,149861,1021.30564131031,25,46.2132034355964,0,1021.30564131031
66,149862,991.770922106538,25,46.2132034355964,0,991.770922106538
66,149863,962.25642517298,25,46.2132034355964,0,962.25642517298
66,149868,815.064114314516,25,46.2132034355964,0,815.064114314516
66,149869,785.721628607879,25,46.2132034355964,0,785.721628607879
66,149870,756.419831696277,25,46.2132034355964,0,756.419831696277
66,149887,277.238667128515,25,46.2132034355964,0,277.238667128515
66,149888,252.541218498019,25,46.2132034355964,0,252.541218498019
66,149889,229.07721939486,25,46.2132034355964,0,229.07721939486
66,149890,207.266000024292,25,46.2132034355964,0,207.266000024292
66,150564,1017.38471786524,25,46.2132034355964,0,1017.38471786524
66,150565,987.732601706197,25,46.2132034355964,0,987.732601706197
66,150566,958.093548305875,25,46.2132034355964,0,958.093548305875
66,150567,928.468808657347,25,46.2132034355964,0,928.468808657347
66,150571,810.14438166462,25,46.2132034355964,0,810.14438166462
66,150572,780.616828573886,25,46.2132034355964,0,780.616828573886
66,150573,751.115752387324,25,46.2132034355964,0,751.115752387324
66,150574,721.644400264654,25,46.2132034355964,0,721.644400264654
66,150591,236.174166743675,25,46.2132034355964,0,236.174166743675
66,150592,210.896850376869,25,46.2132034355964,0,210.896850376869
66,150593,186.9766094853,25,46.2132034355964,0,186.9766094853
66,150594,165.004696980158,25,46.2132034355964,0,165.004696980158
66,150595,145.864231704669,25,46.2132034355964,0,145.864231704669
66,151268,984.586825289364,25,46.2132034355964,0,984.586825289364
66,151269,954.849967454142,25,46.2132034355964,0,954.849967454142
66,151270,925.121203027944,25,46.2132034355964,0,925.121203027944
66,151271,895.401338151377,25,46.2132034355964,0,895.401338151377
66,151275,776.631303755069,25,46.2132034355964,0,776.631303755069
66,151276,746.972676014741,25,46.2132034355964,0,746.972676014741
66,151277,717.330963775768,25,46.2132034355964,0,717.330963775768
66,151278,687.708354323371,25,46.2132034355964,0,687.708354323371
66,151295,195.622043974313,25,46.2132034355964,0,195.622043974313
66,151296,169.560324839179,25,46.2132034355964,0,169.560324839179
66,151297,144.972271776036,25,46.2132034355964,0,144.972271776036
66,151298,122.746696741288,25,46.2132034355964,0,122.746696741288
66,151299,104.403446741601,25,46.2132034355964,0,104.403446741601
66,151972,952.535073848985,25,46.2132034355964,0,952.535073848985
66,151973,922.731567390297,25,46.2132034355964,0,922.731567390297
66,151974,892.932007349766,25,46.2132034355964,0,892.932007349766
66,151975,863.136802478095,25,46.2132034355964,0,863.136802478095
66,151980,714.245179387546,25,46.2132034355964,0,714.245179387546
66,151981,684.488875614711,25,46.2132034355964,0,684.488875614711
66,152001,103.181987613681,25,46.2132034355964,0,103.181987613681
66,152002,80.4973802590533,25,46.2132034355964,0,80.4973802590533
66,152003,64.0053096299527,25,46.2132034355964,0,64.0053096299527
66,152676,921.307355962287,25,46.2132034355964,0,921.307355962287
66,152677,891.460025273818,25,46.2132034355964,0,891.460025273818
66,152678,861.613756007914,25,46.2132034355964,0,861.613756007914
66,152679,831.768662424546,25,46.2132034355964,0,831.768662424546
66,152683,712.403000060191,25,46.2132034355964,0,712.403000060191
66,152684,682.566227266503,25,46.2132034355964,0,682.566227266503
66,152685,652.731820959728,25,46.2132034355964,0,652.731820959728
66,152704,89.5303697724515,25,46.2132034355964,0,89.5303697724515
66,152705,62.0400701349037,25,46.2132034355964,0,62.0400701349037
66,152706,38.2858835973854,25,46.2132034355964,66,0
66,152707,29.431324353474,25,46.2132034355964,66,0
66,152708,45.278606577915,25,46.2132034355964,0,45.278606577915
66,153380,890.990335019531,25,46.2132034355964,0,890.990335019531
66,153381,861.12762284005,25,46.2132034355964,0,861.12762284005
66,153382,831.264911761095,25,46.2132034355964,0,831.264911761095
66,153383,801.402201903879,25,46.2132034355964,0,801.402201903879
66,153387,681.951377957956,25,46.2132034355964,0,681.951377957956
66,153388,652.088676909984,25,46.2132034355964,0,652.088676909984
66,153389,622.225978405854,25,46.2132034355964,0,622.225978405854
66,153408,54.8407322421439,25,46.2132034355964,0,54.8407322421439
66,153409,24.9866292576091,25,46.2132034355964,66,0
66,153410,4.9721603468337,25,46.2132034355964,66,0
66,153411,34.7660484328233,25,46.2132034355964,66,0
66,153412,64.6235164375576,25,46.2132034355964,0,64.6235164375576
66,154084,861.680157959076,25,46.2132034355964,0,861.680157959076
66,154085,831.837119143887,25,46.2132034355964,0,831.837119143887
66,154086,801.995552078376,25,46.2132034355964,0,801.995552078376
66,154087,772.155627402996,25,46.2132034355964,0,772.155627402996
66,154091,652.816856817838,25,46.2132034355964,0,652.816856817838
66,154092,622.988899563873,25,46.2132034355964,0,622.988899563873
66,154093,593.164449399253,25,46.2132034355964,0,593.164449399253
66,154113,31.1871037546686,25,46.2132034355964,66,0
66,154114,46.4391814139471,25,46.2132034355964,66,0
66,154115,71.5830589337394,25,46.2132034355964,0,71.5830589337394
66,154116,99.3742708559818,25,46.2132034355964,0,99.3742708559818
66,154117,128.101255718092,25,46.2132034355964,0,128.101255718092
66,154788,833.483068557847,25,46.2132034355964,0,833.483068557847
66,154789,803.702454529865,25,46.2132034355964,0,803.702454529865
66,154790,773.928181092454,25,46.2132034355964,0,773.928181092454
66,154791,744.161009318949,25,46.2132034355964,0,744.161009318949
66,154795,625.183623656108,25,46.2132034355964,0,625.183623656108
66,154796,595.468943558349,25,46.2132034355964,0,595.468943558349
66,154797,565.769870559322,25,46.2132034355964,0,565.769870559322
66,154817,69.9564904344,25,46.2132034355964,0,69.9564904344
66,154818,88.6648933490823,25,46.2132034355964,0,88.6648933490823
66,154819,112.305833843667,25,46.2132034355964,0,112.305833843667
66,154820,138.37384710553,25,46.2132034355964,0,138.37384710553
66,154821,165.727568779138,25,46.2132034355964,0,165.727568779138
66,155492,806.51583915561,25,46.2132034355964,0,806.51583915561
66,155493,776.849238640585,25,46.2132034355964,0,776.849238640585
66,155494,747.19828304982,25,46.2132034355964,0,747.19828304982
66,155495,717.564911805321,25,46.2132034355964,0,717.564911805321
66,155499,599.259422109005,25,46.2132034355964,0,599.259422109005
66,155500,569.75780178881,25,46.2132034355964,0,569.75780178881
66,155501,540.295885846114,25,46.2132034355964,0,540.295885846114
66,155522,130.917334449501,25,46.2132034355964,0,130.917334449501
66,155523,153.863916971286,25,46.2132034355964,0,153.863916971286
66,155524,178.864348861,25,46.2132034355964,0,178.864348861
66,155525,205.169197258938,25,46.2132034355964,0,205.169197258938
66,156196,780.905911869263,25,46.2132034355964,0,780.905911869263
66,156197,751.414888142874,25,46.2132034355964,0,751.414888142874
66,156198,721.954450445049,25,46.2132034355964,0,721.954450445049
66,156199,692.528502211662,25,46.2132034355964,0,692.528502211662
66,156203,575.275371015737,25,46.2132034355964,0,575.275371015737
66,156206,488.035970530684,25,46.2132034355964,0,488.035970530684
66,156226,173.177024645617,25,46.2132034355964,0,173.177024645617
66,156227,195.726025530207,25,46.2132034355964,0,195.726025530207
66,156228,220.024261741572,25,46.2132034355964,0,220.024261741572
66,156229,245.55300429681,25,46.2132034355964,0,245.55300429681
66,156230,271.965960300881,25,46.2132034355964,0,271.965960300881
66,156900,756.79111225076,25,46.2132034355964,0,756.79111225076
66,156901,727.548244386315,25,46.2132034355964,0,727.548244386315
66,156902,698.357874817504,25,46.2132034355964,0,698.357874817504
66,156908,524.807809213647,25,46.2132034355964,0,524.807809213647
66,156909,496.271902934087,25,46.2132034355964,0,496.271902934087
66,156910,467.901677453965,25,46.2132034355964,0,467.901677453965
66,156930,215.439765091149,25,46.2132034355964,0,215.439765091149
66,156931,237.731667100889,25,46.2132034355964,0,237.731667100889
66,156932,261.537782738333,25,46.2132034355964,0,261.537782738333
66,156933,286.480873975691,25,46.2132034355964,0,286.480873975691
66,156934,312.288622280047,25,46.2132034355964,0,312.288622280047
66,157604,734.318773307647,25,46.2132034355964,0,734.318773307647
66,157607,647.84726273308,25,46.2132034355964,0,647.84726273308
66,157612,506.144137854963,25,46.2132034355964,0,506.144137854963
66,157613,478.359612533999,25,46.2132034355964,0,478.359612533999
66,157614,450.840961128916,25,46.2132034355964,0,450.840961128916
66,157635,279.816259741853,25,46.2132034355964,0,279.816259741853
66,157636,303.259776892706,25,46.2132034355964,0,303.259776892706
66,157637,327.749093151748,25,46.2132034355964,0,327.749093151748
66,157638,353.066660217242,25,46.2132034355964,0,353.066660217242
66,158309,685.163008805915,25,46.2132034355964,0,685.163008805915
66,158310,656.804718157538,25,46.2132034355964,0,656.804718157538
66,158311,628.58584081857,25,46.2132034355964,0,628.58584081857
66,158316,490.421503991662,25,46.2132034355964,0,490.421503991662
66,158317,463.619204757737,25,46.2132034355964,0,463.619204757737
66,158318,437.213809015296,25,46.2132034355964,0,437.213809015296
66,158338,299.969432057565,25,46.2132034355964,0,299.969432057565
66,158339,321.948888714072,25,46.2132034355964,0,321.948888714072
66,158340,345.114685363703,25,46.2132034355964,0,345.114685363703
66,158341,369.243601833887,25,46.2132034355964,0,369.243601833887
66,158342,394.158802094039,25,46.2132034355964,0,394.158802094039
66,158343,419.720284679855,25,46.2132034355964,0,419.720284679855
66,159013,666.984402582696,25,46.2132034355964,0,666.984402582696
66,159014,639.214924089985,25,46.2132034355964,0,639.214924089985
66,159015,611.64277729166,25,46.2132034355964,0,611.64277729166
66,159020,477.930282931336,25,46.2132034355964,0,477.930282931336
66,159021,452.360890052952,25,46.2132034355964,0,452.360890052952
66,159022,427.348846146983,25,46.2132034355964,0,427.348846146983
66,159023,402.997940077859,25,46.2132034355964,0,402.997940077859
66,159043,364.112918723037,25,46.2132034355964,0,364.112918723037
66,159044,387.059429505219,25,46.2132034355964,0,387.059429505219
66,159045,410.89588499508,25,46.2132034355964,0,410.89588499508
66,159046,435.476172243942,25,46.2132034355964,0,435.476172243942
66,159047,460.681242106,25,46.2132034355964,0,460.681242106
66,159717,651.045829886731,25,46.2132034355964,0,651.045829886731
66,159718,623.996517996998,25,46.2132034355964,0,623.996517996998
66,159724,468.928809564649,25,46.2132034355964,0,468.928809564649
66,159725,444.849155607646,25,46.2132034355964,0,444.849155607646
66,159726,421.510338684283,25,46.2132034355964,0,421.510338684283
66,159727,399.042368124496,25,46.2132034355964,0,399.042368124496
66,159748,429.067697314642,25,46.2132034355964,0,429.067697314642
66,159749,452.662423166364,25,46.2132034355964,0,452.662423166364
66,159750,476.960272331607,25,46.2132034355964,0,476.960272331607
66,160421,637.515345276756,25,46.2132034355964,0,637.515345276756
66,160422,611.326649611815,25,46.2132034355964,0,611.326649611815
66,160423,585.489872473122,25,46.2132034355964,0,585.489872473122
66,160428,463.620426341667,25,46.2132034355964,0,463.620426341667
66,160429,441.275407272946,25,46.2132034355964,0,441.275407272946
66,160430,419.866325860851,25,46.2132034355964,0,419.866325860851
66,160431,399.543663827218,25,46.2132034355964,0,399.543663827218
66,161125,626.549001031615,25,46.2132034355964,0,626.549001031615
66,161126,601.366445854248,25,46.2132034355964,0,601.366445854248
66,161127,576.63092572767,25,46.2132034355964,0,576.63092572767
66,161128,552.402496022044,25,46.2132034355964,0,552.402496022044
66,161132,462.132446432088,25,46.2132034355964,0,462.132446432088
66,161133,441.735265924077,25,46.2132034355964,0,441.735265924077
66,161134,422.465812911754,25,46.2132034355964,0,422.465812911754
66,161135,404.485292442693,25,46.2132034355964,0,404.485292442693
66,161829,618.283274205938,25,46.2132034355964,0,618.283274205938
66,161830,594.25219591492,25,46.2132034355964,0,594.25219591492
66,161831,570.772124367026,25,46.2132034355964,0,570.772124367026
66,161832,547.913901973813,25,46.2132034355964,0,547.913901973813
66,161837,446.216293281267,25,46.2132034355964,0,446.216293281267
66,161838,429.231742694362,25,46.2132034355964,0,429.231742694362
66,161839,413.708203818228,25,46.2132034355964,0,413.708203818228
66,162533,612.827474684605,25,46.2132034355964,0,612.827474684605
66,162534,590.086868039026,25,46.2132034355964,0,590.086868039026
66,162535,568.006337966992,25,46.2132034355964,0,568.006337966992
66,162536,546.665874321612,25,46.2132034355964,0,546.665874321612
66,162537,526.155534382119,25,46.2132034355964,0,526.155534382119
66,162541,454.599625612627,25,46.2132034355964,0,454.599625612627
66,162542,439.97197412881,25,46.2132034355964,0,439.97197412881
66,162543,426.935061187971,25,46.2132034355964,0,426.935061187971
66,163238,588.933060286663,25,46.2132034355964,0,588.933060286663
66,163239,568.378746445444,25,46.2132034355964,0,568.378746445444
66,163240,548.680552759815,25,46.2132034355964,0,548.680552759815
66,163241,529.933956452046,25,46.2132034355964,0,529.933956452046
66,163245,466.675038615495,25,46.2132034355964,0,466.675038615495
66,163246,454.404818613524,25,46.2132034355964,0,454.404818613524
66,163247,443.808051244917,25,46.2132034355964,0,443.808051244917
66,163248,435.007049575567,25,46.2132034355964,0,435.007049575567
66,163942,590.808441213197,25,46.2132034355964,0,590.808441213197
66,163943,571.883244315192,25,46.2132034355964,0,571.883244315192
66,163944,553.922363985466,25,46.2132034355964,0,553.922363985466
66,163945,537.022564509908,25,46.2132034355964,0,537.022564509908
66,163950,472.191826773496,25,46.2132034355964,0,472.191826773496
66,163951,463.929548959716,25,46.2132034355964,0,463.929548959716
66,163952,457.471136576229,25,46.2132034355964,0,457.471136576229
66,164647,578.462933973331,25,46.2132034355964,0,578.462933973331
66,164648,562.301090199466,25,46.2132034355964,0,562.301090199466
66,164649,547.292778126691,25,46.2132034355964,0,547.292778126691
66,164654,492.970093567898,25,46.2132034355964,0,492.970093567898
66,164655,486.897007043942,25,46.2132034355964,0,486.897007043942
66,164656,482.598794735536,25,46.2132034355964,0,482.598794735536
66,165351,588.014617864258,25,46.2132034355964,0,588.014617864258
66,165352,573.679326783641,25,46.2132034355964,0,573.679326783641
66,165353,560.569779463661,25,46.2132034355964,0,560.569779463661
66,165354,548.773827572643,25,46.2132034355964,0,548.773827572643
66,165358,516.378682434187,25,46.2132034355964,0,516.378682434187
66,165359,512.327846613317,25,46.2132034355964,0,512.327846613317
66,165360,509.996499666241,25,46.2132034355964,0,509.996499666241
66,165361,509.408250267442,25,46.2132034355964,0,509.408250267442
66,166055,600.396492747828,25,46.2132034355964,0,600.396492747828
66,166056,587.882961139314,25,46.2132034355964,0,587.882961139314
66,166057,576.645941303215,25,46.2132034355964,0,576.645941303215
66,166058,566.761365457027,25,46.2132034355964,0,566.761365457027
66,166759,615.437785550566,25,46.2132034355964,0,615.437785550566
66,166760,604.712959138352,25,46.2132034355964,0,604.712959138352
66,166761,595.294553783006,25,46.2132034355964,0,595.294553783006
66,166762,587.245431080044,25,46.2132034355964,0,587.245431080044
66,167463,632.948953562488,25,46.2132034355964,0,632.948953562488
66,167464,623.95685723472,25,46.2132034355964,0,623.95685723472
66,167465,616.282158535616,25,46.2132034355964,0,616.282158535616
66,167466,609.974585974483,25,46.2132034355964,0,609.974585974483
66,168168,645.398787627837,25,46.2132034355964,0,645.398787627837
66,168169,639.378487261642,25,46.2132034355964,0,639.378487261642
66,168170,634.707705843251,25,46.2132034355964,0,634.707705843251
66,168872,668.827405199586,25,46.2132034355964,0,668.827405199586
66,168873,664.363671300841,25,46.2132034355964,0,664.363671300841
66,168874,661.219974096393,25,46.2132034355964,0,661.219974096393
66,169576,694.041567320204,25,46.2132034355964,0,694.041567320204
66,170282,718.781783315766,25,46.2132034355964,0,718.781783315766
66,170984,749.092984928718,25,46.2132034355964,0,749.092984928718
66,170985,748.692600452306,25,46.2132034355964,0,748.692600452306
66,170986,749.482972007142,25,46.2132034355964,0,749.482972007142
66,171088,3170.62049094161,25,46.2132034355964,0,3170.62049094161
66,171688,778.603468688966,25,46.2132034355964,0,778.603468688966
66,171690,781.265268655344,25,46.2132034355964,0,781.265268655344
66,171790,3148.8783681866,25,46.2132034355964,0,3148.8783681866
66,171791,3177.82444879185,25,46.2132034355964,0,3177.82444879185
66,171792,3206.78737864722,25,46.2132034355964,0,3206.78737864722
66,172393,811.078040273073,25,46.2132034355964,0,811.078040273073
66,172394,814.002066898822,25,46.2132034355964,0,814.002066898822
66,172395,818.006703583168,25,46.2132034355964,0,818.006703583168
66,173097,843.718526213679,25,46.2132034355964,0,843.718526213679
66,173098,847.582791769579,25,46.2132034355964,0,847.582791769579
66,173099,852.476428200577,25,46.2132034355964,0,852.476428200577
66,173801,877.18162557026,25,46.2132034355964,0,877.18162557026
66,173802,881.911061743276,25,46.2132034355964,0,881.911061743276
66,173803,887.620685504672,25,46.2132034355964,0,887.620685504672
66,174505,911.376746768155,25,46.2132034355964,0,911.376746768155
66,174506,916.90293353863,25,46.2132034355964,0,916.90293353863
66,174507,923.362473816806,25,46.2132034355964,0,923.362473816806
66,175209,946.22454589987,25,46.2132034355964,0,946.22454589987
66,175210,952.485288009375,25,46.2132034355964,0,952.485288009375
66,175211,959.635045025496,25,46.2132034355964,0,959.635045025496
66,175912,975.581973250292,25,46.2132034355964,0,975.581973250292
66,175913,981.655531859151,25,46.2132034355964,0,981.655531859151
66,175914,988.594382293334,25,46.2132034355964,0,988.594382293334
66,175915,996.380446892771,25,46.2132034355964,0,996.380446892771
66,175916,1004.99403479401,25,46.2132034355964,0,1004.99403479401
66,176616,1010.86909940042,25,46.2132034355964,0,1010.86909940042
66,176617,1017.60880464971,25,46.2132034355964,0,1017.60880464971
66,176618,1025.17457287597,25,46.2132034355964,0,1025.17457287597
66,176619,1033.54826342648,25,46.2132034355964,0,1033.54826342648
66,177321,1054.03093328718,25,46.2132034355964,0,1054.03093328718
66,177322,1062.17720236602,25,46.2132034355964,0,1062.17720236602
66,177323,1071.09453463959,25,46.2132034355964,0,1071.09453463959
66,178025,1090.87496953483,25,46.2132034355964,0,1090.87496953483
66,178026,1099.55963668357,25,46.2132034355964,0,1099.55963668357
66,178027,1108.98083469148,25,46.2132034355964,0,1108.98083469148
66,178028,1119.11996248264,25,46.2132034355964,0,1119.11996248264
66,178729,1128.09958808829,25,46.2132034355964,0,1128.09958808829
66,178730,1137.28443667735,25,46.2132034355964,0,1137.28443667735
66,178731,1147.1734874958,25,46.2132034355964,0,1147.1734874958
66,178732,1157.74869559782,25,46.2132034355964,0,1157.74869559782
66,178733,1168.9914392941,25,46.2132034355964,0,1168.9914392941
66,179434,1175.31864782934,25,46.2132034355964,0,1175.31864782934
66,179435,1185.64290032368,25,46.2132034355964,0,1185.64290032368
66,179436,1196.62365474645,25,46.2132034355964,0,1196.62365474645
66,179437,1208.24301196564,25,46.2132034355964,0,1208.24301196564
66,180138,1213.63319234084,25,46.2132034355964,0,1213.63319234084
66,180139,1224.36299788348,25,46.2132034355964,0,1224.36299788348
66,180140,1235.72161350885,25,46.2132034355964,0,1235.72161350885
66,180141,1247.69186583549,25,46.2132034355964,0,1247.69186583549
66,180842,1252.2023493058,25,46.2132034355964,0,1252.2023493058
66,180843,1263.31074156584,25,46.2132034355964,0,1263.31074156584
66,180844,1275.02206882643,25,46.2132034355964,0,1275.02206882643
66,180845,1287.31987568126,25,46.2132034355964,0,1287.31987568126
66,180846,1300.18752060605,25,46.2132034355964,0,1300.18752060605
66,181547,1302.4657206436,25,46.2132034355964,0,1302.4657206436
66,181548,1314.50686938333,25,46.2132034355964,0,1314.50686938333
66,181549,1327.11100348294,25,46.2132034355964,0,1327.11100348294
66,181550,1340.26223970405,25,46.2132034355964,0,1340.26223970405
66,182251,1341.80980415106,25,46.2132034355964,0,1341.80980415106
66,182252,1354.1599004241,25,46.2132034355964,0,1354.1599004241
66,182253,1367.05101610654,25,46.2132034355964,0,1367.05101610654
66,182254,1380.46799480372,25,46.2132034355964,0,1380.46799480372
66,182255,1394.39565692065,25,46.2132034355964,0,1394.39565692065
66,182329,3123.25649001535,25,46.2132034355964,0,3123.25649001535
66,182330,3150.74204083612,25,46.2132034355964,0,3150.74204083612
66,182955,1381.3268439448,25,46.2132034355964,0,1381.3268439448
66,182956,1393.96681582917,25,46.2132034355964,0,1393.96681582917
66,182957,1407.12724598648,25,46.2132034355964,0,1407.12724598648
66,182958,1420.79367189679,25,46.2132034355964,0,1420.79367189679
66,182959,1434.95163637686,25,46.2132034355964,0,1434.95163637686
66,183032,3135.13773496744,25,46.2132034355964,0,3135.13773496744
66,183033,3162.52017421366,25,46.2132034355964,0,3162.52017421366
66,183660,1433.91480975964,25,46.2132034355964,0,1433.91480975964
66,183661,1447.32838764874,25,46.2132034355964,0,1447.32838764874
66,183662,1461.22935239131,25,46.2132034355964,0,1461.22935239131
66,183663,1475.60392973138,25,46.2132034355964,0,1475.60392973138
66,183664,1490.43841641839,25,46.2132034355964,0,1490.43841641839
66,183735,3147.25841414807,25,46.2132034355964,0,3147.25841414807
66,183736,3174.53645279692,25,46.2132034355964,0,3174.53645279692
66,183737,3201.86068297377,25,46.2132034355964,0,3201.86068297377
66,183738,3229.22993212508,25,46.2132034355964,0,3229.22993212508
66,184364,1473.99242155994,25,46.2132034355964,0,1473.99242155994
66,184365,1487.6443242158,25,46.2132034355964,0,1487.6443242158
66,184366,1501.76616025781,25,46.2132034355964,0,1501.76616025781
66,184367,1516.34480016432,25,46.2132034355964,0,1516.34480016432
66,184368,1531.36719765057,25,46.2132034355964,0,1531.36719765057
66,184369,1546.82042372827,25,46.2132034355964,0,1546.82042372827
66,184440,3214.0084013035,25,46.2132034355964,0,3214.0084013035
66,184441,3241.27522340546,25,46.2132034355964,0,3241.27522340546
66,184442,3268.58748268874,25,46.2132034355964,0,3268.58748268874
66,185071,1557.16730450898,25,46.2132034355964,0,1557.16730450898
66,185072,1572.36706906479,25,46.2132034355964,0,1572.36706906479
66,185073,1587.98311807965,25,46.2132034355964,0,1587.98311807965
66,185074,1604.00329317296,25,46.2132034355964,0,1604.00329317296
66,185144,3253.55091962644,25,46.2132034355964,0,3253.55091962644
66,185776,1613.43262006384,25,46.2132034355964,0,1613.43262006384
66,185777,1629.20265048528,25,46.2132034355964,0,1629.20265048528
66,185778,1645.36371073532,25,46.2132034355964,0,1645.36371073532
66,186480,1654.55896894502,25,46.2132034355964,0,1654.55896894502
66,186481,1670.47482209317,25,46.2132034355964,0,1670.47482209317
66,186482,1686.76936710132,25,46.2132034355964,0,1686.76936710132
66,186483,1703.43173662415,25,46.2132034355964,0,1703.43173662415
66,187185,1711.79583386786,25,46.2132034355964,0,1711.79583386786
66,187186,1728.21701904135,25,46.2132034355964,0,1728.21701904135
66,187187,1744.99489385715,25,46.2132034355964,0,1744.99489385715
66,187188,1762.11926976828,25,46.2132034355964,0,1762.11926976828
66,187200,1991.2066925102,25,46.2132034355964,0,1991.2066925102
66,187201,2012.00238058924,25,46.2132034355964,0,2012.00238058924
66,187202,2033.02412511226,25,46.2132034355964,0,2033.02412511226
66,187203,2054.26498623613,25,46.2132034355964,0,2054.26498623613
66,187204,2075.71823729637,25,46.2132034355964,0,2075.71823729637
66,187889,1753.16224063599,25,46.2132034355964,0,1753.16224063599
66,187890,1769.70372401737,25,46.2132034355964,0,1769.70372401737
66,187891,1786.59137349405,25,46.2132034355964,0,1786.59137349405
66,187892,1803.81546648232,25,46.2132034355964,0,1803.81546648232
66,187893,1821.36645808531,25,46.2132034355964,0,1821.36645808531
66,187903,2012.89670432043,25,46.2132034355964,0,2012.89670432043
66,187904,2033.470697656,25,46.2132034355964,0,2033.470697656
66,187905,2054.27287632263,25,46.2132034355964,0,2054.27287632263
66,187906,2075.29637853911,25,46.2132034355964,0,2075.29637853911
66,187907,2096.53454618745,25,46.2132034355964,0,2096.53454618745
66,187908,2117.98092157283,25,46.2132034355964,0,2117.98092157283
66,188594,1811.22680642702,25,46.2132034355964,0,1811.22680642702
66,188595,1828.21890892643,25,46.2132034355964,0,1828.21890892643
66,188596,1845.53793226965,25,46.2132034355964,0,1845.53793226965
66,188597,1863.1747598618,25,46.2132034355964,0,1863.1747598618
66,188609,2096.54355485018,25,46.2132034355964,0,2096.54355485018
66,188610,2117.5687473077,25,46.2132034355964,0,2117.5687473077
66,188611,2138.80433130038,25,46.2132034355964,0,2138.80433130038
66,188612,2160.24410227464,25,46.2132034355964,0,2160.24410227464
66,189299,1869.87543375892,25,46.2132034355964,0,1869.87543375892
66,189300,1887.28493256985,25,46.2132034355964,0,1887.28493256985
66,189301,1905.00360920859,25,46.2132034355964,0,1905.00360920859
66,189302,1923.02291742766,25,46.2132034355964,0,1923.02291742766
66,189303,1941.33448593279,25,46.2132034355964,0,1941.33448593279
66,190004,1929.05488199296,25,46.2132034355964,0,1929.05488199296
66,190005,1946.85168911665,25,46.2132034355964,0,1946.85168911665
66,190006,1964.94130349358,25,46.2132034355964,0,1964.94130349358
66,190007,1983.31571314416,25,46.2132034355964,0,1983.31571314416
66,190008,2001.96707638072,25,46.2132034355964,0,2001.96707638072
66,190709,1988.71779284891,25,46.2132034355964,0,1988.71779284891
66,190710,2006.87462051817,25,46.2132034355964,0,2006.87462051817
66,190711,2025.30913691208,25,46.2132034355964,0,2025.30913691208
66,190712,2044.0138287989,25,46.2132034355964,0,2044.0138287989
66,190713,2062.98134729069,25,46.2132034355964,0,2062.98134729069
66,191414,2048.82195876536,25,46.2132034355964,0,2048.82195876536
66,191416,2086.06979464274,25,46.2132034355964,0,2086.06979464274
66,194945,2476.98730381648,25,46.2132034355964,0,2476.98730381648
66,195647,2477.72558356746,25,46.2132034355964,0,2477.72558356746
66,195648,2498.4003885486,25,46.2132034355964,0,2498.4003885486
66,195649,2519.25962883848,25,46.2132034355964,0,2519.25962883848
66,196350,2499.49020895434,25,46.2132034355964,0,2499.49020895434
66,196351,2519.98656608017,25,46.2132034355964,0,2519.98656608017
66,196352,2540.66869807246,25,46.2132034355964,0,2540.66869807246
66,196353,2561.53210502717,25,46.2132034355964,0,2561.53210502717
66,196434,4594.45386987429,25,46.2132034355964,0,4594.45386987429
66,197055,2562.2480720494,25,46.2132034355964,0,2562.2480720494
66,197056,2582.93729079901,25,46.2132034355964,0,2582.93729079901
66,197057,2603.80473055619,25,46.2132034355964,0,2603.80473055619
66,197136,4579.10866756022,25,46.2132034355964,0,4579.10866756022
66,197137,4606.43062431808,25,46.2132034355964,0,4606.43062431808
66,197138,4633.78400065598,25,46.2132034355964,0,4633.78400065598
66,197759,2604.5100815335,25,46.2132034355964,0,2604.5100815335
66,197760,2625.20615854275,25,46.2132034355964,0,2625.20615854275
66,197761,2646.07750372012,25,46.2132034355964,0,2646.07750372012
66,197767,2774.76240919381,25,46.2132034355964,0,2774.76240919381
66,197840,4618.57004106087,25,46.2132034355964,0,4618.57004106087
66,197841,4645.85209133633,25,46.2132034355964,0,4645.85209133633
66,197842,4673.16576373458,25,46.2132034355964,0,4673.16576373458
66,197843,4700.51050700902,25,46.2132034355964,0,4700.51050700902
66,198470,2795.17592895839,25,46.2132034355964,0,2795.17592895839
66,198471,2817.00498943807,25,46.2132034355964,0,2817.00498943807
66,198544,4658.08099303735,25,46.2132034355964,0,4658.08099303735
66,198545,4685.32352248866,25,46.2132034355964,0,4685.32352248866
66,198546,4712.59786774645,25,46.2132034355964,0,4712.59786774645
66,198547,4739.90347958184,25,46.2132034355964,0,4739.90347958184
66,199173,2815.7592073268,25,46.2132034355964,0,2815.7592073268
66,199174,2837.430036255,25,46.2132034355964,0,2837.430036255
66,199175,2859.24862466346,25,46.2132034355964,0,2859.24862466346
66,199249,4724.84366862401,25,46.2132034355964,0,4724.84366862401
66,199250,4752.07906255232,25,46.2132034355964,0,4752.07906255232
66,199251,4779.34591028682,25,46.2132034355964,0,4779.34591028682
66,199252,4806.64367653365,25,46.2132034355964,0,4806.64367653365
66,199876,2836.50854871779,25,46.2132034355964,0,2836.50854871779
66,199877,2858.0221665068,25,46.2132034355964,0,2858.0221665068
66,199878,2879.68485448703,25,46.2132034355964,0,2879.68485448703
66,199879,2901.49327376358,25,46.2132034355964,0,2901.49327376358
66,199880,2923.44416294573,25,46.2132034355964,0,2923.44416294573
66,199953,4764.41132051149,25,46.2132034355964,0,4764.41132051149
66,199954,4791.6081376931,25,46.2132034355964,0,4791.6081376931
66,199955,4818.83658766104,25,46.2132034355964,0,4818.83658766104
66,199956,4846.09613721681,25,46.2132034355964,0,4846.09613721681
66,199957,4873.38626448882,25,46.2132034355964,0,4873.38626448882
66,200580,2878.77779471024,25,46.2132034355964,0,2878.77779471024
66,200581,2900.28557527493,25,46.2132034355964,0,2900.28557527493
66,200582,2921.94035774491,25,46.2132034355964,0,2921.94035774491
66,200583,2943.7388979883,25,46.2132034355964,0,2943.7388979883
66,200658,4831.1839208675,25,46.2132034355964,0,4831.1839208675
66,200659,4858.37433817221,25,46.2132034355964,0,4858.37433817221
66,200660,4885.59602824305,25,46.2132034355964,0,4885.59602824305
66,200661,4912.84847123823,25,46.2132034355964,0,4912.84847123823
66,200662,4940.13115820649,25,46.2132034355964,0,4940.13115820649
66,201284,2921.04730680878,25,46.2132034355964,0,2921.04730680878
66,201285,2942.54941916236,25,46.2132034355964,0,2942.54941916236
66,201286,2964.19652160111,25,46.2132034355964,0,2964.19652160111
66,201362,4870.80527651512,25,46.2132034355964,0,4870.80527651512
66,201363,4897.9580248007,25,46.2132034355964,0,4897.9580248007
66,201364,4925.14221135848,25,46.2132034355964,0,4925.14221135848
66,201365,4952.35731847786,25,46.2132034355964,0,4952.35731847786
66,201366,4979.60283918777,25,46.2132034355964,0,4979.60283918777
66,201367,5006.87827699201,25,46.2132034355964,0,5006.87827699201
66,201988,2963.31707849225,25,46.2132034355964,0,2963.31707849225
66,201989,2984.81368451833,25,46.2132034355964,0,2984.81368451833
66,202067,4937.58654568222,25,46.2132034355964,0,4937.58654568222
66,202068,4964.73358325683,25,46.2132034355964,0,4964.73358325683
66,202069,4991.91170167688,25,46.2132034355964,0,4991.91170167688
66,202070,5019.12039604345,25,46.2132034355964,0,5019.12039604345
66,202071,5046.35917177839,25,46.2132034355964,0,5046.35917177839
66,202772,5004.36907430443,25,46.2132034355964,0,5004.36907430443
66,202773,5031.51054978157,25,46.2132034355964,0,5031.51054978157
66,202774,5058.68275649525,25,46.2132034355964,0,5058.68275649525
66,202775,5085.88520188768,25,46.2132034355964,0,5085.88520188768
66,202776,5113.11740333287,25,46.2132034355964,0,5113.11740333287
66,203477,5071.1528239991,25,46.2132034355964,0,5071.1528239991
66,203478,5098.28888035676,25,46.2132034355964,0,5098.28888035676
66,203479,5125.45532591702,25,46.2132034355964,0,5125.45532591702
66,203480,5152.65168001666,25,46.2132034355964,0,5152.65168001666
66,203481,5179.87747156187,25,46.2132034355964,0,5179.87747156187
66,203482,5207.13223880463,25,46.2132034355964,0,5207.13223880463
66,204183,5165.06853323598,25,46.2132034355964,0,5165.06853323598
66,204184,5192.2293626128,25,46.2132034355964,0,5192.2293626128
66,204185,5219.41977730688,25,46.2132034355964,0,5219.41977730688
66,204186,5246.63931734143,25,46.2132034355964,0,5246.63931734143
66,204888,5231.84946880978,25,46.2132034355964,0,5231.84946880978
66,204889,5259.0048216549,25,46.2132034355964,0,5259.0048216549
66,204890,5286.18944330327,25,46.2132034355964,0,5286.18944330327
66,204891,5313.40288451801,25,46.2132034355964,0,5313.40288451801
66,204892,5340.64470474167,25,46.2132034355964,0,5340.64470474167
66,205593,5298.6316494538,25,46.2132034355964,0,5298.6316494538
66,205594,5325.78166036748,25,46.2132034355964,0,5325.78166036748
66,205595,5352.96063008128,25,46.2132034355964,0,5352.96063008128
66,205596,5380.16811972536,25,46.2132034355964,0,5380.16811972536
66,206298,5365.41503942584,25,46.2132034355964,0,5365.41503942584
66,206299,5392.55983818738,25,46.2132034355964,0,5392.55983818738
66,206300,5419.73329206689,25,46.2132034355964,0,5419.73329206689
66,209779,4540.33055368045,25,46.2132034355964,0,4540.33055368045
66,209780,4565.73817898346,25,46.2132034355964,0,4565.73817898346
66,209781,4591.19952031286,25,46.2132034355964,0,4591.19952031286
66,209782,4616.71368892972,25,46.2132034355964,0,4616.71368892972
66,209783,4642.27981380757,25,46.2132034355964,0,4642.27981380757
66,210483,4581.50040657691,25,46.2132034355964,0,4581.50040657691
66,210484,4606.8747701917,25,46.2132034355964,0,4606.8747701917
66,210485,4632.30273887038,25,46.2132034355964,0,4632.30273887038
66,210486,4657.7834346805,25,46.2132034355964,0,4657.7834346805
66,210487,4683.31599700039,25,46.2132034355964,0,4683.31599700039
66,210488,4708.89958213985,25,46.2132034355964,0,4708.89958213985
66,211151,3754.99583823634,25,46.2132034355964,0,3754.99583823634
66,211152,3777.65692059978,25,46.2132034355964,0,3777.65692059978
66,211153,3800.41763858853,25,46.2132034355964,0,3800.41763858853
66,211187,4622.69041300022,25,46.2132034355964,0,4622.69041300022
66,211188,4648.0319961078,25,46.2132034355964,0,4648.0319961078
66,211189,4673.42706933362,25,46.2132034355964,0,4673.42706933362
66,211190,4698.87476541702,25,46.2132034355964,0,4698.87476541702
66,211191,4724.37423400388,25,46.2132034355964,0,4724.37423400388
66,211192,4749.92464128561,25,46.2132034355964,0,4749.92464128561
66,211854,3774.61461212979,25,46.2132034355964,0,3774.61461212979
66,211855,3797.15873444704,25,46.2132034355964,0,3797.15873444704
66,211856,3819.80337217049,25,46.2132034355964,0,3819.80337217049
66,211857,3842.54674825034,25,46.2132034355964,0,3842.54674825034
66,211891,4663.9000420731,25,46.2132034355964,0,4663.9000420731
66,211892,4689.20931647132,25,46.2132034355964,0,4689.20931647132
66,211893,4714.57196229793,25,46.2132034355964,0,4714.57196229793
66,211894,4739.98712281595,25,46.2132034355964,0,4739.98712281595
66,211895,4765.45395780661,25,46.2132034355964,0,4765.45395780661
66,212558,3816.79531712645,25,46.2132034355964,0,3816.79531712645
66,212559,3839.32425952928,25,46.2132034355964,0,3839.32425952928
66,212560,3861.95279870037,25,46.2132034355964,0,3861.95279870037
66,212561,3884.67919416314,25,46.2132034355964,0,3884.67919416314
66,212562,3907.50173849245,25,46.2132034355964,0,3907.50173849245
66,212597,4755.73688709738,25,46.2132034355964,0,4755.73688709738
66,212598,4781.11996747122,25,46.2132034355964,0,4781.11996747122
66,213263,3881.4923315266,25,46.2132034355964,0,3881.4923315266
66,213264,3904.1051075276,25,46.2132034355964,0,3904.1051075276
66,213265,3926.81487260822,25,46.2132034355964,0,3926.81487260822
66,213266,3949.61995375046,25,46.2132034355964,0,3949.61995375046
66,213968,3946.26020994032,25,46.2132034355964,0,3946.26020994032
66,213969,3968.95368426735,25,46.2132034355964,0,3968.95368426735
66,213970,3991.74165533729,25,46.2132034355964,0,3991.74165533729
66,214009,4939.71079127391,25,46.2132034355964,0,4939.71079127391
66,214673,4011.09553398375,25,46.2132034355964,0,4011.09553398375
66,214674,4033.86673761644,25,46.2132034355964,0,4033.86673761644
66,214675,4056.73005416712,25,46.2132034355964,0,4056.73005416712
66,214711,4929.97703279891,25,46.2132034355964,0,4929.97703279891
66,214712,4955.368227243,25,46.2132034355964,0,4955.368227243
66,214713,4980.80911021237,25,46.2132034355964,0,4980.80911021237
66,214714,5006.2989241898,25,46.2132034355964,0,5006.2989241898
66,215377,4053.24033055614,25,46.2132034355964,0,4053.24033055614
66,215378,4075.99509930991,25,46.2132034355964,0,4075.99509930991
66,215379,4098.84121831603,25,46.2132034355964,0,4098.84121831603
66,215380,4121.77716857064,25,46.2132034355964,0,4121.77716857064
66,215415,4971.15632695215,25,46.2132034355964,0,4971.15632695215
66,215416,4996.51695824385,25,46.2132034355964,0,4996.51695824385
66,215417,5021.92718105539,25,46.2132034355964,0,5021.92718105539
66,215418,5047.38624640763,25,46.2132034355964,0,5047.38624640763
66,215419,5072.8934189252,25,46.2132034355964,0,5072.8934189252
66,216082,4118.126643269,25,46.2132034355964,0,4118.126643269
66,216085,4186.88027571557,25,46.2132034355964,0,4186.88027571557
66,216120,5037.68455727088,25,46.2132034355964,0,5037.68455727088
66,216121,5063.06452542482,25,46.2132034355964,0,5063.06452542482
66,216122,5088.49324447105,25,46.2132034355964,0,5088.49324447105
66,216787,4183.07399451831,25,46.2132034355964,0,4183.07399451831
66,216788,4205.97511055185,25,46.2132034355964,0,4205.97511055185
66,216789,4228.96318827326,25,46.2132034355964,0,4228.96318827326
66,216824,5078.87056835269,25,46.2132034355964,0,5078.87056835269
66,216825,5104.22068013816,25,46.2132034355964,0,5104.22068013816
66,217492,4248.07959829435,25,46.2132034355964,0,4248.07959829435
66,217493,4271.0500787726,25,46.2132034355964,0,4271.0500787726
66,217494,4294.10546180946,25,46.2132034355964,0,4294.10546180946
66,218196,4290.18762397914,25,46.2132034355964,0,4290.18762397914
66,218197,4313.14083410466,25,46.2132034355964,0,4313.14083410466
66,218198,4336.17830700632,25,46.2132034355964,0,4336.17830700632
66,218199,4359.29870677976,25,46.2132034355964,0,4359.29870677976
66,218901,4355.23534552798,25,46.2132034355964,0,4355.23534552798
66,218902,4378.25523502917,25,46.2132034355964,0,4378.25523502917
66,218903,4401.3574440439,25,46.2132034355964,0,4401.3574440439
66,218904,4424.54068310547,25,46.2132034355964,0,4424.54068310547
66,219605,4397.33350845183,25,46.2132034355964,0,4397.33350845183
66,219606,4420.33613254638,25,46.2132034355964,0,4420.33613254638
66,219607,4443.42047678184,25,46.2132034355964,0,4443.42047678184
66,219608,4466.58527411388,25,46.2132034355964,0,4466.58527411388
66,220310,4462.4208904896,25,46.2132034355964,0,4462.4208904896
66,220311,4485.48768736599,25,46.2132034355964,0,4485.48768736599
66,220312,4508.63436767967,25,46.2132034355964,0,4508.63436767967
66,220313,4531.85970740347,25,46.2132034355964,0,4531.85970740347
66,220314,4555.16250335973,25,46.2132034355964,0,4555.16250335973
66,221014,4504.50940385825,25,46.2132034355964,0,4504.50940385825
66,221015,4527.55896252735,25,46.2132034355964,0,4527.55896252735
66,221016,4550.68784215478,25,46.2132034355964,0,4550.68784215478
66,221017,4573.89483943331,25,46.2132034355964,0,4573.89483943331
66,221018,4597.17877132284,25,46.2132034355964,0,4597.17877132284
66,221719,4569.63419315447,25,46.2132034355964,0,4569.63419315447
66,221720,4592.74558033987,25,46.2132034355964,0,4592.74558033987
66,221721,4615.93454997824,25,46.2132034355964,0,4615.93454997824
66,221722,4639.19993868643,25,46.2132034355964,0,4639.19993868643
66,221723,4662.54060250576,25,46.2132034355964,0,4662.54060250576
66,222424,4634.80746927101,25,46.2132034355964,0,4634.80746927101
66,222425,4657.97871816706,25,46.2132034355964,0,4657.97871816706
66,222426,4681.22587659164,25,46.2132034355964,0,4681.22587659164
66,222427,4704.54781924143,25,46.2132034355964,0,4704.54781924143
66,222428,4727.94343942861,25,46.2132034355964,0,4727.94343942861
66,223129,4700.02722743862,25,46.2132034355964,0,4700.02722743862
66,223130,4723.25646074907,25,46.2132034355964,0,4723.25646074907
66,223131,4746.55999288078,25,46.2132034355964,0,4746.55999288078
66,223132,4769.93673487439,25,46.2132034355964,0,4769.93673487439
66,223834,4765.29157124033,25,46.2132034355964,0,4765.29157124033
66,223835,4788.57699596976,25,46.2132034355964,0,4788.57699596976
66,223836,4811.93516789607,25,46.2132034355964,0,4811.93516789607
66,223837,4835.36503275686,25,46.2132034355964,0,4835.36503275686
66,224538,4807.33109233024,25,46.2132034355964,0,4807.33109233024
66,224539,4830.59870547216,25,46.2132034355964,0,4830.59870547216
66,225248,4989.93281292521,25,46.2132034355964,0,4989.93281292521
66,225249,5013.59891956765,25,46.2132034355964,0,5013.59891956765
66,225951,5008.29107673255,25,46.2132034355964,0,5008.29107673255
66,225952,5031.8709675115,25,46.2132034355964,0,5031.8709675115
66,225953,5055.51737344254,25,46.2132034355964,0,5055.51737344254
66,225954,5079.22936553974,25,46.2132034355964,0,5079.22936553974
66,226656,5073.81492558751,25,46.2132034355964,0,5073.81492558751
66,226657,5097.44192988451,25,46.2132034355964,0,5097.44192988451
66,226658,5121.13416370328,25,46.2132034355964,0,5121.13416370328
66,226659,5144.89072589913,25,46.2132034355964,0,5144.89072589913
66,227359,5092.22243017208,25,46.2132034355964,0,5092.22243017208
66,227360,5115.76454722368,25,46.2132034355964,0,5115.76454722368
66,227361,5139.37244235128,25,46.2132034355964,0,5139.37244235128
66,227362,5163.04521325124,25,46.2132034355964,0,5163.04521325124
66,227363,5186.78197162915,25,46.2132034355964,0,5186.78197162915
66,228064,5157.71969702087,25,46.2132034355964,0,5157.71969702087
66,228065,5181.30876902679,25,46.2132034355964,0,5181.30876902679
66,228066,5204.96236593786,25,46.2132034355964,0,5204.96236593786
66,228067,5228.67961205865,25,46.2132034355964,0,5228.67961205865
66,228068,5252.45964517445,25,46.2132034355964,0,5252.45964517445
66,228768,5199.680243939,25,46.2132034355964,0,5199.680243939
66,228769,5223.2507726252,25,46.2132034355964,0,5223.2507726252
66,228770,5246.8854782398,25,46.2132034355964,0,5246.8854782398
66,228771,5270.58349742359,25,46.2132034355964,0,5270.58349742359
66,228772,5294.34397998092,25,46.2132034355964,0,5294.34397998092
66,228773,5318.16608868773,25,46.2132034355964,0,5318.16608868773
66,228774,5342.04899910697,25,46.2132034355964,0,5342.04899910697
66,228775,5365.99189939235,25,46.2132034355964,0,5365.99189939235
66,229472,5241.6460611065,25,46.2132034355964,0,5241.6460611065
66,229473,5265.1983202198,25,46.2132034355964,0,5265.1983202198
66,229474,5288.81441116142,25,46.2132034355964,0,5288.81441116142
66,229475,5312.49348265849,25,46.2132034355964,0,5312.49348265849
66,229476,5336.23469629543,25,46.2132034355964,0,5336.23469629543
66,229477,5360.03722633536,25,46.2132034355964,0,5360.03722633536
66,229478,5383.90025952909,25,46.2132034355964,0,5383.90025952909
66,229479,5407.82299492817,25,46.2132034355964,0,5407.82299492817
66,230177,5307.15128307059,25,46.2132034355964,0,5307.15128307059
66,230178,5330.74903006107,25,46.2132034355964,0,5330.74903006107
66,230179,5354.40942721974,25,46.2132034355964,0,5354.40942721974
66,230180,5378.13164768284,25,46.2132034355964,0,5378.13164768284
66,230181,5401.91487697136,25,46.2132034355964,0,5401.91487697136
66,230182,5425.75831280289,25,46.2132034355964,0,5425.75831280289
66,230183,5449.66116493116,25,46.2132034355964,0,5449.66116493116
66,230184,5473.62265495527,25,46.2132034355964,0,5473.62265495527
66,230185,5497.64201615456,25,46.2132034355964,0,5497.64201615456
66,230186,5521.71849331482,25,46.2132034355964,0,5521.71849331482
66,230187,5545.85134255372,25,46.2132034355964,0,5545.85134255372
67,230306,6936.47797288592,720,741.213203435596,0,6936.47797288592
66,230882,5372.68920447857,25,46.2132034355964,0,5372.68920447857
66,230883,5396.3311949123,25,46.2132034355964,0,5396.3311949123
66,230884,5420.03469221233,25,46.2132034355964,0,5420.03469221233
66,230885,5443.79889293095,25,46.2132034355964,0,5443.79889293095
66,230886,5467.62300555664,25,46.2132034355964,0,5467.62300555664
66,230887,5491.50625032726,25,46.2132034355964,0,5491.50625032726
66,230888,5515.4478590738,25,46.2132034355964,0,5515.4478590738
66,230889,5539.44707504607,25,46.2132034355964,0,5539.44707504607
66,230890,5563.50315274384,25,46.2132034355964,0,5563.50315274384
66,230891,5587.6153577516,25,46.2132034355964,0,5587.6153577516
66,230892,5611.78296658311,25,46.2132034355964,0,5611.78296658311
66,230893,5636.00526651246,25,46.2132034355964,0,5636.00526651246
66,230894,5660.28155540832,25,46.2132034355964,0,5660.28155540832
67,230969,7476.93163383139,720,741.213203435596,0,7476.93163383139
67,230970,7460.92791142055,720,741.213203435596,0,7460.92791142055
67,230971,7445.00984896288,720,741.213203435596,0,7445.00984896288
67,231008,6921.40205168652,720,741.213203435596,0,6921.40205168652
67,231009,6909.15810144832,720,741.213203435596,0,6909.15810144832
67,231010,6897.02201606359,720,741.213203435596,0,6897.02201606359
66,231587,5438.25865372356,25,46.2132034355964,0,5438.25865372356
66,231588,5461.94369228314,25,46.2132034355964,0,5461.94369228314
66,231589,5485.68913104654,25,46.2132034355964,0,5485.68913104654
66,231590,5509.49418905134,25,46.2132034355964,0,5509.49418905134
66,231591,5533.35809683349,25,46.2132034355964,0,5533.35809683349
66,231592,5557.28009626223,25,46.2132034355964,0,5557.28009626223
66,231593,5581.25944036989,25,46.2132034355964,0,5581.25944036989
66,231594,5605.29539319662,25,46.2132034355964,0,5605.29539319662
66,231595,5629.38722963058,25,46.2132034355964,0,5629.38722963058
66,231596,5653.53423525044,25,46.2132034355964,0,5653.53423525044
66,231597,5677.73570616048,25,46.2132034355964,0,5677.73570616048
66,231598,5701.99094884738,25,46.2132034355964,0,5701.99094884738
67,231673,7435.65843733393,720,741.213203435596,0,7435.65843733393
67,231674,7419.68607628404,720,741.213203435596,0,7419.68607628404
67,231675,7403.79998807484,720,741.213203435596,0,7403.79998807484
67,231676,7388.00072923578,720,741.213203435596,0,7388.00072923578
67,231712,6881.85978255147,720,741.213203435596,0,6881.85978255147
67,231713,6869.67540598513,720,741.213203435596,0,6869.67540598513
67,231714,6857.59972728465,720,741.213203435596,0,6857.59972728465
67,231715,6845.63332167847,720,741.213203435596,0,6845.63332167847
66,232292,5503.85851447239,25,46.2132034355964,0,5503.85851447239
66,232293,5527.58545245962,25,46.2132034355964,0,5527.58545245962
66,232294,5551.37171901439,25,46.2132034355964,0,5551.37171901439
66,232295,5575.2165547746,25,46.2132034355964,0,5575.2165547746
66,232296,5599.11921145538,25,46.2132034355964,0,5599.11921145538
66,232297,5623.07895169823,25,46.2132034355964,0,5623.07895169823
66,232298,5647.09504891269,25,46.2132034355964,0,5647.09504891269
66,232299,5671.16678712391,25,46.2132034355964,0,5671.16678712391
66,232300,5695.29346081016,25,46.2132034355964,0,5695.29346081016
66,232301,5719.47437476596,25,46.2132034355964,0,5719.47437476596
67,232377,7394.39657330875,720,741.213203435596,0,7394.39657330875
67,232378,7378.45595012763,720,741.213203435596,0,7378.45595012763
67,232379,7362.60222076207,720,741.213203435596,0,7362.60222076207
67,232380,7346.83594773644,720,741.213203435596,0,7346.83594773644
67,232416,6842.35025927197,720,741.213203435596,0,6842.35025927197
67,232417,6830.22620517714,720,741.213203435596,0,6830.22620517714
66,232997,5569.48772247446,25,46.2132034355964,0,5569.48772247446
66,232998,5593.25545547371,25,46.2132034355964,0,5593.25545547371
66,233004,5737.0604720263,25,46.2132034355964,0,5737.0604720263
66,233005,5761.22109597613,25,46.2132034355964,0,5761.22109597613
67,233081,7353.14623449371,720,741.213203435596,0,7353.14623449371
67,233082,7337.23773231306,720,741.213203435596,0,7337.23773231306
67,233083,7321.41675315079,720,741.213203435596,0,7321.41675315079
67,233084,7305.68386561692,720,741.213203435596,0,7305.68386561692
66,233707,5754.74829936082,25,46.2132034355964,0,5754.74829936082
66,233708,5778.83510257604,25,46.2132034355964,0,5778.83510257604
66,233709,5802.97569848613,25,46.2132034355964,0,5802.97569848613
67,233786,7296.03162664364,720,741.213203435596,0,7296.03162664364
67,233787,7280.24379596593,720,741.213203435596,0,7280.24379596593
67,233788,7264.54470068572,720,741.213203435596,0,7264.54470068572
67,233789,7248.93491732972,720,741.213203435596,0,7248.93491732972
66,234410,5772.5369216251,25,46.2132034355964,0,5772.5369216251
66,234411,5796.54993612816,25,46.2132034355964,0,5796.54993612816
66,234412,5820.61719088515,25,46.2132034355964,0,5820.61719088515
66,234413,5844.73801585031,25,46.2132034355964,0,5844.73801585031
66,234414,5868.91175051279,25,46.2132034355964,0,5868.91175051279
67,234490,7254.8378414945,720,741.213203435596,0,7254.8378414945
67,234491,7239.08356466913,720,741.213203435596,0,7239.08356466913
67,234492,7223.41867564312,720,741.213203435596,0,7223.41867564312
67,234497,7146.45550345365,720,741.213203435596,0,7146.45550345365
66,235115,5838.35862222015,25,46.2132034355964,0,5838.35862222015
66,235116,5862.40657995603,25,46.2132034355964,0,5862.40657995603
66,235117,5886.50788631584,25,46.2132034355964,0,5886.50788631584
66,235118,5910.6618886954,25,46.2132034355964,0,5910.6618886954
66,235162,7017.1580468117,25,46.2132034355964,0,7017.1580468117
66,235163,7043.13612719445,25,46.2132034355964,0,7043.13612719445
66,235164,7069.14497219395,25,46.2132034355964,0,7069.14497219395
66,235165,7095.18424348957,25,46.2132034355964,0,7095.18424348957
67,235199,7135.96142824025,720,741.213203435596,0,7135.96142824025
67,235200,7120.69727121384,720,741.213203435596,0,7120.69727121384
67,235201,7105.52612537348,720,741.213203435596,0,7105.52612537348
66,235819,5880.17420972487,25,46.2132034355964,0,5880.17420972487
66,235820,5904.20311720667,25,46.2132034355964,0,5904.20311720667
66,235821,5928.28515265848,25,46.2132034355964,0,5928.28515265848
66,235822,5952.41967125337,25,46.2132034355964,0,5952.41967125337
66,235823,5976.60603718519,25,46.2132034355964,0,5976.60603718519
66,235866,7057.93783125852,25,46.2132034355964,0,7057.93783125852
66,235867,7083.89247088733,25,46.2132034355964,0,7083.89247088733
66,235868,7109.8778707762,25,46.2132034355964,0,7109.8778707762
66,235869,7135.89369488065,25,46.2132034355964,0,7135.89369488065
67,235902,7110.2910936193,720,741.213203435596,0,7110.2910936193
67,235903,7094.97162693647,720,741.213203435596,0,7094.97162693647
67,235904,7079.74527188957,720,741.213203435596,0,7079.74527188957
67,235905,7064.61263052746,720,741.213203435596,0,7064.61263052746
66,236524,5946.0066543164,25,46.2132034355964,0,5946.0066543164
66,236525,5970.06966202737,25,46.2132034355964,0,5970.06966202737
66,236526,5994.18494082919,25,46.2132034355964,0,5994.18494082919
66,236527,6018.35186237398,25,46.2132034355964,0,6018.35186237398
66,236528,6042.5698070371,25,46.2132034355964,0,6042.5698070371
66,236570,7098.73536858913,25,46.2132034355964,0,7098.73536858913
66,236571,7124.66677246054,25,46.2132034355964,0,7124.66677246054
66,236572,7150.62893056231,25,46.2132034355964,0,7150.62893056231
66,236573,7176.62150912683,25,46.2132034355964,0,7176.62150912683
67,236606,7069.27892639417,720,741.213203435596,0,7069.27892639417
67,236607,7053.99703038593,720,741.213203435596,0,7053.99703038593
67,236608,7038.80895156326,720,741.213203435596,0,7038.80895156326
67,236609,7023.71529853914,720,741.213203435596,0,7023.71529853914
66,237228,5987.81704708796,25,46.2132034355964,0,5987.81704708796
66,237229,6011.86126579886,25,46.2132034355964,0,6011.86126579886
66,237230,6035.95754439248,25,46.2132034355964,0,6035.95754439248
66,237231,6060.10526186809,25,46.2132034355964,0,6060.10526186809
66,237232,6084.30380576105,25,46.2132034355964,0,6084.30380576105
66,237274,7139.550356489,25,46.2132034355964,0,7139.550356489
66,237275,7165.45872736215,25,46.2132034355964,0,7165.45872736215
66,237276,7191.39784482141,25,46.2132034355964,0,7191.39784482141
67,237309,7043.61953008712,720,741.213203435596,0,7043.61953008712
67,237310,7028.28175928368,720,741.213203435596,0,7028.28175928368
67,237311,7013.03790715127,720,741.213203435596,0,7013.03790715127
67,237312,6997.88858745653,720,741.213203435596,0,6997.88858745653
67,237313,6982.83441546614,720,741.213203435596,0,6982.83441546614
66,237932,6029.63415529889,25,46.2132034355964,0,6029.63415529889
66,237933,6053.65981941972,25,46.2132034355964,0,6053.65981941972
66,237934,6077.73733309583,25,46.2132034355964,0,6077.73733309583
66,237935,6101.8660825382,25,46.2132034355964,0,6101.8660825382
66,237936,6126.04546233955,25,46.2132034355964,0,6126.04546233955
66,237978,7180.38249938171,25,46.2132034355964,0,7180.38249938171
66,237979,7206.26803780667,25,46.2132034355964,0,7206.26803780667
67,238013,7002.59982181011,720,741.213203435596,0,7002.59982181011
67,238014,6987.29985838867,720,741.213203435596,0,6987.29985838867
67,238015,6972.09453201338,720,741.213203435596,0,6972.09453201338
67,238016,6956.98446320721,720,741.213203435596,0,6956.98446320721
66,238637,6095.46518228734,25,46.2132034355964,0,6095.46518228734
66,238638,6119.52416212568,25,46.2132034355964,0,6119.52416212568
66,238639,6143.63417539843,25,46.2132034355964,0,6143.63417539843
66,238640,6167.7946236332,25,46.2132034355964,0,6167.7946236332
66,238641,6192.0049164557,25,46.2132034355964,0,6192.0049164557
66,238682,7221.23150825956,25,46.2132034355964,0,7221.23150825956
66,238683,7247.09441258575,25,46.2132034355964,0,7247.09441258575
67,238716,6976.95158606518,720,741.213203435596,0,6976.95158606518
67,238717,6961.59517124358,720,741.213203435596,0,6961.59517124358
67,238718,6946.33349599283,720,741.213203435596,0,6946.33349599283
67,238719,6931.16718613381,720,741.213203435596,0,6931.16718613381
66,239342,6161.31789057944,25,46.2132034355964,0,6161.31789057944
66,239343,6185.40939545971,25,46.2132034355964,0,6185.40939545971
66,239344,6209.55114059073,25,46.2132034355964,0,6209.55114059073
66,239345,6233.74254226657,25,46.2132034355964,0,6233.74254226657
66,239346,6257.98302461814,25,46.2132034355964,0,6257.98302461814
66,239385,7236.28767753331,25,46.2132034355964,0,7236.28767753331
66,239386,7262.09710049267,25,46.2132034355964,0,7262.09710049267
66,239387,7287.93756689917,25,46.2132034355964,0,7287.93756689917
67,239420,6935.92421663224,720,741.213203435596,0,6935.92421663224
67,239421,6920.60584812693,720,741.213203435596,0,6920.60584812693
67,239422,6905.3829507372,720,741.213203435596,0,6905.3829507372
67,239423,6890.25615724631,720,741.213203435596,0,6890.25615724631
67,239424,6875.22610199404,720,741.213203435596,0,6875.22610199404
67,239426,6845.45875091787,720,741.213203435596,0,6845.45875091787
66,240047,6227.19160159578,25,46.2132034355964,0,6227.19160159578
66,240048,6251.31486811623,25,46.2132034355964,0,6251.31486811623
66,240049,6275.48760374699,25,46.2132034355964,0,6275.48760374699
66,240050,6299.70923903225,25,46.2132034355964,0,6299.70923903225
66,240051,6323.97921209272,25,46.2132034355964,0,6323.97921209272
66,240052,6348.29696853469,25,46.2132034355964,0,6348.29696853469
66,240053,6372.66196133814,25,46.2132034355964,0,6372.66196133814
66,240054,6397.07365076618,25,46.2132034355964,0,6397.07365076618
66,240055,6421.53150426242,25,46.2132034355964,0,6421.53150426242
66,240089,7277.19180467239,25,46.2132034355964,0,7277.19180467239
66,240090,7302.9789996657,25,46.2132034355964,0,7302.9789996657
66,240091,7328.79722218033,25,46.2132034355964,0,7328.79722218033
66,240092,7354.64614545186,25,46.2132034355964,0,7354.64614545186
66,240093,7380.52544690511,25,46.2132034355964,0,7380.52544690511
67,240094,7394.95343259964,720,741.213203435596,0,7394.95343259964
67,240125,6879.63212852785,720,741.213203435596,0,6879.63212852785
67,240126,6864.44850780167,720,741.213203435596,0,6864.44850780167
67,240127,6849.3617398414,720,741.213203435596,0,6849.3617398414
67,240128,6834.37246605162,720,741.213203435596,0,6834.37246605162
67,240129,6819.48132931014,720,741.213203435596,0,6819.48132931014
67,240130,6804.68897389866,720,741.213203435596,0,6804.68897389866
66,240752,6293.08566494312,25,46.2132034355964,0,6293.08566494312
66,240753,6317.2399557712,25,46.2132034355964,0,6317.2399557712
66,240754,6341.44296575813,25,46.2132034355964,0,6341.44296575813
66,240755,6365.69413920004,25,46.2132034355964,0,6365.69413920004
66,240756,6389.99292772558,25,46.2132034355964,0,6389.99292772558
66,240757,6414.33879021126,25,46.2132034355964,0,6414.33879021126
66,240758,6438.7311926738,25,46.2132034355964,0,6438.7311926738
66,240795,7369.67310592327,25,46.2132034355964,0,7369.67310592327
67,240796,7389.05182312092,720,741.213203435596,0,7389.05182312092
67,240797,7371.03722705677,720,741.213203435596,0,7371.03722705677
67,240798,7353.10006762482,720,741.213203435596,0,7353.10006762482
67,240799,7335.24091290456,720,741.213203435596,0,7335.24091290456
67,240830,6823.53045909733,720,741.213203435596,0,6823.53045909733
67,240831,6808.48423536805,720,741.213203435596,0,6808.48423536805
67,240832,6793.53627240465,720,741.213203435596,0,6793.53627240465
67,240833,6778.68722024551,720,741.213203435596,0,6778.68722024551
67,240834,6763.93773031542,720,741.213203435596,0,6763.93773031542
67,240835,6749.28845534543,720,741.213203435596,0,6749.28845534543
66,241460,6431.69669146624,25,46.2132034355964,0,6431.69669146624
66,241461,6456.02364276216,25,46.2132034355964,0,6456.02364276216
66,241462,6480.3969775832,25,46.2132034355964,0,6480.3969775832
66,241463,6504.81617453338,25,46.2132034355964,0,6504.81617453338
66,241464,6529.28071904835,25,46.2132034355964,0,6529.28071904835
67,241500,7347.16494494636,720,741.213203435596,0,7347.16494494636
67,241501,7329.16926451455,720,741.213203435596,0,7329.16926451455
67,241502,7311.25155778227,720,741.213203435596,0,7311.25155778227
67,241503,7293.41239942261,720,741.213203435596,0,7293.41239942261
67,241534,6782.62910346429,720,741.213203435596,0,6782.62910346429
67,241535,6767.62395243054,720,741.213203435596,0,6767.62395243054
67,241536,6752.71783963482,720,741.213203435596,0,6752.71783963482
67,241537,6737.91142237562,720,741.213203435596,0,6737.91142237562
67,241538,6723.2053593256,720,741.213203435596,0,6723.2053593256
67,241539,6708.60031045321,720,741.213203435596,0,6708.60031045321
66,242166,6522.07084972406,25,46.2132034355964,0,6522.07084972406
66,242169,6595.40653643752,25,46.2132034355964,0,6595.40653643752
67,242204,7305.28254104798,720,741.213203435596,0,7305.28254104798
67,242205,7287.30600601199,720,741.213203435596,0,7287.30600601199
67,242206,7269.40798890808,720,741.213203435596,0,7269.40798890808
67,242207,7251.58907112214,720,741.213203435596,0,7251.58907112214
67,242239,6726.78120700294,720,741.213203435596,0,6726.78120700294
67,242240,6711.91749393044,720,741.213203435596,0,6711.91749393044
67,242241,6697.15427231884,720,741.213203435596,0,6697.15427231884
67,242242,6682.49220819864,720,741.213203435596,0,6682.49220819864
67,242243,6667.93196887411,720,741.213203435596,0,6667.93196887411
66,242871,6588.1340613576,25,46.2132034355964,0,6588.1340613576
66,242872,6612.56052226933,25,46.2132034355964,0,6612.56052226933
66,242873,6637.03154251965,25,46.2132034355964,0,6637.03154251965
66,242874,6661.5466310423,25,46.2132034355964,0,6661.5466310423
67,242907,7281.44033103581,720,741.213203435596,0,7281.44033103581
67,242908,7263.40469081773,720,741.213203435596,0,7263.40469081773
67,242909,7245.44753508023,720,741.213203435596,0,7245.44753508023
67,242910,7227.56944881929,720,741.213203435596,0,7227.56944881929
67,242911,7209.77102024074,720,741.213203435596,0,7209.77102024074
67,242912,7192.05284073869,720,741.213203435596,0,7192.05284073869
67,242943,6685.95632264107,720,741.213203435596,0,6685.95632264107
67,242944,6671.13556931566,720,741.213203435596,0,6671.13556931566
67,242945,6656.41611478981,720,741.213203435596,0,6656.41611478981
67,242946,6641.79863255513,720,741.213203435596,0,6641.79863255513
67,242947,6627.28379735695,720,741.213203435596,0,6627.28379735695
67,242948,6612.8722851056,720,741.213203435596,0,6612.8722851056
66,243575,6629.80507508112,25,46.2132034355964,0,6629.80507508112
66,243576,6654.21280963886,25,46.2132034355964,0,6654.21280963886
66,243577,6678.66496340358,25,46.2132034355964,0,6678.66496340358
66,243578,6703.16105027179,25,46.2132034355964,0,6703.16105027179
67,243610,7257.64307317313,720,741.213203435596,0,7257.64307317313
67,243611,7239.54805033955,720,741.213203435596,0,7239.54805033955
67,243612,7221.53147547412,720,741.213203435596,0,7221.53147547412
67,243613,7203.5939371862,720,741.213203435596,0,7203.5939371862
67,243614,7185.73602736646,720,741.213203435596,0,7185.73602736646
67,243615,7167.95834116106,720,741.213203435596,0,7167.95834116106
67,243648,6630.37240788323,720,741.213203435596,0,6630.37240788323
67,243649,6615.69730282971,720,741.213203435596,0,6615.69730282971
67,243650,6601.12499661007,720,741.213203435596,0,6601.12499661007
67,243651,6586.65617151933,720,741.213203435596,0,6586.65617151933
67,243652,6572.29151099782,720,741.213203435596,0,6572.29151099782
66,244280,6695.87315160104,25,46.2132034355964,0,6695.87315160104
66,244281,6720.3066448421,25,46.2132034355964,0,6720.3066448421
66,244282,6744.78393603215,25,46.2132034355964,0,6744.78393603215
67,244314,7215.73652768914,720,741.213203435596,0,7215.73652768914
67,244315,7197.66025262288,720,741.213203435596,0,7197.66025262288
67,244316,7179.66297812802,720,741.213203435596,0,7179.66297812802
67,244317,7161.74529978196,720,741.213203435596,0,7161.74529978196
67,244318,7143.90781649222,720,741.213203435596,0,7143.90781649222
67,244319,7126.15113046866,720,741.213203435596,0,7126.15113046866
67,244320,7108.47584719813,720,741.213203435596,0,7108.47584719813
67,244351,6604.36147061795,720,741.213203435596,0,6604.36147061795
67,244352,6589.62836003043,720,741.213203435596,0,6589.62836003043
67,244353,6574.99819805522,720,741.213203435596,0,6574.99819805522
67,244354,6560.47167343284,720,741.213203435596,0,6560.47167343284
67,244355,6546.04947611871,720,741.213203435596,0,6546.04947611871
67,244356,6531.73229718238,720,741.213203435596,0,6531.73229718238
66,244984,6737.54140088383,25,46.2132034355964,0,6737.54140088383
66,244985,6761.95643635581,25,46.2132034355964,0,6761.95643635581
66,244986,6786.41513466336,25,46.2132034355964,0,6786.41513466336
67,245019,7155.77701863264,720,741.213203435596,0,7155.77701863264
67,245020,7137.79928382518,720,741.213203435596,0,7137.79928382518
67,245021,7119.90171236351,720,741.213203435596,0,7119.90171236351
67,245022,7102.08491029582,720,741.213203435596,0,7102.08491029582
67,245023,7084.34948701634,720,741.213203435596,0,7084.34948701634
67,245024,7066.69605523826,720,741.213203435596,0,7066.69605523826
67,245025,7049.12523096668,720,741.213203435596,0,7049.12523096668
67,245056,6548.90378470867,720,741.213203435596,0,6548.90378470867
67,245057,6534.31917091522,720,741.213203435596,0,6534.31917091522
67,245058,6519.83904520983,720,741.213203435596,0,6519.83904520983
67,245059,6505.4641053119,720,741.213203435596,0,6505.4641053119
67,245060,6491.19505003464,720,741.213203435596,0,6491.19505003464
66,245688,6779.21741380835,25,46.2132034355964,0,6779.21741380835
66,245689,6803.61419111978,25,46.2132034355964,0,6803.61419111978
66,245690,6828.05449622125,25,46.2132034355964,0,6828.05449622125
67,245724,7095.94047961024,720,741.213203435596,0,7095.94047961024
67,245725,7078.06326653627,720,741.213203435596,0,7078.06326653627
67,245726,7060.26740509484,720,741.213203435596,0,7060.26740509484
67,245727,7042.55351198885,720,741.213203435596,0,7042.55351198885
67,245728,7024.92220728675,720,741.213203435596,0,7024.92220728675
67,245729,7007.37411439392,720,741.213203435596,0,7007.37411439392
67,245760,6508.19904968,720,741.213203435596,0,6508.19904968
67,245761,6493.66060096093,720,741.213203435596,0,6493.66060096093
67,245762,6479.22750351672,720,741.213203435596,0,6479.22750351672
67,245763,6464.9004629498,720,741.213203435596,0,6464.9004629498
67,245764,6450.68018592085,720,741.213203435596,0,6450.68018592085
66,246392,6820.90105017646,25,46.2132034355964,0,6820.90105017646
66,246393,6845.27976585176,25,46.2132034355964,0,6845.27976585176
66,246394,6869.7018743716,25,46.2132034355964,0,6869.7018743716
66,246395,6894.16691458696,25,46.2132034355964,0,6894.16691458696
66,246396,6918.67443106408,25,46.2132034355964,0,6918.67443106408
67,246429,7036.23005607409,720,741.213203435596,0,7036.23005607409
67,246430,7018.45539949005,720,741.213203435596,0,7018.45539949005
67,246431,7000.76330897628,720,741.213203435596,0,7000.76330897628
67,246432,6983.15441208784,720,741.213203435596,0,6983.15441208784
67,246464,6467.51453178991,720,741.213203435596,0,6467.51453178991
67,246465,6453.02287711457,720,741.213203435596,0,6453.02287711457
67,246466,6438.63744960939,720,741.213203435596,0,6438.63744960939
67,246467,6424.35896286528,720,741.213203435596,0,6424.35896286528
66,247097,6886.95302071774,25,46.2132034355964,0,6886.95302071774
66,247098,6911.35712627835,25,46.2132034355964,0,6911.35712627835
66,247099,6935.80403323128,25,46.2132034355964,0,6935.80403323128
66,247100,6960.29329058047,25,46.2132034355964,0,6960.29329058047
67,247134,6976.64899442861,720,741.213203435596,0,6976.64899442861
67,247135,6958.97898404068,720,741.213203435596,0,6958.97898404068
67,247136,6941.39278098254,720,741.213203435596,0,6941.39278098254
67,247137,6923.8910238501,720,741.213203435596,0,6923.8910238501
67,247138,6906.47435462841,720,741.213203435596,0,6906.47435462841
67,247168,6426.8506172293,720,741.213203435596,0,6426.8506172293
67,247169,6412.40639795663,720,741.213203435596,0,6412.40639795663
67,247170,6398.06929470509,720,741.213203435596,0,6398.06929470509
67,247171,6383.84002917054,720,741.213203435596,0,6383.84002917054
66,247801,6928.63381921667,25,46.2132034355964,0,6928.63381921667
66,247802,6953.02011249619,25,46.2132034355964,0,6953.02011249619
66,247803,6977.4490769515,25,46.2132034355964,0,6977.4490769515
66,247814,7248.86006198444,25,46.2132034355964,0,7248.86006198444
66,247815,7273.76775586029,25,46.2132034355964,0,7273.76775586029
66,247816,7298.71272120601,25,46.2132034355964,0,7298.71272120601
67,247839,6917.20064579391,720,741.213203435596,0,6917.20064579391
67,247840,6899.63742799693,720,741.213203435596,0,6899.63742799693
67,247841,6882.15928628492,720,741.213203435596,0,6882.15928628492
67,247842,6864.76687048577,720,741.213203435596,0,6864.76687048577
67,247843,6847.46083382851,720,741.213203435596,0,6847.46083382851
67,247844,6830.24183289626,720,741.213203435596,0,6830.24183289626
67,247845,6813.11052759832,720,741.213203435596,0,6813.11052759832
67,247873,6371.8115720225,720,741.213203435596,0,6371.8115720225
67,247874,6357.52346029809,720,741.213203435596,0,6357.52346029809
67,247875,6343.34409658499,720,741.213203435596,0,6343.34409658499
66,248505,6970.3220280872,25,46.2132034355964,0,6970.3220280872
66,248508,7043.5552153392,25,46.2132034355964,0,7043.5552153392
66,248517,7265.45905784472,25,46.2132034355964,0,7265.45905784472
66,248518,7290.31017431476,25,46.2132034355964,0,7290.31017431476
66,248519,7315.19886376086,25,46.2132034355964,0,7315.19886376086
67,248520,7301.04542344789,720,741.213203435596,0,7301.04542344789
67,248543,6875.42840547171,720,741.213203435596,0,6875.42840547171
67,248544,6857.8884699112,720,741.213203435596,0,6857.8884699112
67,248545,6840.43424956976,720,741.213203435596,0,6840.43424956976
67,248546,6823.06640225881,720,741.213203435596,0,6823.06640225881
67,248547,6805.78558922813,720,741.213203435596,0,6805.78558922813
67,248548,6788.59247513621,720,741.213203435596,0,6788.59247513621
67,248549,6771.48772799668,720,741.213203435596,0,6771.48772799668
67,248577,6331.23881810165,720,741.213203435596,0,6331.23881810165
67,248578,6317.00037846986,720,741.213203435596,0,6317.00037846986
67,248579,6302.87161074428,720,741.213203435596,0,6302.87161074428
66,249211,7060.76238683713,25,46.2132034355964,0,7060.76238683713
66,249212,7085.19800019867,25,46.2132034355964,0,7085.19800019867
66,249221,7306.93758713156,25,46.2132034355964,0,7306.93758713156
67,249222,7297.7667197473,720,741.213203435596,0,7297.7667197473
67,249223,7278.29686654482,720,741.213203435596,0,7278.29686654482
67,249224,7258.89794794519,720,741.213203435596,0,7258.89794794519
67,249225,7239.57053417004,720,741.213203435596,0,7239.57053417004
67,249226,7220.3151994364,720,741.213203435596,0,7220.3151994364
67,249249,6798.71603920568,720,741.213203435596,0,6798.71603920568
67,249250,6781.37308150388,720,741.213203435596,0,6781.37308150388
67,249251,6764.11782267139,720,741.213203435596,0,6764.11782267139
67,249252,6746.95093557471,720,741.213203435596,0,6746.95093557471
67,249253,6729.87309648101,720,741.213203435596,0,6729.87309648101
67,249254,6712.884985018,720,741.213203435596,0,6712.884985018
67,249281,6290.68856556151,720,741.213203435596,0,6290.68856556151
67,249282,6276.5004922155,720,741.213203435596,0,6276.5004922155
67,249283,6262.42302854763,720,741.213203435596,0,6262.42302854763
67,249284,6248.45692215199,720,741.213203435596,0,6248.45692215199
66,249914,7078.05413148647,25,46.2132034355964,0,7078.05413148647
66,249915,7102.43038465671,25,46.2132034355964,0,7102.43038465671
66,249916,7126.84848520133,25,46.2132034355964,0,7126.84848520133
66,249917,7151.30800445448,25,46.2132034355964,0,7151.30800445448
67,249925,7275.13099671976,720,741.213203435596,0,7275.13099671976
67,249926,7255.60029722513,720,741.213203435596,0,7255.60029722513
67,249927,7236.140428142,720,741.213203435596,0,7236.140428142
67,249928,7216.75196245119,720,741.213203435596,0,7216.75196245119
67,249929,7197.43547719388,720,741.213203435596,0,7197.43547719388
67,249930,7178.19155346614,720,741.213203435596,0,7178.19155346614
67,249953,6757.00478376852,720,741.213203435596,0,6757.00478376852
67,249954,6739.68704301757,720,741.213203435596,0,6739.68704301757
67,249955,6722.45767536146,720,741.213203435596,0,6722.45767536146
67,249956,6705.31736202557,720,741.213203435596,0,6705.31736202557
67,249957,6688.26678768242,720,741.213203435596,0,6688.26678768242
67,249958,6671.30664039935,720,741.213203435596,0,6671.30664039935
67,249986,6236.02425578441,720,741.213203435596,0,6236.02425578441
67,249987,6221.99881850214,720,741.213203435596,0,6221.99881850214
67,249988,6208.08569895913,720,741.213203435596,0,6208.08569895913
67,249989,6194.28565399186,720,741.213203435596,0,6194.28565399186
66,250618,7119.74672504747,25,46.2132034355964,0,7119.74672504747
66,250619,7144.10577067154,25,46.2132034355964,0,7144.10577067154
66,250620,7168.50653813786,25,46.2132034355964,0,7168.50653813786
66,250621,7192.9486028456,25,46.2132034355964,0,7192.9486028456
67,250631,7193.98538009836,720,741.213203435596,0,7193.98538009836
67,250632,7174.60749523897,720,741.213203435596,0,7174.60749523897
67,250658,6698.00842492124,720,741.213203435596,0,6698.00842492124
67,250659,6680.80529199431,720,741.213203435596,0,6680.80529199431
67,250660,6663.69190596813,720,741.213203435596,0,6663.69190596813
67,250661,6646.66896006578,720,741.213203435596,0,6646.66896006578
67,250662,6629.73715094797,720,741.213203435596,0,6629.73715094797
67,250691,6181.59946108684,720,741.213203435596,0,6181.59946108684
67,250692,6167.74007991562,720,741.213203435596,0,6167.74007991562
67,250693,6153.99475695028,720,741.213203435596,0,6153.99475695028
67,250694,6140.36425815671,720,741.213203435596,0,6140.36425815671
66,251323,7185.78841833713,25,46.2132034355964,0,7185.78841833713
66,251324,7210.17202983338,25,46.2132034355964,0,7210.17202983338
66,251325,7234.59681718139,25,46.2132034355964,0,7234.59681718139
66,251326,7259.06236474022,25,46.2132034355964,0,7259.06236474022
66,251327,7283.56826177172,25,46.2132034355964,0,7283.56826177172
67,251362,6656.3373687727,720,741.213203435596,0,6656.3373687727
67,251363,6639.16082087528,720,741.213203435596,0,6639.16082087528
67,251364,6622.07472266157,720,741.213203435596,0,6622.07472266157
67,251365,6605.07977606018,720,741.213203435596,0,6605.07977606018
67,251366,6588.17668647837,720,741.213203435596,0,6588.17668647837
67,251396,6127.42057314753,720,741.213203435596,0,6127.42057314753
66,252028,7251.84483405815,25,46.2132034355964,0,7251.84483405815
66,252029,7276.25251866171,25,46.2132034355964,0,7276.25251866171
67,252030,7287.09426660288,720,741.213203435596,0,7287.09426660288
67,252031,7267.10333821231,720,741.213203435596,0,7267.10333821231
67,252032,7247.18062449565,720,741.213203435596,0,7247.18062449565
67,252066,6614.67401967345,720,741.213203435596,0,6614.67401967345
67,252067,6597.52441402388,720,741.213203435596,0,6597.52441402388
67,252068,6580.46597125928,720,741.213203435596,0,6580.46597125928
67,252069,6563.4994021725,720,741.213203435596,0,6563.4994021725
67,252070,6546.62542108013,720,741.213203435596,0,6546.62542108013
67,252733,7264.91834469644,720,741.213203435596,0,7264.91834469644
67,252734,7244.86611791244,720,741.213203435596,0,7244.86611791244
67,252735,7224.88197726279,720,741.213203435596,0,7224.88197726279
67,252736,7204.96648928946,720,741.213203435596,0,7204.96648928946
67,252770,6573.01852637627,720,741.213203435596,0,6573.01852637627
67,252771,6555.89622729034,720,741.213203435596,0,6555.89622729034
67,252772,6538.86581493385,720,741.213203435596,0,6538.86581493385
67,252773,6521.92800912699,720,741.213203435596,0,6521.92800912699
67,252774,6505.08353325034,720,741.213203435596,0,6505.08353325034
67,252775,6488.3331141919,720,741.213203435596,0,6488.3331141919
67,253438,7202.63851376,720,741.213203435596,0,7202.63851376
67,253439,7182.66124351074,720,741.213203435596,0,7182.66124351074
67,253440,7162.75306954878,720,741.213203435596,0,7162.75306954878
67,253474,6531.37104140147,720,741.213203435596,0,6531.37104140147
67,253475,6514.27642048246,720,741.213203435596,0,6514.27642048246
67,253476,6497.27442100881,720,741.213203435596,0,6497.27442100881
67,253477,6480.36577198899,720,741.213203435596,0,6480.36577198899
67,253478,6463.5512060394,720,741.213203435596,0,6463.5512060394
67,253479,6446.83145931939,720,741.213203435596,0,6446.83145931939
67,254142,7160.41146579397,720,741.213203435596,0,7160.41146579397
67,254143,7140.44115010555,720,741.213203435596,0,7140.44115010555
67,254144,7120.54038002728,720,741.213203435596,0,7120.54038002728
67,254178,6489.73172115172,720,741.213203435596,0,6489.73172115172
67,254179,6472.66515748255,720,741.213203435596,0,6472.66515748255
67,254180,6455.69196107588,720,741.213203435596,0,6455.69196107588
67,254181,6438.81287030454,720,741.213203435596,0,6438.81287030454
67,254182,6422.02862718475,720,741.213203435596,0,6422.02862718475
67,254183,6405.33997731819,720,741.213203435596,0,6405.33997731819
67,254184,6388.74766983052,720,741.213203435596,0,6388.74766983052
67,254846,7118.1849859436,720,741.213203435596,0,7118.1849859436
67,254847,7098.22171051163,720,741.213203435596,0,7098.22171051163
67,254848,7078.32843582966,720,741.213203435596,0,7078.32843582966
67,254883,6431.06260637999,720,741.213203435596,0,6431.06260637999
67,254884,6414.11861114607,720,741.213203435596,0,6414.11861114607
67,254885,6397.26948824534,720,741.213203435596,0,6397.26948824534
67,254886,6380.51598926861,720,741.213203435596,0,6380.51598926861
67,254887,6363.8588694365,720,741.213203435596,0,6363.8588694365
67,254888,6347.29888753038,720,741.213203435596,0,6347.29888753038
67,254889,6330.83680581869,720,741.213203435596,0,6330.83680581869
67,255550,7075.95908642521,720,741.213203435596,0,7075.95908642521
67,255551,7056.00293851074,720,741.213203435596,0,7056.00293851074
67,255552,7036.11725242282,720,741.213203435596,0,7036.11725242282
67,255553,7016.30262727537,720,741.213203435596,0,7016.30262727537
67,255554,6996.55966681098,720,741.213203435596,0,6996.55966681098
67,255588,6372.55455178194,720,741.213203435596,0,6372.55455178194
67,255589,6355.73581475415,720,741.213203435596,0,6355.73581475415
67,255590,6339.0134898743,720,741.213203435596,0,6339.0134898743
67,255591,6322.38834215533,720,741.213203435596,0,6322.38834215533
67,255592,6305.86114020918,720,741.213203435596,0,6305.86114020918
67,255593,6289.43265617255,720,741.213203435596,0,6289.43265617255
67,255594,6273.10366563753,720,741.213203435596,0,6273.10366563753
67,256254,7033.73377974158,720,741.213203435596,0,7033.73377974158
67,256255,7013.7848482186,720,741.213203435596,0,7013.7848482186
67,256256,6993.90684565052,720,741.213203435596,0,6993.90684565052
67,256257,6974.10037853431,720,741.213203435596,0,6974.10037853431
67,256258,6954.36605808472,720,741.213203435596,0,6954.36605808472
67,256293,6314.21204370306,720,741.213203435596,0,6314.21204370306
67,256294,6297.52133174274,720,741.213203435596,0,6297.52133174274
67,256295,6280.92860735213,720,741.213203435596,0,6280.92860735213
67,256296,6264.434649154,720,741.213203435596,0,6264.434649154
67,256297,6248.04023933927,720,741.213203435596,0,6248.04023933927
67,256298,6231.74616357741,720,741.213203435596,0,6231.74616357741
67,256373,5355.33624772159,720,741.213203435596,0,5355.33624772159
67,256374,5349.03468025231,720,741.213203435596,0,5349.03468025231
67,256959,6971.56745409471,720,741.213203435596,0,6971.56745409471
67,256960,6951.69723173619,720,741.213203435596,0,6951.69723173619
67,256961,6931.89902565218,720,741.213203435596,0,6931.89902565218
67,256962,6912.17345466002,720,741.213203435596,0,6912.17345466002
67,256999,6239.47988248125,720,741.213203435596,0,6239.47988248125
67,257000,6223.01964148746,720,741.213203435596,0,6223.01964148746
67,257001,6206.65979238468,720,741.213203435596,0,6206.65979238468
67,257002,6190.40113111575,720,741.213203435596,0,6190.40113111575
67,257076,5326.11839743536,720,741.213203435596,0,5326.11839743536
67,257077,5319.78218583359,720,741.213203435596,0,5319.78218583359
67,257078,5313.60667455354,720,741.213203435596,0,5313.60667455354
67,257079,5307.59242453126,720,741.213203435596,0,5307.59242453126
67,257664,6909.48842730403,720,741.213203435596,0,6909.48842730403
67,257665,6889.69858718597,720,741.213203435596,0,6889.69858718597
67,257666,6869.98187715795,720,741.213203435596,0,6869.98187715795
67,257667,6850.33892867216,720,741.213203435596,0,6850.33892867216
67,257704,6181.61635034868,720,741.213203435596,0,6181.61635034868
67,257705,6165.29155867284,720,741.213203435596,0,6165.29155867284
67,257706,6149.06882212634,720,741.213203435596,0,6149.06882212634
67,257707,6132.94895057172,720,741.213203435596,0,6132.94895057172
67,257780,5290.53706086553,720,741.213203435596,0,5290.53706086553
67,257781,5284.32733902805,720,741.213203435596,0,5284.32733902805
67,257782,5278.27969466992,720,741.213203435596,0,5278.27969466992
67,257783,5272.39468551875,720,741.213203435596,0,5272.39468551875
67,257784,5266.67285676411,720,741.213203435596,0,5266.67285676411
67,258368,6867.2804493838,720,741.213203435596,0,6867.2804493838
67,258369,6847.49908215274,720,741.213203435596,0,6847.49908215274
67,258370,6827.79134671712,720,741.213203435596,0,6827.79134671712
67,258371,6808.15788250991,720,741.213203435596,0,6808.15788250991
67,258372,6788.59933393451,720,741.213203435596,0,6788.59933393451
67,258373,6769.11635036986,720,741.213203435596,0,6769.11635036986
67,258408,6140.22501510749,720,741.213203435596,0,6140.22501510749
67,258409,6123.93578807094,720,741.213203435596,0,6123.93578807094
67,258410,6107.74949728411,720,741.213203435596,0,6107.74949728411
67,258411,6091.66696328944,720,741.213203435596,0,6091.66696328944
67,258486,5243.05578545184,720,741.213203435596,0,5243.05578545184
67,258487,5237.30187262368,720,741.213203435596,0,5237.30187262368
67,258488,5231.71252323771,720,741.213203435596,0,5231.71252323771
67,259073,6805.30053003952,720,741.213203435596,0,6805.30053003952
67,259074,6785.60188499773,720,741.213203435596,0,6785.60188499773
67,259075,6765.9780278592,720,741.213203435596,0,6765.9780278592
67,259076,6746.4296112484,720,741.213203435596,0,6746.4296112484
67,259077,6726.95729285395,720,741.213203435596,0,6726.95729285395
67,259078,6707.56173542291,720,741.213203435596,0,6707.56173542291
67,259113,6082.59273716319,720,741.213203435596,0,6082.59273716319
67,259114,6066.44342427784,720,741.213203435596,0,6066.44342427784
67,259115,6050.39877431961,720,741.213203435596,0,6050.39877431961
67,259189,5213.72339238859,720,741.213203435596,0,5213.72339238859
67,259190,5207.93704102823,720,741.213203435596,0,5207.93704102823
67,259191,5202.31611199239,720,741.213203435596,0,5202.31611199239
67,259192,5196.86114204519,720,741.213203435596,0,5196.86114204519
67,259778,6743.41351420052,720,741.213203435596,0,6743.41351420052
67,259779,6723.79938929354,720,741.213203435596,0,6723.79938929354
67,259780,6704.26123710546,720,741.213203435596,0,6704.26123710546
67,259781,6684.79972378658,720,741.213203435596,0,6684.79972378658
67,259782,6665.41552064645,720,741.213203435596,0,6665.41552064645
67,259817,6041.26266948274,720,741.213203435596,0,6041.26266948274
67,259818,6025.15087805745,720,741.213203435596,0,6025.15087805745
67,259819,6009.14467034955,720,741.213203435596,0,6009.14467034955
67,259893,5178.57846664135,720,741.213203435596,0,5178.57846664135
67,259894,5172.92560606783,720,741.213203435596,0,5172.92560606783
67,259895,5167.43958079,720,741.213203435596,0,5167.43958079
67,259896,5162.12092271764,720,741.213203435596,0,5162.12092271764
67,259897,5156.97014969552,720,741.213203435596,0,5156.97014969552
67,260482,6701.22625708618,720,741.213203435596,0,6701.22625708618
67,260483,6681.62199200779,720,741.213203435596,0,6681.62199200779
67,260484,6662.09423927897,720,741.213203435596,0,6662.09423927897
67,260485,6642.64367368579,720,741.213203435596,0,6642.64367368579
67,260487,6603.97682925064,720,741.213203435596,0,6603.97682925064
67,260488,6584.76192618138,720,741.213203435596,0,6584.76192618138
67,260489,6565.6269617832,720,741.213203435596,0,6565.6269617832
67,260521,5999.94585573984,720,741.213203435596,0,5999.94585573984
67,260522,5983.87214106555,720,741.213203435596,0,5983.87214106555
67,260523,5967.90494589304,720,741.213203435596,0,5967.90494589304
67,260597,5143.54110669439,720,741.213203435596,0,5143.54110669439
67,260598,5138.02367706259,720,741.213203435596,0,5138.02367706259
67,260599,5132.67450847294,720,741.213203435596,0,5132.67450847294
67,260600,5127.49412753113,720,741.213203435596,0,5127.49412753113
67,260601,5122.48304632511,720,741.213203435596,0,5122.48304632511
67,261190,6581.12813351028,720,741.213203435596,0,6581.12813351028
67,261191,6561.8462195155,720,741.213203435596,0,6561.8462195155
67,261192,6542.64413144103,720,741.213203435596,0,6542.64413144103
67,261193,6523.52257419261,720,741.213203435596,0,6523.52257419261
67,261201,6373.5355631864,720,741.213203435596,0,6373.5355631864
67,261202,6355.17137690179,720,741.213203435596,0,6355.17137690179
67,261203,6336.8950604913,720,741.213203435596,0,6336.8950604913
67,261204,6318.70737642047,720,741.213203435596,0,6318.70737642047
67,261225,5958.64257406152,720,741.213203435596,0,5958.64257406152
67,261226,5942.60750349764,720,741.213203435596,0,5942.60750349764
67,261227,5926.6799035613,720,741.213203435596,0,5926.6799035613
67,261303,5098.02317809534,720,741.213203435596,0,5098.02317809534
67,261895,6519.71751330929,720,741.213203435596,0,6519.71751330929
67,261896,6500.52841341444,720,741.213203435596,0,6500.52841341444
67,261897,6481.42044514127,720,741.213203435596,0,6481.42044514127
67,261904,6349.9974833699,720,741.213203435596,0,6349.9974833699
67,261905,6331.56492780154,720,741.213203435596,0,6331.56492780154
67,261906,6313.22017389309,720,741.213203435596,0,6313.22017389309
67,261907,6294.96398925602,720,741.213203435596,0,6294.96398925602
67,261908,6276.79714670962,720,741.213203435596,0,6276.79714670962
67,261929,5917.35311025401,720,741.213203435596,0,5917.35311025401
67,261930,5901.35726357255,720,741.213203435596,0,5901.35726357255
67,261931,5885.46985433246,720,741.213203435596,0,5885.46985433246
67,262599,6477.5907499991,720,741.213203435596,0,6477.5907499991
67,262600,6458.41481496257,720,741.213203435596,0,6458.41481496257
67,262601,6439.32062117431,720,741.213203435596,0,6439.32062117431
67,262602,6420.30889793537,720,741.213203435596,0,6420.30889793537
67,262608,6308.01197156775,720,741.213203435596,0,6308.01197156775
67,262609,6289.59842229393,720,741.213203435596,0,6289.59842229393
67,262610,6271.27337440563,720,741.213203435596,0,6271.27337440563
67,262611,6253.0376059874,720,741.213203435596,0,6253.0376059874
67,262612,6234.89190041188,720,741.213203435596,0,6234.89190041188
67,262633,5876.07775805733,720,741.213203435596,0,5876.07775805733
67,263303,6435.46596998646,720,741.213203435596,0,6435.46596998646
67,263304,6416.30338007768,720,741.213203435596,0,6416.30338007768
67,263305,6397.22315005853,720,741.213203435596,0,6397.22315005853
67,263306,6378.22601906091,720,741.213203435596,0,6378.22601906091
67,263312,6266.03040662279,720,741.213203435596,0,6266.03040662279
67,263313,6247.63613219873,720,741.213203435596,0,6247.63613219873
67,263314,6229.33106971925,720,741.213203435596,0,6229.33106971925
67,263315,6211.11600794801,720,741.213203435596,0,6211.11600794801
67,263316,6192.99174102453,720,741.213203435596,0,6192.99174102453
67,263340,5787.40215841305,720,741.213203435596,0,5787.40215841305
67,264007,6393.34321473495,720,741.213203435596,0,6393.34321473495
67,264008,6374.19415390427,720,741.213203435596,0,6374.19415390427
67,264009,6355.12808082579,720,741.213203435596,0,6355.12808082579
67,264010,6336.14574465312,720,741.213203435596,0,6336.14574465312
67,264015,6242.5167355029,720,741.213203435596,0,6242.5167355029
67,264016,6224.05287071866,720,741.213203435596,0,6224.05287071866
67,264018,6187.3933535764,720,741.213203435596,0,6187.3933535764
67,264042,5777.69603788975,720,741.213203435596,0,5777.69603788975
67,264043,5761.93290672887,720,741.213203435596,0,5761.93290672887
67,264044,5746.28212838661,720,741.213203435596,0,5746.28212838661
67,264045,5730.74462337677,720,741.213203435596,0,5730.74462337677
67,264712,6332.08718279114,720,741.213203435596,0,6332.08718279114
67,264713,6313.03546381112,720,741.213203435596,0,6313.03546381112
67,264714,6294.06812924542,720,741.213203435596,0,6294.06812924542
67,264715,6275.18594427682,720,741.213203435596,0,6275.18594427682
67,264719,6200.52420590124,720,741.213203435596,0,6200.52420590124
67,264746,5736.50654087383,720,741.213203435596,0,5736.50654087383
67,264747,5720.78611741717,720,741.213203435596,0,5720.78611741717
67,264748,5705.17909277046,720,741.213203435596,0,5705.17909277046
67,264749,5689.68640010514,720,741.213203435596,0,5689.68640010514
67,264750,5674.30897591034,720,741.213203435596,0,5674.30897591034
67,264751,5659.04775985069,720,741.213203435596,0,5659.04775985069
67,265416,6289.98251432269,720,741.213203435596,0,6289.98251432269
67,265417,6270.94535069782,720,741.213203435596,0,6270.94535069782
67,265418,6251.99322883798,720,741.213203435596,0,6251.99322883798
67,265419,6233.12692446076,720,741.213203435596,0,6233.12692446076
67,265450,5695.33306285631,720,741.213203435596,0,5695.33306285631
67,265451,5679.65601213852,720,741.213203435596,0,5679.65601213852
67,265452,5664.09342408879,720,741.213203435596,0,5664.09342408879
67,265453,5648.64624477529,720,741.213203435596,0,5648.64624477529
67,265454,5633.31542359192,720,741.213203435596,0,5633.31542359192
67,265455,5618.1019130997,720,741.213203435596,0,5618.1019130997
67,265456,5603.00666888122,720,741.213203435596,0,5603.00666888122
67,266120,6247.880197362,720,741.213203435596,0,6247.880197362
67,266121,6228.85779456527,720,741.213203435596,0,6228.85779456527
67,266122,6209.92110093902,720,741.213203435596,0,6209.92110093902
67,266123,6191.07090296483,720,741.213203435596,0,6191.07090296483
67,266124,6172.30799311464,720,741.213203435596,0,6172.30799311464
67,266155,5638.54295855453,720,741.213203435596,0,5638.54295855453
67,266156,5623.02550559198,720,741.213203435596,0,5623.02550559198
67,266157,5607.6245566626,720,741.213203435596,0,5607.6245566626
67,266158,5592.34107429926,720,741.213203435596,0,5592.34107429926
67,266159,5577.17602420717,720,741.213203435596,0,5577.17602420717
67,266160,5562.130375096,720,741.213203435596,0,5562.130375096
67,266825,6186.77284993236,720,741.213203435596,0,6186.77284993236
67,266826,6167.85180463267,720,741.213203435596,0,6167.85180463267
67,266827,6149.01794366029,720,741.213203435596,0,6149.01794366029
67,266860,5581.97573164983,720,741.213203435596,0,5581.97573164983
67,266861,5566.62174663019,720,741.213203435596,0,5566.62174663019
67,266862,5551.38635584748,720,741.213203435596,0,5551.38635584748
67,266863,5536.27053838927,720,741.213203435596,0,5536.27053838927
67,266864,5521.27527633683,720,741.213203435596,0,5521.27527633683
67,266865,5506.40155459578,720,741.213203435596,0,5506.40155459578
67,267529,6144.69057281047,720,741.213203435596,0,6144.69057281047
67,267530,6125.78540061228,720,741.213203435596,0,6125.78540061228
67,267531,6106.96811216819,720,741.213203435596,0,6106.96811216819
67,267565,5525.63823754385,720,741.213203435596,0,5525.63823754385
67,267566,5510.45170855593,720,741.213203435596,0,5510.45170855593
67,267567,5495.38591388949,720,741.213203435596,0,5495.38591388949
67,267568,5480.44184924559,720,741.213203435596,0,5480.44184924559
67,267569,5465.6205131262,720,741.213203435596,0,5465.6205131262
67,268233,6102.61102074984,720,741.213203435596,0,6102.61102074984
67,268234,6083.72195124957,720,741.213203435596,0,6083.72195124957
67,268235,6064.92147593214,720,741.213203435596,0,6064.92147593214
67,268236,6046.2104212397,720,741.213203435596,0,6046.2104212397
67,268270,5469.5375857094,720,741.213203435596,0,5469.5375857094
67,268271,5454.52262245758,720,741.213203435596,0,5454.52262245758
67,268272,5439.63058452519,720,741.213203435596,0,5439.63058452519
67,268273,5424.86248425513,720,741.213203435596,0,5424.86248425513
67,268274,5410.21933657303,720,741.213203435596,0,5410.21933657303
67,268938,6041.66152064938,720,741.213203435596,0,6041.66152064938
67,268939,6022.87810427004,720,741.213203435596,0,6022.87810427004
67,268940,6004.18484199908,720,741.213203435596,0,6004.18484199908
67,268973,5443.73087632245,720,741.213203435596,0,5443.73087632245
67,268974,5428.64445403014,720,741.213203435596,0,5428.64445403014
67,268975,5413.68114983901,720,741.213203435596,0,5413.68114983901
67,268976,5398.84198744373,720,741.213203435596,0,5398.84198744373
67,268977,5384.12799328226,720,741.213203435596,0,5384.12799328226
67,269642,5999.6041747094,720,741.213203435596,0,5999.6041747094
67,269643,5980.83806844212,720,741.213203435596,0,5980.83806844212
67,269644,5962.16286153703,720,741.213203435596,0,5962.16286153703
67,269645,5943.57941083576,720,741.213203435596,0,5943.57941083576
67,269678,5387.77279416671,720,741.213203435596,0,5387.77279416671
67,269679,5372.86199628388,720,741.213203435596,0,5372.86199628388
67,269680,5358.0765783698,720,741.213203435596,0,5358.0765783698
67,269681,5343.41758122103,720,741.213203435596,0,5343.41758122103
67,269682,5328.88604813025,720,741.213203435596,0,5328.88604813025
67,269683,5314.48302468606,720,741.213203435596,0,5314.48302468606
67,270346,5957.54998118498,720,741.213203435596,0,5957.54998118498
67,270347,5938.80144172576,720,741.213203435596,0,5938.80144172576
67,270348,5920.14455893237,720,741.213203435596,0,5920.14455893237
67,270349,5901.58020207623,720,741.213203435596,0,5901.58020207623
67,270382,5346.92310121249,720,741.213203435596,0,5346.92310121249
67,270383,5332.06567708653,720,741.213203435596,0,5332.06567708653
67,270384,5317.33489333933,720,741.213203435596,0,5317.33489333933
67,270385,5302.73180537619,720,741.213203435596,0,5302.73180537619
67,270386,5288.25747106363,720,741.213203435596,0,5288.25747106363
67,271050,5915.49900974782,720,741.213203435596,0,5915.49900974782
67,271051,5896.76829947892,720,741.213203435596,0,5896.76829947892
67,271052,5878.13001550986,720,741.213203435596,0,5878.13001550986
67,271053,5859.58503981778,720,741.213203435596,0,5859.58503981778
67,271054,5841.13426113414,720,741.213203435596,0,5841.13426113414
67,271086,5306.09588523187,720,741.213203435596,0,5306.09588523187
67,271087,5291.29272314227,720,741.213203435596,0,5291.29272314227
67,271088,5276.61748461747,720,741.213203435596,0,5276.61748461747
67,271089,5262.07123994679,720,741.213203435596,0,5262.07123994679
67,271755,5854.73871921551,720,741.213203435596,0,5854.73871921551
67,271756,5836.11931493464,720,741.213203435596,0,5836.11931493464
67,271757,5817.59401417543,720,741.213203435596,0,5817.59401417543
67,271758,5799.16371877176,720,741.213203435596,0,5799.16371877176
67,271759,5780.8293374062,720,741.213203435596,0,5780.8293374062
67,271760,5762.59178556749,720,741.213203435596,0,5762.59178556749
67,271761,5744.45198550117,720,741.213203435596,0,5744.45198550117
67,271877,4573.90423738736,720,741.213203435596,0,4573.90423738736
67,271878,4573.9580076592,720,741.213203435596,0,4573.9580076592
67,271879,4574.207254486,720,741.213203435596,0,4574.207254486
67,272459,5812.71278068978,720,741.213203435596,0,5812.71278068978
67,272460,5794.11254328865,720,741.213203435596,0,5794.11254328865
67,272461,5775.6072178734,720,741.213203435596,0,5775.6072178734
67,272462,5757.19771967116,720,741.213203435596,0,5757.19771967116
67,272463,5738.88497088259,720,741.213203435596,0,5738.88497088259
67,272464,5720.66990063632,720,741.213203435596,0,5720.66990063632
67,272465,5702.55344494543,720,741.213203435596,0,5702.55344494543
67,272466,5684.5365466577,720,741.213203435596,0,5684.5365466577
67,272467,5666.62015539308,720,741.213203435596,0,5666.62015539308
67,272580,4543.99278775217,720,741.213203435596,0,4543.99278775217
67,272581,4544.04691226184,720,741.213203435596,0,4544.04691226184
67,273165,5733.62474634569,720,741.213203435596,0,5733.62474634569
67,273166,5715.23636644229,720,741.213203435596,0,5715.23636644229
67,273167,5696.94558546249,720,741.213203435596,0,5696.94558546249
67,273168,5678.75334647925,720,741.213203435596,0,5678.75334647925
67,273169,5660.66059957821,720,741.213203435596,0,5660.66059957821
67,273170,5642.66830179716,720,741.213203435596,0,5642.66830179716
67,273171,5624.7774170768,720,741.213203435596,0,5624.7774170768
67,273872,5636.84224458319,720,741.213203435596,0,5636.84224458319
67,273873,5618.77357935723,720,741.213203435596,0,5618.77357935723
67,273874,5600.80627039778,720,741.213203435596,0,5600.80627039778
67,273875,5582.94129627411,720,741.213203435596,0,5582.94129627411
67,273876,5565.17964251172,720,741.213203435596,0,5565.17964251172
67,274577,5576.89251812892,720,741.213203435596,0,5576.89251812892
67,274578,5558.95059542786,720,741.213203435596,0,5558.95059542786
67,274579,5541.11194548039,720,741.213203435596,0,5541.11194548039
67,274580,5523.37756889702,720,741.213203435596,0,5523.37756889702
67,274701,4468.1482992649,720,741.213203435596,0,4468.1482992649
67,274703,4473.25839596596,720,741.213203435596,0,4473.25839596596
67,275282,5517.10142417587,720,741.213203435596,0,5517.10142417587
67,275283,5499.28952180884,720,741.213203435596,0,5499.28952180884
67,275284,5481.58286270111,720,741.213203435596,0,5481.58286270111
67,275285,5463.9824700113,720,741.213203435596,0,5463.9824700113
67,275403,4436.05845010968,720,741.213203435596,0,4436.05845010968
67,275404,4438.33053611591,720,741.213203435596,0,4438.33053611591
67,275405,4440.80281470552,720,741.213203435596,0,4440.80281470552
67,275406,4443.47495172683,720,741.213203435596,0,4443.47495172683
67,275407,4446.34658685009,720,741.213203435596,0,4446.34658685009
67,275408,4449.41733381048,720,741.213203435596,0,4449.41733381048
67,275986,5475.25890841031,720,741.213203435596,0,5475.25890841031
67,275987,5457.47418716028,720,741.213203435596,0,5457.47418716028
67,275988,5439.79569639249,720,741.213203435596,0,5439.79569639249
67,275989,5422.22447516056,720,741.213203435596,0,5422.22447516056
67,276109,4413.69323919202,720,741.213203435596,0,4413.69323919202
67,276110,4416.58425379539,720,741.213203435596,0,4416.58425379539
67,276111,4419.67569601313,720,741.213203435596,0,4419.67569601313
67,276112,4422.96714557682,720,741.213203435596,0,4422.96714557682
67,276113,4426.4581563201,720,741.213203435596,0,4426.4581563201
67,276690,5433.42320455386,720,741.213203435596,0,5433.42320455386
67,276691,5415.66610841147,720,741.213203435596,0,5415.66610841147
67,276692,5398.01624775218,720,741.213203435596,0,5398.01624775218
67,276693,5380.47467789087,720,741.213203435596,0,5380.47467789087
67,276817,4400.47975955475,720,741.213203435596,0,4400.47975955475
67,276818,4404.39466786549,720,741.213203435596,0,4404.39466786549
67,276819,4408.50893181458,720,741.213203435596,0,4408.50893181458
67,276820,4412.82199379818,720,741.213203435596,0,4412.82199379818
67,277395,5373.86545759514,720,741.213203435596,0,5373.86545759514
67,277396,5356.24470007286,720,741.213203435596,0,5356.24470007286
67,277397,5338.73327322222,720,741.213203435596,0,5338.73327322222
67,277522,4378.89818516616,720,741.213203435596,0,4378.89818516616
67,278098,5349.77288256962,720,741.213203435596,0,5349.77288256962
67,278099,5332.07241212054,720,741.213203435596,0,5332.07241212054
67,278100,5314.48124237668,720,741.213203435596,0,5314.48124237668
67,278101,5297.00046229321,720,741.213203435596,0,5297.00046229321
67,278133,4802.76605636921,720,741.213203435596,0,4802.76605636921
67,278134,4789.5804111127,720,741.213203435596,0,4789.5804111127
67,278803,5290.2871549588,720,741.213203435596,0,5290.2871549588
67,278804,5272.72606963719,720,741.213203435596,0,5272.72606963719
67,278805,5255.27645258098,720,741.213203435596,0,5255.27645258098
67,278837,4762.71763531804,720,741.213203435596,0,4762.71763531804
67,278839,4736.652874083,720,741.213203435596,0,4736.652874083
67,279507,5248.50987488141,720,741.213203435596,0,5248.50987488141
67,279508,5230.97938301484,720,741.213203435596,0,5230.97938301484
67,279509,5213.56145816344,720,741.213203435596,0,5213.56145816344
67,279510,5196.25723230834,720,741.213203435596,0,5196.25723230834
67,279541,4722.70824433367,720,741.213203435596,0,4722.70824433367
67,279542,4709.67804309169,720,741.213203435596,0,4709.67804309169
67,279543,4696.80207715353,720,741.213203435596,0,4696.80207715353
67,280211,5206.74076668019,720,741.213203435596,0,5206.74076668019
67,280212,5189.24139010166,720,741.213203435596,0,5189.24139010166
67,280213,5171.85569998284,720,741.213203435596,0,5171.85569998284
67,280214,5154.58484667147,720,741.213203435596,0,5154.58484667147
67,280245,4682.73888692123,720,741.213203435596,0,4682.73888692123
67,280246,4669.78857268188,720,741.213203435596,0,4669.78857268188
67,280247,4656.99425891027,720,741.213203435596,0,4656.99425891027
67,280916,5147.51230517985,720,741.213203435596,0,5147.51230517985
67,280917,5130.15940611234,720,741.213203435596,0,5130.15940611234
67,280918,5112.9225033515,720,741.213203435596,0,5112.9225033515
67,280919,5095.80277399274,720,741.213203435596,0,5095.80277399274
67,280949,4642.81060012352,720,741.213203435596,0,4642.81060012352
67,280950,4629.94166705292,720,741.213203435596,0,4629.94166705292
67,280951,4617.23053411298,720,741.213203435596,0,4617.23053411298
67,281620,5105.79234949191,720,741.213203435596,0,5105.79234949191
67,281621,5088.4728120503,720,741.213203435596,0,5088.4728120503
67,281622,5071.27045270144,720,741.213203435596,0,5071.27045270144
67,281623,5054.18646792529,720,741.213203435596,0,5054.18646792529
67,281653,4602.92445588469,720,741.213203435596,0,4602.92445588469
67,281654,4590.13843786409,720,741.213203435596,0,4590.13843786409
67,281655,4577.51205500367,720,741.213203435596,0,4577.51205500367
67,282324,5064.08175151979,720,741.213203435596,0,5064.08175151979
67,282325,5046.79616101763,720,741.213203435596,0,5046.79616101763
67,282326,5029.62895330543,720,741.213203435596,0,5029.62895330543
67,282327,5012.58134470203,720,741.213203435596,0,5012.58134470203
67,282357,4563.08156248002,720,741.213203435596,0,4563.08156248002
67,282358,4550.38003443266,720,741.213203435596,0,4550.38003443266
67,282359,4537.84001283636,720,741.213203435596,0,4537.84001283636
67,283029,5005.12970428409,720,741.213203435596,0,5005.12970428409
67,283030,4987.99827231437,720,741.213203435596,0,4987.99827231437
67,283031,4970.98768801723,720,741.213203435596,0,4970.98768801723
67,283032,4954.09919623526,720,741.213203435596,0,4954.09919623526
67,283061,4523.28306601559,720,741.213203435596,0,4523.28306601559
67,283062,4510.6676452864,720,741.213203435596,0,4510.6676452864
67,283063,4498.21563947329,720,741.213203435596,0,4498.21563947329
67,283733,4963.47370149046,720,741.213203435596,0,4963.47370149046
67,283734,4946.37868580602,720,741.213203435596,0,4946.37868580602
67,283735,4929.40579106112,720,741.213203435596,0,4929.40579106112
67,283742,4814.12224429775,720,741.213203435596,0,4814.12224429775
67,283765,4483.53015199667,720,741.213203435596,0,4483.53015199667
67,283766,4471.00249978177,720,741.213203435596,0,4471.00249978177
67,283767,4458.64020906611,720,741.213203435596,0,4458.64020906611
67,284437,4921.82842100311,720,741.213203435596,0,4921.82842100311
67,284438,4904.77047915336,720,741.213203435596,0,4904.77047915336
67,284440,4871.02614152345,720,741.213203435596,0,4871.02614152345
67,284442,4837.78582146246,720,741.213203435596,0,4837.78582146246
67,284443,4821.35793190739,720,741.213203435596,0,4821.35793190739
67,284444,4805.05997902156,720,741.213203435596,0,4805.05997902156
67,284445,4788.89328943547,720,741.213203435596,0,4788.89328943547
67,284446,4772.8591970026,720,741.213203435596,0,4772.8591970026
67,284469,4443.82404696573,720,741.213203435596,0,4443.82404696573
67,284470,4431.38586980283,720,741.213203435596,0,4431.38586980283
67,284471,4419.11503981067,720,741.213203435596,0,4419.11503981067
67,285142,4863.17394741559,720,741.213203435596,0,4863.17394741559
67,285143,4846.27849897279,720,741.213203435596,0,4846.27849897279
67,285144,4829.5091041634,720,741.213203435596,0,4829.5091041634
67,285145,4812.86708060711,720,741.213203435596,0,4812.86708060711
67,285146,4796.35375413234,720,741.213203435596,0,4796.35375413234
67,285147,4779.97045856884,720,741.213203435596,0,4779.97045856884
67,285148,4763.71853551554,720,741.213203435596,0,4763.71853551554
67,285173,4404.16602023303,720,741.213203435596,0,4404.16602023303
67,285174,4391.81907155245,720,741.213203435596,0,4391.81907155245
67,285175,4379.64149578946,720,741.213203435596,0,4379.64149578946
67,285846,4821.58939575122,720,741.213203435596,0,4821.58939575122
67,285847,4804.73374137665,720,741.213203435596,0,4804.73374137665
67,285848,4788.00551485255,720,741.213203435596,0,4788.00551485255
67,285849,4771.40605643776,720,741.213203435596,0,4771.40605643776
67,285850,4754.93671472247,720,741.213203435596,0,4754.93671472247
67,285851,4738.59884639445,720,741.213203435596,0,4738.59884639445
67,285852,4722.39381601531,720,741.213203435596,0,4722.39381601531
67,285853,4706.32299576623,720,741.213203435596,0,4706.32299576623
67,285854,4690.38776519261,720,741.213203435596,0,4690.38776519261
67,285877,4364.55738568,720,741.213203435596,0,4364.55738568
67,285878,4352.30346740604,720,741.213203435596,0,4352.30346740604
67,285879,4340.22098889481,720,741.213203435596,0,4340.22098889481
67,286555,4697.24351756014,720,741.213203435596,0,4697.24351756014
67,286556,4681.08626652713,720,741.213203435596,0,4681.08626652713
67,286557,4665.06474511903,720,741.213203435596,0,4665.06474511903
67,286558,4649.18035654908,720,741.213203435596,0,4649.18035654908
67,286581,4324.99950365717,720,741.213203435596,0,4324.99950365717
67,286582,4312.84046788456,720,741.213203435596,0,4312.84046788456
67,286583,4300.85498085957,720,741.213203435596,0,4300.85498085957
67,287259,4655.90490907088,720,741.213203435596,0,4655.90490907088
67,287260,4639.79634875198,720,741.213203435596,0,4639.79634875198
67,287261,4623.82506948344,720,741.213203435596,0,4623.82506948344
67,287262,4607.99249871346,720,741.213203435596,0,4607.99249871346
67,287285,4285.49378297368,720,741.213203435596,0,4285.49378297368
67,287286,4273.43153370105,720,741.213203435596,0,4273.43153370105
67,287287,4261.54498537271,720,741.213203435596,0,4261.54498537271
67,287963,4614.5834734097,720,741.213203435596,0,4614.5834734097
67,287964,4598.52454077215,720,741.213203435596,0,4598.52454077215
67,287965,4582.60447348937,720,741.213203435596,0,4582.60447348937
67,287966,4566.82472382679,720,741.213203435596,0,4566.82472382679
67,287989,4246.04168297444,720,741.213203435596,0,4246.04168297444
67,287990,4234.07817791211,720,741.213203435596,0,4234.07817791211
67,287991,4222.29257030141,720,741.213203435596,0,4222.29257030141
67,288666,4589.42703413987,720,741.213203435596,0,4589.42703413987
67,288667,4573.27967922779,720,741.213203435596,0,4573.27967922779
67,288668,4557.27133778028,720,741.213203435596,0,4557.27133778028
67,288669,4541.40347985546,720,741.213203435596,0,4541.40347985546
67,288670,4525.67758313584,720,741.213203435596,0,4525.67758313584
67,288671,4510.09513260419,720,741.213203435596,0,4510.09513260419
67,288693,4206.64471574347,720,741.213203435596,0,4206.64471574347
67,288694,4194.7819681911,720,741.213203435596,0,4194.7819681911
67,288695,4183.09936003143,720,741.213203435596,0,4183.09936003143
67,289370,4548.09141181673,720,741.213203435596,0,4548.09141181673
67,289371,4531.99401205601,720,741.213203435596,0,4531.99401205601
67,289372,4516.0372528334,720,741.213203435596,0,4516.0372528334
67,289373,4500.22263018572,720,741.213203435596,0,4500.22263018572
67,289374,4484.55164783595,720,741.213203435596,0,4484.55164783595
67,289397,4167.30444839212,720,741.213203435596,0,4167.30444839212
67,289398,4155.5445291885,720,741.213203435596,0,4155.5445291885
67,289399,4143.96703790464,720,741.213203435596,0,4143.96703790464
67,290075,4490.72697506348,720,741.213203435596,0,4490.72697506348
67,290076,4474.82281765781,720,741.213203435596,0,4474.82281765781
67,290077,4459.06248582964,720,741.213203435596,0,4459.06248582964
67,290078,4443.44750997073,720,741.213203435596,0,4443.44750997073
67,290101,4128.02250547871,720,741.213203435596,0,4128.02250547871
67,290102,4116.36754503085,720,741.213203435596,0,4116.36754503085
67,290103,4104.89734879355,720,741.213203435596,0,4104.89734879355
67,290110,4029.90869695337,720,741.213203435596,0,4029.90869695337
67,290779,4449.47908985687,720,741.213203435596,0,4449.47908985687
67,290780,4433.62858349857,720,741.213203435596,0,4433.62858349857
67,290781,4417.92362876565,720,741.213203435596,0,4417.92362876565
67,290782,4402.36578337885,720,741.213203435596,0,4402.36578337885
67,290785,4356.59058910298,720,741.213203435596,0,4356.59058910298
67,290805,4088.80057153903,720,741.213203435596,0,4088.80057153903
67,290806,4077.2527619302,720,741.213203435596,0,4077.2527619302
67,290807,4065.89210179922,720,741.213203435596,0,4065.89210179922
67,290812,4011.9507719774,720,741.213203435596,0,4011.9507719774
67,290813,4001.74570197922,720,741.213203435596,0,4001.74570197922
67,290814,3991.73857583544,720,741.213203435596,0,3991.73857583544
67,291483,4408.2508973237,720,741.213203435596,0,4408.2508973237
67,291484,4392.45512200273,720,741.213203435596,0,4392.45512200273
67,291485,4376.80666255193,720,741.213203435596,0,4376.80666255193
67,291486,4361.30710468818,720,741.213203435596,0,4361.30710468818
67,291487,4345.95804155305,720,741.213203435596,0,4345.95804155305
67,291488,4330.76107329543,720,741.213203435596,0,4330.76107329543
67,291489,4315.71780663616,720,741.213203435596,0,4315.71780663616
67,291509,4049.64039375202,720,741.213203435596,0,4049.64039375202
67,291510,4038.20199094067,720,741.213203435596,0,4038.20199094067
67,291511,4026.95317307473,720,741.213203435596,0,4026.95317307473
67,291516,3973.60826131097,720,741.213203435596,0,3973.60826131097
67,291517,3963.53004004841,720,741.213203435596,0,3963.53004004841
67,291518,3953.65232158321,720,741.213203435596,0,3953.65232158321
67,292187,4367.0429585102,720,741.213203435596,0,4367.0429585102
67,292188,4351.30302616532,720,741.213203435596,0,4351.30302616532
67,292189,4335.71221331334,720,741.213203435596,0,4335.71221331334
67,292190,4320.27213436245,720,741.213203435596,0,4320.27213436245
67,292191,4304.98441116192,720,741.213203435596,0,4304.98441116192
67,292192,4289.85067256227,720,741.213203435596,0,4289.85067256227
67,292193,4274.87255395506,720,741.213203435596,0,4274.87255395506
67,292213,4010.54378473929,720,741.213203435596,0,4010.54378473929
67,292214,3999.21711083012,720,741.213203435596,0,3999.21711083012
67,292215,3988.08250880216,720,741.213203435596,0,3988.08250880216
67,292220,3935.34665467053,720,741.213203435596,0,3935.34665467053
67,292221,3925.39796366583,720,741.213203435596,0,3925.39796366583
67,292222,3915.65238512037,720,741.213203435596,0,3915.65238512037
67,292891,4325.8558555643,720,741.213203435596,0,4325.8558555643
67,292892,4310.17291131029,720,741.213203435596,0,4310.17291131029
67,292893,4294.6409307898,720,741.213203435596,0,4294.6409307898
67,292894,4279.2615578134,720,741.213203435596,0,4279.2615578134
67,292895,4264.03644364237,720,741.213203435596,0,4264.03644364237
67,292896,4248.96724652051,720,741.213203435596,0,4248.96724652051
67,292917,3971.5126254956,720,741.213203435596,0,3971.5126254956
67,292918,3960.30007111912,720,741.213203435596,0,3960.30007111912
67,292919,3949.28212830828,720,741.213203435596,0,3949.28212830828
67,293596,4269.06541614836,720,741.213203435596,0,4269.06541614836
67,293597,4253.59348945032,720,741.213203435596,0,4253.59348945032
67,293598,4238.27608657331,720,741.213203435596,0,4238.27608657331
67,293599,4223.11488890969,720,741.213203435596,0,4223.11488890969
67,293600,4208.11158481109,720,741.213203435596,0,4208.11158481109
67,293621,3932.5488684965,720,741.213203435596,0,3932.5488684965
67,293622,3921.45289526563,720,741.213203435596,0,3921.45289526563
67,293623,3910.55412734672,720,741.213203435596,0,3910.55412734672
67,294300,4227.9812038681,720,741.213203435596,0,4227.9812038681
67,294301,4212.57058965016,720,741.213203435596,0,4212.57058965016
67,294302,4197.31645951544,720,741.213203435596,0,4197.31645951544
67,294303,4182.22052573276,720,741.213203435596,0,4182.22052573276
67,294304,4167.2845074974,720,741.213203435596,0,4167.2845074974
67,294325,3893.65454092919,720,741.213203435596,0,3893.65454092919
67,294326,3882.67768400323,720,741.213203435596,0,3882.67768400323
67,294327,3871.90068153813,720,741.213203435596,0,3871.90068153813
67,294328,3861.32520692529,720,741.213203435596,0,3861.32520692529
67,295004,4186.92096331229,720,741.213203435596,0,4186.92096331229
67,295005,4171.57295887043,720,741.213203435596,0,4171.57295887043
67,295006,4156.38344416998,720,741.213203435596,0,4156.38344416998
67,295007,4141.35416312241,720,741.213203435596,0,4141.35416312241
67,295008,4126.48686651118,720,741.213203435596,0,4126.48686651118
67,295009,4111.78331143887,720,741.213203435596,0,4111.78331143887
67,295029,3854.8317481186,720,741.213203435596,0,3854.8317481186
67,295030,3843.97661886825,720,741.213203435596,0,3843.97661886825
67,295031,3833.32404998924,720,741.213203435596,0,3833.32404998924
67,295032,3822.87573480516,720,741.213203435596,0,3822.87573480516
67,295708,4145.8854102013,720,741.213203435596,0,4145.8854102013
67,295709,4130.60135301878,720,741.213203435596,0,4130.60135301878
67,295710,4115.47783809843,720,741.213203435596,0,4115.47783809843
67,295711,4100.51664177375,720,741.213203435596,0,4100.51664177375
67,295712,4085.71954719438,720,741.213203435596,0,4085.71954719438
67,295713,4071.08834373129,720,741.213203435596,0,4071.08834373129
67,295733,3816.08267712218,720,741.213203435596,0,3816.08267712218
67,295734,3805.35196589416,720,741.213203435596,0,3805.35196589416
67,295735,3794.82657909175,720,741.213203435596,0,3794.82657909175
67,295736,3784.5082298458,720,741.213203435596,0,3784.5082298458
67,295737,3774.39861613814,720,741.213203435596,0,3774.39861613814
67,296412,4104.87528843594,720,741.213203435596,0,4104.87528843594
67,296413,4089.65655780629,720,741.213203435596,0,4089.65655780629
67,296414,4074.60047034032,720,741.213203435596,0,4074.60047034032
67,296415,4059.70883560503,720,741.213203435596,0,4059.70883560503
67,296416,4044.98346990262,720,741.213203435596,0,4044.98346990262
67,296417,4030.42619565016,720,741.213203435596,0,4030.42619565016
67,296438,3766.80607949217,720,741.213203435596,0,3766.80607949217
67,296439,3756.41070651572,720,741.213203435596,0,3756.41070651572
67,296440,3746.22521433538,720,741.213203435596,0,3746.22521433538
67,296441,3736.25131943659,720,741.213203435596,0,3736.25131943659
67,297116,4063.89137148427,720,741.213203435596,0,4063.89137148427
67,297117,4048.7393902076,720,741.213203435596,0,4048.7393902076
67,297118,4033.75220296732,720,741.213203435596,0,4033.75220296732
67,297119,4018.93165338705,720,741.213203435596,0,4018.93165338705
67,297120,4004.27959173359,720,741.213203435596,0,4004.27959173359
67,297121,3989.79787426502,720,741.213203435596,0,3989.79787426502
67,297143,3718.07896541561,720,741.213203435596,0,3718.07896541561
67,297144,3708.02930906968,720,741.213203435596,0,3708.02930906968
67,297145,3698.19417221243,720,741.213203435596,0,3698.19417221243
67,297821,4007.85069999727,720,741.213203435596,0,4007.85069999727
67,297822,3992.93393269625,720,741.213203435596,0,3992.93393269625
67,297823,3978.18604045101,720,741.213203435596,0,3978.18604045101
67,297824,3963.60890832619,720,741.213203435596,0,3963.60890832619
67,297847,3679.83398883126,720,741.213203435596,0,3679.83398883126
67,297848,3669.92323786685,720,741.213203435596,0,3669.92323786685
67,297849,3660.22999038841,720,741.213203435596,0,3660.22999038841
67,297850,3650.75597890031,720,741.213203435596,0,3650.75597890031
67,298525,3966.99137138449,720,741.213203435596,0,3966.99137138449
67,298526,3952.14659262399,720,741.213203435596,0,3952.14659262399
67,298527,3937.47298051993,720,741.213203435596,0,3937.47298051993
67,298551,3641.67851433929,720,741.213203435596,0,3641.67851433929
67,298552,3631.90983232591,720,741.213203435596,0,3631.90983232591
67,298553,3622.3617009278,720,741.213203435596,0,3622.3617009278
67,298554,3613.03586868498,720,741.213203435596,0,3613.03586868498
67,299229,3926.16232474133,720,741.213203435596,0,3926.16232474133
67,299256,3593.99203682164,720,741.213203435596,0,3593.99203682164
67,299257,3584.59234693226,720,741.213203435596,0,3584.59234693226
67,299258,3575.4180832632,720,741.213203435596,0,3575.4180832632
67,299259,3566.47098544901,720,741.213203435596,0,3566.47098544901
67,299960,3556.17291374856,720,741.213203435596,0,3556.17291374856
67,299961,3546.92509301142,720,741.213203435596,0,3546.92509301142
67,299962,3537.90589070717,720,741.213203435596,0,3537.90589070717
67,299963,3529.11705964538,720,741.213203435596,0,3529.11705964538
67,299964,3520.5603251442,720,741.213203435596,0,3520.5603251442
67,300665,3509.36323091343,720,741.213203435596,0,3509.36323091343
67,300666,3500.50268981983,720,741.213203435596,0,3500.50268981983
67,300667,3491.87579090783,720,741.213203435596,0,3491.87579090783
67,300668,3483.48427003186,720,741.213203435596,0,3483.48427003186
67,300669,3475.32983222307,720,741.213203435596,0,3475.32983222307
67,301370,3463.21201614827,720,741.213203435596,0,3463.21201614827
67,301371,3454.7508266508,720,741.213203435596,0,3454.7508266508
67,301372,3446.52836229025,720,741.213203435596,0,3446.52836229025
67,301373,3438.54633562864,720,741.213203435596,0,3438.54633562864
67,301374,3430.80642485559,720,741.213203435596,0,3430.80642485559
67,302075,3417.74596114579,720,741.213203435596,0,3417.74596114579
67,302076,3409.69651279928,720,741.213203435596,0,3409.69651279928
67,302077,3401.89092209868,720,741.213203435596,0,3401.89092209868
67,302078,3394.33087136847,720,741.213203435596,0,3394.33087136847
67,302079,3387.01800479196,720,741.213203435596,0,3387.01800479196
67,302080,3379.95392679473,720,741.213203435596,0,3379.95392679473
67,302780,3372.99278985361,720,741.213203435596,0,3372.99278985361
67,302781,3365.36778114833,720,741.213203435596,0,3365.36778114833
67,302782,3357.99180106186,720,741.213203435596,0,3357.99180106186
67,302783,3350.86649409363,720,741.213203435596,0,3350.86649409363
67,302784,3343.99346262899,720,741.213203435596,0,3343.99346262899
67,302785,3337.37426528805,720,741.213203435596,0,3337.37426528805
67,303488,3308.18282574264,720,741.213203435596,0,3308.18282574264
67,304149,3761.57306242922,720,741.213203435596,0,3761.57306242922
67,304150,3745.91363916494,720,741.213203435596,0,3745.91363916494
67,304201,3226.14182082975,720,741.213203435596,0,3226.14182082975
67,304202,3222.33472817593,720,741.213203435596,0,3222.33472817593
67,304203,3218.80099782505,720,741.213203435596,0,3218.80099782505
67,304204,3215.54153101521,720,741.213203435596,0,3215.54153101521
67,304851,3752.11778332934,720,741.213203435596,0,3752.11778332934
67,304852,3736.17927769328,720,741.213203435596,0,3736.17927769328
67,304853,3720.41288710794,720,741.213203435596,0,3720.41288710794
67,304901,3209.66620837956,720,741.213203435596,0,3209.66620837956
67,304902,3205.00248484507,720,741.213203435596,0,3205.00248484507
67,304903,3200.61141143818,720,741.213203435596,0,3200.61141143818
67,304904,3196.49411179032,720,741.213203435596,0,3196.49411179032
67,304905,3192.65164509203,720,741.213203435596,0,3192.65164509203
67,304906,3189.08500476592,720,741.213203435596,0,3189.08500476592
67,304907,3185.79511721245,720,741.213203435596,0,3185.79511721245
67,304908,3182.78284062949,720,741.213203435596,0,3182.78284062949
67,304909,3180.04896391139,720,741.213203435596,0,3180.04896391139
67,305554,3726.89972856148,720,741.213203435596,0,3726.89972856148
67,305555,3710.85282376187,720,741.213203435596,0,3710.85282376187
67,305556,3694.97828173808,720,741.213203435596,0,3694.97828173808
67,305557,3679.27833351163,720,741.213203435596,0,3679.27833351163
67,305603,3185.12726713829,720,741.213203435596,0,3185.12726713829
67,305604,3180.14631352148,720,741.213203435596,0,3180.14631352148
67,305605,3175.43920947592,720,741.213203435596,0,3175.43920947592
67,305606,3171.0071745258,720,741.213203435596,0,3171.0071745258
67,305607,3166.85136355452,720,741.213203435596,0,3166.85136355452
67,305608,3162.97286535058,720,741.213203435596,0,3162.97286535058
67,305609,3159.37270121524,720,741.213203435596,0,3159.37270121524
67,305610,3156.05182364964,720,741.213203435596,0,3156.05182364964
67,305611,3153.01111512303,720,741.213203435596,0,3153.01111512303
67,305612,3150.25138691412,720,741.213203435596,0,3150.25138691412
67,305613,3147.77337805088,720,741.213203435596,0,3147.77337805088
67,306257,3701.75157283742,720,741.213203435596,0,3701.75157283742
67,306258,3685.59508867303,720,741.213203435596,0,3685.59508867303
67,306259,3669.61119847239,720,741.213203435596,0,3669.61119847239
67,306260,3653.80216732021,720,741.213203435596,0,3653.80216732021
67,306261,3638.17027467738,720,741.213203435596,0,3638.17027467738
67,306279,3389.74711255593,720,741.213203435596,0,3389.74711255593
67,306280,3377.92602211981,720,741.213203435596,0,3377.92602211981
67,306281,3366.32910964758,720,741.213203435596,0,3366.32910964758
67,306307,3150.63380530409,720,741.213203435596,0,3150.63380530409
67,306308,3145.88251716813,720,741.213203435596,0,3145.88251716813
67,306309,3141.40875854876,720,741.213203435596,0,3141.40875854876
67,306310,3137.21371674199,720,741.213203435596,0,3137.21371674199
67,306311,3133.29851123565,720,741.213203435596,0,3133.29851123565
67,306312,3129.66419225376,720,741.213203435596,0,3129.66419225376
67,306313,3126.31173938268,720,741.213203435596,0,3126.31173938268
67,306314,3123.24206028017,720,741.213203435596,0,3123.24206028017
67,306315,3120.45598946172,720,741.213203435596,0,3120.45598946172
67,306960,3676.67475046853,720,741.213203435596,0,3676.67475046853
67,306961,3660.40749496066,720,741.213203435596,0,3660.40749496066
67,306981,3374.48315321422,720,741.213203435596,0,3374.48315321422
67,306982,3362.34235248909,720,741.213203435596,0,3362.34235248909
67,306983,3350.42450873066,720,741.213203435596,0,3350.42450873066
67,306984,3338.73200952121,720,741.213203435596,0,3338.73200952121
67,306985,3327.26723054457,720,741.213203435596,0,3327.26723054457
67,307014,3103.6287096902,720,741.213203435596,0,3103.6287096902
67,307015,3099.95958697853,720,741.213203435596,0,3099.95958697853
67,307016,3096.5749568804,720,741.213203435596,0,3096.5749568804
67,307017,3093.47575320247,720,741.213203435596,0,3093.47575320247
67,307018,3090.66283458991,720,741.213203435596,0,3090.66283458991
67,307019,3088.13698335653,720,741.213203435596,0,3088.13698335653
67,307020,3085.89890440819,720,741.213203435596,0,3085.89890440819
67,307663,3651.67073104079,720,741.213203435596,0,3651.67073104079
67,307685,3334.98067417434,720,741.213203435596,0,3334.98067417434
67,307686,3322.96463417855,720,741.213203435596,0,3322.96463417855
67,307687,3311.1751058889,720,741.213203435596,0,3311.1751058889
67,307688,3299.61451728701,720,741.213203435596,0,3299.61451728701
67,307718,3070.25899869424,720,741.213203435596,0,3070.25899869424
67,307719,3066.84157218641,720,741.213203435596,0,3066.84157218641
67,307720,3063.71227398039,720,741.213203435596,0,3063.71227398039
67,307721,3060.87198778368,720,741.213203435596,0,3060.87198778368
67,307722,3058.32151882094,720,741.213203435596,0,3058.32151882094
67,307723,3056.0615927016,720,741.213203435596,0,3056.0615927016
67,307724,3054.0928544019,720,741.213203435596,0,3054.0928544019
67,307725,3052.41586734986,720,741.213203435596,0,3052.41586734986
67,307832,4307.77839054515,720,741.213203435596,0,4307.77839054515
67,308388,3307.66314675419,720,741.213203435596,0,3307.66314675419
67,308389,3295.54743932103,720,741.213203435596,0,3295.54743932103
67,308390,3283.65941075296,720,741.213203435596,0,3283.65941075296
67,308391,3272.00154270142,720,741.213203435596,0,3272.00154270142
67,308392,3260.57630391404,720,741.213203435596,0,3260.57630391404
67,308423,3033.95170583842,720,741.213203435596,0,3033.95170583842
67,308424,3031.08351709767,720,741.213203435596,0,3031.08351709767
67,308425,3028.50794790556,720,741.213203435596,0,3028.50794790556
67,308426,3026.22574539292,720,741.213203435596,0,3026.22574539292
67,308427,3024.2375737166,720,741.213203435596,0,3024.2375737166
67,308428,3022.54401309826,720,741.213203435596,0,3022.54401309826
67,308429,3021.14555899005,720,741.213203435596,0,3021.14555899005
67,308430,3020.04262134403,720,741.213203435596,0,3020.04262134403
67,308534,4265.4866565532,720,741.213203435596,0,4265.4866565532
67,308535,4286.66934370283,720,741.213203435596,0,4286.66934370283
67,308536,4307.95548672701,720,741.213203435596,0,4307.95548672701
67,309093,3256.18596878512,720,741.213203435596,0,3256.18596878512
67,309094,3244.42932142276,720,741.213203435596,0,3244.42932142276
67,309095,3232.90658051243,720,741.213203435596,0,3232.90658051243
67,309096,3221.62025589092,720,741.213203435596,0,3221.62025589092
67,309128,2998.69632709238,720,741.213203435596,0,2998.69632709238
67,309129,2996.3914062277,720,741.213203435596,0,2996.3914062277
67,309130,2994.38341479342,720,741.213203435596,0,2994.38341479342
67,309131,2992.67295047862,720,741.213203435596,0,2992.67295047862
67,309132,2991.26052368194,720,741.213203435596,0,2991.26052368194
67,309133,2990.14655674558,720,741.213203435596,0,2990.14655674558
67,309134,2989.33138333121,720,741.213203435596,0,2989.33138333121
67,309238,4265.66558181064,720,741.213203435596,0,4265.66558181064
67,309797,3216.89890134499,720,741.213203435596,0,3216.89890134499
67,309798,3205.27712943795,720,741.213203435596,0,3205.27712943795
67,309799,3193.89311019867,720,741.213203435596,0,3193.89311019867
67,309800,3182.74939480092,720,741.213203435596,0,3182.74939480092
67,309833,2964.53041151913,720,741.213203435596,0,2964.53041151913
67,309834,2962.80270343097,720,741.213203435596,0,2962.80270343097
67,309835,2961.3760223913,720,741.213203435596,0,2961.3760223913
67,309836,2960.25080363477,720,741.213203435596,0,2960.25080363477
67,309837,2959.42739102433,720,741.213203435596,0,2959.42739102433
67,310501,3177.68900117646,720,741.213203435596,0,3177.68900117646
67,310502,3166.20572911926,720,741.213203435596,0,3166.20572911926
67,310503,3154.96415946289,720,741.213203435596,0,3154.96415946289
67,310504,3143.96688490259,720,741.213203435596,0,3143.96688490259
67,310538,2931.49207145364,720,741.213203435596,0,2931.49207145364
67,310539,2930.35537155005,720,741.213203435596,0,2930.35537155005
67,310540,2929.52355164944,720,741.213203435596,0,2929.52355164944
67,311205,3138.55916502368,720,741.213203435596,0,3138.55916502368
67,311206,3127.21815331155,720,741.213203435596,0,3127.21815331155
67,311207,3116.12290058489,720,741.213203435596,0,3116.12290058489
67,311208,3105.27604116053,720,741.213203435596,0,3105.27604116053
67,311910,3088.31758134711,720,741.213203435596,0,3088.31758134711
67,311911,3077.37265868515,720,741.213203435596,0,3077.37265868515
67,311912,3066.68033781271,720,741.213203435596,0,3066.68033781271
67,311913,3056.24326992562,720,741.213203435596,0,3056.24326992562
67,312614,3049.50734751651,720,741.213203435596,0,3049.50734751651
67,312615,3038.71692050994,720,741.213203435596,0,3038.71692050994
67,312616,3028.18341746234,720,741.213203435596,0,3028.18341746234
67,312617,3017.9095286225,720,741.213203435596,0,3017.9095286225
67,312618,3007.89791423791,720,741.213203435596,0,3007.89791423791
67,313319,3000.15934379176,720,741.213203435596,0,3000.15934379176
67,313320,2989.78910076988,720,741.213203435596,0,2989.78910076988
67,313321,2979.68294991546,720,741.213203435596,0,2979.68294991546
67,313322,2969.84358728482,720,741.213203435596,0,2969.84358728482
67,314023,2961.70376721534,720,741.213203435596,0,2961.70376721534
67,314024,2951.50139676165,720,741.213203435596,0,2951.50139676165
67,314025,2941.56771654843,720,741.213203435596,0,2941.56771654843
67,314026,2931.90545765351,720,741.213203435596,0,2931.90545765351
67,314728,2913.32451379303,720,741.213203435596,0,2913.32451379303
67,314729,2903.56821840057,720,741.213203435596,0,2903.56821840057
67,314730,2894.08809996939,720,741.213203435596,0,2894.08809996939
67,315432,2875.26287123757,720,741.213203435596,0,2875.26287123757
67,315433,2865.68906451569,720,741.213203435596,0,2865.68906451569
67,315434,2856.3963161851,720,741.213203435596,0,2856.3963161851
67,315435,2847.38737804034,720,741.213203435596,0,2847.38737804034
67,316136,2837.32111191288,720,741.213203435596,0,2837.32111191288
67,316137,2827.9350959046,720,741.213203435596,0,2827.9350959046
67,316138,2818.83514872575,720,741.213203435596,0,2818.83514872575
67,316139,2810.02404958147,720,741.213203435596,0,2810.02404958147
67,316140,2801.50452387024,720,741.213203435596,0,2801.50452387024
67,316841,2790.3113991601,720,741.213203435596,0,2790.3113991601
67,316842,2781.40989445601,720,741.213203435596,0,2781.40989445601
67,316843,2772.80240583439,720,741.213203435596,0,2772.80240583439
67,316844,2764.49167963075,720,741.213203435596,0,2764.49167963075
67,318257,2656.26549579706,720,741.213203435596,0,2656.26549579706
67,318960,2626.99798973478,720,741.213203435596,0,2626.99798973478
67,318961,2620.95594474107,720,741.213203435596,0,2620.95594474107
67,319663,2597.74515407347,720,741.213203435596,0,2597.74515407347
67,319664,2591.63487804962,720,741.213203435596,0,2591.63487804962
67,319669,2566.09868451517,720,741.213203435596,0,2566.09868451517
67,320366,2568.50749005751,720,741.213203435596,0,2568.50749005751
67,320367,2562.32745984985,720,741.213203435596,0,2562.32745984985
67,320368,2556.48239359769,720,741.213203435596,0,2556.48239359769
67,320369,2550.97459381867,720,741.213203435596,0,2550.97459381867
67,320371,2540.97943205943,720,741.213203435596,0,2540.97943205943
67,320372,2536.49609115738,720,741.213203435596,0,2536.49609115738
67,320373,2532.35805111052,720,741.213203435596,0,2532.35805111052
67,321070,2533.03416388653,720,741.213203435596,0,2533.03416388653
67,321071,2527.12131321851,720,741.213203435596,0,2527.12131321851
67,321072,2521.54935107678,720,741.213203435596,0,2521.54935107678
67,321074,2511.4370292607,720,741.213203435596,0,2511.4370292607
67,321075,2506.90083086292,720,741.213203435596,0,2506.90083086292
67,321076,2502.7138353204,720,741.213203435596,0,2502.7138353204
67,321077,2498.87779795545,720,741.213203435596,0,2498.87779795545
67,321078,2495.39433729538,720,741.213203435596,0,2495.39433729538
67,321779,2473.07605574898,720,741.213203435596,0,2473.07605574898
67,321780,2469.19395388639,720,741.213203435596,0,2469.19395388639
67,321781,2465.66853770018,720,741.213203435596,0,2465.66853770018
67,321782,2462.50133912931,720,741.213203435596,0,2462.50133912931
67,321783,2459.69374193877,720,741.213203435596,0,2459.69374193877
67,322484,2435.94728402369,720,741.213203435596,0,2435.94728402369
67,322485,2432.74137424839,720,741.213203435596,0,2432.74137424839
67,322486,2429.89937621933,720,741.213203435596,0,2429.89937621933
67,322487,2427.42256812879,720,741.213203435596,0,2427.42256812879
67,322488,2425.31206880707,720,741.213203435596,0,2425.31206880707
67,323189,2400.10792392823,720,741.213203435596,0,2400.10792392823
67,323190,2397.60032688733,720,741.213203435596,0,2397.60032688733
67,323191,2395.46354162051,720,741.213203435596,0,2395.46354162051
67,323192,2393.69856116826,720,741.213203435596,0,2393.69856116826
67,323193,2392.30620845284,720,741.213203435596,0,2392.30620845284
67,323894,2365.61660479851,720,741.213203435596,0,2365.61660479851
67,323895,2363.82932927305,720,741.213203435596,0,2363.82932927305
67,323896,2362.41936483498,720,741.213203435596,0,2362.41936483498
67,323897,2361.38738735273,720,741.213203435596,0,2361.38738735273
67,323898,2360.73389252878,720,741.213203435596,0,2360.73389252878
67,324598,2333.96117955383,720,741.213203435596,0,2333.96117955383
67,324599,2332.53315286827,720,741.213203435596,0,2332.53315286827
67,324600,2331.48794138119,720,741.213203435596,0,2331.48794138119
67,324601,2330.82606008903,720,741.213203435596,0,2330.82606008903
67,324602,2330.54783559231,720,741.213203435596,0,2330.54783559231
67,325302,2302.64759714708,720,741.213203435596,0,2302.64759714708
67,325303,2301.58880819259,720,741.213203435596,0,2301.58880819259
67,325304,2300.91832253598,720,741.213203435596,0,2300.91832253598
67,325305,2300.63647967211,720,741.213203435596,0,2300.63647967211
67,325306,2300.74342242906,720,741.213203435596,0,2300.74342242906
67,325307,2301.23909660323,720,741.213203435596,0,2301.23909660323
67,326007,2271.01068361881,720,741.213203435596,0,2271.01068361881
67,326008,2270.72512707978,720,741.213203435596,0,2270.72512707978
67,326009,2270.83347906666,720,741.213203435596,0,2270.83347906666
67,326010,2271.33568320661,720,741.213203435596,0,2271.33568320661
67,326011,2272.2314783534,720,741.213203435596,0,2272.2314783534
67,326712,2240.92357678325,720,741.213203435596,0,2240.92357678325
67,326713,2241.43248513332,720,741.213203435596,0,2241.43248513332
67,328117,2180.99109063378,720,741.213203435596,0,2180.99109063378
67,328820,2151.07975275818,720,741.213203435596,0,2151.07975275818
67,328821,2151.19413354865,720,741.213203435596,0,2151.19413354865
67,329523,2121.16841895246,720,741.213203435596,0,2121.16841895246
67,329524,2121.28441320251,720,741.213203435596,0,2121.28441320251
67,329525,2121.82202816556,720,741.213203435596,0,2121.82202816556
67,330227,2091.37474325143,720,741.213203435596,0,2091.37474325143
67,330228,2091.92004782592,720,741.213203435596,0,2091.92004782592
67,330229,2092.89266883902,720,741.213203435596,0,2092.89266883902
67,330230,2094.29201093551,720,741.213203435596,0,2094.29201093551
67,330931,2062.01834311094,720,741.213203435596,0,2062.01834311094
67,330932,2063.00506688846,720,741.213203435596,0,2063.00506688846
67,330933,2064.42467562171,720,741.213203435596,0,2064.42467562171
67,330934,2066.27627708587,720,741.213203435596,0,2066.27627708587
67,330935,2068.55871123012,720,741.213203435596,0,2068.55871123012
67,331636,2034.55863741774,720,741.213203435596,0,2034.55863741774
67,331637,2036.43740443156,720,741.213203435596,0,2036.43740443156
67,331638,2038.75325664762,720,741.213203435596,0,2038.75325664762
67,331639,2041.50470659944,720,741.213203435596,0,2041.50470659944
67,332341,2008.95095378627,720,741.213203435596,0,2008.95095378627
67,332342,2011.74317960441,720,741.213203435596,0,2011.74317960441
67,332343,2014.97553397607,720,741.213203435596,0,2014.97553397607
67,333045,1981.98616741758,720,741.213203435596,0,1981.98616741758
67,333046,1985.26698952192,720,741.213203435596,0,1985.26698952192
67,333047,1988.99220135127,720,741.213203435596,0,1988.99220135127
67,333048,1993.15931121482,720,741.213203435596,0,1993.15931121482
67,333749,1955.56463211677,720,741.213203435596,0,1955.56463211677
67,333750,1959.34633676017,720,741.213203435596,0,1959.34633676017
67,333751,1963.57638493704,720,741.213203435596,0,1963.57638493704
67,333752,1968.25188599175,720,741.213203435596,0,1968.25188599175
67,334399,2341.90878458406,720,741.213203435596,0,2341.90878458406
67,334452,1925.86874802646,720,741.213203435596,0,1925.86874802646
67,334453,1929.70867004612,720,741.213203435596,0,1929.70867004612
67,334454,1934.00356582395,720,741.213203435596,0,1934.00356582395
67,334455,1938.75041166554,720,741.213203435596,0,1938.75041166554
67,334456,1943.94589677463,720,741.213203435596,0,1943.94589677463
67,334457,1949.58643439697,720,741.213203435596,0,1949.58643439697
67,334458,1955.6681736747,720,741.213203435596,0,1955.6681736747
67,334459,1962.18701213772,720,741.213203435596,0,1962.18701213772
67,335102,2317.5575729576,720,741.213203435596,0,2317.5575729576
67,335103,2300.22915802494,720,741.213203435596,0,2300.22915802494
67,335156,1900.07958482332,720,741.213203435596,0,1900.07958482332
67,335157,1904.44132471815,720,741.213203435596,0,1904.44132471815
67,335158,1909.26169612539,720,741.213203435596,0,1909.26169612539
67,335159,1914.53723485739,720,741.213203435596,0,1914.53723485739
67,335160,1920.26418947619,720,741.213203435596,0,1920.26418947619
67,335161,1926.43853405201,720,741.213203435596,0,1926.43853405201
67,335162,1933.05598158468,720,741.213203435596,0,1933.05598158468
67,335163,1940.11199799551,720,741.213203435596,0,1940.11199799551
67,335805,2293.33792672203,720,741.213203435596,0,2293.33792672203
67,335860,1874.8901619841,720,741.213203435596,0,1874.8901619841
67,335861,1879.78633982382,720,741.213203435596,0,1879.78633982382
67,335862,1885.14439533424,720,741.213203435596,0,1885.14439533424
67,335863,1890.96040231456,720,741.213203435596,0,1890.96040231456
67,335864,1897.23014918447,720,741.213203435596,0,1897.23014918447
67,335865,1903.94915342142,720,741.213203435596,0,1903.94915342142
67,335866,1911.1126765955,720,741.213203435596,0,1911.1126765955
67,335867,1918.71573987848,720,741.213203435596,0,1918.71573987848
67,335868,1926.75313993795,720,741.213203435596,0,1926.75313993795
67,336565,1855.7681300199,720,741.213203435596,0,1855.7681300199
67,336566,1861.67594451649,720,741.213203435596,0,1861.67594451649
67,336567,1868.0440160767,720,741.213203435596,0,1868.0440160767
67,336568,1874.86765485427,720,741.213203435596,0,1874.86765485427
67,336569,1882.14190592862,720,741.213203435596,0,1882.14190592862
67,336570,1889.86156595997,720,741.213203435596,0,1889.86156595997
67,336571,1898.02120023654,720,741.213203435596,0,1898.02120023654
67,336572,1906.61515996448,720,741.213203435596,0,1906.61515996448
67,336573,1915.63759972381,720,741.213203435596,0,1915.63759972381
67,336683,4287.8799681179,720,741.213203435596,0,4287.8799681179
67,337273,1861.04077872117,720,741.213203435596,0,1861.04077872117
67,337274,1869.32626482573,720,741.213203435596,0,1869.32626482573
67,337275,1878.05158392973,720,741.213203435596,0,1878.05158392973
67,337276,1887.21063548009,720,741.213203435596,0,1887.21063548009
67,337277,1896.79713640261,720,741.213203435596,0,1896.79713640261
67,337385,4248.12855022189,720,741.213203435596,0,4248.12855022189
67,337386,4275.26494476004,720,741.213203435596,0,4275.26494476004
67,337387,4302.4381087217,720,741.213203435596,0,4302.4381087217
67,337978,1849.53062400359,720,741.213203435596,0,1849.53062400359
67,337979,1858.83026266304,720,741.213203435596,0,1858.83026266304
67,337980,1868.56242456845,720,741.213203435596,0,1868.56242456845
67,337981,1878.72038805192,720,741.213203435596,0,1878.72038805192
67,337982,1889.29728505243,720,741.213203435596,0,1889.29728505243
67,338682,1830.49864835965,720,741.213203435596,0,1830.49864835965
67,338683,1840.38069047801,720,741.213203435596,0,1840.38069047801
67,338684,1850.69339778398,720,741.213203435596,0,1850.69339778398
67,338685,1861.42961236641,720,741.213203435596,0,1861.42961236641
67,338686,1872.58204986087,720,741.213203435596,0,1872.58204986087
67,338690,1921.20500854424,720,741.213203435596,0,1921.20500854424
67,338691,1934.32622090381,720,741.213203435596,0,1934.32622090381
67,338692,1947.81835789847,720,741.213203435596,0,1947.81835789847
67,338792,4250.55407937009,720,741.213203435596,0,4250.55407937009
67,339387,1822.72631029885,720,741.213203435596,0,1822.72631029885
67,339388,1833.62634302031,720,741.213203435596,0,1833.62634302031
67,339389,1844.94691562557,720,741.213203435596,0,1844.94691562557
67,339390,1856.6803357695,720,741.213203435596,0,1856.6803357695
67,339391,1868.81882724973,720,741.213203435596,0,1868.81882724973
67,339392,1881.35454952882,720,741.213203435596,0,1881.35454952882
67,339393,1894.27961639025,720,741.213203435596,0,1894.27961639025
67,339394,1907.58611370559,720,741.213203435596,0,1907.58611370559
67,339395,1921.26611624351,720,741.213203435596,0,1921.26611624351
67,339396,1935.31170350826,720,741.213203435596,0,1935.31170350826
67,339397,1949.71497458882,720,741.213203435596,0,1949.71497458882
67,339494,4211.08726904552,720,741.213203435596,0,4211.08726904552
67,339495,4238.46126424514,720,741.213203435596,0,4238.46126424514
67,339496,4265.86931130943,720,741.213203435596,0,4265.86931130943
67,340092,1817.38386231769,720,741.213203435596,0,1817.38386231769
67,340093,1829.29414922374,720,741.213203435596,0,1829.29414922374
67,340094,1841.61322417959,720,741.213203435596,0,1841.61322417959
67,340095,1854.33293997718,720,741.213203435596,0,1854.33293997718
67,340096,1867.44510998514,720,741.213203435596,0,1867.44510998514
67,340097,1880.94152674845,720,741.213203435596,0,1880.94152674845
67,340098,1894.81397952485,720,741.213203435596,0,1894.81397952485
67,340099,1909.05427075028,720,741.213203435596,0,1909.05427075028
67,340100,1923.65423141734,720,741.213203435596,0,1923.65423141734
67,340101,1938.60573535084,720,741.213203435596,0,1938.60573535084
67,340102,1953.90071240395,720,741.213203435596,0,1953.90071240395
67,340103,1969.53116056418,720,741.213203435596,0,1969.53116056418
67,340106,2018.35655872651,720,741.213203435596,0,2018.35655872651
67,340107,2035.25059967135,720,741.213203435596,0,2035.25059967135
67,340108,2052.44147552749,720,741.213203435596,0,2052.44147552749
67,340109,2069.92179059157,720,741.213203435596,0,2069.92179059157
67,340112,2124.02731983496,720,741.213203435596,0,2124.02731983496
67,340113,2142.59400514062,720,741.213203435596,0,2142.59400514062
67,340114,2161.41511237458,720,741.213203435596,0,2161.41511237458
67,340202,4336.67796613661,720,741.213203435596,0,4336.67796613661
67,340203,4364.28928160013,720,741.213203435596,0,4364.28928160013
67,340797,1814.4927994883,720,741.213203435596,0,1814.4927994883
67,340798,1827.40136726066,720,741.213203435596,0,1827.40136726066
67,340799,1840.70546423793,720,741.213203435596,0,1840.70546423793
67,340800,1854.39657744015,720,741.213203435596,0,1854.39657744015
67,340801,1868.46619934909,720,741.213203435596,0,1868.46619934909
67,340802,1882.90584499915,720,741.213203435596,0,1882.90584499915
67,340803,1897.70706788248,720,741.213203435596,0,1897.70706788248
67,340804,1912.86147464451,720,741.213203435596,0,1912.86147464451
67,340805,1928.36073860754,720,741.213203435596,0,1928.36073860754
67,340806,1944.19661211339,720,741.213203435596,0,1944.19661211339
67,340807,1960.36093774427,720,741.213203435596,0,1960.36093774427
67,340808,1976.84565842571,720,741.213203435596,0,1976.84565842571
67,340809,1993.6428264772,720,741.213203435596,0,1993.6428264772
67,340810,2010.74461163458,720,741.213203435596,0,2010.74461163458
67,340811,2028.14330809905,720,741.213203435596,0,2028.14330809905
67,340812,2045.83134067284,720,741.213203435596,0,2045.83134067284
67,340813,2063.80127000702,720,741.213203435596,0,2063.80127000702
67,340814,2082.04579704805,720,741.213203435596,0,2082.04579704805
67,340815,2100.55776669785,720,741.213203435596,0,2100.55776669785
67,340816,2119.33017078011,720,741.213203435596,0,2119.33017078011
67,340817,2138.35615032351,720,741.213203435596,0,2138.35615032351
67,340818,2157.62899725053,720,741.213203435596,0,2157.62899725053
67,340905,4325.24028789865,720,741.213203435596,0,4325.24028789865
67,341504,1842.22725328311,720,741.213203435596,0,1842.22725328311
67,341505,1856.87103136324,720,741.213203435596,0,1856.87103136324
67,341506,1871.87820716324,720,741.213203435596,0,1871.87820716324
67,341507,1887.24011157628,720,741.213203435596,0,1887.24011157628
67,341508,1902.94815378426,720,741.213203435596,0,1902.94815378426
67,341509,1918.99383380719,720,741.213203435596,0,1918.99383380719
67,341510,1935.36875384087,720,741.213203435596,0,1935.36875384087
67,341511,1952.06462839788,720,741.213203435596,0,1952.06462839788
67,341512,1969.07329332621,720,741.213203435596,0,1969.07329332621
67,341513,1986.38671373066,720,741.213203435596,0,1986.38671373066
67,341514,2003.99699087168,720,741.213203435596,0,2003.99699087168
67,341515,2021.89636809251,720,741.213203435596,0,2021.89636809251
67,341516,2040.07723582277,720,741.213203435596,0,2040.07723582277
67,341517,2058.53213574209,720,741.213203435596,0,2058.53213574209
67,341518,2077.2537641254,720,741.213203435596,0,2077.2537641254
67,341519,2096.23497447238,720,741.213203435596,0,2096.23497447238
67,341520,2115.46877943313,720,741.213203435596,0,2115.46877943313
67,342213,1910.51794390258,720,741.213203435596,0,1910.51794390258
67,342214,1927.42918499432,720,741.213203435596,0,1927.42918499432
67,342215,1944.6534248893,720,741.213203435596,0,1944.6534248893
67,342216,1962.1824209975,720,741.213203435596,0,1962.1824209975
67,342217,1980.00807932036,720,741.213203435596,0,1980.00807932036
67,342218,1998.12246012256,720,741.213203435596,0,1998.12246012256
67,342219,2016.51778263299,720,741.213203435596,0,2016.51778263299
67,342220,2035.18642887387,720,741.213203435596,0,2035.18642887387
67,342221,2054.12094663925,720,741.213203435596,0,2054.12094663925
67,354295,5102.84807911424,720,741.213203435596,0,5102.84807911424
67,354997,5067.37493001909,720,741.213203435596,0,5067.37493001909
67,354998,5096.64810166798,720,741.213203435596,0,5096.64810166798
67,354999,5125.9286442759,720,741.213203435596,0,5125.9286442759
67,355701,5090.61632998577,720,741.213203435596,0,5090.61632998577
67,358329,1032.52487062558,720,741.213203435596,0,1032.52487062558
67,358511,5009.30999312741,720,741.213203435596,0,5009.30999312741
67,359031,1022.34681979169,720,741.213203435596,0,1022.34681979169
67,359032,1006.71491652352,720,741.213203435596,0,1006.71491652352
67,359033,991.739022081174,720,741.213203435596,0,991.739022081174
67,359214,5004.06665917892,720,741.213203435596,0,5004.06665917892
67,359215,5033.53121177155,720,741.213203435596,0,5033.53121177155
67,359216,5063.00101235509,720,741.213203435596,0,5063.00101235509
67,359733,1013.83314073856,720,741.213203435596,0,1013.83314073856
67,359734,997.170947595693,720,741.213203435596,0,997.170947595693
67,359735,981.137926785194,720,741.213203435596,0,981.137926785194
67,359736,965.765414167552,720,741.213203435596,0,965.765414167552
67,359917,4998.9968038545,720,741.213203435596,0,4998.9968038545
67,359918,5028.49122160366,720,741.213203435596,0,5028.49122160366
67,359919,5057.9905453664,720,741.213203435596,0,5057.9905453664
67,360436,989.345283391261,720,741.213203435596,0,989.345283391261
67,360437,972.263426777201,720,741.213203435596,0,972.263426777201
67,360438,955.812603564549,720,741.213203435596,0,955.812603564549
67,360439,940.025944331187,720,741.213203435596,0,940.025944331187
67,360440,924.937457184502,720,741.213203435596,0,924.937457184502
67,360621,5023.62427583713,720,741.213203435596,0,5023.62427583713
67,361139,965.163165382049,720,741.213203435596,0,965.163165382049
67,361140,947.64541728614,720,741.213203435596,0,947.64541728614
67,361141,930.759490106508,720,741.213203435596,0,930.759490106508
67,361142,914.540382030395,720,741.213203435596,0,914.540382030395
67,361143,899.024183620322,720,741.213203435596,0,899.024183620322
67,361144,884.247898232011,720,741.213203435596,0,884.247898232011
67,361842,941.310350194337,720,741.213203435596,0,941.310350194337
67,361843,923.340076185512,720,741.213203435596,0,923.340076185512
67,361844,906.001168457152,720,741.213203435596,0,906.001168457152
67,361845,889.330556230749,720,741.213203435596,0,889.330556230749
67,361846,873.366509145501,720,741.213203435596,0,873.366509145501
67,361847,858.148460579824,720,741.213203435596,0,858.148460579824
67,362545,917.812512711281,720,741.213203435596,0,917.812512711281
67,362546,899.372753206213,720,741.213203435596,0,899.372753206213
67,362547,881.56247628947,720,741.213203435596,0,881.56247628947
67,362548,864.420591877387,720,741.213203435596,0,864.420591877387
67,362549,847.987635166518,720,741.213203435596,0,847.987635166518
67,362550,832.305598202135,720,741.213203435596,0,832.305598202135
67,363249,875.771200520558,720,741.213203435596,0,875.771200520558
67,363250,857.470743227228,720,741.213203435596,0,857.470743227228
67,363251,839.837171486529,720,741.213203435596,0,839.837171486529
67,363252,822.913356937669,720,741.213203435596,0,822.913356937669
67,363253,806.743968514455,720,741.213203435596,0,806.743968514455
67,363953,833.756046401436,720,741.213203435596,0,833.756046401436
67,363956,781.491168346992,720,741.213203435596,0,781.491168346992
67,363957,765.615615787925,720,741.213203435596,0,765.615615787925
67,363958,750.596845844086,720,741.213203435596,0,750.596845844086
67,364659,756.578122343523,720,741.213203435596,0,756.578122343523
67,364660,740.168324147704,720,741.213203435596,67,0
67,364661,724.622232253809,720,741.213203435596,67,0
67,364662,709.996584091796,720,741.213203435596,67,0
67,364663,696.349379199468,720,741.213203435596,67,0
67,365363,715.066723138876,720,741.213203435596,67,0
67,365364,698.962465013209,720,741.213203435596,67,0
67,365365,683.788113831491,720,741.213203435596,67,0
67,365366,669.606892066892,720,741.213203435596,67,0
67,365367,656.483163039831,720,741.213203435596,67,0
67,366065,707.914298359325,720,741.213203435596,67,0
67,366066,690.348522518427,720,741.213203435596,67,0
67,366067,673.653523001327,720,741.213203435596,67,0
67,366068,657.895594564212,720,741.213203435596,67,0
67,366069,643.143619599437,720,741.213203435596,67,0
67,366768,684.246186272083,720,741.213203435596,67,0
67,366769,666.056409082612,720,741.213203435596,67,0
67,366771,632.357838261873,720,741.213203435596,67,0
67,366772,616.995489848797,720,741.213203435596,67,0
67,366773,602.727136261,720,741.213203435596,67,0
67,367471,661.084280987432,720,741.213203435596,67,0
67,367472,642.238733767311,720,741.213203435596,67,0
67,367475,591.204319243068,720,741.213203435596,67,0
67,367476,576.297683323756,720,741.213203435596,67,0
67,368174,638.483675002321,720,741.213203435596,67,0
67,368175,618.950269211514,720,741.213203435596,67,0
67,368176,600.272483897776,720,741.213203435596,67,0
67,368177,582.532626336015,720,741.213203435596,67,0
67,368178,565.818922646132,720,741.213203435596,67,0
67,368179,550.224892529153,720,741.213203435596,67,0
67,368878,596.253028418458,720,741.213203435596,67,0
67,368879,576.840680447565,720,741.213203435596,67,0
67,368880,558.356752996297,720,741.213203435596,67,0
67,368881,540.89643453646,720,741.213203435596,67,0
67,368882,524.56194910498,720,741.213203435596,67,0
67,369582,554.033103567199,720,741.213203435596,67,0
67,369583,534.761311261297,720,741.213203435596,67,0
67,369584,516.503868425671,720,741.213203435596,67,0
67,369585,499.372043746268,720,741.213203435596,67,0
67,369586,483.485507492329,720,741.213203435596,67,0
67,370285,531.930054247686,720,741.213203435596,67,0
67,370286,511.826581922407,720,741.213203435596,67,0
67,370287,492.719933469617,720,741.213203435596,67,0
67,370288,474.730482734107,720,741.213203435596,67,0
67,370289,457.98989635257,720,741.213203435596,67,0
67,370290,442.639892699958,720,741.213203435596,67,0
67,370989,489.645416028716,720,741.213203435596,67,0
67,370990,469.63710789665,720,741.213203435596,67,0
67,370991,450.727210110045,720,741.213203435596,67,0
67,370992,433.059635503515,720,741.213203435596,67,0
67,370993,416.792397984775,720,741.213203435596,67,0
67,370994,402.095490253324,720,741.213203435596,67,0
67,371157,4703.19941200877,720,741.213203435596,0,4703.19941200877
67,371158,4733.02736948729,720,741.213203435596,0,4733.02736948729
67,371692,468.324898386639,720,741.213203435596,67,0
67,371693,447.363931183624,720,741.213203435596,67,0
67,371694,427.469762868244,720,741.213203435596,67,0
67,371695,408.798170470716,720,741.213203435596,67,0
67,371696,391.524105212775,720,741.213203435596,67,0
67,371697,375.840312521929,720,741.213203435596,67,0
67,371698,361.953575531751,720,741.213203435596,67,0
67,371859,4671.19927660861,720,741.213203435596,0,4671.19927660861
67,371860,4701.04009047082,720,741.213203435596,0,4701.04009047082
67,371861,4730.88182232242,720,741.213203435596,0,4730.88182232242
67,372396,426.027410233465,720,741.213203435596,67,0
67,372397,405.086622755229,720,741.213203435596,67,0
67,372398,385.331849181307,720,741.213203435596,67,0
67,372399,366.954684454914,720,741.213203435596,67,0
67,372400,350.172088104461,720,741.213203435596,67,0
67,372401,335.223636581727,720,741.213203435596,67,0
67,372402,322.364585761949,720,741.213203435596,67,0
67,372563,4699.07017914458,720,741.213203435596,0,4699.07017914458
67,372564,4728.92450208914,720,741.213203435596,0,4728.92450208914
67,373100,383.730816119526,720,741.213203435596,67,0
67,373101,362.814990516074,720,741.213203435596,67,0
67,373102,343.234248671257,720,741.213203435596,67,0
67,373103,325.229819657783,720,741.213203435596,67,0
67,373104,309.077297358829,720,741.213203435596,67,0
67,373105,295.0809548372,720,741.213203435596,67,0
67,373151,1277.77638371776,720,741.213203435596,0,1277.77638371776
67,373267,4727.15564259789,720,741.213203435596,0,4727.15564259789
67,373276,4995.97298549797,720,741.213203435596,0,4995.97298549797
67,373277,5025.84425907588,720,741.213203435596,0,5025.84425907588
67,373278,5055.7160338016,720,741.213203435596,0,5055.7160338016
67,373279,5085.58830084086,720,741.213203435596,0,5085.58830084086
67,373803,363.583415573042,720,741.213203435596,67,0
67,373804,341.435490581163,720,741.213203435596,67,0
67,373805,320.55132508473,720,741.213203435596,67,0
67,373806,301.193913347723,720,741.213203435596,67,0
67,373807,283.675974482186,720,741.213203435596,67,0
67,373808,268.357983295225,720,741.213203435596,67,0
67,373809,255.635716472338,720,741.213203435596,67,0
67,373854,1271.87422116499,720,741.213203435596,0,1271.87422116499
67,373855,1301.27713172286,720,741.213203435596,0,1301.27713172286
67,373978,4964.59934434292,720,741.213203435596,0,4964.59934434292
67,373979,4994.47925625476,720,741.213203435596,0,4994.47925625476
67,373980,5024.35957067179,720,741.213203435596,0,5024.35957067179
67,373981,5054.24028045326,720,741.213203435596,0,5054.24028045326
67,373982,5084.1213786252,720,741.213203435596,0,5084.1213786252
67,373983,5114.00285838051,720,741.213203435596,0,5114.00285838051
67,374506,344.856280869932,720,741.213203435596,67,0
67,374507,321.420386176888,720,741.213203435596,67,0
67,374508,299.142019956265,720,741.213203435596,67,0
67,374509,278.299307971921,720,741.213203435596,67,0
67,374510,259.238760201901,720,741.213203435596,67,0
67,374511,242.381183316168,720,741.213203435596,67,0
67,374512,228.215281086119,720,741.213203435596,67,0
67,374513,217.268185147793,720,741.213203435596,67,0
67,374682,4993.16426764247,720,741.213203435596,0,4993.16426764247
67,374683,5023.05256467466,720,741.213203435596,0,5023.05256467466
67,374684,5052.94116370241,720,741.213203435596,0,5052.94116370241
67,374685,5082.83005939583,720,741.213203435596,0,5082.83005939583
67,375209,327.792926047535,720,741.213203435596,67,0
67,375210,303.040143557173,720,741.213203435596,67,0
67,375211,279.299369366971,720,741.213203435596,67,0
67,375212,256.851376740187,720,741.213203435596,67,0
67,375213,236.065255003039,720,741.213203435596,67,0
67,375214,217.418174009295,720,741.213203435596,67,0
67,375215,201.504846200788,720,741.213203435596,67,0
67,375216,189.017000765642,720,741.213203435596,67,0
67,375261,1291.74078785647,720,741.213203435596,0,1291.74078785647
67,375262,1321.37916530113,720,741.213203435596,0,1321.37916530113
67,375384,4962.13316710861,720,741.213203435596,0,4962.13316710861
67,375385,4992.02816091155,720,741.213203435596,0,4992.02816091155
67,375387,5051.81881981934,720,741.213203435596,0,5051.81881981934
67,375388,5081.71447702047,720,741.213203435596,0,5081.71447702047
67,375389,5111.61034760854,720,741.213203435596,0,5111.61034760854
67,375912,312.665866084034,720,741.213203435596,67,0
67,375913,286.609466173845,720,741.213203435596,67,0
67,375914,261.380414129075,720,741.213203435596,67,0
67,375915,237.242804286209,720,741.213203435596,67,0
67,375916,214.565300048379,720,741.213203435596,67,0
67,375917,193.860981866136,720,741.213203435596,67,0
67,375918,175.828282993246,720,741.213203435596,67,0
67,375919,161.365369321247,720,741.213203435596,67,0
67,376086,4931.26937183989,720,741.213203435596,0,4931.26937183989
67,376087,4961.170135867,720,741.213203435596,0,4961.170135867
67,376088,4991.07105821764,720,741.213203435596,0,4991.07105821764
67,376089,5020.97213606519,720,741.213203435596,0,5020.97213606519
67,376090,5050.87336664528,720,741.213203435596,0,5050.87336664528
67,376091,5080.77474725849,720,741.213203435596,0,5080.77474725849
67,376092,5110.67627527255,720,741.213203435596,0,5110.67627527255
67,376617,245.806219587377,720,741.213203435596,67,0
67,376618,219.966043229928,720,741.213203435596,67,0
67,376619,195.292408675939,720,741.213203435596,67,0
67,376620,172.287236111944,720,741.213203435596,67,0
67,376621,151.711438906765,720,741.213203435596,67,0
67,376791,4990.29306255613,720,741.213203435596,0,4990.29306255613
67,376792,5020.19893457681,720,741.213203435596,0,5020.19893457681
67,376793,5050.10490352975,720,741.213203435596,0,5050.10490352975
67,376794,5080.01096770056,720,741.213203435596,0,5080.01096770056
67,376795,5109.91712541829,720,741.213203435596,0,5109.91712541829
67,377320,233.047351028716,720,741.213203435596,67,0
67,377321,205.609741254489,720,741.213203435596,67,0
67,377322,178.96752589349,720,741.213203435596,67,0
67,377323,153.535327207262,720,741.213203435596,67,0
67,377324,130.025112291266,720,741.213203435596,67,0
67,377325,109.67987373293,720,741.213203435596,67,0
67,377326,94.5649582471367,720,741.213203435596,67,0
67,377327,87.4362608118834,720,741.213203435596,67,0
67,377328,90.207426698838,720,741.213203435596,67,0
67,378023,223.586295625552,720,741.213203435596,67,0
67,378024,194.820596344679,720,741.213203435596,67,0
67,378025,166.460263423814,720,741.213203435596,67,0
67,378026,138.754081781166,720,741.213203435596,67,0
67,378027,112.187755546582,720,741.213203435596,67,0
67,378028,87.8021135866378,720,741.213203435596,67,0
67,378029,67.9856689224454,720,741.213203435596,67,0
67,378030,57.6594535151963,720,741.213203435596,67,0
67,378031,61.7810274539313,720,741.213203435596,67,0
67,378032,78.0954512088359,720,741.213203435596,67,0
67,378033,100.849516697408,720,741.213203435596,67,0
67,378726,217.853136074939,720,741.213203435596,67,0
67,378727,188.213063726825,720,741.213203435596,67,0
67,378728,158.675949060259,720,741.213203435596,67,0
67,378729,129.312363126976,720,741.213203435596,67,0
67,378730,100.274865740657,720,741.213203435596,67,0
67,378731,71.9593019357858,720,741.213203435596,67,0
67,378732,45.7270660100966,720,741.213203435596,67,0
67,378733,28.1694691342654,720,741.213203435596,67,0
67,378734,35.8581150027862,720,741.213203435596,67,0
67,378735,59.7312382819432,720,741.213203435596,67,0
67,378736,87.4046236554473,720,741.213203435596,67,0
67,378737,116.194004324091,720,741.213203435596,67,0
67,379430,186.232766964071,720,741.213203435596,67,0
67,379431,156.321744672958,720,741.213203435596,67,0
67,379432,126.412312853179,720,741.213203435596,67,0
67,379433,96.5059502862135,720,741.213203435596,67,0
67,379434,66.606791370559,720,741.213203435596,67,0
67,379435,36.7324310359302,720,741.213203435596,67,0
67,379436,7.19853733375612,720,741.213203435596,67,0
67,379437,23.3261014033404,720,741.213203435596,67,0
67,379438,53.1614116693072,720,741.213203435596,67,0
67,379439,83.0536272013744,720,741.213203435596,67,0
67,379440,112.957580130778,720,741.213203435596,67,0
67,379441,142.865900210487,720,741.213203435596,67,0
67,379442,172.776319538375,720,741.213203435596,67,0
67,379443,202.687908766416,720,741.213203435596,67,0
67,380134,159.63806701873,720,741.213203435596,67,0
67,380135,130.490811786713,720,741.213203435596,67,0
67,380136,101.789693577897,720,741.213203435596,67,0
67,380137,74.0552612239237,720,741.213203435596,67,0
67,380138,48.9588802006885,720,741.213203435596,67,0
67,380139,33.1588966188604,720,741.213203435596,67,0
67,380140,39.8974076675804,720,741.213203435596,67,0
67,380141,62.240212815837,720,741.213203435596,67,0
67,380142,89.1382930225508,720,741.213203435596,67,0
67,380143,117.503943396534,720,741.213203435596,67,0
67,380144,146.487092888366,720,741.213203435596,67,0
67,380145,175.782565377006,720,741.213203435596,67,0
67,380146,205.256674524536,720,741.213203435596,67,0
67,380147,234.842170021454,720,741.213203435596,67,0
67,380148,264.501677579737,720,741.213203435596,67,0
67,380837,168.290019198403,720,741.213203435596,67,0
67,380838,140.943338321674,720,741.213203435596,67,0
67,380839,114.883760964626,720,741.213203435596,67,0
67,380840,91.2211176759567,720,741.213203435596,67,0
67,380841,72.3468447691904,720,741.213203435596,67,0
67,380842,62.7423258025979,720,741.213203435596,67,0
67,380843,66.5499271779945,720,741.213203435596,67,0
67,380844,81.9203639454267,720,741.213203435596,67,0
67,380845,103.840065058696,720,741.213203435596,67,0
67,380846,129.01291429588,720,741.213203435596,67,0
67,380847,155.870667090934,720,741.213203435596,67,0
67,380848,183.67568571858,720,741.213203435596,67,0
67,380849,212.055676768767,720,741.213203435596,67,0
67,380850,240.807438495612,720,741.213203435596,67,0
67,380851,269.81214702151,720,741.213203435596,67,0
67,380852,298.996198611823,720,741.213203435596,67,0
67,381523,671.225928133053,720,741.213203435596,0,671.225928133053
67,381524,641.608614391598,720,741.213203435596,0,641.608614391598
67,381540,181.51623128137,720,741.213203435596,67,0
67,381541,156.497893948116,720,741.213203435596,67,0
67,381542,133.509583493898,720,741.213203435596,67,0
67,381543,113.78838447652,720,741.213203435596,67,0
67,381544,99.3003196484422,720,741.213203435596,67,0
67,381545,92.5369115859489,720,741.213203435596,67,0
67,381546,95.1597394534081,720,741.213203435596,67,0
67,381547,106.477422503974,720,741.213203435596,67,0
67,381548,124.134106822017,720,741.213203435596,67,0
67,381549,145.845400795014,720,741.213203435596,67,0
67,381550,170.065442910156,720,741.213203435596,67,0
67,381551,195.865766008625,720,741.213203435596,67,0
67,381552,222.697802411811,720,741.213203435596,67,0
67,381553,250.229881479471,720,741.213203435596,67,0
67,381554,278.254282004624,720,741.213203435596,67,0
67,381555,306.636049418622,720,741.213203435596,67,0
67,381556,335.284442875316,720,741.213203435596,67,0
67,382226,675.990012387012,720,741.213203435596,0,675.990012387012
67,382227,646.590794299198,720,741.213203435596,0,646.590794299198
67,382228,617.24111398195,720,741.213203435596,0,617.24111398195
67,382244,175.80543376087,720,741.213203435596,67,0
67,382245,155.694356907572,720,741.213203435596,67,0
67,382246,139.153491190072,720,741.213203435596,67,0
67,382247,127.579130555878,720,741.213203435596,67,0
67,382248,122.388537460039,720,741.213203435596,67,0
67,382249,124.383490685976,720,741.213203435596,67,0
67,382250,133.24162455557,720,741.213203435596,67,0
67,382251,147.733501205123,720,741.213203435596,67,0
67,382252,166.393579646811,720,741.213203435596,67,0
67,382253,187.984676029575,720,741.213203435596,67,0
67,382254,211.611513393271,720,741.213203435596,67,0
67,382255,236.665176746459,720,741.213203435596,67,0
67,382256,262.737812793902,720,741.213203435596,67,0
67,382257,289.554295018548,720,741.213203435596,67,0
67,382258,316.925859402533,720,741.213203435596,67,0
67,382948,180.12787179465,720,741.213203435596,67,0
67,382949,166.039107789083,720,741.213203435596,67,0
67,382950,156.466319573937,720,741.213203435596,67,0
67,382951,152.26365861192,720,741.213203435596,67,0
67,382952,153.871774650357,720,741.213203435596,67,0
67,382953,161.116768406205,720,741.213203435596,67,0
67,382954,173.293080694278,720,741.213203435596,67,0
67,382955,189.452261265652,720,741.213203435596,67,0
67,382956,208.671070125833,720,741.213203435596,67,0
67,382957,230.184405299578,720,741.213203435596,67,0
67,382958,253.408551761061,720,741.213203435596,67,0
67,382959,277.914944711084,720,741.213203435596,67,0
67,382960,303.393024983462,720,741.213203435596,67,0
67,382961,329.61754723889,720,741.213203435596,67,0
67,383047,2869.12557444625,720,741.213203435596,0,2869.12557444625
67,383118,4991.35837433444,720,741.213203435596,0,4991.35837433444
67,383119,5021.25934397487,720,741.213203435596,0,5021.25934397487
67,383652,193.813492970607,720,741.213203435596,67,0
67,383653,185.678155165385,720,741.213203435596,67,0
67,383654,182.150714802888,720,741.213203435596,67,0
67,383655,183.497103110643,720,741.213203435596,67,0
67,383656,189.613525747138,720,741.213203435596,67,0
67,383657,200.062964568445,720,741.213203435596,67,0
67,383658,214.21225171885,720,741.213203435596,67,0
67,383659,231.383634101403,720,741.213203435596,67,0
67,383660,250.95752991738,720,741.213203435596,67,0
67,383661,272.4165484395,720,741.213203435596,67,0
67,383662,295.350077454322,720,741.213203435596,67,0
67,383663,319.440697140646,720,741.213203435596,67,0
67,383664,344.445711358764,720,741.213203435596,67,0
67,383694,1203.70833173441,720,741.213203435596,0,1203.70833173441
67,383695,1233.28747064391,720,741.213203435596,0,1233.28747064391
67,383749,2841.02045290631,720,741.213203435596,0,2841.02045290631
67,383750,2870.87449281829,720,741.213203435596,0,2870.87449281829
67,383751,2900.72978598733,720,741.213203435596,0,2900.72978598733
67,383820,4962.47802055293,720,741.213203435596,0,4962.47802055293
67,383821,4992.37287216843,720,741.213203435596,0,4992.37287216843
67,383822,5022.26796205688,720,741.213203435596,0,5022.26796205688
67,383823,5052.16328598548,720,741.213203435596,0,5052.16328598548
67,384356,215.082400459116,720,741.213203435596,67,0
67,384357,212.044659469507,720,741.213203435596,67,0
67,384358,213.202355059655,720,741.213203435596,67,0
67,384359,218.488806962347,720,741.213203435596,67,0
67,384360,227.616522475561,720,741.213203435596,67,0
67,384361,240.147895704542,720,741.213203435596,67,0
67,384362,255.582766025635,720,741.213203435596,67,0
67,384363,273.429875357755,720,741.213203435596,67,0
67,384364,293.249128145286,720,741.213203435596,67,0
67,384365,314.668100618847,720,741.213203435596,67,0
67,384366,337.382251914682,720,741.213203435596,67,0
67,384367,361.147286068989,720,741.213203435596,67,0
67,384368,385.769035218331,720,741.213203435596,67,0
67,384396,1179.15673116327,720,741.213203435596,0,1179.15673116327
67,384397,1208.5964643333,720,741.213203435596,0,1208.5964643333
67,384398,1238.05898021272,720,741.213203435596,0,1238.05898021272
67,384399,1267.54269012763,720,741.213203435596,0,1267.54269012763
67,384452,2843.10120855562,720,741.213203435596,0,2843.10120855562
67,384453,2872.93378595964,720,741.213203435596,0,2872.93378595964
67,384454,2902.76805870891,720,741.213203435596,0,2902.76805870891
67,384524,4993.56633696399,720,741.213203435596,0,4993.56633696399
67,384525,5023.45448462662,720,741.213203435596,0,5023.45448462662
67,384526,5053.34294935685,720,741.213203435596,0,5053.34294935685
67,384527,5083.23172555881,720,741.213203435596,0,5083.23172555881
67,385059,244.609677252207,720,741.213203435596,67,0
67,385060,241.942939248493,720,741.213203435596,67,0
67,385061,242.958216762173,720,741.213203435596,67,0
67,385062,247.61022177192,720,741.213203435596,67,0
67,385063,255.700540383515,720,741.213203435596,67,0
67,385064,266.916706806361,720,741.213203435596,67,0
67,385065,280.884510047388,720,741.213203435596,67,0
67,385066,297.216259968517,720,741.213203435596,67,0
67,385067,315.545115613989,720,741.213203435596,67,0
67,385068,335.543964894748,720,741.213203435596,67,0
67,385069,356.932209753299,720,741.213203435596,67,0
67,385070,379.474992498861,720,741.213203435596,67,0
67,385071,402.978603769675,720,741.213203435596,67,0
67,385072,427.284516276007,720,741.213203435596,67,0
67,385100,1214.2019901267,720,741.213203435596,0,1214.2019901267
67,385101,1243.53185935818,720,741.213203435596,0,1243.53185935818
67,385102,1272.88896420528,720,741.213203435596,0,1272.88896420528
67,385155,2845.49488556282,720,741.213203435596,0,2845.49488556282
67,385156,2875.30278699747,720,741.213203435596,0,2875.30278699747
67,385157,2905.11289065046,720,741.213203435596,0,2905.11289065046
67,385158,2934.9251294144,720,741.213203435596,0,2934.9251294144
67,385159,2964.73943888199,720,741.213203435596,0,2964.73943888199
67,385228,5024.81878565749,720,741.213203435596,0,5024.81878565749
67,385229,5054.69934343555,720,741.213203435596,0,5054.69934343555
67,385230,5084.58030649499,720,741.213203435596,0,5084.58030649499
67,385763,271.844123777111,720,741.213203435596,67,0
67,385764,272.748124684533,720,741.213203435596,67,0
67,385765,276.900123909033,720,741.213203435596,67,0
67,385766,284.157781765408,720,741.213203435596,67,0
67,385767,294.291417594831,720,741.213203435596,67,0
67,385768,307.016382652064,720,741.213203435596,67,0
67,385769,322.025631244171,720,741.213203435596,67,0
67,385770,339.015902804489,720,741.213203435596,67,0
67,385771,357.705024767999,720,741.213203435596,67,0
67,385772,377.840990825568,720,741.213203435596,67,0
67,385773,399.204923772782,720,741.213203435596,67,0
67,385774,421.610193419142,720,741.213203435596,67,0
67,385775,444.899501501175,720,741.213203435596,67,0
67,385804,1249.69689345308,720,741.213203435596,0,1249.69689345308
67,385805,1278.91264463544,720,741.213203435596,0,1278.91264463544
67,385806,1308.16000813607,720,741.213203435596,0,1308.16000813607
67,385807,1337.43691003591,720,741.213203435596,0,1337.43691003591
67,385858,2848.20069497586,720,741.213203435596,0,2848.20069497586
67,385859,2877.98073112735,720,741.213203435596,0,2877.98073112735
67,385860,2907.76354017963,720,741.213203435596,0,2907.76354017963
67,385861,2937.54903778948,720,741.213203435596,0,2937.54903778948
67,385862,2967.33714299659,720,741.213203435596,0,2967.33714299659
67,385863,2997.12777805138,720,741.213203435596,0,2997.12777805138
67,385864,3026.92086825514,720,741.213203435596,0,3026.92086825514
67,385865,3056.71634181952,720,741.213203435596,0,3056.71634181952
67,386467,302.562022536187,720,741.213203435596,67,0
67,386468,306.310184048255,720,741.213203435596,67,0
67,386469,312.886428371847,720,741.213203435596,67,0
67,386470,322.117590490983,720,741.213203435596,67,0
67,386471,333.783468711147,720,741.213203435596,67,0
67,386472,347.639040820088,720,741.213203435596,67,0
67,386473,363.433953087033,720,741.213203435596,67,0
67,386474,380.927041106387,720,741.213203435596,67,0
67,386475,399.895511192023,720,741.213203435596,67,0
67,386476,420.139579106296,720,741.213203435596,67,0
67,386477,441.483803584598,720,741.213203435596,67,0
67,386478,463.776313060349,720,741.213203435596,67,0
67,386508,1285.60420951995,720,741.213203435596,0,1285.60420951995
67,386509,1314.70287311599,720,741.213203435596,0,1314.70287311599
67,386510,1343.83739433248,720,741.213203435596,0,1343.83739433248
67,386558,2761.99226052943,720,741.213203435596,0,2761.99226052943
67,386563,2910.71917181783,720,741.213203435596,0,2910.71917181783
67,386564,2940.47488970365,720,741.213203435596,0,2940.47488970365
67,386565,2970.2338112271,720,741.213203435596,0,2970.2338112271
67,386566,2999.99584105261,720,741.213203435596,0,2999.99584105261
67,386567,3029.76088757544,720,741.213203435596,0,3029.76088757544
67,386568,3059.52886275131,720,741.213203435596,0,3059.52886275131
67,386569,3089.29968191791,720,741.213203435596,0,3089.29968191791
67,386570,3119.07326363908,720,741.213203435596,0,3119.07326363908
67,387158,471.918922147479,720,741.213203435596,0,471.918922147479
67,387171,335.808833446979,720,741.213203435596,67,0
67,387172,341.818054992259,720,741.213203435596,67,0
67,387173,350.287652188252,720,741.213203435596,67,0
67,387175,373.891283348282,720,741.213203435596,67,0
67,387176,388.620750470245,720,741.213203435596,67,0
67,387177,405.02756706836,720,741.213203435596,67,0
67,387178,422.916562613074,720,741.213203435596,67,0
67,387179,442.107853623754,720,741.213203435596,67,0
67,387180,462.439332234024,720,741.213203435596,67,0
67,387212,1321.89034181604,720,741.213203435596,0,1321.89034181604
67,387260,2735.72934668834,720,741.213203435596,0,2735.72934668834
67,387261,2765.42644030077,720,741.213203435596,0,2765.42644030077
67,387262,2795.12818692694,720,741.213203435596,0,2795.12818692694
67,387263,2824.83443978809,720,741.213203435596,0,2824.83443978809
67,387264,2854.54505820224,720,741.213203435596,0,2854.54505820224
67,387265,2884.25990726199,720,741.213203435596,0,2884.25990726199
67,387266,2913.97885754037,720,741.213203435596,0,2913.97885754037
67,387267,2943.70178481931,720,741.213203435596,0,2943.70178481931
67,387268,2973.42856983652,720,741.213203435596,0,2973.42856983652
67,387269,3003.15909803432,720,741.213203435596,0,3003.15909803432
67,387270,3032.89325932984,720,741.213203435596,0,3032.89325932984
67,387271,3062.6309479059,720,741.213203435596,0,3062.6309479059
67,387272,3092.37206199991,720,741.213203435596,0,3092.37206199991
67,387273,3122.11650371789,720,741.213203435596,0,3122.11650371789
67,387274,3151.86417885177,720,741.213203435596,0,3151.86417885177
67,387275,3181.61499670356,720,741.213203435596,0,3181.61499670356
67,387276,3211.3688699251,720,741.213203435596,0,3211.3688699251
67,387860,514.222763527797,720,741.213203435596,0,514.222763527797
67,387861,493.395477684806,720,741.213203435596,0,493.395477684806
67,387862,473.543029035898,720,741.213203435596,0,473.543029035898
67,387875,370.905165660951,720,741.213203435596,67,0
67,387878,400.656803712475,720,741.213203435596,67,0
67,387879,414.436159945744,720,741.213203435596,67,0
67,387881,446.754755462074,720,741.213203435596,67,0
67,387882,464.963263145142,720,741.213203435596,67,0
67,387883,484.336367312183,720,741.213203435596,67,0
67,387884,504.739985937078,720,741.213203435596,67,0
67,387903,989.074873032696,720,741.213203435596,0,989.074873032696
67,387904,1016.97933240295,720,741.213203435596,0,1016.97933240295
67,387905,1044.99506058922,720,741.213203435596,0,1044.99506058922
67,387906,1073.11334295818,720,741.213203435596,0,1073.11334295818
67,387961,2680.22701601363,720,741.213203435596,0,2680.22701601363
67,387963,2739.52290061832,720,741.213203435596,0,2739.52290061832
67,387964,2769.17947046243,720,741.213203435596,0,2769.17947046243
67,387965,2798.84154823458,720,741.213203435596,0,2798.84154823458
67,387966,2828.50896064787,720,741.213203435596,0,2828.50896064787
67,387967,2858.18154158533,720,741.213203435596,0,2858.18154158533
67,387968,2887.85913172908,720,741.213203435596,0,2887.85913172908
67,387969,2917.54157821396,720,741.213203435596,0,2917.54157821396
67,387970,2947.22873430802,720,741.213203435596,0,2947.22873430802
67,387971,2976.92045911357,720,741.213203435596,0,2976.92045911357
67,387972,3006.61661727677,720,741.213203435596,0,3006.61661727677
67,387973,3036.31707871511,720,741.213203435596,0,3036.31707871511
67,387974,3066.02171837267,720,741.213203435596,0,3066.02171837267
67,387975,3095.730415972,720,741.213203435596,0,3095.730415972
67,387976,3125.44305579579,720,741.213203435596,0,3125.44305579579
67,387977,3155.15952647118,720,741.213203435596,0,3155.15952647118
67,387978,3184.8797207651,720,741.213203435596,0,3184.8797207651
67,387979,3214.60353539574,720,741.213203435596,0,3214.60353539574
67,387980,3244.33087085807,720,741.213203435596,0,3244.33087085807
67,388564,515.71321415509,720,741.213203435596,0,515.71321415509
67,388565,496.75337845807,720,741.213203435596,0,496.75337845807
67,388566,478.912919499634,720,741.213203435596,0,478.912919499634
67,388582,440.769743950213,720,741.213203435596,67,0
67,388584,471.28611019205,720,741.213203435596,67,0
67,388585,488.581325317842,720,741.213203435596,67,0
67,388586,507.052946880473,720,741.213203435596,67,0
67,388587,526.577189146623,720,741.213203435596,67,0
67,388588,547.041357685367,720,741.213203435596,67,0
67,388603,918.476343562428,720,741.213203435596,0,918.476343562428
67,388604,945.625378062024,720,741.213203435596,0,945.625378062024
67,388606,1000.39695950206,720,741.213203435596,0,1000.39695950206
67,388607,1027.99427798724,720,741.213203435596,0,1027.99427798724
67,388608,1055.71788856697,720,741.213203435596,0,1055.71788856697
67,388609,1083.55809746626,720,741.213203435596,0,1083.55809746626
67,388610,1111.50614330302,720,741.213203435596,0,1111.50614330302
67,388611,1139.55409186624,720,741.213203435596,0,1139.55409186624
67,388661,2595.67780922051,720,741.213203435596,0,2595.67780922051
67,388662,2625.25504601688,720,741.213203435596,0,2625.25504601688
67,388663,2654.839861369,720,741.213203435596,0,2654.839861369
67,388664,2684.43200470422,720,741.213203435596,0,2684.43200470422
67,388665,2714.03123632544,720,741.213203435596,0,2714.03123632544
67,388667,2773.25005651753,720,741.213203435596,0,2773.25005651753
67,388668,2802.86921498709,720,741.213203435596,0,2802.86921498709
67,388669,2832.49460054886,720,741.213203435596,0,2832.49460054886
67,388670,2862.12601983712,720,741.213203435596,0,2862.12601983712
67,388671,2891.76328737357,720,741.213203435596,0,2891.76328737357
67,388672,2921.40622516584,720,741.213203435596,0,2921.40622516584
67,388673,2951.05466234098,720,741.213203435596,0,2951.05466234098
67,388674,2980.70843479651,720,741.213203435596,0,2980.70843479651
67,388675,3010.36738486676,720,741.213203435596,0,3010.36738486676
67,388676,3040.03136100762,720,741.213203435596,0,3040.03136100762
67,388677,3069.70021751261,720,741.213203435596,0,3069.70021751261
67,388678,3099.37381422601,720,741.213203435596,0,3099.37381422601
67,388679,3129.05201629038,720,741.213203435596,0,3129.05201629038
67,388680,3158.73469389658,720,741.213203435596,0,3158.73469389658
67,388681,3188.42172204705,720,741.213203435596,0,3188.42172204705
67,388682,3218.11298033791,720,741.213203435596,0,3218.11298033791
67,388683,3247.80835275519,720,741.213203435596,0,3247.80835275519
67,388684,3277.50772747283,720,741.213203435596,0,3277.50772747283
67,388685,3307.21099666252,720,741.213203435596,0,3307.21099666252
67,388686,3336.91805632898,720,741.213203435596,0,3336.91805632898
67,388687,3366.62880612466,720,741.213203435596,0,3366.62880612466
67,388688,3396.34314921059,720,741.213203435596,0,3396.34314921059
67,388689,3426.06099209196,720,741.213203435596,0,3426.06099209196
67,389268,520.647895612583,720,741.213203435596,0,520.647895612583
67,389269,503.654448097755,720,741.213203435596,0,503.654448097755
67,389270,487.904960309612,720,741.213203435596,0,487.904960309612
67,389271,473.52357155936,720,741.213203435596,0,473.52357155936
67,389286,481.258194336878,720,741.213203435596,67,0
67,389287,496.407873957403,720,741.213203435596,67,0
67,389288,512.856685984578,720,741.213203435596,67,0
67,389289,530.48379684461,720,741.213203435596,67,0
67,389290,549.175757285762,720,741.213203435596,67,0
67,389291,568.827602518789,720,741.213203435596,67,0
67,389292,589.343317349993,720,741.213203435596,67,0
67,389293,610.63583692774,720,741.213203435596,67,0
67,389306,931.618116123101,720,741.213203435596,0,931.618116123101
67,389307,958.395089875007,720,741.213203435596,0,958.395089875007
67,389308,985.352656468503,720,741.213203435596,0,985.352656468503
67,389309,1012.47639094576,720,741.213203435596,0,1012.47639094576
67,389310,1039.75328907262,720,741.213203435596,0,1039.75328907262
67,389311,1067.17160632526,720,741.213203435596,0,1067.17160632526
67,389312,1094.72071683012,720,741.213203435596,0,1094.72071683012
67,389313,1122.39098965572,720,741.213203435596,0,1122.39098965572
67,389314,1150.17368025762,720,741.213203435596,0,1150.17368025762
67,389315,1178.06083507759,720,741.213203435596,0,1178.06083507759
67,389365,2629.88784769915,720,741.213203435596,0,2629.88784769915
67,389366,2659.42128368052,720,741.213203435596,0,2659.42128368052
67,389367,2688.96316669203,720,741.213203435596,0,2688.96316669203
67,389372,2836.790048141,720,741.213203435596,0,2836.790048141
67,389373,2866.37722144445,720,741.213203435596,0,2866.37722144445
67,389374,2895.97114093097,720,741.213203435596,0,2895.97114093097
67,389375,2925.57160187233,720,741.213203435596,0,2925.57160187233
67,389376,2955.17840769871,720,741.213203435596,0,2955.17840769871
67,389377,2984.79136960237,720,741.213203435596,0,2984.79136960237
67,389378,3014.41030615607,720,741.213203435596,0,3014.41030615607
67,389379,3044.03504295291,720,741.213203435596,0,3044.03504295291
67,389383,3162.58873215652,720,741.213203435596,0,3162.58873215652
67,389384,3192.24007757775,720,741.213203435596,0,3192.24007757775
67,389385,3221.89630684293,720,741.213203435596,0,3221.89630684293
67,389386,3251.55728632194,720,741.213203435596,0,3251.55728632194
67,389387,3281.22288719456,720,741.213203435596,0,3281.22288719456
67,389388,3310.8929852341,720,741.213203435596,0,3310.8929852341
67,389389,3340.56746061568,720,741.213203435596,0,3340.56746061568
67,389390,3370.24619770817,720,741.213203435596,0,3370.24619770817
67,389391,3399.92908490961,720,741.213203435596,0,3399.92908490961
67,389392,3429.61601446408,720,741.213203435596,0,3429.61601446408
67,389393,3459.30688229782,720,741.213203435596,0,3459.30688229782
67,389972,528.930444622931,720,741.213203435596,0,528.930444622931
67,389973,513.956008337124,720,741.213203435596,0,513.956008337124
67,389974,500.323921780584,720,741.213203435596,0,500.323921780584
67,389975,488.14665813825,720,741.213203435596,0,488.14665813825
67,389989,507.650414358387,720,741.213203435596,67,0
67,389990,522.034817353805,720,741.213203435596,67,0
67,389991,537.700328068279,720,741.213203435596,67,0
67,389992,554.538384626306,720,741.213203435596,67,0
67,389993,572.445527701912,720,741.213203435596,67,0
67,389994,591.324639508963,720,741.213203435596,67,0
67,389995,611.085641573956,720,741.213203435596,67,0
67,389996,631.645769656439,720,741.213203435596,67,0
67,389997,652.929536974794,720,741.213203435596,67,0
67,390009,945.5237852218,720,741.213203435596,0,945.5237852218
67,390010,971.917864062338,720,741.213203435596,0,971.917864062338
67,390011,998.510553512272,720,741.213203435596,0,998.510553512272
67,390012,1025.28639968886,720,741.213203435596,0,1025.28639968886
67,390013,1052.23142046967,720,741.213203435596,0,1052.23142046967
67,390014,1079.33294584024,720,741.213203435596,0,1079.33294584024
67,390015,1106.57947687965,720,741.213203435596,0,1106.57947687965
67,390016,1133.96056114862,720,741.213203435596,0,1133.96056114862
67,390017,1161.46668258174,720,741.213203435596,0,1161.46668258174
67,390018,1189.08916409289,720,741.213203435596,0,1189.08916409289
67,390019,1216.82008139682,720,741.213203435596,0,1216.82008139682
67,390020,1244.65218664921,720,741.213203435596,0,1244.65218664921
67,390021,1272.5788407301,720,741.213203435596,0,1272.5788407301
67,390022,1300.59395313374,720,741.213203435596,0,1300.59395313374
67,390080,2989.16805486843,720,741.213203435596,0,2989.16805486843
67,390081,3018.74420732459,720,741.213203435596,0,3018.74420732459
67,390082,3048.32698425615,720,741.213203435596,0,3048.32698425615
67,390083,3077.91619465573,720,741.213203435596,0,3077.91619465573
67,390085,3137.11318764462,720,741.213203435596,0,3137.11318764462
67,390086,3166.72062305676,720,741.213203435596,0,3166.72062305676
67,390087,3196.33379695466,720,741.213203435596,0,3196.33379695466
67,390088,3225.95255130383,720,741.213203435596,0,3225.95255130383
67,390092,3344.48040756261,720,741.213203435596,0,3344.48040756261
67,390093,3374.12488528184,720,741.213203435596,0,3374.12488528184
67,390094,3403.77410693031,720,741.213203435596,0,3403.77410693031
67,390095,3433.42794961088,720,741.213203435596,0,3433.42794961088
67,390096,3463.08629461356,720,741.213203435596,0,3463.08629461356
67,390676,540.40697650356,720,741.213203435596,0,540.40697650356
67,390677,527.458883825733,720,741.213203435596,0,527.458883825733
67,390678,515.922419135842,720,741.213203435596,0,515.922419135842
67,390679,505.894164399632,720,741.213203435596,0,505.894164399632
67,390692,534.413538673979,720,741.213203435596,67,0
67,390693,548.096083976007,720,741.213203435596,67,0
67,390694,563.037031452318,720,741.213203435596,67,0
67,390695,579.138994430728,720,741.213203435596,67,0
67,390696,596.30792843731,720,741.213203435596,67,0
67,390697,614.454400854347,720,741.213203435596,67,0
67,390698,633.49441237133,720,741.213203435596,67,0
67,390699,653.34984873669,720,741.213203435596,67,0
67,390700,673.948643255873,720,741.213203435596,67,0
67,390701,695.224724249937,720,741.213203435596,67,0
67,390712,960.160161680897,720,741.213203435596,0,960.160161680897
67,390713,986.162721967684,720,741.213203435596,0,986.162721967684
67,390714,1012.38144336358,720,741.213203435596,0,1012.38144336358
67,390715,1038.7999586435,720,741.213203435596,0,1038.7999586435
67,390716,1065.40340521079,720,741.213203435596,0,1065.40340521079
67,390717,1092.17826939064,720,741.213203435596,0,1092.17826939064
67,390719,1146.19412332424,720,741.213203435596,0,1146.19412332424
67,390720,1173.41365607208,720,741.213203435596,0,1173.41365607208
67,390721,1200.76148451833,720,741.213203435596,0,1200.76148451833
67,390722,1228.22903877134,720,741.213203435596,0,1228.22903877134
67,390723,1255.80846278138,720,741.213203435596,0,1255.80846278138
67,390724,1283.49254506281,720,741.213203435596,0,1283.49254506281
67,390725,1311.27465688973,720,741.213203435596,0,1311.27465688973
67,390785,3052.90596916572,720,741.213203435596,0,3052.90596916572
67,390786,3082.45138313495,720,741.213203435596,0,3082.45138313495
67,390787,3112.00387154345,720,741.213203435596,0,3112.00387154345
67,390788,3141.56323474631,720,741.213203435596,0,3141.56323474631
67,390789,3171.12928049493,720,741.213203435596,0,3171.12928049493
67,390790,3200.70182360135,720,741.213203435596,0,3200.70182360135
67,390791,3230.28068561598,720,741.213203435596,0,3230.28068561598
67,390792,3259.86569453368,720,741.213203435596,0,3259.86569453368
67,390793,3289.4566845009,720,741.213203435596,0,3289.4566845009
67,390797,3407.87733831091,720,741.213203435596,0,3407.87733831091
67,390798,3437.49594283937,720,741.213203435596,0,3437.49594283937
67,391380,554.879369847333,720,741.213203435596,0,554.879369847333
67,391381,543.924736353357,720,741.213203435596,0,543.924736353357
67,391382,534.422142823437,720,741.213203435596,0,534.422142823437
67,391383,526.450224477077,720,741.213203435596,0,526.450224477077
67,391384,520.079373897559,720,741.213203435596,0,520.079373897559
67,391385,515.368970392956,720,741.213203435596,0,515.368970392956
67,391398,604.218936520864,720,741.213203435596,67,0
67,391399,620.694612819439,720,741.213203435596,67,0
67,391400,638.148090729905,720,741.213203435596,67,0
67,391401,656.501388580056,720,741.213203435596,67,0
67,391402,675.681185838074,720,741.213203435596,67,0
67,391403,695.619120474565,720,741.213203435596,67,0
67,391404,716.251883645632,720,741.213203435596,67,0
67,391415,975.494355321509,720,741.213203435596,0,975.494355321509
67,391416,1001.09883999428,720,741.213203435596,0,1001.09883999428
67,391417,1026.93643512284,720,741.213203435596,0,1026.93643512284
67,391418,1052.98998109717,720,741.213203435596,0,1052.98998109717
67,391419,1079.24383851249,720,741.213203435596,0,1079.24383851249
67,391420,1105.68373859967,720,741.213203435596,0,1105.68373859967
67,391421,1132.29664876574,720,741.213203435596,0,1132.29664876574
67,391422,1159.07065184376,720,741.213203435596,0,1159.07065184376
67,391423,1185.99483779881,720,741.213203435596,0,1185.99483779881
67,391424,1213.05920661713,720,741.213203435596,0,1213.05920661713
67,391425,1240.25458128053,720,741.213203435596,0,1240.25458128053
67,391426,1267.57252974801,720,741.213203435596,0,1267.57252974801
67,391427,1295.00529500974,720,741.213203435596,0,1295.00529500974
67,391428,1322.54573236197,720,741.213203435596,0,1322.54573236197
67,391429,1350.18725309298,720,741.213203435596,0,1350.18725309298
67,391490,3116.77668465804,720,741.213203435596,0,3116.77668465804
67,391491,3146.29136557914,720,741.213203435596,0,3146.29136557914
67,391492,3175.81355185193,720,741.213203435596,0,3175.81355185193
67,391493,3205.34303609539,720,741.213203435596,0,3205.34303609539
67,391494,3234.87961844844,720,741.213203435596,0,3234.87961844844
67,391495,3264.42310624045,720,741.213203435596,0,3264.42310624045
67,391496,3293.97331366781,720,741.213203435596,0,3293.97331366781
67,391497,3323.53006149007,720,741.213203435596,0,3323.53006149007
67,392085,563.093723498853,720,741.213203435596,0,563.093723498853
67,392086,555.533354618988,720,741.213203435596,0,555.533354618988
67,392087,549.499762106922,720,741.213203435596,0,549.499762106922
67,392088,545.043652222271,720,741.213203435596,0,545.043652222271
67,392089,542.203920043729,720,741.213203435596,0,542.203920043729
67,392090,541.00601919525,720,741.213203435596,0,541.00601919525
67,392091,541.460846702364,720,741.213203435596,0,541.460846702364
67,392092,543.564253818088,720,741.213203435596,0,543.564253818088
67,392104,680.045858338986,720,741.213203435596,67,0
67,392105,698.579629306614,720,741.213203435596,67,0
67,392106,717.881982869473,720,741.213203435596,67,0
67,392107,737.8926059923,720,741.213203435596,67,0
67,392108,758.555448489551,720,741.213203435596,0,758.555448489551
67,392118,991.493989884583,720,741.213203435596,0,991.493989884583
67,392119,1016.69575301782,720,741.213203435596,0,1016.69575301782
67,392120,1042.1468659571,720,741.213203435596,0,1042.1468659571
67,392121,1067.82949951262,720,741.213203435596,0,1067.82949951262
67,392122,1093.72734427989,720,741.213203435596,0,1093.72734427989
67,392123,1119.82546899143,720,741.213203435596,0,1119.82546899143
67,392124,1146.11019198253,720,741.213203435596,0,1146.11019198253
67,392125,1172.56896475637,720,741.213203435596,0,1172.56896475637
67,392126,1199.19026673657,720,741.213203435596,0,1199.19026673657
67,392127,1225.96351019772,720,741.213203435596,0,1225.96351019772
67,392128,1252.87895449392,720,741.213203435596,0,1252.87895449392
67,392129,1279.92762868389,720,741.213203435596,0,1279.92762868389
67,392130,1307.10126175911,720,741.213203435596,0,1307.10126175911
67,392131,1334.39221973549,720,741.213203435596,0,1334.39221973549
67,392132,1361.79344889486,720,741.213203435596,0,1361.79344889486
67,392133,1389.29842459675,720,741.213203435596,0,1389.29842459675
67,392138,1528.18270983979,720,741.213203435596,0,1528.18270983979
67,392197,3239.74819657769,720,741.213203435596,0,3239.74819657769
67,392198,3269.24784623302,720,741.213203435596,0,3269.24784623302
67,392199,3298.75499188522,720,741.213203435596,0,3298.75499188522
67,392200,3328.2694341608,720,741.213203435596,0,3328.2694341608
67,392201,3357.79098065472,720,741.213203435596,0,3357.79098065472
67,392202,3387.31944561544,720,741.213203435596,0,3387.31944561544
67,392790,578.97047894893,720,741.213203435596,0,578.97047894893
67,392791,574.742884729985,720,741.213203435596,0,574.742884729985
67,392792,572.050587827554,720,741.213203435596,0,572.050587827554
67,392793,570.91530891514,720,741.213203435596,0,570.91530891514
67,392794,571.346329563828,720,741.213203435596,0,571.346329563828
67,392795,573.340117287764,720,741.213203435596,0,573.340117287764
67,392796,576.880468823734,720,741.213203435596,0,576.880468823734
67,392797,581.93915829879,720,741.213203435596,0,581.93915829879
67,392798,588.477031025932,720,741.213203435596,0,588.477031025932
67,392808,721.991222663227,720,741.213203435596,67,0
67,392809,740.683816091939,720,741.213203435596,67,0
67,392810,760.09448666818,720,741.213203435596,0,760.09448666818
67,392811,780.169638818244,720,741.213203435596,0,780.169638818244
67,392824,1083.29182277549,720,741.213203435596,0,1083.29182277549
67,392825,1108.82872338607,720,741.213203435596,0,1108.82872338607
67,392826,1134.57966918224,720,741.213203435596,0,1134.57966918224
67,392827,1160.53041194447,720,741.213203435596,0,1160.53041194447
67,392828,1186.66784391208,720,741.213203435596,0,1186.66784391208
67,392829,1212.97989674383,720,741.213203435596,0,1212.97989674383
67,392830,1239.45544955505,720,741.213203435596,0,1239.45544955505
67,392831,1266.08424536379,720,741.213203435596,0,1266.08424536379
67,392832,1292.85681522787,720,741.213203435596,0,1292.85681522787
67,392833,1319.76440942954,720,741.213203435596,0,1319.76440942954
67,392835,1373.95289948611,720,741.213203435596,0,1373.95289948611
67,392839,1483.63155731467,720,741.213203435596,0,1483.63155731467
67,392840,1511.28799812406,720,741.213203435596,0,1511.28799812406
67,392841,1539.02896401224,720,741.213203435596,0,1539.02896401224
67,392842,1566.84996545061,720,741.213203435596,0,1566.84996545061
67,392901,3274.3387327866,720,741.213203435596,0,3274.3387327866
67,392902,3303.80056831528,720,741.213203435596,0,3303.80056831528
67,392903,3333.27049254787,720,741.213203435596,0,3333.27049254787
67,392904,3362.74829282796,720,741.213203435596,0,3362.74829282796
67,392905,3392.23376382648,720,741.213203435596,0,3392.23376382648
67,392906,3421.72670724598,720,741.213203435596,0,3421.72670724598
67,392907,3451.22693151797,720,741.213203435596,0,3451.22693151797
67,393497,601.234398247432,720,741.213203435596,0,601.234398247432
67,393498,603.12940210972,720,741.213203435596,0,603.12940210972
67,393499,606.495905013045,720,741.213203435596,0,606.495905013045
67,393500,611.309596653327,720,741.213203435596,0,611.309596653327
67,393501,617.536635494062,720,741.213203435596,0,617.536635494062
67,393502,625.134787424175,720,741.213203435596,0,625.134787424175
67,393513,782.809780776738,720,741.213203435596,0,782.809780776738
67,393514,802.316867431155,720,741.213203435596,0,802.316867431155
67,393528,1124.52308358186,720,741.213203435596,0,1124.52308358186
67,393529,1149.92276434721,720,741.213203435596,0,1149.92276434721
67,393530,1175.5349826569,720,741.213203435596,0,1175.5349826569
67,393531,1201.34614493836,720,741.213203435596,0,1201.34614493836
67,393532,1227.34369982178,720,741.213203435596,0,1227.34369982178
67,393533,1253.51605017478,720,741.213203435596,0,1253.51605017478
67,393534,1279.85247259926,720,741.213203435596,0,1279.85247259926
67,393535,1306.34304384827,720,741.213203435596,0,1306.34304384827
67,393542,1495.39922718794,720,741.213203435596,0,1495.39922718794
67,393543,1522.84211569374,720,741.213203435596,0,1522.84211569374
67,393544,1550.37650362349,720,741.213203435596,0,1550.37650362349
67,393545,1577.99760127794,720,741.213203435596,0,1577.99760127794
67,393608,3397.40433031058,720,741.213203435596,0,3397.40433031058
67,393609,3426.85293155716,720,741.213203435596,0,3426.85293155716
67,393610,3456.30956052395,720,741.213203435596,0,3456.30956052395
67,393611,3485.77401369249,720,741.213203435596,0,3485.77401369249
67,394204,646.673928535919,720,741.213203435596,0,646.673928535919
67,394205,653.933656324598,720,741.213203435596,0,653.933656324598
67,394206,662.466019185077,720,741.213203435596,0,662.466019185077
67,394231,1140.78595132354,720,741.213203435596,0,1140.78595132354
67,394232,1165.83150400493,720,741.213203435596,0,1165.83150400493
67,394233,1191.10182074268,720,741.213203435596,0,1191.10182074268
67,394234,1216.58289551752,720,741.213203435596,0,1216.58289551752
67,394235,1242.26175929319,720,741.213203435596,0,1242.26175929319
67,394236,1268.1263967679,720,741.213203435596,0,1268.1263967679
67,394237,1294.16566961076,720,741.213203435596,0,1294.16566961076
67,394238,1320.36924580194,720,741.213203435596,0,1320.36924580194
67,394245,1507.66856205284,720,741.213203435596,0,1507.66856205284
67,394246,1534.89224341557,720,741.213203435596,0,1534.89224341557
67,394247,1562.21440507299,720,741.213203435596,0,1562.21440507299
67,394248,1589.6299690655,720,741.213203435596,0,1589.6299690655
67,394249,1617.13418500186,720,741.213203435596,0,1617.13418500186
67,394250,1644.72260538435,720,741.213203435596,0,1644.72260538435
67,394251,1672.39106301049,720,741.213203435596,0,1672.39106301049
67,394313,3461.64319606573,720,741.213203435596,0,3461.64319606573
67,394317,3579.37095790993,720,741.213203435596,0,3579.37095790993
67,394318,3608.82280245227,720,741.213203435596,0,3608.82280245227
67,394320,3667.74903404998,720,741.213203435596,0,3667.74903404998
67,394321,3697.2230618205,720,741.213203435596,0,3697.2230618205
67,394908,682.82819569381,720,741.213203435596,0,682.82819569381
67,394909,691.003910923468,720,741.213203435596,0,691.003910923468
67,394910,700.363061051261,720,741.213203435596,0,700.363061051261
67,394911,710.858904393183,720,741.213203435596,0,710.858904393183
67,394935,1182.28305452548,720,741.213203435596,0,1182.28305452548
67,394936,1207.20917525623,720,741.213203435596,0,1207.20917525623
67,394937,1232.3573819684,720,741.213203435596,0,1232.3573819684
67,394938,1257.71435279693,720,741.213203435596,0,1257.71435279693
67,394939,1283.26771245598,720,741.213203435596,0,1283.26771245598
67,394940,1309.00595976321,720,741.213203435596,0,1309.00595976321
67,394949,1547.42679373539,720,741.213203435596,0,1547.42679373539
67,394950,1574.53160824192,720,741.213203435596,0,1574.53160824192
67,394951,1601.73650797124,720,741.213203435596,0,1601.73650797124
67,394952,1629.03647866556,720,741.213203435596,0,1629.03647866556
67,394953,1656.42681966588,720,741.213203435596,0,1656.42681966588
67,394954,1683.90312109454,720,741.213203435596,0,1683.90312109454
67,394959,1822.43753423632,720,741.213203435596,0,1822.43753423632
67,394960,1850.35082939396,720,741.213203435596,0,1850.35082939396
67,394961,1878.32578902072,720,741.213203435596,0,1878.32578902072
67,395020,3584.77170014358,720,741.213203435596,0,3584.77170014358
67,395021,3614.17969189599,720,741.213203435596,0,3614.17969189599
67,395022,3643.59595735045,720,741.213203435596,0,3643.59595735045
67,395023,3673.02029771712,720,741.213203435596,0,3673.02029771712
67,395024,3702.45252047636,720,741.213203435596,0,3702.45252047636
67,395025,3731.89243913207,720,741.213203435596,0,3731.89243913207
67,395026,3761.33987297453,720,741.213203435596,0,3761.33987297453
67,395612,719.653372662595,720,741.213203435596,0,719.653372662595
67,395613,728.644672769711,720,741.213203435596,0,728.644672769711
67,395614,738.738860115669,720,741.213203435596,0,738.738860115669
67,395615,749.891398570746,720,741.213203435596,0,749.891398570746
67,395638,1199.25507704948,720,741.213203435596,0,1199.25507704948
67,395639,1223.83570457475,720,741.213203435596,0,1223.83570457475
67,395640,1248.64922441876,720,741.213203435596,0,1248.64922441876
67,395641,1273.68202522478,720,741.213203435596,0,1273.68202522478
67,395642,1298.92142911117,720,741.213203435596,0,1298.92142911117
67,395643,1324.35562388349,720,741.213203435596,0,1324.35562388349
67,395644,1349.97359970624,720,741.213203435596,0,1349.97359970624
67,395645,1375.76509011308,720,741.213203435596,0,1375.76509011308
67,395646,1401.72051719577,720,741.213203435596,0,1401.72051719577
67,395647,1427.8309407462,720,741.213203435596,0,1427.8309407462
67,395650,1507.01138936342,720,741.213203435596,0,1507.01138936342
67,395653,1587.31695536634,720,741.213203435596,0,1587.31695536634
67,395654,1614.3065498507,720,741.213203435596,0,1614.3065498507
67,395655,1641.39761144247,720,741.213203435596,0,1641.39761144247
67,395656,1668.58519790188,720,741.213203435596,0,1668.58519790188
67,395657,1695.86466686641,720,741.213203435596,0,1695.86466686641
67,395660,1778.21201109642,720,741.213203435596,0,1778.21201109642
67,395661,1805.81787826225,720,741.213203435596,0,1805.81787826225
67,395662,1833.49622970479,720,741.213203435596,0,1833.49622970479
67,395663,1861.24383170561,720,741.213203435596,0,1861.24383170561
67,395664,1889.05763268909,720,741.213203435596,0,1889.05763268909
67,395723,3590.41351703795,720,741.213203435596,0,3590.41351703795
67,395724,3619.77583069462,720,741.213203435596,0,3619.77583069462
67,395725,3649.14714244304,720,741.213203435596,0,3649.14714244304
67,395726,3678.52723674205,720,741.213203435596,0,3678.52723674205
67,395727,3707.91590482416,720,741.213203435596,0,3707.91590482416
67,395728,3737.31294442861,720,741.213203435596,0,3737.31294442861
67,395729,3766.71815954748,720,741.213203435596,0,3766.71815954748
67,395730,3796.1313601941,720,741.213203435596,0,3796.1313601941
67,396316,757.051579855412,720,741.213203435596,0,757.051579855412
67,396317,766.771946845731,720,741.213203435596,0,766.771946845731
67,396318,777.522548814826,720,741.213203435596,0,777.522548814826
67,396319,789.261288104983,720,741.213203435596,0,789.261288104983
67,396343,1265.43844097999,720,741.213203435596,0,1265.43844097999
67,396344,1290.14565187414,720,741.213203435596,0,1290.14565187414
67,396345,1315.06924901116,720,741.213203435596,0,1315.06924901116
67,396346,1340.19716006474,720,741.213203435596,0,1340.19716006474
67,396347,1365.51810588559,720,741.213203435596,0,1365.51810588559
67,396348,1391.02154500132,720,741.213203435596,0,1391.02154500132
67,396349,1416.69762169568,720,741.213203435596,0,1416.69762169568
67,396350,1442.53711753724,720,741.213203435596,0,1442.53711753724
67,396351,1468.5314062447,720,741.213203435596,0,1468.5314062447
67,396352,1494.67241169097,720,741.213203435596,0,1494.67241169097
67,396353,1520.95256892155,720,741.213203435596,0,1520.95256892155
67,396354,1547.36478796477,720,741.213203435596,0,1547.36478796477
67,396355,1573.90242030558,720,741.213203435596,0,1573.90242030558
67,396357,1627.32935397792,720,741.213203435596,0,1627.32935397792
67,396358,1654.20729728129,720,741.213203435596,0,1654.20729728129
67,396359,1681.18788655831,720,741.213203435596,0,1681.18788655831
67,396362,1762.6983069562,720,741.213203435596,0,1762.6983069562
67,396363,1790.0436125318,720,741.213203435596,0,1790.0436125318
67,396364,1817.46992262352,720,741.213203435596,0,1817.46992262352
67,396365,1844.97362473953,720,741.213203435596,0,1844.97362473953
67,396366,1872.55130871684,720,741.213203435596,0,1872.55130871684
67,396427,3625.61011100211,720,741.213203435596,0,3625.61011100211
67,396428,3654.9346953573,720,741.213203435596,0,3654.9346953573
67,396429,3684.26879432122,720,741.213203435596,0,3684.26879432122
67,396430,3713.61218242519,720,741.213203435596,0,3713.61218242519
67,396431,3742.96464120042,720,741.213203435596,0,3742.96464120042
67,396432,3772.32595890672,720,741.213203435596,0,3772.32595890672
67,396433,3801.69593028418,720,741.213203435596,0,3801.69593028418
67,396434,3831.07435631009,720,741.213203435596,0,3831.07435631009
67,397020,794.941964568185,720,741.213203435596,0,794.941964568185
67,397021,805.316653073391,720,741.213203435596,0,805.316653073391
67,397022,816.656033813914,720,741.213203435596,0,816.656033813914
67,397023,828.920517642643,720,741.213203435596,0,828.920517642643
67,397024,842.069684013255,720,741.213203435596,0,842.069684013255
67,397047,1307.08649225624,720,741.213203435596,0,1307.08649225624
67,397048,1331.69319811466,720,741.213203435596,0,1331.69319811466
67,397049,1356.51333598212,720,741.213203435596,0,1356.51333598212
67,397050,1381.53540259342,720,741.213203435596,0,1381.53540259342
67,397051,1406.74862276793,720,741.213203435596,0,1406.74862276793
67,397052,1432.14290063052,720,741.213203435596,0,1432.14290063052
67,397053,1457.70877376367,720,741.213203435596,0,1457.70877376367
67,397054,1483.43737026962,720,741.213203435596,0,1483.43737026962
67,397055,1509.32036858534,720,741.213203435596,0,1509.32036858534
67,397056,1535.34995999571,720,741.213203435596,0,1535.34995999571
67,397057,1561.51881365428,720,741.213203435596,0,1561.51881365428
67,397058,1587.82004403592,720,741.213203435596,0,1587.82004403592
67,397059,1614.24718063777,720,741.213203435596,0,1614.24718063777
67,397060,1640.79413981542,720,741.213203435596,0,1640.79413981542
67,397063,1721.09838272635,720,741.213203435596,0,1721.09838272635
67,397064,1748.07065545552,720,741.213203435596,0,1748.07065545552
67,397065,1775.13728229573,720,741.213203435596,0,1775.13728229573
67,397066,1802.29401225904,720,741.213203435596,0,1802.29401225904
67,397067,1829.53683300648,720,741.213203435596,0,1829.53683300648
67,397068,1856.86195532152,720,741.213203435596,0,1856.86195532152
67,397131,3660.95749508248,720,741.213203435596,0,3660.95749508248
67,397132,3690.2438753438,720,741.213203435596,0,3690.2438753438
67,397133,3719.54028328842,720,741.213203435596,0,3719.54028328842
67,397134,3748.8464838261,720,741.213203435596,0,3748.8464838261
67,397135,3778.16224907741,720,741.213203435596,0,3778.16224907741
67,397136,3807.48735811009,720,741.213203435596,0,3807.48735811009
67,397137,3836.82159667868,720,741.213203435596,0,3836.82159667868
67,397138,3866.16475697528,720,741.213203435596,0,3866.16475697528
67,397724,833.257405040183,720,741.213203435596,0,833.257405040183
67,397725,844.22163426594,720,741.213203435596,0,844.22163426594
67,397726,856.091363845391,720,741.213203435596,0,856.091363845391
67,397727,868.829482418483,720,741.213203435596,0,868.829482418483
67,397728,882.398383139992,720,741.213203435596,0,882.398383139992
67,397729,896.760355052856,720,741.213203435596,0,896.760355052856
67,397730,911.877926589296,720,741.213203435596,0,911.877926589296
67,397751,1348.77567135289,720,741.213203435596,0,1348.77567135289
67,397752,1373.28723400013,720,741.213203435596,0,1373.28723400013
67,397753,1398.0092393297,720,741.213203435596,0,1398.0092393297
67,397754,1422.9307186844,720,741.213203435596,0,1422.9307186844
67,397755,1448.04137297551,720,741.213203435596,0,1448.04137297551
67,397756,1473.33152964916,720,741.213203435596,0,1473.33152964916
67,397757,1498.79210213106,720,741.213203435596,0,1498.79210213106
67,397758,1524.41455165422,720,741.213203435596,0,1524.41455165422
67,397759,1550.19085144955,720,741.213203435596,0,1550.19085144955
67,397760,1576.11345317162,720,741.213203435596,0,1576.11345317162
67,397761,1602.17525550367,720,741.213203435596,0,1602.17525550367
67,397762,1628.36957480792,720,741.213203435596,0,1628.36957480792
67,397763,1654.69011772397,720,741.213203435596,0,1654.69011772397
67,397766,1734.35148416434,720,741.213203435596,0,1734.35148416434
67,397767,1761.12093481075,720,741.213203435596,0,1761.12093481075
67,397768,1787.99016052797,720,741.213203435596,0,1787.99016052797
67,397769,1814.954730008,720,741.213203435596,0,1814.954730008
67,397770,1842.01045613488,720,741.213203435596,0,1842.01045613488
67,397833,3637.9884664595,720,741.213203435596,0,3637.9884664595
67,397834,3667.21438255564,720,741.213203435596,0,3667.21438255564
67,397835,3696.45134738149,720,741.213203435596,0,3696.45134738149
67,397836,3725.69910082606,720,741.213203435596,0,3725.69910082606
67,397837,3754.95739079075,720,741.213203435596,0,3754.95739079075
67,397838,3784.22597287768,720,741.213203435596,0,3784.22597287768
67,397839,3813.50461010888,720,741.213203435596,0,3813.50461010888
67,397840,3842.79307265243,720,741.213203435596,0,3842.79307265243
67,398429,883.439310572915,720,741.213203435596,0,883.439310572915
67,398430,895.788691510599,720,741.213203435596,0,895.788691510599
67,398431,908.955303968459,720,741.213203435596,0,908.955303968459
67,398432,922.904171507132,720,741.213203435596,0,922.904171507132
67,398433,937.600381484412,720,741.213203435596,0,937.600381484412
67,398434,953.009360569247,720,741.213203435596,0,953.009360569247
67,398435,969.097109532398,720,741.213203435596,0,969.097109532398
67,398442,1098.05545550468,720,741.213203435596,0,1098.05545550468
67,398443,1118.46687607722,720,741.213203435596,0,1118.46687607722
67,398456,1414.92366981389,720,741.213203435596,0,1414.92366981389
67,398457,1439.55248817391,720,741.213203435596,0,1439.55248817391
67,398458,1464.37827810487,720,741.213203435596,0,1464.37827810487
67,398459,1489.39119002346,720,741.213203435596,0,1489.39119002346
67,398460,1514.58195315407,720,741.213203435596,0,1514.58195315407
67,398461,1539.94183950948,720,741.213203435596,0,1539.94183950948
67,398462,1565.46262992306,720,741.213203435596,0,1565.46262992306
67,398463,1591.13658202212,720,741.213203435596,0,1591.13658202212
67,398464,1616.95640014236,720,741.213203435596,0,1616.95640014236
67,398465,1642.91520707222,720,741.213203435596,0,1642.91520707222
67,398468,1721.56252070223,720,741.213203435596,0,1721.56252070223
67,398469,1748.01598726242,720,741.213203435596,0,1748.01598726242
67,398470,1774.57946316614,720,741.213203435596,0,1774.57946316614
67,398471,1801.24808141219,720,741.213203435596,0,1801.24808141219
67,398472,1828.01724029879,720,741.213203435596,0,1828.01724029879
67,398473,1854.88258690085,720,741.213203435596,0,1854.88258690085
67,398537,3673.7041617143,720,741.213203435596,0,3673.7041617143
67,398538,3702.8900417037,720,741.213203435596,0,3702.8900417037
67,398539,3732.08749282926,720,741.213203435596,0,3732.08749282926
67,398541,3790.51603882407,720,741.213203435596,0,3790.51603882407
67,398542,3819.74661905853,720,741.213203435596,0,3819.74661905853
67,398543,3848.98774056776,720,741.213203435596,0,3848.98774056776
67,399134,935.714687387546,720,741.213203435596,0,935.714687387546
67,399135,949.270498178581,720,741.213203435596,0,949.270498178581
67,399136,963.564731222058,720,741.213203435596,0,963.564731222058
67,399137,978.565027893388,720,741.213203435596,0,978.565027893388
67,399138,994.239431122245,720,741.213203435596,0,994.239431122245
67,399144,1100.74404483562,720,741.213203435596,0,1100.74404483562
67,399145,1120.30801788303,720,741.213203435596,0,1120.30801788303
67,399146,1140.32130017482,720,741.213203435596,0,1140.32130017482
67,399147,1160.76065161757,720,741.213203435596,0,1160.76065161757
67,399148,1181.6039620204,720,741.213203435596,0,1181.6039620204
67,399149,1202.83023148961,720,741.213203435596,0,1202.83023148961
67,399167,1632.15190594644,720,741.213203435596,0,1632.15190594644
67,399168,1657.8729374127,720,741.213203435596,0,1657.8729374127
67,399169,1683.73261508164,720,741.213203435596,0,1683.73261508164
67,399170,1709.72464787218,720,741.213203435596,0,1709.72464787218
67,399171,1735.84309024482,720,741.213203435596,0,1735.84309024482
67,399172,1762.08232109885,720,741.213203435596,0,1762.08232109885
67,399173,1788.43702395604,720,741.213203435596,0,1788.43702395604
67,399174,1814.90216842106,720,741.213203435596,0,1814.90216842106
67,399240,3680.42560056796,720,741.213203435596,0,3680.42560056796
67,399241,3709.55875431144,720,741.213203435596,0,3709.55875431144
67,399242,3738.70428246312,720,741.213203435596,0,3738.70428246312
67,399243,3767.86189786576,720,741.213203435596,0,3767.86189786576
67,399838,975.841299172258,720,741.213203435596,0,975.841299172258
67,399839,989.75193896215,720,741.213203435596,0,989.75193896215
67,399840,1004.36127953575,720,741.213203435596,0,1004.36127953575
67,399841,1019.63928848533,720,741.213203435596,0,1019.63928848533
67,399842,1035.55637077536,720,741.213203435596,0,1035.55637077536
67,399843,1052.08352098392,720,741.213203435596,0,1052.08352098392
67,399850,1182.59014515761,720,741.213203435596,0,1182.59014515761
67,399851,1203.05542123618,720,741.213203435596,0,1203.05542123618
67,399852,1223.90982565531,720,741.213203435596,0,1223.90982565531
67,399853,1245.13380635743,720,741.213203435596,0,1245.13380635743
67,399854,1266.70878648412,720,741.213203435596,0,1266.70878648412
67,399859,1379.26292424375,720,741.213203435596,0,1379.26292424375
67,399860,1402.60446524754,720,741.213203435596,0,1402.60446524754
67,399869,1622.42035673146,720,741.213203435596,0,1622.42035673146
67,399870,1647.75030927429,720,741.213203435596,0,1647.75030927429
67,399871,1673.23171410445,720,741.213203435596,0,1673.23171410445
67,399872,1698.85775627093,720,741.213203435596,0,1698.85775627093
67,399873,1724.62198831785,720,741.213203435596,0,1724.62198831785
67,399874,1750.51830859268,720,741.213203435596,0,1750.51830859268
67,399875,1776.54094082614,720,741.213203435596,0,1776.54094082614
67,399945,3745.54825928366,720,741.213203435596,0,3745.54825928366
67,399946,3774.653164035,720,741.213203435596,0,3774.653164035
67,399947,3803.7706652938,720,741.213203435596,0,3803.7706652938
67,399948,3832.90047598175,720,741.213203435596,0,3832.90047598175
67,400545,1060.81044425649,720,741.213203435596,0,1060.81044425649
67,400546,1076.95019484125,720,741.213203435596,0,1076.95019484125
67,400547,1093.67027707146,720,741.213203435596,0,1093.67027707146
67,400548,1110.94448870766,720,741.213203435596,0,1110.94448870766
67,400549,1128.74738905091,720,741.213203435596,0,1128.74738905091
67,400550,1147.05436176402,720,741.213203435596,0,1147.05436176402
67,400555,1245.3510952386,720,741.213203435596,0,1245.3510952386
67,400556,1266.21584513768,720,741.213203435596,0,1266.21584513768
67,400557,1287.43769239014,720,741.213203435596,0,1287.43769239014
67,400558,1308.9992690385,720,741.213203435596,0,1308.9992690385
67,400559,1330.88406337283,720,741.213203435596,0,1330.88406337283
67,400562,1398.32488248694,720,741.213203435596,0,1398.32488248694
67,400563,1421.35354424472,720,741.213203435596,0,1421.35354424472
67,400564,1444.63467621574,720,741.213203435596,0,1444.63467621574
67,400565,1468.15626789167,720,741.213203435596,0,1468.15626789167
67,400573,1663.74027806396,720,741.213203435596,0,1663.74027806396
67,400575,1714.37137939967,720,741.213203435596,0,1714.37137939967
67,400649,3781.66882863514,720,741.213203435596,0,3781.66882863514
67,400650,3810.73287976685,720,741.213203435596,0,3810.73287976685
67,400651,3839.81002931994,720,741.213203435596,0,3839.81002931994
67,400652,3868.89998196664,720,741.213203435596,0,3868.89998196664
67,400672,4453.00048350612,720,741.213203435596,0,4453.00048350612
67,400673,4482.30408606345,720,741.213203435596,0,4482.30408606345
67,400674,4511.61573745707,720,741.213203435596,0,4511.61573745707
67,400675,4540.93528182233,720,741.213203435596,0,4540.93528182233
67,401250,1118.41237949153,720,741.213203435596,0,1118.41237949153
67,401251,1135.31028240475,720,741.213203435596,0,1135.31028240475
67,401252,1152.73703113505,720,741.213203435596,0,1152.73703113505
67,401253,1170.66900849035,720,741.213203435596,0,1170.66900849035
67,401254,1189.08335738451,720,741.213203435596,0,1189.08335738451
67,401255,1207.95801791793,720,741.213203435596,0,1207.95801791793
67,401256,1227.27175237131,720,741.213203435596,0,1227.27175237131
67,401259,1287.64759571391,720,741.213203435596,0,1287.64759571391
67,401260,1308.52201637685,720,741.213203435596,0,1308.52201637685
67,401261,1329.74187074359,720,741.213203435596,0,1329.74187074359
67,401262,1351.29088546278,720,741.213203435596,0,1351.29088546278
67,401263,1373.15356400116,720,741.213203435596,0,1373.15356400116
67,401264,1395.31516238453,720,741.213203435596,0,1395.31516238453
67,401265,1417.76166307831,720,741.213203435596,0,1417.76166307831
67,401266,1440.47974753676,720,741.213203435596,0,1440.47974753676
67,401267,1463.45676795973,720,741.213203435596,0,1463.45676795973
67,401268,1486.68071863739,720,741.213203435596,0,1486.68071863739
67,401269,1510.14020723196,720,741.213203435596,0,1510.14020723196
67,401270,1533.82442628971,720,741.213203435596,0,1533.82442628971
67,401352,3788.90764515666,720,741.213203435596,0,3788.90764515666
67,401353,3817.91674621974,720,741.213203435596,0,3817.91674621974
67,401354,3846.93975220353,720,741.213203435596,0,3846.93975220353
67,401355,3875.97635075252,720,741.213203435596,0,3875.97635075252
67,401356,3905.02623865673,720,741.213203435596,0,3905.02623865673
67,401375,4459.15295028224,720,741.213203435596,0,4459.15295028224
67,401376,4488.41654207883,720,741.213203435596,0,4488.41654207883
67,401377,4517.68869165639,720,741.213203435596,0,4517.68869165639
67,401378,4546.96923373777,720,741.213203435596,0,4546.96923373777
67,401379,4576.25800722969,720,741.213203435596,0,4576.25800722969
67,401380,4605.55485508718,720,741.213203435596,0,4605.55485508718
67,401381,4634.85962419446,720,741.213203435596,0,4634.85962419446
67,401382,4664.1721652455,720,741.213203435596,0,4664.1721652455
67,401383,4693.49233262612,720,741.213203435596,0,4693.49233262612
67,401957,1212.61744853486,720,741.213203435596,0,1212.61744853486
67,401958,1231.13145598371,720,741.213203435596,0,1231.13145598371
67,401959,1250.08731528322,720,741.213203435596,0,1250.08731528322
67,401960,1269.46523317574,720,741.213203435596,0,1269.46523317574
67,401961,1289.24617864241,720,741.213203435596,0,1289.24617864241
67,401965,1372.04632489177,720,741.213203435596,0,1372.04632489177
67,401966,1393.5835428827,720,741.213203435596,0,1393.5835428827
67,401967,1415.42541760987,720,741.213203435596,0,1415.42541760987
67,401968,1437.5580625221,720,741.213203435596,0,1437.5580625221
67,401970,1482.64340593576,720,741.213203435596,0,1482.64340593576
67,401971,1505.57154758646,720,741.213203435596,0,1505.57154758646
67,401972,1528.74129567787,720,741.213203435596,0,1528.74129567787
67,401973,1552.14183043784,720,741.213203435596,0,1552.14183043784
67,401974,1575.76287014958,720,741.213203435596,0,1575.76287014958
67,402056,3825.32101587874,720,741.213203435596,0,3825.32101587874
67,402057,3854.28842281327,720,741.213203435596,0,3854.28842281327
67,402058,3883.27022830643,720,741.213203435596,0,3883.27022830643
67,402059,3912.26611236893,720,741.213203435596,0,3912.26611236893
67,402079,4494.71974473681,720,741.213203435596,0,4494.71974473681
67,402080,4523.95126633975,720,741.213203435596,0,4523.95126633975
67,402081,4553.19169206147,720,741.213203435596,0,4553.19169206147
67,402082,4582.44085145213,720,741.213203435596,0,4582.44085145213
67,402083,4611.69857833182,720,741.213203435596,0,4611.69857833182
67,402084,4640.96471066312,720,741.213203435596,0,4640.96471066312
67,402085,4670.23909042892,720,741.213203435596,0,4670.23909042892
67,402086,4699.52156350518,720,741.213203435596,0,4699.52156350518
67,402087,4728.81197953628,720,741.213203435596,0,4728.81197953628
67,402088,4758.11019183859,720,741.213203435596,0,4758.11019183859
67,402089,4787.41605727082,720,741.213203435596,0,4787.41605727082
67,402090,4816.72943614546,720,741.213203435596,0,4816.72943614546
67,402091,4846.05019211821,720,741.213203435596,0,4846.05019211821
67,402092,4875.37819208811,720,741.213203435596,0,4875.37819208811
67,402093,4904.71330610471,720,741.213203435596,0,4904.71330610471
67,402662,1273.19677623759,720,741.213203435596,0,1273.19677623759
67,402663,1292.22829865849,720,741.213203435596,0,1292.22829865849
67,402664,1311.66610797029,720,741.213203435596,0,1311.66610797029
67,402665,1331.4924107401,720,741.213203435596,0,1331.4924107401
67,402666,1351.69011205425,720,741.213203435596,0,1351.69011205425
67,402667,1372.24281244416,720,741.213203435596,0,1372.24281244416
67,402668,1393.13480025685,720,741.213203435596,0,1393.13480025685
67,402669,1414.35104029347,720,741.213203435596,0,1414.35104029347
67,402670,1435.8771593607,720,741.213203435596,0,1435.8771593607
67,402671,1457.69942939913,720,741.213203435596,0,1457.69942939913
67,402672,1479.80474869736,720,741.213203435596,0,1479.80474869736
67,402673,1502.18062168329,720,741.213203435596,0,1502.18062168329
67,402690,1914.35170420323,720,741.213203435596,0,1914.35170420323
67,402691,1940.02268509147,720,741.213203435596,0,1940.02268509147
67,402692,1965.81373685707,720,741.213203435596,0,1965.81373685707
67,402761,3890.78039136611,720,741.213203435596,0,3890.78039136611
67,402762,3919.72087484617,720,741.213203435596,0,3919.72087484617
67,402784,4559.60188503418,720,741.213203435596,0,4559.60188503418
67,402785,4588.81034241159,720,741.213203435596,0,4588.81034241159
67,402786,4618.02787180761,720,741.213203435596,0,4618.02787180761
67,402787,4647.25430211061,720,741.213203435596,0,4647.25430211061
67,402788,4676.48946643979,720,741.213203435596,0,4676.48946643979
67,402789,4705.73320201044,720,741.213203435596,0,4705.73320201044
67,402790,4734.98535000751,720,741.213203435596,0,4734.98535000751
67,402791,4764.24575547944,720,741.213203435596,0,4764.24575547944
67,402792,4793.51426720617,720,741.213203435596,0,4793.51426720617
67,402793,4822.79073760384,720,741.213203435596,0,4822.79073760384
67,402794,4852.07502260842,720,741.213203435596,0,4852.07502260842
67,402795,4881.36698157543,720,741.213203435596,0,4881.36698157543
67,403370,1393.97018380496,720,741.213203435596,0,1393.97018380496
67,403371,1414.54141658956,720,741.213203435596,0,1414.54141658956
67,403372,1435.44140698529,720,741.213203435596,0,1435.44140698529
67,403373,1456.6560040898,720,741.213203435596,0,1456.6560040898
67,403374,1478.1716623381,720,741.213203435596,0,1478.1716623381
67,403375,1499.97542651428,720,741.213203435596,0,1499.97542651428
67,403376,1522.0549151309,720,741.213203435596,0,1522.0549151309
67,403377,1544.39830255118,720,741.213203435596,0,1544.39830255118
67,403378,1566.99430020791,720,741.213203435596,0,1566.99430020791
67,403379,1589.83213722773,720,741.213203435596,0,1589.83213722773
67,403380,1612.90154068611,720,741.213203435596,0,1612.90154068611
67,403381,1636.19271574258,720,741.213203435596,0,1636.19271574258
67,403382,1659.69632579306,720,741.213203435596,0,1659.69632579306
67,403383,1683.40347283858,720,741.213203435596,0,1683.40347283858
67,403384,1707.30567813001,720,741.213203435596,0,1707.30567813001
67,403385,1731.39486324956,720,741.213203435596,0,1731.39486324956
67,403390,1854.38848612717,720,741.213203435596,0,1854.38848612717
67,403391,1879.45006785027,720,741.213203435596,0,1879.45006785027
67,403392,1904.65181208709,720,741.213203435596,0,1904.65181208709
67,403393,1929.98822812959,720,741.213203435596,0,1929.98822812959
67,403394,1955.45408123482,720,741.213203435596,0,1955.45408123482
67,403395,1981.04437976589,720,741.213203435596,0,1981.04437976589
67,403396,2006.75436290743,720,741.213203435596,0,2006.75436290743
67,403490,4653.72765045257,720,741.213203435596,0,4653.72765045257
67,403491,4682.92255871277,720,741.213203435596,0,4682.92255871277
67,403492,4712.12652677988,720,741.213203435596,0,4712.12652677988
67,403493,4741.33938723956,720,741.213203435596,0,4741.33938723956
67,403494,4770.56097673535,720,741.213203435596,0,4770.56097673535
67,403495,4799.79113583285,720,741.213203435596,0,4799.79113583285
67,404075,1456.8406206991,720,741.213203435596,0,1456.8406206991
67,404076,1477.74815352621,720,741.213203435596,0,1477.74815352621
67,404077,1498.96120487783,720,741.213203435596,0,1498.96120487783
67,404078,1520.46698732589,720,741.213203435596,0,1520.46698732589
67,404079,1542.25325504847,720,741.213203435596,0,1542.25325504847
67,404080,1564.30828905587,720,741.213203435596,0,1564.30828905587
67,404081,1586.62088132094,720,741.213203435596,0,1586.62088132094
67,404082,1609.18031811848,720,741.213203435596,0,1609.18031811848
67,404083,1631.97636279543,720,741.213203435596,0,1631.97636279543
67,404084,1654.99923823626,720,741.213203435596,0,1654.99923823626
67,404085,1678.23960915127,720,741.213203435596,0,1678.23960915127
67,404086,1701.68856440243,720,741.213203435596,0,1701.68856440243
67,404087,1725.33759943721,720,741.213203435596,0,1725.33759943721
67,404091,1821.77771763913,720,741.213203435596,0,1821.77771763913
67,404092,1846.31262273822,720,741.213203435596,0,1846.31262273822
67,404093,1871.00417599679,720,741.213203435596,0,1871.00417599679
67,404094,1895.84625684887,720,741.213203435596,0,1895.84625684887
67,404095,1920.83302499864,720,741.213203435596,0,1920.83302499864
67,404096,1945.95890695332,720,741.213203435596,0,1945.95890695332
67,404097,1971.21858312708,720,741.213203435596,0,1971.21858312708
67,404098,1996.60697551734,720,741.213203435596,0,1996.60697551734
67,404099,2022.11923589767,720,741.213203435596,0,2022.11923589767
67,404100,2047.75073458397,720,741.213203435596,0,2047.75073458397
67,404780,1520.05503770009,720,741.213203435596,0,1520.05503770009
67,404781,1541.26663250227,720,741.213203435596,0,1541.26663250227
67,404782,1562.76307681514,720,741.213203435596,0,1562.76307681514
67,404783,1584.53277751209,720,741.213203435596,0,1584.53277751209
67,404784,1606.56462637547,720,741.213203435596,0,1606.56462637547
67,404785,1628.84798596701,720,741.213203435596,0,1628.84798596701
67,404794,1839.17439033536,720,741.213203435596,0,1839.17439033536
67,404795,1863.48039167861,720,741.213203435596,0,1863.48039167861
67,404796,1887.94755997366,720,741.213203435596,0,1887.94755997366
67,404797,1912.56970988568,720,741.213203435596,0,1912.56970988568
67,404798,1937.34093232477,720,741.213203435596,0,1937.34093232477
67,404799,1962.2555816909,720,741.213203435596,0,1962.2555816909
67,404800,1987.30826360849,720,741.213203435596,0,1987.30826360849
67,404801,2012.49382316024,720,741.213203435596,0,2012.49382316024
67,404802,2037.80733358628,720,741.213203435596,0,2037.80733358628
67,404808,2192.12558883287,720,741.213203435596,0,2192.12558883287
67,404809,2218.21381883896,720,741.213203435596,0,2218.21381883896
67,404810,2244.39759887863,720,741.213203435596,0,2244.39759887863
67,404811,2270.67362350814,720,741.213203435596,0,2270.67362350814
67,405485,1583.57227789731,720,741.213203435596,0,1583.57227789731
67,405486,1605.05987935974,720,741.213203435596,0,1605.05987935974
67,405487,1626.81387070345,720,741.213203435596,0,1626.81387070345
67,405488,1648.82370800365,720,741.213203435596,0,1648.82370800365
67,405489,1671.07928202411,720,741.213203435596,0,1671.07928202411
67,405491,1716.28929671009,720,741.213203435596,0,1716.28929671009
67,405492,1739.22557089493,720,741.213203435596,0,1739.22557089493
67,405493,1762.37122067613,720,741.213203435596,0,1762.37122067613
67,405494,1785.71810458589,720,741.213203435596,0,1785.71810458589
67,405503,2003.71528921717,720,741.213203435596,0,2003.71528921717
67,405504,2028.69730500365,720,741.213203435596,0,2028.69730500365
67,405505,2053.81124910326,720,741.213203435596,0,2053.81124910326
67,405511,2207.01155948705,720,741.213203435596,0,2207.01155948705
67,405512,2232.92601556416,720,741.213203435596,0,2232.92601556416
67,405513,2258.93940927435,720,741.213203435596,0,2258.93940927435
67,405514,2285.04836164606,720,741.213203435596,0,2285.04836164606
67,405515,2311.24963425797,720,741.213203435596,0,2311.24963425797
67,405516,2337.54012268285,720,741.213203435596,0,2337.54012268285
67,406191,1669.09642390073,720,741.213203435596,0,1669.09642390073
67,406193,1713.31446797589,720,741.213203435596,0,1713.31446797589
67,406194,1735.77458859428,720,741.213203435596,0,1735.77458859428
67,406195,1758.45684759109,720,741.213203435596,0,1758.45684759109
67,406196,1781.35275940837,720,741.213203435596,0,1781.35275940837
67,406197,1804.45419123049,720,741.213203435596,0,1804.45419123049
67,406198,1827.7533502186,720,741.213203435596,0,1827.7533502186
67,406204,1971.30383879038,720,741.213203435596,0,1971.30383879038
67,406205,1995.79481636441,720,741.213203435596,0,1995.79481636441
67,406206,2020.43192891426,720,741.213203435596,0,2020.43192891426
67,406207,2045.2098953149,720,741.213203435596,0,2045.2098953149
67,406208,2070.12365779433,720,741.213203435596,0,2070.12365779433
67,406209,2095.16837208491,720,741.213203435596,0,2095.16837208491
67,406210,2120.33939791595,720,741.213203435596,0,2120.33939791595
67,406211,2145.63228990383,720,741.213203435596,0,2145.63228990383
67,406213,2196.56681303852,720,741.213203435596,0,2196.56681303852
67,406214,2222.20045083442,720,741.213203435596,0,2222.20045083442
67,406215,2247.93995234802,720,741.213203435596,0,2247.93995234802
67,406216,2273.78172241145,720,741.213203435596,0,2273.78172241145
67,406217,2299.72231347693,720,741.213203435596,0,2299.72231347693
67,406218,2325.75841891771,720,741.213203435596,0,2325.75841891771
67,406219,2351.88686661262,720,741.213203435596,0,2351.88686661262
67,406900,1823.48844278174,720,741.213203435596,0,1823.48844278174
67,406904,1916.86257698614,720,741.213203435596,0,1916.86257698614
67,406905,1940.65721807519,720,741.213203435596,0,1940.65721807519
67,406906,1964.6192640993,720,741.213203435596,0,1964.6192640993
67,406907,1988.74266396163,720,741.213203435596,0,1988.74266396163
67,406908,2013.02161683521,720,741.213203435596,0,2013.02161683521
67,406909,2037.45056185542,720,741.213203435596,0,2037.45056185542
67,406910,2062.02416812934,720,741.213203435596,0,2062.02416812934
67,406911,2086.73732502893,720,741.213203435596,0,2086.73732502893
67,406912,2111.58513282495,720,741.213203435596,0,2111.58513282495
67,406913,2136.56289362831,720,741.213203435596,0,2136.56289362831
67,406914,2161.66610267823,720,741.213203435596,0,2161.66610267823
67,406915,2186.8904399312,720,741.213203435596,0,2186.8904399312
67,406916,2212.23176200483,720,741.213203435596,0,2212.23176200483
67,406917,2237.68609441646,720,741.213203435596,0,2237.68609441646
67,406918,2263.24962415092,720,741.213203435596,0,2263.24962415092
67,406919,2288.91869253779,720,741.213203435596,0,2288.91869253779
67,406920,2314.68978842154,720,741.213203435596,0,2314.68978842154
67,406921,2340.55954163686,720,741.213203435596,0,2340.55954163686
67,406922,2366.52471675421,720,741.213203435596,0,2366.52471675421
67,407616,2153.07970776653,720,741.213203435596,0,2153.07970776653
67,407617,2177.99268799189,720,741.213203435596,0,2177.99268799189
67,407618,2203.0302302232,720,741.213203435596,0,2203.0302302232
67,407619,2228.18813545709,720,741.213203435596,0,2228.18813545709
67,407620,2253.46237245964,720,741.213203435596,0,2253.46237245964
67,407621,2278.84907059702,720,741.213203435596,0,2278.84907059702
67,407622,2304.3445129603,720,741.213203435596,0,2304.3445129603
67,407623,2329.9451297449,720,741.213203435596,0,2329.9451297449
67,407624,2355.64749192403,720,741.213203435596,0,2355.64749192403
67,408321,2219.45578639809,720,741.213203435596,0,2219.45578639809
67,408322,2244.42971791063,720,741.213203435596,0,2244.42971791063
67,408323,2269.5232240529,720,741.213203435596,0,2269.5232240529
67,408324,2294.73238208332,720,741.213203435596,0,2294.73238208332
67,408325,2320.05342206758,720,741.213203435596,0,2320.05342206758
