"OID","cell_id","NEAR_DIST","uc","radius","assigned_community","fringe_dist"
76,2859,9000.39630716653,50,71.2132034355964,0,9000.39630716653
76,3561,8989.93573515358,50,71.2132034355964,0,8989.93573515358
76,3562,8974.66631958115,50,71.2132034355964,0,8974.66631958115
76,3563,8959.4703259515,50,71.2132034355964,0,8959.4703259515
76,4264,8964.2756126146,50,71.2132034355964,0,8964.2756126146
76,4265,8948.96233106529,50,71.2132034355964,0,8948.96233106529
76,4266,8933.72253344114,50,71.2132034355964,0,8933.72253344114
76,4267,8918.55659644219,50,71.2132034355964,0,8918.55659644219
76,4967,8938.64192083322,50,71.2132034355964,0,8938.64192083322
76,4968,8923.28456629451,50,71.2132034355964,0,8923.28456629451
76,4969,8908.00075666054,50,71.2132034355964,0,8908.00075666054
76,4970,8892.79087112819,50,71.2132034355964,0,8892.79087112819
76,5666,8975.36987315575,50,71.2132034355964,0,8975.36987315575
76,5671,8897.6332523054,50,71.2132034355964,0,8897.6332523054
76,5672,8882.30522162071,50,71.2132034355964,0,8882.30522162071
76,5673,8867.05117750674,50,71.2132034355964,0,8867.05117750674
76,5674,8851.8715024599,50,71.2132034355964,0,8851.8715024599
76,6368,8965.77693977097,50,71.2132034355964,0,8965.77693977097
76,6369,8949.96822896477,50,71.2132034355964,0,8949.96822896477
76,6370,8934.23127369233,50,71.2132034355964,0,8934.23127369233
76,6375,8856.63615672747,50,71.2132034355964,0,8856.63615672747
76,6376,8841.33774293692,50,71.2132034355964,0,8841.33774293692
76,6377,8826.11376220514,50,71.2132034355964,0,8826.11376220514
76,7048,9324.0362132292,50,71.2132034355964,0,9324.0362132292
76,7071,8940.44819884676,50,71.2132034355964,0,8940.44819884676
76,7072,8924.59453600967,50,71.2132034355964,0,8924.59453600967
76,7073,8908.8126742182,50,71.2132034355964,0,8908.8126742182
76,7077,8846.41089680671,50,71.2132034355964,0,8846.41089680671
76,7078,8830.99379279967,50,71.2132034355964,0,8830.99379279967
76,7079,8815.65079719302,50,71.2132034355964,0,8815.65079719302
76,7080,8800.38229760002,50,71.2132034355964,0,8800.38229760002
76,7750,9317.29211925367,50,71.2132034355964,0,9317.29211925367
76,7751,9299.78152453342,50,71.2132034355964,0,9299.78152453342
76,7752,9282.33388637803,50,71.2132034355964,0,9282.33388637803
76,7764,9078.00366327553,50,71.2132034355964,0,9078.00366327553
76,7773,8931.11813558313,50,71.2132034355964,0,8931.11813558313
76,7774,8915.14785362578,50,71.2132034355964,0,8915.14785362578
76,7775,8899.24903337864,50,71.2132034355964,0,8899.24903337864
76,7776,8883.42205853241,50,71.2132034355964,0,8883.42205853241
76,7779,8836.37605814337,50,71.2132034355964,0,8836.37605814337
76,7780,8820.84032143639,50,71.2132034355964,0,8820.84032143639
76,8454,9275.55986965809,50,71.2132034355964,0,9275.55986965809
76,8455,9258.06648920547,50,71.2132034355964,0,9258.06648920547
76,8466,9069.89716481734,50,71.2132034355964,0,9069.89716481734
76,8467,9053.18744901809,50,71.2132034355964,0,9053.18744901809
76,8468,9036.5454355712,50,71.2132034355964,0,9036.5454355712
76,8476,8905.89183294745,50,71.2132034355964,0,8905.89183294745
76,8477,8889.87614654806,50,71.2132034355964,0,8889.87614654806
76,8478,8873.93196262101,50,71.2132034355964,0,8873.93196262101
76,8479,8858.05966727238,50,71.2132034355964,0,8858.05966727238
76,8481,8826.53229183651,50,71.2132034355964,0,8826.53229183651
76,8482,8810.87798899818,50,71.2132034355964,0,8810.87798899818
76,8483,8795.29712918613,50,71.2132034355964,0,8795.29712918613
76,9157,9251.37150806599,50,71.2132034355964,0,9251.37150806599
76,9158,9233.83220835161,50,71.2132034355964,0,9233.83220835161
76,9159,9216.35620777718,50,71.2132034355964,0,9216.35620777718
76,9170,9028.40212090832,50,71.2132034355964,0,9028.40212090832
76,9171,9011.71424607037,50,71.2132034355964,0,9011.71424607037
76,9179,8880.69461932789,50,71.2132034355964,0,8880.69461932789
76,9180,8864.63332254193,50,71.2132034355964,0,8864.63332254193
76,9181,8848.64356777643,50,71.2132034355964,0,8848.64356777643
76,9182,8832.72574356826,50,71.2132034355964,0,8832.72574356826
76,9861,9209.6313052452,50,71.2132034355964,0,9209.6313052452
76,9865,9139.92625823525,50,71.2132034355964,0,9139.92625823525
76,9869,9071.25723294101,50,71.2132034355964,0,9071.25723294101
76,9873,9003.64793401913,50,71.2132034355964,0,9003.64793401913
76,9874,8986.91400257637,50,71.2132034355964,0,8986.91400257637
76,9883,8839.41962905371,50,71.2132034355964,0,8839.41962905371
76,9884,8823.38409540854,50,71.2132034355964,0,8823.38409540854
76,9885,8807.42053307667,50,71.2132034355964,0,8807.42053307667
76,10567,9132.95017347183,50,71.2132034355964,0,9132.95017347183
76,10568,9115.57381721504,50,71.2132034355964,0,9115.57381721504
76,10569,9098.26220809339,50,71.2132034355964,0,9098.26220809339
76,10572,9046.71957356799,50,71.2132034355964,0,9046.71957356799
76,11271,9091.25455706548,50,71.2132034355964,0,9091.25455706548
76,15481,9089.47550561914,50,71.2132034355964,0,9089.47550561914
76,15482,9071.32765056455,50,71.2132034355964,0,9071.32765056455
76,16183,9084.03498554615,50,71.2132034355964,0,9084.03498554615
76,16184,9065.77785378187,50,71.2132034355964,0,9065.77785378187
76,16185,9047.5823671708,50,71.2132034355964,0,9047.5823671708
76,16886,9060.42195089425,50,71.2132034355964,0,9060.42195089425
76,16887,9042.11704271075,50,71.2132034355964,0,9042.11704271075
76,16888,9023.87374859973,50,71.2132034355964,0,9023.87374859973
76,17589,9036.84622149399,50,71.2132034355964,0,9036.84622149399
76,17590,9018.49336237061,50,71.2132034355964,0,9018.49336237061
76,18291,9031.77024564403,50,71.2132034355964,0,9031.77024564403
76,18292,9013.30809008085,50,71.2132034355964,0,9013.30809008085
76,18293,8994.90710531622,50,71.2132034355964,0,8994.90710531622
76,18995,8989.80785198202,50,71.2132034355964,0,8989.80785198202
76,18996,8971.35856670976,50,71.2132034355964,0,8971.35856670976
76,19698,8966.3458051484,50,71.2132034355964,0,8966.3458051484
76,19699,8947.84804435062,50,71.2132034355964,0,8947.84804435062
76,19725,8489.63142662362,50,71.2132034355964,0,8489.63142662362
76,19726,8472.93265991843,50,71.2132034355964,0,8472.93265991843
76,19727,8456.30629344713,50,71.2132034355964,0,8456.30629344713
76,20401,8942.92225016549,50,71.2132034355964,0,8942.92225016549
76,20402,8924.37583868868,50,71.2132034355964,0,8924.37583868868
76,20428,8464.88618312824,50,71.2132034355964,0,8464.88618312824
76,20429,8448.13841406294,50,71.2132034355964,0,8448.13841406294
76,20430,8431.46306474219,50,71.2132034355964,0,8431.46306474219
76,21105,8900.94225285391,50,71.2132034355964,0,8900.94225285391
76,21106,8882.4084079248,50,71.2132034355964,0,8882.4084079248
76,21132,8423.37740220764,50,71.2132034355964,0,8423.37740220764
76,21808,8877.54759267486,50,71.2132034355964,0,8877.54759267486
76,21809,8858.96470343735,50,71.2132034355964,0,8858.96470343735
76,22511,8854.19216670055,50,71.2132034355964,0,8854.19216670055
76,22512,8835.56005589971,50,71.2132034355964,0,8835.56005589971
76,23215,8812.19477651105,50,71.2132034355964,0,8812.19477651105
76,26729,8714.90115649972,50,71.2132034355964,0,8714.90115649972
76,27431,8710.87181297874,50,71.2132034355964,0,8710.87181297874
76,27432,8691.8292426733,50,71.2132034355964,0,8691.8292426733
76,27433,8672.84761197654,50,71.2132034355964,0,8672.84761197654
76,28134,8687.89228415382,50,71.2132034355964,0,8687.89228415382
76,28135,8668.7991321254,50,71.2132034355964,0,8668.7991321254
76,28136,8649.76685986162,50,71.2132034355964,0,8649.76685986162
76,28838,8645.81115891136,50,71.2132034355964,0,8645.81115891136
76,57711,6758.03607836522,50,71.2132034355964,0,6758.03607836522
76,58413,6752.06909818944,50,71.2132034355964,0,6752.06909818944
76,58414,6734.09987676389,50,71.2132034355964,0,6734.09987676389
76,59116,6728.24474301904,50,71.2132034355964,0,6728.24474301904
76,59117,6710.21162537266,50,71.2132034355964,0,6710.21162537266
76,59118,6692.26310758984,50,71.2132034355964,0,6692.26310758984
76,59819,6704.46917589159,50,71.2132034355964,0,6704.46917589159
76,59820,6686.3718381211,50,71.2132034355964,0,6686.3718381211
76,59821,6668.35905624348,50,71.2132034355964,0,6668.35905624348
76,60523,6662.58103524899,50,71.2132034355964,0,6662.58103524899
76,60524,6644.50366077622,50,71.2132034355964,0,6644.50366077622
76,60525,6626.51148589591,50,71.2132034355964,0,6626.51148589591
76,61226,6638.83974337298,50,71.2132034355964,0,6638.83974337298
76,61227,6620.69744713051,50,71.2132034355964,0,6620.69744713051
76,61228,6602.64030310254,50,71.2132034355964,0,6602.64030310254
76,61930,6596.94094775176,50,71.2132034355964,0,6596.94094775176
76,61931,6578.81850068143,50,71.2132034355964,0,6578.81850068143
76,61932,6560.78185956588,50,71.2132034355964,0,6560.78185956588
76,62634,6555.04661699381,50,71.2132034355964,0,6555.04661699381
76,62635,6536.94428732333,50,71.2132034355964,0,6536.94428732333
76,62636,6518.9284270416,50,71.2132034355964,0,6518.9284270416
76,63338,6513.15683947695,50,71.2132034355964,0,6513.15683947695
76,63339,6495.07490082154,50,71.2132034355964,0,6495.07490082154
76,64003,7236.83576061173,50,71.2132034355964,0,7236.83576061173
76,64042,6471.27170585411,50,71.2132034355964,0,6471.27170585411
76,64043,6453.2104373678,50,71.2132034355964,0,6453.2104373678
76,64706,7215.60790168544,50,71.2132034355964,0,7215.60790168544
76,64711,7111.11897438109,50,71.2132034355964,0,7111.11897438109
76,64745,6447.51939958303,50,71.2132034355964,0,6447.51939958303
76,64746,6429.39130913019,50,71.2132034355964,0,6429.39130913019
76,64747,6411.35099565344,50,71.2132034355964,0,6411.35099565344
76,65414,7089.64032552159,50,71.2132034355964,0,7089.64032552159
76,65415,7068.87189369244,50,71.2132034355964,0,7068.87189369244
76,65449,6405.62328397511,50,71.2132034355964,0,6405.62328397511
76,65450,6387.51574474256,50,71.2132034355964,0,6387.51574474256
76,65451,6369.49667695096,50,71.2132034355964,0,6369.49667695096
76,66117,7068.22298855227,50,71.2132034355964,0,7068.22298855227
76,66118,7047.39132820455,50,71.2132034355964,0,7047.39132820455
76,66119,7026.6247697172,50,71.2132034355964,0,7026.6247697172
76,66153,6363.73181258561,50,71.2132034355964,0,6363.73181258561
76,66154,6345.64511063182,50,71.2132034355964,0,6345.64511063182
76,66155,6327.64758520469,50,71.2132034355964,0,6327.64758520469
76,66821,7025.97243158912,50,71.2132034355964,0,7025.97243158912
76,66822,7005.14226503711,50,71.2132034355964,0,7005.14226503711
76,66857,6321.84508002251,50,71.2132034355964,0,6321.84508002251
76,66858,6303.77950733546,50,71.2132034355964,0,6303.77950733546
76,66859,6285.80382710794,50,71.2132034355964,0,6285.80382710794
76,67525,6983.72179039211,50,71.2132034355964,0,6983.72179039211
76,67526,6962.89313689328,50,71.2132034355964,0,6962.89313689328
76,67560,6298.09716937089,50,71.2132034355964,0,6298.09716937089
76,67561,6279.96318340951,50,71.2132034355964,0,6279.96318340951
76,67562,6261.91903806063,50,71.2132034355964,0,6261.91903806063
76,67563,6243.96551220608,50,71.2132034355964,0,6243.96551220608
76,68229,6941.47106550259,50,71.2132034355964,0,6941.47106550259
76,68264,6256.19920448332,50,71.2132034355964,0,6256.19920448332
76,68265,6238.08622246343,50,71.2132034355964,0,6238.08622246343
76,68266,6220.0638087869,50,71.2132034355964,0,6220.0638087869
76,68932,6920.11196902245,50,71.2132034355964,0,6920.11196902245
76,68933,6899.22025747983,50,71.2132034355964,0,6899.22025747983
76,68968,6214.30597829585,50,71.2132034355964,0,6214.30597829585
76,68969,6196.21429959188,50,71.2132034355964,0,6196.21429959188
76,68970,6178.21392834719,50,71.2132034355964,0,6178.21392834719
76,69635,6898.8164323739,50,71.2132034355964,0,6898.8164323739
76,69636,6877.85992200119,50,71.2132034355964,0,6877.85992200119
76,69637,6856.96936689053,50,71.2132034355964,0,6856.96936689053
76,69672,6172.41758963844,50,71.2132034355964,0,6172.41758963844
76,69673,6154.34751996992,50,71.2132034355964,0,6154.34751996992
76,70339,6856.56353032063,50,71.2132034355964,0,6856.56353032063
76,70375,6148.67429196225,50,71.2132034355964,0,6148.67429196225
76,70376,6130.53414002707,50,71.2132034355964,0,6130.53414002707
76,70377,6112.48599164712,50,71.2132034355964,0,6112.48599164712
76,71078,6124.98502771299,50,71.2132034355964,0,6124.98502771299
76,71079,6106.77440887027,50,71.2132034355964,0,6106.77440887027
76,71080,6088.65573375845,50,71.2132034355964,0,6088.65573375845
76,71782,6083.06895513881,50,71.2132034355964,0,6083.06895513881
76,71783,6064.87936266851,50,71.2132034355964,0,6064.87936266851
76,72485,6059.41841585866,50,71.2132034355964,0,6059.41841585866
76,72486,6041.1575146287,50,71.2132034355964,0,6041.1575146287
76,72487,6022.98925668793,50,71.2132034355964,0,6022.98925668793
76,73189,6017.49083445233,50,71.2132034355964,0,6017.49083445233
76,73190,5999.25080566896,50,71.2132034355964,0,5999.25080566896
76,73191,5981.10419714018,50,71.2132034355964,0,5981.10419714018
76,73892,5993.87997562695,50,71.2132034355964,0,5993.87997562695
76,73893,5975.56777769416,50,71.2132034355964,0,5975.56777769416
76,73894,5957.34893053528,50,71.2132034355964,0,5957.34893053528
76,73895,5939.2242932289,50,71.2132034355964,0,5939.2242932289
76,74559,6687.52447145906,50,71.2132034355964,0,6687.52447145906
76,74560,6666.30409953984,50,71.2132034355964,0,6666.30409953984
76,74596,5951.94083435284,50,71.2132034355964,0,5951.94083435284
76,74597,5933.64934391834,50,71.2132034355964,0,5933.64934391834
76,74598,5915.45199439111,50,71.2132034355964,0,5915.45199439111
76,74599,5897.3496572358,50,71.2132034355964,0,5897.3496572358
76,75263,6645.27183954085,50,71.2132034355964,0,6645.27183954085
76,75300,5910.006107134,50,71.2132034355964,0,5910.006107134
76,75301,5891.73563425611,50,71.2132034355964,0,5891.73563425611
76,75302,5873.56010538554,50,71.2132034355964,0,5873.56010538554
76,75303,5855.48040464868,50,71.2132034355964,0,5855.48040464868
76,76004,5868.07589106795,50,71.2132034355964,0,5868.07589106795
76,76005,5849.82675271709,50,71.2132034355964,0,5849.82675271709
76,76006,5831.67337476464,50,71.2132034355964,0,5831.67337476464
76,76708,5826.15028602793,50,71.2132034355964,0,5826.15028602793
76,76709,5807.92280630611,50,71.2132034355964,0,5807.92280630611
76,77412,5784.22939477933,50,71.2132034355964,0,5784.22939477933
76,78078,6497.55314642653,50,71.2132034355964,0,6497.55314642653
76,78781,6476.66324584171,50,71.2132034355964,0,6476.66324584171
76,78782,6455.3014125004,50,71.2132034355964,0,6455.3014125004
76,79484,6455.84433692968,50,71.2132034355964,0,6455.84433692968
76,80185,6478.29689819803,50,71.2132034355964,0,6478.29689819803
76,80888,6457.76058715014,50,71.2132034355964,0,6457.76058715014
76,80889,6436.05864181496,50,71.2132034355964,0,6436.05864181496
76,81591,6437.29774780586,50,71.2132034355964,0,6437.29774780586
76,81592,6415.52646504432,50,71.2132034355964,0,6415.52646504432
76,81593,6393.82048308022,50,71.2132034355964,0,6393.82048308022
76,82294,6416.90908304541,50,71.2132034355964,0,6416.90908304541
76,82295,6395.06827170006,50,71.2132034355964,0,6395.06827170006
76,82296,6373.29249645428,50,71.2132034355964,0,6373.29249645428
76,82998,6374.68477408494,50,71.2132034355964,0,6374.68477408494
76,92148,5869.84105567827,50,71.2132034355964,0,5869.84105567827
76,92850,5871.96807512659,50,71.2132034355964,0,5871.96807512659
76,92851,5849.76728745352,50,71.2132034355964,0,5849.76728745352
76,93553,5852.054611094,50,71.2132034355964,0,5852.054611094
76,93554,5829.77786961438,50,71.2132034355964,0,5829.77786961438
76,94262,5699.14090955077,50,71.2132034355964,0,5699.14090955077
76,94964,5701.02023172112,50,71.2132034355964,0,5701.02023172112
76,94965,5678.93579012144,50,71.2132034355964,0,5678.93579012144
76,94966,5656.92274416796,50,71.2132034355964,0,5656.92274416796
76,95668,5658.81663451045,50,71.2132034355964,0,5658.81663451045
76,95669,5636.72489852722,50,71.2132034355964,0,5636.72489852722
76,95670,5614.7050384932,50,71.2132034355964,0,5614.7050384932
76,96372,5616.61371496641,50,71.2132034355964,0,5616.61371496641
76,97120,4683.81529239565,50,71.2132034355964,0,4683.81529239565
76,97823,4659.97166177113,50,71.2132034355964,0,4659.97166177113
76,97824,4641.96323486261,50,71.2132034355964,0,4641.96323486261
76,98526,4636.1983863038,50,71.2132034355964,0,4636.1983863038
76,98527,4618.09715777078,50,71.2132034355964,0,4618.09715777078
76,98528,4600.11852975024,50,71.2132034355964,0,4600.11852975024
76,99230,4594.30184433142,50,71.2132034355964,0,4594.30184433142
76,99231,4576.22963494254,50,71.2132034355964,0,4576.22963494254
76,99933,4570.57839977163,50,71.2132034355964,0,4570.57839977163
76,99934,4552.41191558084,50,71.2132034355964,0,4552.41191558084
76,99935,4534.36928985258,50,71.2132034355964,0,4534.36928985258
76,100637,4528.66649466965,50,71.2132034355964,0,4528.66649466965
76,100638,4510.52878751069,50,71.2132034355964,0,4510.52878751069
76,100639,4492.51632635545,50,71.2132034355964,0,4492.51632635545
76,101340,4504.99451544482,50,71.2132034355964,0,4504.99451544482
76,101341,4486.76101688018,50,71.2132034355964,0,4486.76101688018
76,101342,4468.65265457182,50,71.2132034355964,0,4468.65265457182
76,102044,4463.06713994543,50,71.2132034355964,0,4463.06713994543
76,102045,4444.8621514385,50,71.2132034355964,0,4444.8621514385
76,102046,4426.7837185415,50,71.2132034355964,0,4426.7837185415
76,102748,4421.14599813235,50,71.2132034355964,0,4421.14599813235
76,102749,4402.97009039278,50,71.2132034355964,0,4402.97009039278
76,102750,4384.92218887077,50,71.2132034355964,0,4384.92218887077
76,103451,4397.50539757853,50,71.2132034355964,0,4397.50539757853
76,103452,4379.23127232021,50,71.2132034355964,0,4379.23127232021
76,103453,4361.08503314061,50,71.2132034355964,0,4361.08503314061
76,104155,4355.56848751996,50,71.2132034355964,0,4355.56848751996
76,104156,4337.3231518484,50,71.2132034355964,0,4337.3231518484
76,104157,4319.20718678339,50,71.2132034355964,0,4319.20718678339
76,104859,4313.63778894962,50,71.2132034355964,0,4313.63778894962
76,104860,4295.42183341145,50,71.2132034355964,0,4295.42183341145
76,105562,4290.03021182738,50,71.2132034355964,0,4290.03021182738
76,105563,4271.71348816521,50,71.2132034355964,0,4271.71348816521
76,105564,4253.52752142392,50,71.2132034355964,0,4253.52752142392
76,106266,4248.08344038095,50,71.2132034355964,0,4248.08344038095
76,106267,4229.79577881652,50,71.2132034355964,0,4229.79577881652
76,106268,4211.64042839879,50,71.2132034355964,0,4211.64042839879
76,106970,4206.1428505116,50,71.2132034355964,0,4206.1428505116
76,106971,4187.88486227544,50,71.2132034355964,0,4187.88486227544
76,107673,4182.57007362378,50,71.2132034355964,0,4182.57007362378
76,107674,4164.20863246304,50,71.2132034355964,0,4164.20863246304
76,107675,4145.98094802952,50,71.2132034355964,0,4145.98094802952
76,121010,4185.30236259479,50,71.2132034355964,0,4185.30236259479
76,121011,4162.66863425026,50,71.2132034355964,0,4162.66863425026
76,121713,4165.91130890944,50,71.2132034355964,0,4165.91130890944
76,121714,4143.17152754955,50,71.2132034355964,0,4143.17152754955
76,121715,4120.52267859917,50,71.2132034355964,0,4120.52267859917
76,122417,4123.79920076311,50,71.2132034355964,0,4123.79920076311
76,122418,4101.04324248775,50,71.2132034355964,0,4101.04324248775
76,122419,4078.37897700441,50,71.2132034355964,0,4078.37897700441
76,123121,4081.69004237862,50,71.2132034355964,0,4081.69004237862
76,123122,4058.9175903659,50,71.2132034355964,0,4058.9175903659
76,123123,4036.23760365191,50,71.2132034355964,0,4036.23760365191
76,123124,4013.65164971991,50,71.2132034355964,0,4013.65164971991
76,123824,4062.46488240092,50,71.2132034355964,0,4062.46488240092
76,123825,4039.58392957579,50,71.2132034355964,0,4039.58392957579
76,123826,4016.79465761827,50,71.2132034355964,0,4016.79465761827
76,123827,3994.09863584926,50,71.2132034355964,0,3994.09863584926
76,124528,4020.37983730287,50,71.2132034355964,0,4020.37983730287
76,124529,3997.4809622082,50,71.2132034355964,0,3997.4809622082
76,124530,3974.67453433543,50,71.2132034355964,0,3974.67453433543
76,124531,3951.96215420245,50,71.2132034355964,0,3951.96215420245
76,125232,3978.29839986256,50,71.2132034355964,0,3978.29839986256
76,125233,3955.38124436661,50,71.2132034355964,0,3955.38124436661
76,125234,3932.55731446116,50,71.2132034355964,0,3932.55731446116
76,125235,3909.82824277942,50,71.2132034355964,0,3909.82824277942
76,125936,3936.22068945427,50,71.2132034355964,0,3936.22068945427
76,125937,3913.28488462146,50,71.2132034355964,0,3913.28488462146
76,125938,3890.44309600209,50,71.2132034355964,0,3890.44309600209
76,125939,3867.69698931825,50,71.2132034355964,0,3867.69698931825
76,126640,3894.14683060337,50,71.2132034355964,0,3894.14683060337
76,126641,3871.19199624944,50,71.2132034355964,0,3871.19199624944
76,126642,3848.33198124981,50,71.2132034355964,0,3848.33198124981
76,127344,3852.07695325925,50,71.2132034355964,0,3852.07695325925
76,127345,3829.10269750562,50,71.2132034355964,0,3829.10269750562
76,128047,3833.10000250983,50,71.2132034355964,0,3833.10000250983
76,128048,3810.01119310523,50,71.2132034355964,0,3810.01119310523
76,128049,3787.01711188495,50,71.2132034355964,0,3787.01711188495
76,128751,3791.0595495907,50,71.2132034355964,0,3791.0595495907
76,128752,3767.94969186525,50,71.2132034355964,0,3767.94969186525
76,128753,3744.93536843143,50,71.2132034355964,0,3744.93536843143
76,129455,3749.02394611644,50,71.2132034355964,0,3749.02394611644
76,131560,3787.95349772957,50,71.2132034355964,0,3787.95349772957
76,131561,3764.11333573398,50,71.2132034355964,0,3764.11333573398
76,131582,3286.28840079506,50,71.2132034355964,0,3286.28840079506
76,132263,3770.07808531576,50,71.2132034355964,0,3770.07808531576
76,132264,3746.12403713191,50,71.2132034355964,0,3746.12403713191
76,132265,3722.25543766997,50,71.2132034355964,0,3722.25543766997
76,132285,3265.66522778767,50,71.2132034355964,0,3265.66522778767
76,132286,3244.03568450161,50,71.2132034355964,0,3244.03568450161
76,132967,3728.28791703479,50,71.2132034355964,0,3728.28791703479
76,132968,3704.30426295241,50,71.2132034355964,0,3704.30426295241
76,132969,3680.40664490842,50,71.2132034355964,0,3680.40664490842
76,132988,3245.18669728264,50,71.2132034355964,0,3245.18669728264
76,132989,3223.41962566546,50,71.2132034355964,0,3223.41962566546
76,132990,3201.78312589263,50,71.2132034355964,0,3201.78312589263
76,133671,3686.5083744916,50,71.2132034355964,0,3686.5083744916
76,133672,3662.49451094589,50,71.2132034355964,0,3662.49451094589
76,133673,3638.56727558565,50,71.2132034355964,0,3638.56727558565
76,133692,3202.95020838307,50,71.2132034355964,0,3202.95020838307
76,133693,3181.17437272728,50,71.2132034355964,0,3181.17437272728
76,134375,3644.73982705751,50,71.2132034355964,0,3644.73982705751
76,134376,3620.69513228769,50,71.2132034355964,0,3620.69513228769
76,134396,3160.7143160367,50,71.2132034355964,0,3160.7143160367
76,134397,3138.92948767027,50,71.2132034355964,0,3138.92948767027
76,134398,3117.27852589594,50,71.2132034355964,0,3117.27852589594
76,135078,3627.144905375,50,71.2132034355964,0,3627.144905375
76,135079,3602.98266112921,50,71.2132034355964,0,3602.98266112921
76,135080,3578.90649447901,50,71.2132034355964,0,3578.90649447901
76,135100,3118.4790491109,50,71.2132034355964,0,3118.4790491109
76,135101,3096.68499021556,50,71.2132034355964,0,3096.68499021556
76,135102,3075.02650811309,50,71.2132034355964,0,3075.02650811309
76,135782,3585.43222850938,50,71.2132034355964,0,3585.43222850938
76,135783,3561.23728112329,50,71.2132034355964,0,3561.23728112329
76,135784,3537.12898228435,50,71.2132034355964,0,3537.12898228435
76,135804,3076.24443806011,50,71.2132034355964,0,3076.24443806011
76,135805,3054.44090116791,50,71.2132034355964,0,3054.44090116791
76,135806,3032.77469530524,50,71.2132034355964,0,3032.77469530524
76,136486,3543.73244505282,50,71.2132034355964,0,3543.73244505282
76,136487,3519.50411052449,50,71.2132034355964,0,3519.50411052449
76,136488,3495.36299876204,50,71.2132034355964,0,3495.36299876204
76,136508,3034.01051503125,50,71.2132034355964,0,3034.01051503125
76,136509,3012.19724250509,50,71.2132034355964,0,3012.19724250509
76,136510,2990.52310098722,50,71.2132034355964,0,2990.52310098722
76,137189,3526.39443414758,50,71.2132034355964,0,3526.39443414758
76,137190,3502.04601969992,50,71.2132034355964,0,3502.04601969992
76,137191,3477.78359301799,50,71.2132034355964,0,3477.78359301799
76,137192,3453.60896635962,50,71.2132034355964,0,3453.60896635962
76,137198,3310.51223273253,50,71.2132034355964,0,3310.51223273253
76,137212,2991.7773139883,50,71.2132034355964,0,2991.7773139883
76,137213,2969.9540374524,50,71.2132034355964,0,2969.9540374524
76,137893,3484.75721645191,50,71.2132034355964,0,3484.75721645191
76,137894,3460.37343939015,50,71.2132034355964,0,3460.37343939015
76,137895,3436.0761937076,50,71.2132034355964,0,3436.0761937076
76,137896,3411.86732807426,50,71.2132034355964,0,3411.86732807426
76,137900,3315.95427459128,50,71.2132034355964,0,3315.95427459128
76,137901,3292.21669080039,50,71.2132034355964,0,3292.21669080039
76,137902,3268.5795865664,50,71.2132034355964,0,3268.5795865664
76,137916,2949.5448708385,50,71.2132034355964,0,2949.5448708385
76,137917,2927.7113105727,50,71.2132034355964,0,2927.7113105727
76,138597,3443.13510533939,50,71.2132034355964,0,3443.13510533939
76,138598,3418.71521464197,50,71.2132034355964,0,3418.71521464197
76,138599,3394.38240039944,50,71.2132034355964,0,3394.38240039944
76,138604,3274.09218390796,50,71.2132034355964,0,3274.09218390796
76,138605,3250.32314807001,50,71.2132034355964,0,3250.32314807001
76,138606,3226.65543576851,50,71.2132034355964,0,3226.65543576851
76,138619,2929.29894327324,50,71.2132034355964,0,2929.29894327324
76,138620,2907.3132235719,50,71.2132034355964,0,2907.3132235719
76,138621,2885.46908787221,50,71.2132034355964,0,2885.46908787221
76,139301,3401.5286596043,50,71.2132034355964,0,3401.5286596043
76,139302,3377.07188098252,50,71.2132034355964,0,3377.07188098252
76,139303,3352.70272501038,50,71.2132034355964,0,3352.70272501038
76,139308,3232.24040156063,50,71.2132034355964,0,3232.24040156063
76,139309,3208.43917209236,50,71.2132034355964,0,3208.43917209236
76,139310,3184.74012037753,50,71.2132034355964,0,3184.74012037753
76,139311,3161.14554448905,50,71.2132034355964,0,3161.14554448905
76,139323,2887.08091942785,50,71.2132034355964,0,2887.08091942785
76,139324,2865.08241242469,50,71.2132034355964,0,2865.08241242469
76,139325,2843.22739690192,50,71.2132034355964,0,2843.22739690192
76,140005,3359.93846549822,50,71.2132034355964,0,3359.93846549822
76,140006,3335.44400049343,50,71.2132034355964,0,3335.44400049343
76,140007,3311.03770505389,50,71.2132034355964,0,3311.03770505389
76,140011,3214.33427843596,50,71.2132034355964,0,3214.33427843596
76,140012,3190.39933774868,50,71.2132034355964,0,3190.39933774868
76,140013,3166.56514704771,50,71.2132034355964,0,3166.56514704771
76,140014,3142.83399849268,50,71.2132034355964,0,3142.83399849268
76,140015,3119.20824394315,50,71.2132034355964,0,3119.20824394315
76,140027,2844.86414374755,50,71.2132034355964,0,2844.86414374755
76,140028,2822.85248003834,50,71.2132034355964,0,2822.85248003834
76,140029,2800.98626687047,50,71.2132034355964,0,2800.98626687047
76,140709,3318.3651384354,50,71.2132034355964,0,3318.3651384354
76,140710,3293.83216345156,50,71.2132034355964,0,3293.83216345156
76,140711,3269.38790524764,50,71.2132034355964,0,3269.38790524764
76,140715,3172.5389423985,50,71.2132034355964,0,3172.5389423985
76,140716,3148.56942437203,50,71.2132034355964,0,3148.56942437203
76,140717,3124.70147760764,50,71.2132034355964,0,3124.70147760764
76,140718,3100.93744749402,50,71.2132034355964,0,3100.93744749402
76,140719,3077.27974149425,50,71.2132034355964,0,3077.27974149425
76,140731,2802.64867778551,50,71.2132034355964,0,2802.64867778551
76,141413,3276.80932480351,50,71.2132034355964,0,3276.80932480351
76,141414,3252.23699011572,50,71.2132034355964,0,3252.23699011572
76,141415,3227.7539192543,50,71.2132034355964,0,3227.7539192543
76,141419,3130.7560433743,50,71.2132034355964,0,3130.7560433743
76,141420,3106.75111646964,50,71.2132034355964,0,3106.75111646964
76,141421,3082.84859033083,50,71.2132034355964,0,3082.84859033083
76,141422,3059.05086534556,50,71.2132034355964,0,3059.05086534556
76,142116,3259.97205121095,50,71.2132034355964,0,3259.97205121095
76,142117,3235.27170392319,50,71.2132034355964,0,3235.27170392319
76,142118,3210.65913263618,50,71.2132034355964,0,3210.65913263618
76,142119,3186.1363715334,50,71.2132034355964,0,3186.1363715334
76,142123,3088.98609071918,50,71.2132034355964,0,3088.98609071918
76,142124,3064.94489379272,50,71.2132034355964,0,3064.94489379272
76,142125,3041.00693514287,50,71.2132034355964,0,3041.00693514287
76,142126,3017.17467201657,50,71.2132034355964,0,3017.17467201657
76,142138,2740.42345616615,50,71.2132034355964,0,2740.42345616615
76,142139,2718.22194034039,50,71.2132034355964,0,2718.22194034039
76,142140,2696.16842187732,50,71.2132034355964,0,2696.16842187732
76,142141,2674.26656218864,50,71.2132034355964,0,2674.26656218864
76,142143,2630.93294321525,50,71.2132034355964,0,2630.93294321525
76,142144,2609.50899044864,50,71.2132034355964,0,2609.50899044864
76,142145,2588.25231287726,50,71.2132034355964,0,2588.25231287726
76,142820,3218.49498212535,50,71.2132034355964,0,3218.49498212535
76,142821,3193.75299015603,50,71.2132034355964,0,3193.75299015603
76,142822,3169.09927710878,50,71.2132034355964,0,3169.09927710878
76,142823,3144.5359193501,50,71.2132034355964,0,3144.5359193501
76,142827,3047.22962156021,50,71.2132034355964,0,3047.22962156021
76,142828,3023.15126248243,50,71.2132034355964,0,3023.15126248243
76,142829,2999.1769869544,50,71.2132034355964,0,2999.1769869544
76,142840,2743.10160822331,50,71.2132034355964,0,2743.10160822331
76,142841,2720.5940019336,50,71.2132034355964,0,2720.5940019336
76,142842,2698.22920961474,50,71.2132034355964,0,2698.22920961474
76,142843,2676.01081198121,50,71.2132034355964,0,2676.01081198121
76,142844,2653.94248581467,50,71.2132034355964,0,2653.94248581467
76,142845,2632.02800595743,50,71.2132034355964,0,2632.02800595743
76,142846,2610.27124725478,50,71.2132034355964,0,2610.27124725478
76,142847,2588.67618645128,50,71.2132034355964,0,2588.67618645128
76,142848,2567.24690404436,50,71.2132034355964,0,2567.24690404436
76,142849,2545.98758605075,50,71.2132034355964,0,2545.98758605075
76,143524,3177.03850334311,50,71.2132034355964,0,3177.03850334311
76,143525,3152.25393516739,50,71.2132034355964,0,3152.25393516739
76,143526,3127.55814579402,50,71.2132034355964,0,3127.55814579402
76,143527,3102.95325494239,50,71.2132034355964,0,3102.95325494239
76,143531,3005.4872026958,50,71.2132034355964,0,3005.4872026958
76,143532,2981.37075690917,50,71.2132034355964,0,2981.37075690917
76,143544,2700.95022558573,50,71.2132034355964,0,2700.95022558573
76,143545,2678.42129094196,50,71.2132034355964,0,2678.42129094196
76,143546,2656.03707919038,50,71.2132034355964,0,2656.03707919038
76,143547,2633.80128025329,50,71.2132034355964,0,2633.80128025329
76,143548,2611.71768483533,50,71.2132034355964,0,2611.71768483533
76,143550,2568.02278394435,50,71.2132034355964,0,2568.02278394435
76,143551,2546.41958267339,50,71.2132034355964,0,2546.41958267339
76,143552,2524.98479733796,50,71.2132034355964,0,2524.98479733796
76,143553,2503.72275345135,50,71.2132034355964,0,2503.72275345135
76,144228,3135.60343615295,50,71.2132034355964,0,3135.60343615295
76,144229,3110.77533036349,50,71.2132034355964,0,3110.77533036349
76,144230,3086.03649950678,50,71.2132034355964,0,3086.03649950678
76,144231,3061.38910785726,50,71.2132034355964,0,3061.38910785726
76,144235,2963.75943265874,50,71.2132034355964,0,2963.75943265874
76,144248,2658.80231484006,50,71.2132034355964,0,2658.80231484006
76,144249,2636.25140297803,50,71.2132034355964,0,2636.25140297803
76,144250,2613.84717288457,50,71.2132034355964,0,2613.84717288457
76,144253,2547.55314623572,50,71.2132034355964,0,2547.55314623572
76,144254,2525.7747542503,50,71.2132034355964,0,2525.7747542503
76,144255,2504.16314539112,50,71.2132034355964,0,2504.16314539112
76,144256,2482.72267510475,50,71.2132034355964,0,2482.72267510475
76,144257,2461.45781549008,50,71.2132034355964,0,2461.45781549008
76,144932,3094.19064540478,50,71.2132034355964,0,3094.19064540478
76,144933,3069.31800953621,50,71.2132034355964,0,3069.31800953621
76,144934,3044.53514020801,50,71.2132034355964,0,3044.53514020801
76,144935,3019.84424747321,50,71.2132034355964,0,3019.84424747321
76,144952,2616.65804927765,50,71.2132034355964,0,2616.65804927765
76,144953,2594.0844812778,50,71.2132034355964,0,2594.0844812778
76,144954,2571.6596057779,50,71.2132034355964,0,2571.6596057779
76,144955,2549.38734655918,50,71.2132034355964,0,2549.38734655918
76,144958,2483.5271861145,50,71.2132034355964,0,2483.5271861145
76,144959,2461.90688903978,50,71.2132034355964,0,2461.90688903978
76,144960,2440.46054245161,50,71.2132034355964,0,2440.46054245161
76,144961,2419.19277261517,50,71.2132034355964,0,2419.19277261517
76,145636,3052.8010423994,50,71.2132034355964,0,3052.8010423994
76,145637,3027.88285170604,50,71.2132034355964,0,3027.88285170604
76,145638,3003.05491378294,50,71.2132034355964,0,3003.05491378294
76,145639,2978.31948573626,50,71.2132034355964,0,2978.31948573626
76,145645,2831.98473912149,50,71.2132034355964,0,2831.98473912149
76,145656,2574.51761351472,50,71.2132034355964,0,2574.51761351472
76,145657,2551.92067854141,50,71.2132034355964,0,2551.92067854141
76,145658,2529.47450061854,50,71.2132034355964,0,2529.47450061854
76,145659,2507.18312881827,50,71.2132034355964,0,2507.18312881827
76,145662,2441.28010941222,50,71.2132034355964,0,2441.28010941222
76,145663,2419.6508290627,50,71.2132034355964,0,2419.6508290627
76,145664,2398.19840484897,50,71.2132034355964,0,2398.19840484897
76,145665,2376.92762530033,50,71.2132034355964,0,2376.92762530033
76,146340,3011.43558802114,50,71.2132034355964,0,3011.43558802114
76,146341,2986.47078419373,50,71.2132034355964,0,2986.47078419373
76,146342,2961.59671307346,50,71.2132034355964,0,2961.59671307346
76,146343,2936.81568010724,50,71.2132034355964,0,2936.81568010724
76,146347,2838.67052527978,50,71.2132034355964,0,2838.67052527978
76,146348,2814.39178316702,50,71.2132034355964,0,2814.39178316702
76,146349,2790.22145523497,50,71.2132034355964,0,2790.22145523497
76,146350,2766.16238340518,50,71.2132034355964,0,2766.16238340518
76,146360,2532.38120444589,50,71.2132034355964,0,2532.38120444589
76,146361,2509.76015771449,50,71.2132034355964,0,2509.76015771449
76,146362,2487.29198847468,50,71.2132034355964,0,2487.29198847468
76,146363,2464.98087714336,50,71.2132034355964,0,2464.98087714336
76,146366,2399.03355612139,50,71.2132034355964,0,2399.03355612139
76,146367,2377.39498200477,50,71.2132034355964,0,2377.39498200477
76,146368,2355.93626815515,50,71.2132034355964,0,2355.93626815515
76,146369,2334.66237405986,50,71.2132034355964,0,2334.66237405986
76,146370,2313.57839810569,50,71.2132034355964,0,2313.57839810569
76,147044,2970.09529610302,50,71.2132034355964,0,2970.09529610302
76,147045,2945.08278595056,50,71.2132034355964,0,2945.08278595056
76,147046,2920.16148113223,50,71.2132034355964,0,2920.16148113223
76,147047,2895.33373677113,50,71.2132034355964,0,2895.33373677113
76,147051,2797.0080531094,50,71.2132034355964,0,2797.0080531094
76,147052,2772.68605844967,50,71.2132034355964,0,2772.68605844967
76,147053,2748.47336169007,50,71.2132034355964,0,2748.47336169007
76,147054,2724.37287697083,50,71.2132034355964,0,2724.37287697083
76,147064,2490.24903226645,50,71.2132034355964,0,2490.24903226645
76,147065,2467.60309286446,50,71.2132034355964,0,2467.60309286446
76,147066,2445.11220945293,50,71.2132034355964,0,2445.11220945293
76,147067,2422.78070023164,50,71.2132034355964,0,2422.78070023164
76,147071,2335.13936560439,50,71.2132034355964,0,2335.13936560439
76,147072,2313.67413866067,50,71.2132034355964,0,2313.67413866067
76,147073,2292.39701943848,50,71.2132034355964,0,2292.39701943848
76,147074,2271.31329438754,50,71.2132034355964,0,2271.31329438754
76,147748,2928.78123709648,50,71.2132034355964,0,2928.78123709648
76,147749,2903.71989115716,50,71.2132034355964,0,2903.71989115716
76,147750,2878.75021477512,50,71.2132034355964,0,2878.75021477512
76,147755,2755.36378390391,50,71.2132034355964,0,2755.36378390391
76,147756,2730.99738226562,50,71.2132034355964,0,2730.99738226562
76,147757,2706.74116669867,50,71.2132034355964,0,2706.74116669867
76,147758,2682.59812613417,50,71.2132034355964,0,2682.59812613417
76,147775,2292.88399891006,50,71.2132034355964,0,2292.88399891006
76,147776,2271.41202311978,50,71.2132034355964,0,2271.41202311978
76,147777,2250.13156202444,50,71.2132034355964,0,2250.13156202444
76,147778,2229.0481007371,50,71.2132034355964,0,2229.0481007371
76,148452,2887.49454201444,50,71.2132034355964,0,2887.49454201444
76,148453,2862.38319312819,50,71.2132034355964,0,2862.38319312819
76,148454,2837.36396842216,50,71.2132034355964,0,2837.36396842216
76,148455,2812.43932648813,50,71.2132034355964,0,2812.43932648813
76,148459,2713.73856099353,50,71.2132034355964,0,2713.73856099353
76,148460,2689.32655281933,50,71.2132034355964,0,2689.32655281933
76,148461,2665.02562255364,50,71.2132034355964,0,2665.02562255364
76,148462,2640.83883660464,50,71.2132034355964,0,2640.83883660464
76,148479,2250.62890239994,50,71.2132034355964,0,2250.62890239994
76,148480,2229.14992880129,50,71.2132034355964,0,2229.14992880129
76,148481,2207.8660024534,50,71.2132034355964,0,2207.8660024534
76,148482,2186.7828185423,50,71.2132034355964,0,2186.7828185423
76,149156,2846.23640672821,50,71.2132034355964,0,2846.23640672821
76,149157,2821.07384855097,50,71.2132034355964,0,2821.07384855097
76,149158,2796.00385827164,50,71.2132034355964,0,2796.00385827164
76,149159,2771.02894832418,50,71.2132034355964,0,2771.02894832418
76,149163,2672.13327986446,50,71.2132034355964,0,2672.13327986446
76,149164,2647.67441821311,50,71.2132034355964,0,2647.67441821311
76,149165,2623.32752908759,50,71.2132034355964,0,2623.32752908759
76,149166,2599.0957591818,50,71.2132034355964,0,2599.0957591818
76,149183,2208.37409811613,50,71.2132034355964,0,2208.37409811613
76,149184,2186.88786353599,50,71.2132034355964,0,2186.88786353599
76,149185,2165.60034141075,50,71.2132034355964,0,2165.60034141075
76,149186,2144.5174492963,50,71.2132034355964,0,2144.5174492963
76,149860,2805.00809662178,50,71.2132034355964,0,2805.00809662178
76,149861,2779.79308208746,50,71.2132034355964,0,2779.79308208746
76,149862,2754.67106683099,50,71.2132034355964,0,2754.67106683099
76,149863,2729.6446185832,50,71.2132034355964,0,2729.6446185832
76,149868,2606.04188037935,50,71.2132034355964,0,2606.04188037935
76,149869,2581.64773747221,50,71.2132034355964,0,2581.64773747221
76,149870,2557.36969338605,50,71.2132034355964,0,2557.36969338605
76,149887,2166.1196098269,50,71.2132034355964,0,2166.1196098269
76,149888,2144.625835774,50,71.2132034355964,0,2144.625835774
76,149889,2123.33457963336,50,71.2132034355964,0,2123.33457963336
76,149890,2102.25199461464,50,71.2132034355964,0,2102.25199461464
76,150564,2763.81095164371,50,71.2132034355964,0,2763.81095164371
76,150565,2738.54219136366,50,71.2132034355964,0,2738.54219136366
76,150566,2713.3668478593,50,71.2132034355964,0,2713.3668478593
76,150567,2688.28754563054,50,71.2132034355964,0,2688.28754563054
76,150571,2588.98641038893,50,71.2132034355964,0,2588.98641038893
76,150572,2564.42989938499,50,71.2132034355964,0,2564.42989938499
76,150573,2539.98715436032,50,71.2132034355964,0,2539.98715436032
76,150574,2515.66149144322,50,71.2132034355964,0,2515.66149144322
76,150591,2123.86546318739,50,71.2132034355964,0,2123.86546318739
76,150592,2102.36385463943,50,71.2132034355964,0,2102.36385463943
76,150593,2081.06871791637,50,71.2132034355964,0,2081.06871791637
76,150594,2059.98645624649,50,71.2132034355964,0,2059.98645624649
76,150595,2039.12367230924,50,71.2132034355964,0,2039.12367230924
76,151268,2722.6463917999,50,71.2132034355964,0,2722.6463917999
76,151269,2697.32255242516,50,71.2132034355964,0,2697.32255242516
76,151270,2672.09253174939,50,71.2132034355964,0,2672.09253174939
76,151271,2646.95901252733,50,71.2132034355964,0,2646.95901252733
76,151275,2547.44691226311,50,71.2132034355964,0,2547.44691226311
76,151276,2522.83949815469,50,71.2132034355964,0,2522.83949815469
76,151277,2498.34674644835,50,71.2132034355964,0,2498.34674644835
76,151278,2473.97206267775,50,71.2132034355964,0,2473.97206267775
76,151295,2081.61168593643,50,71.2132034355964,0,2081.61168593643
76,151296,2060.10193000779,50,71.2132034355964,0,2060.10193000779
76,151297,2038.8027571274,50,71.2132034355964,0,2038.8027571274
76,151298,2017.72083608293,50,71.2132034355964,0,2017.72083608293
76,151299,1996.86304781138,50,71.2132034355964,0,1996.86304781138
76,151972,2681.51592313816,50,71.2132034355964,0,2681.51592313816
76,151973,2656.13562566656,50,71.2132034355964,0,2656.13562566656
76,151974,2630.84953138822,50,71.2132034355964,0,2630.84953138822
76,151975,2605.66038283392,50,71.2132034355964,0,2605.66038283392
76,151980,2481.27176764746,50,71.2132034355964,0,2481.27176764746
76,151981,2456.72754549337,50,71.2132034355964,0,2456.72754549337
76,152001,1996.53669820134,50,71.2132034355964,0,1996.53669820134
76,152002,1975.45513618428,50,71.2132034355964,0,1975.45513618428
76,152003,1954.6025636854,50,71.2132034355964,0,1954.6025636854
76,152676,2640.42114426897,50,71.2132034355964,0,2640.42114426897
76,152677,2614.9829622915,50,71.2132034355964,0,2614.9829622915
76,152678,2589.63934857014,50,71.2132034355964,0,2589.63934857014
76,152679,2564.3931069287,50,71.2132034355964,0,2564.3931069287
76,152683,2464.44153873336,50,71.2132034355964,0,2464.44153873336
76,152684,2439.72787255901,50,71.2132034355964,0,2439.72787255901
76,152685,2415.13065383386,50,71.2132034355964,0,2415.13065383386
76,152704,1975.57829398748,50,71.2132034355964,0,1975.57829398748
76,152705,1954.27054215838,50,71.2132034355964,0,1954.27054215838
76,152706,1933.18935878428,50,71.2132034355964,0,1933.18935878428
76,152707,1912.34223678187,50,71.2132034355964,0,1912.34223678187
76,152708,1891.7369143046,50,71.2132034355964,0,1891.7369143046
76,153380,2599.36375346155,50,71.2132034355964,0,2599.36375346155
76,153381,2573.86621138742,50,71.2132034355964,0,2573.86621138742
76,153382,2548.46358099704,50,71.2132034355964,0,2548.46358099704
76,153383,2523.15872894229,50,71.2132034355964,0,2523.15872894229
76,153387,2422.97819737838,50,71.2132034355964,0,2422.97819737838
76,153388,2398.20905760595,50,71.2132034355964,0,2398.20905760595
76,153389,2373.55725046721,50,71.2132034355964,0,2373.55725046721
76,153408,1933.31660685159,50,71.2132034355964,0,1933.31660685159
76,153409,1912.00429010488,50,71.2132034355964,0,1912.00429010488
76,153410,1890.92350631802,50,71.2132034355964,0,1890.92350631802
76,153411,1870.08208547911,50,71.2132034355964,0,1870.08208547911
76,153412,1849.48811957322,50,71.2132034355964,0,1849.48811957322
76,154084,2558.34555641885,50,71.2132034355964,0,2558.34555641885
76,154085,2532.78712764043,50,71.2132034355964,0,2532.78712764043
76,154086,2507.32392994576,50,71.2132034355964,0,2507.32392994576
76,154087,2481.95889435732,50,71.2132034355964,0,2481.95889435732
76,154091,2381.54292137617,50,71.2132034355964,0,2381.54292137617
76,154092,2356.71665443815,50,71.2132034355964,0,2356.71665443815
76,154093,2332.0085977847,50,71.2132034355964,0,2332.0085977847
76,154113,1869.73794324818,50,71.2132034355964,0,1869.73794324818
76,154114,1848.65758144419,50,71.2132034355964,0,1848.65758144419
76,154115,1827.82212985509,50,71.2132034355964,0,1827.82212985509
76,154116,1807.24005912096,50,71.2132034355964,0,1807.24005912096
76,154117,1786.92012472103,50,71.2132034355964,0,1786.92012472103
76,154788,2517.36847475335,50,71.2132034355964,0,2517.36847475335
76,154789,2491.74757978968,50,71.2132034355964,0,2491.74757978968
76,154790,2466.22220867792,50,71.2132034355964,0,2466.22220867792
76,154791,2440.79535833203,50,71.2132034355964,0,2440.79535833203
76,154795,2340.13720769719,50,71.2132034355964,0,2340.13720769719
76,154796,2315.25208929613,50,71.2132034355964,0,2315.25208929613
76,154797,2290.48604899457,50,71.2132034355964,0,2290.48604899457
76,154817,1827.47150290906,50,71.2132034355964,0,1827.47150290906
76,154818,1806.39158707245,50,71.2132034355964,0,1806.39158707245
76,154819,1785.56239188525,50,71.2132034355964,0,1785.56239188525
76,154820,1764.99279384966,50,71.2132034355964,0,1764.99279384966
76,154821,1744.69197480363,50,71.2132034355964,0,1744.69197480363
76,155492,2476.43455527584,50,71.2132034355964,0,2476.43455527584
76,155493,2450.7495598986,50,71.2132034355964,0,2450.7495598986
76,155494,2425.16035165407,50,71.2132034355964,0,2425.16035165407
76,155495,2399.66999485918,50,71.2132034355964,0,2399.66999485918
76,155499,2298.76266006743,50,71.2132034355964,0,2298.76266006743
76,155500,2273.81689146231,50,71.2132034355964,0,2273.81689146231
76,155501,2248.99105636132,50,71.2132034355964,0,2248.99105636132
76,155522,1764.12552638675,50,71.2132034355964,0,1764.12552638675
76,155523,1743.30289567312,50,71.2132034355964,0,1743.30289567312
76,155524,1722.74639064225,50,71.2132034355964,0,1722.74639064225
76,155525,1702.46565136075,50,71.2132034355964,0,1702.46565136075
76,156196,2435.54598018324,50,71.2132034355964,0,2435.54598018324
76,156197,2409.79519351508,50,71.2132034355964,0,2409.79519351508
76,156198,2384.14042466359,50,71.2132034355964,0,2384.14042466359
76,156199,2358.58480684125,50,71.2132034355964,0,2358.58480684125
76,156203,2257.42099853878,50,71.2132034355964,0,2257.42099853878
76,156206,2182.76256281928,50,71.2132034355964,0,2182.76256281928
76,156226,1721.85940288449,50,71.2132034355964,0,1721.85940288449
76,156227,1701.04366772761,50,71.2132034355964,0,1701.04366772761
76,156228,1680.50092309933,50,71.2132034355964,0,1680.50092309933
76,156229,1660.24130245373,50,71.2132034355964,0,1660.24130245373
76,156230,1640.27529671837,50,71.2132034355964,0,1640.27529671837
76,156900,2394.70507821264,50,71.2132034355964,0,2394.70507821264
76,156901,2368.88675083387,50,71.2132034355964,0,2368.88675083387
76,156902,2343.16463597413,50,71.2132034355964,0,2343.16463597413
76,156908,2191.04128734393,50,71.2132034355964,0,2191.04128734393
76,156909,2166.09009978689,50,71.2132034355964,0,2166.09009978689
76,156910,2141.26475810947,50,71.2132034355964,0,2141.26475810947
76,156930,1679.59322041951,50,71.2132034355964,0,1679.59322041951
76,156931,1658.78473724814,50,71.2132034355964,0,1658.78473724814
76,156932,1638.25647241541,50,71.2132034355964,0,1638.25647241541
76,156933,1618.01909158372,50,71.2132034355964,0,1618.01909158372
76,156934,1598.08364564601,50,71.2132034355964,0,1598.08364564601
76,157604,2353.9143369112,50,71.2132034355964,0,2353.9143369112
76,157607,2276.54368107008,50,71.2132034355964,0,2276.54368107008
76,157612,2149.7045444967,50,71.2132034355964,0,2149.7045444967
76,157613,2124.68762315111,50,71.2132034355964,0,2124.68762315111
76,157614,2099.79747102018,50,71.2132034355964,0,2099.79747102018
76,157635,1616.52613649432,50,71.2132034355964,0,1616.52613649432
76,157636,1596.01312837797,50,71.2132034355964,0,1596.01312837797
76,157637,1575.7991997691,50,71.2132034355964,0,1575.7991997691
76,157638,1555.89600747926,50,71.2132034355964,0,1555.89600747926
76,158309,2287.21751559818,50,71.2132034355964,0,2287.21751559818
76,158310,2261.35509391224,50,71.2132034355964,0,2261.35509391224
76,158311,2235.59249942242,50,71.2132034355964,0,2235.59249942242
76,158316,2108.40452027398,50,71.2132034355964,0,2108.40452027398
76,158317,2083.31970121719,50,71.2132034355964,0,2083.31970121719
76,158318,2058.36255297042,50,71.2132034355964,0,2058.36255297042
76,158338,1595.06069603705,50,71.2132034355964,0,1595.06069603705
76,158339,1574.26790118422,50,71.2132034355964,0,1574.26790118422
76,158340,1553.7709905341,50,71.2132034355964,0,1553.7709905341
76,158341,1533.58182795423,50,71.2132034355964,0,1533.58182795423
76,158342,1513.7127272763,50,71.2132034355964,0,1513.7127272763
76,158343,1494.17645681095,50,71.2132034355964,0,1494.17645681095
76,159013,2246.46210366146,50,71.2132034355964,0,2246.46210366146
76,159014,2220.52658646926,50,71.2132034355964,0,2220.52658646926
76,159015,2194.69103394278,50,71.2132034355964,0,2194.69103394278
76,159020,2067.14342249089,50,71.2132034355964,0,2067.14342249089
76,159021,2041.98844115167,50,71.2132034355964,0,2041.98844115167
76,159022,2016.96200600955,50,71.2132034355964,0,2016.96200600955
76,159023,1992.06896186536,50,71.2132034355964,0,1992.06896186536
76,159043,1532.01007097849,50,71.2132034355964,0,1532.01007097849
76,159044,1511.53016956157,50,71.2132034355964,0,1511.53016956157
76,159045,1491.36719982428,50,71.2132034355964,0,1491.36719982428
76,159046,1471.53418962275,50,71.2132034355964,0,1471.53418962275
76,159047,1452.04465945294,50,71.2132034355964,0,1452.04465945294
76,159717,2205.76340808408,50,71.2132034355964,0,2205.76340808408
76,159718,2179.75274071062,50,71.2132034355964,0,2179.75274071062
76,159724,2025.92363666925,50,71.2132034355964,0,2025.92363666925
76,159725,2000.69612229892,50,71.2132034355964,0,2000.69612229892
76,159726,1975.59799828281,50,71.2132034355964,0,1975.59799828281
76,159727,1950.63425908854,50,71.2132034355964,0,1950.63425908854
76,159748,1469.29078885944,50,71.2132034355964,0,1469.29078885944
76,159749,1449.155565112,50,71.2132034355964,0,1449.155565112
76,159750,1429.3608244534,50,71.2132034355964,0,1429.3608244534
76,160421,2165.12463389162,50,71.2132034355964,0,2165.12463389162
76,160422,2139.03668923068,50,71.2132034355964,0,2139.03668923068
76,160423,2113.04882336717,50,71.2132034355964,0,2113.04882336717
76,160428,1984.74774401491,50,71.2132034355964,0,1984.74774401491
76,160429,1959.44521390902,50,71.2132034355964,0,1959.44521390902
76,160430,1934.27288140511,50,71.2132034355964,0,1934.27288140511
76,160431,1909.23589628197,50,71.2132034355964,0,1909.23589628197
76,161125,2124.549226441,50,71.2132034355964,0,2124.549226441
76,161126,2098.38180315485,50,71.2132034355964,0,2098.38180315485
76,161127,2072.31442405581,50,71.2132034355964,0,2072.31442405581
76,161128,2046.35091237579,50,71.2132034355964,0,2046.35091237579
76,161132,1943.61854161163,50,71.2132034355964,0,1943.61854161163
76,161133,1918.23839505026,50,71.2132034355964,0,1918.23839505026
76,161134,1892.98921003167,50,71.2132034355964,0,1892.98921003167
76,161135,1867.87629742041,50,71.2132034355964,0,1867.87629742041
76,161829,2084.04089383534,50,71.2132034355964,0,2084.04089383534
76,161830,2057.7917147562,50,71.2132034355964,0,2057.7917147562
76,161831,2031.64247572631,50,71.2132034355964,0,2031.64247572631
76,161832,2005.59708584276,50,71.2132034355964,0,2005.59708584276
76,161837,1877.07857705596,50,71.2132034355964,0,1877.07857705596
76,161838,1851.74976397215,50,71.2132034355964,0,1851.74976397215
76,161839,1826.55810365909,50,71.2132034355964,0,1826.55810365909
76,162533,2043.60363181779,50,71.2132034355964,0,2043.60363181779
76,162534,2017.27034263123,50,71.2132034355964,0,2017.27034263123
76,162535,1991.03681278583,50,71.2132034355964,0,1991.03681278583
76,162536,1964.90703795965,50,71.2132034355964,0,1964.90703795965
76,162537,1938.88521298079,50,71.2132034355964,0,1938.88521298079
76,162541,1835.96892886995,50,71.2132034355964,0,1835.96892886995
76,162542,1810.55757318812,50,71.2132034355964,0,1810.55757318812
76,162543,1785.28419789126,50,71.2132034355964,0,1785.28419789126
76,163238,1976.82191977193,50,71.2132034355964,0,1976.82191977193
76,163239,1950.50158244247,50,71.2132034355964,0,1950.50158244247
76,163240,1924.28482213221,50,71.2132034355964,0,1924.28482213221
76,163241,1898.17593052779,50,71.2132034355964,0,1898.17593052779
76,163245,1794.91290571982,50,71.2132034355964,0,1794.91290571982
76,163246,1769.41594616232,50,71.2132034355964,0,1769.41594616232
76,163247,1744.05773268075,50,71.2132034355964,0,1744.05773268075
76,163248,1718.84440607755,50,71.2132034355964,0,1718.84440607755
76,163942,1936.45102491422,50,71.2132034355964,0,1936.45102491422
76,163943,1910.04127645297,50,71.2132034355964,0,1910.04127645297
76,163944,1883.73483436686,50,71.2132034355964,0,1883.73483436686
76,163945,1857.53608773796,50,71.2132034355964,0,1857.53608773796
76,163950,1728.32850214966,50,71.2132034355964,0,1728.32850214966
76,163951,1702.88216209066,50,71.2132034355964,0,1702.88216209066
76,163952,1677.58160671553,50,71.2132034355964,0,1677.58160671553
76,164647,1869.66076673747,50,71.2132034355964,0,1869.66076673747
76,164648,1843.26184934337,50,71.2132034355964,0,1843.26184934337
76,164649,1816.97035199148,50,71.2132034355964,0,1816.97035199148
76,164654,1687.29920794607,50,71.2132034355964,0,1687.29920794607
76,164655,1661.76127804836,50,71.2132034355964,0,1661.76127804836
76,164656,1636.36995375154,50,71.2132034355964,0,1636.36995375154
76,165351,1829.36534534205,50,71.2132034355964,0,1829.36534534205
76,165352,1802.87106101873,50,71.2132034355964,0,1802.87106101873
76,165353,1776.48380809154,50,71.2132034355964,0,1776.48380809154
76,165354,1750.20842758856,50,71.2132034355964,0,1750.20842758856
76,165358,1646.33241988373,50,71.2132034355964,0,1646.33241988373
76,165359,1620.6992520406,50,71.2132034355964,0,1620.6992520406
76,165360,1595.2134202726,50,71.2132034355964,0,1595.2134202726
76,165361,1569.88210026093,50,71.2132034355964,0,1569.88210026093
76,166055,1789.16076941127,50,71.2132034355964,0,1789.16076941127
76,166056,1762.56812841982,50,71.2132034355964,0,1762.56812841982
76,166057,1736.08200477443,50,71.2132034355964,0,1736.08200477443
76,166058,1709.70734885761,50,71.2132034355964,0,1709.70734885761
76,166759,1749.05331186147,50,71.2132034355964,0,1749.05331186147
76,166760,1722.3592273691,50,71.2132034355964,0,1722.3592273691
76,166761,1695.77100740353,50,71.2132034355964,0,1695.77100740353
76,166762,1669.29371054605,50,71.2132034355964,0,1669.29371054605
76,167463,1709.04981858479,50,71.2132034355964,0,1709.04981858479
76,167464,1682.25110903865,50,71.2132034355964,0,1682.25110903865
76,167465,1655.55745778027,50,71.2132034355964,0,1655.55745778027
76,167466,1628.97402952564,50,71.2132034355964,0,1628.97402952564
76,168168,1642.25116637436,50,71.2132034355964,0,1642.25116637436
76,168169,1615.44864219353,50,71.2132034355964,0,1615.44864219353
76,168170,1588.75546827968,50,71.2132034355964,0,1588.75546827968
76,168872,1602.36750958427,50,71.2132034355964,0,1602.36750958427
76,168873,1575.452568967,50,71.2132034355964,0,1575.452568967
76,168874,1548.6459144396,50,71.2132034355964,0,1548.6459144396
76,169576,1562.6090520817,50,71.2132034355964,0,1562.6090520817
76,170282,1468.78956558846,50,71.2132034355964,0,1468.78956558846
76,170984,1483.5080072547,50,71.2132034355964,0,1483.5080072547
76,170985,1456.23367009529,50,71.2132034355964,0,1456.23367009529
76,170986,1429.0630619598,50,71.2132034355964,0,1429.0630619598
76,171088,1848.92148504944,50,71.2132034355964,0,1848.92148504944
76,171688,1444.18821812358,50,71.2132034355964,0,1444.18821812358
76,171690,1389.48640827757,50,71.2132034355964,0,1389.48640827757
76,171790,1811.07236452833,50,71.2132034355964,0,1811.07236452833
76,171791,1839.45121233832,50,71.2132034355964,0,1839.45121233832
76,171792,1867.87651197414,50,71.2132034355964,0,1867.87651197414
76,172393,1377.50649511194,50,71.2132034355964,0,1377.50649511194
76,172394,1350.07279360427,50,71.2132034355964,0,1350.07279360427
76,172395,1322.74457475171,50,71.2132034355964,0,1322.74457475171
76,173097,1338.4084591129,50,71.2132034355964,0,1338.4084591129
76,173098,1310.83693556585,50,71.2132034355964,0,1310.83693556585
76,173099,1283.36822757233,50,71.2132034355964,0,1283.36822757233
76,173801,1299.50880211154,50,71.2132034355964,0,1299.50880211154
76,173802,1271.79529740361,50,71.2132034355964,0,1271.79529740361
76,173803,1244.18154122379,50,71.2132034355964,0,1244.18154122379
76,174505,1260.82589716838,50,71.2132034355964,0,1260.82589716838
76,174506,1232.96634076024,50,71.2132034355964,0,1232.96634076024
76,174507,1205.2030280614,50,71.2132034355964,0,1205.2030280614
76,175209,1222.38033397597,50,71.2132034355964,0,1222.38033397597
76,175210,1194.37082071032,50,71.2132034355964,0,1194.37082071032
76,175211,1166.45356974818,50,71.2132034355964,0,1166.45356974818
76,175912,1212.44000175338,50,71.2132034355964,0,1212.44000175338
76,175913,1184.19524125026,50,71.2132034355964,0,1184.19524125026
76,175914,1156.03213065523,50,71.2132034355964,0,1156.03213065523
76,175915,1127.95678594994,50,71.2132034355964,0,1127.95678594994
76,175916,1099.97592746191,50,71.2132034355964,0,1099.97592746191
76,176616,1174.69335358375,50,71.2132034355964,0,1174.69335358375
76,176617,1146.29666201854,50,71.2132034355964,0,1146.29666201854
76,176618,1117.97670616696,50,71.2132034355964,0,1117.97670616696
76,176619,1089.73946863048,50,71.2132034355964,0,1089.73946863048
76,177321,1108.71399089865,50,71.2132034355964,0,1108.71399089865
76,177322,1080.23449838798,50,71.2132034355964,0,1080.23449838798
76,177323,1051.8320943976,50,71.2132034355964,0,1051.8320943976
76,178025,1071.48048374412,50,71.2132034355964,0,1071.48048374412
76,178026,1042.83952931144,50,71.2132034355964,0,1042.83952931144
76,178027,1014.26942957429,50,71.2132034355964,0,1014.26942957429
76,178028,985.776345153735,50,71.2132034355964,0,985.776345153735
76,178729,1034.63385142206,50,71.2132034355964,0,1034.63385142206
76,178730,1005.83054316106,50,71.2132034355964,0,1005.83054316106
76,178731,977.091245096228,50,71.2132034355964,0,977.091245096228
76,178732,948.421776204827,50,71.2132034355964,0,948.421776204827
76,178733,919.828665872117,50,71.2132034355964,0,919.828665872117
76,179434,969.25176984434,50,71.2132034355964,0,969.25176984434
76,179435,940.343160816606,50,71.2132034355964,0,940.343160816606
76,179436,911.496506359471,50,71.2132034355964,0,911.496506359471
76,179437,882.717880405032,50,71.2132034355964,0,882.717880405032
76,180138,933.15381804621,50,71.2132034355964,0,933.15381804621
76,180139,904.077641122416,50,71.2132034355964,0,904.077641122416
76,180140,875.054900054562,50,71.2132034355964,0,875.054900054562
76,180141,846.091093754032,50,71.2132034355964,0,846.091093754032
76,180842,897.594716325168,50,71.2132034355964,0,897.594716325168
76,180843,868.355165446845,50,71.2132034355964,0,868.355165446845
76,180844,839.159987993048,50,71.2132034355964,0,839.159987993048
76,180845,810.013982004901,50,71.2132034355964,0,810.013982004901
76,180846,780.922653115584,50,71.2132034355964,0,780.922653115584
76,181547,833.245597344676,50,71.2132034355964,0,833.245597344676
76,181548,803.885024104643,50,71.2132034355964,0,803.885024104643
76,181549,774.563374807771,50,71.2132034355964,0,774.563374807771
76,181550,745.285243608281,50,71.2132034355964,0,745.285243608281
76,182251,798.829773132903,50,71.2132034355964,0,798.829773132903
76,182252,769.315310238704,50,71.2132034355964,0,769.315310238704
76,182253,739.829358326603,50,71.2132034355964,0,739.829358326603
76,182254,710.375467670041,50,71.2132034355964,0,710.375467670041
76,182255,680.957798575234,50,71.2132034355964,0,680.957798575234
75,182329,1544.62429179063,180,201.213203435596,0,1544.62429179063
75,182330,1574.40075683755,180,201.213203435596,0,1574.40075683755
76,182955,765.201323227869,50,71.2132034355964,0,765.201323227869
76,182956,735.550309681931,50,71.2132034355964,0,735.550309681931
76,182957,705.917738441679,50,71.2132034355964,0,705.917738441679
76,182958,676.306033675931,50,71.2132034355964,0,676.306033675931
76,182959,646.718061677311,50,71.2132034355964,0,646.718061677311
75,183032,1542.53294686528,180,201.213203435596,0,1542.53294686528
75,183033,1572.34917659631,180,201.213203435596,0,1572.34917659631
76,183660,702.706051884213,50,71.2132034355964,0,702.706051884213
76,183661,672.952875365361,50,71.2132034355964,0,672.952875365361
76,183662,643.21051107888,50,71.2132034355964,0,643.21051107888
76,183663,613.480531599548,50,71.2132034355964,0,613.480531599548
76,183664,583.764829134201,50,71.2132034355964,0,583.764829134201
75,183735,1541.01945965739,180,201.213203435596,0,1541.01945965739
75,183736,1570.86457616716,180,201.213203435596,0,1570.86457616716
75,183737,1600.71061439169,180,201.213203435596,0,1600.71061439169
75,183738,1630.55752371742,180,201.213203435596,0,1630.55752371742
76,184364,670.917794717737,50,71.2132034355964,0,670.917794717737
76,184365,641.080857111869,50,71.2132034355964,0,641.080857111869
76,184366,611.247139093654,50,71.2132034355964,0,611.247139093654
76,184367,581.417136277414,50,71.2132034355964,0,581.417136277414
76,184368,551.591451416824,50,71.2132034355964,0,551.591451416824
76,184369,521.770824985204,50,71.2132034355964,0,521.770824985204
75,184440,1599.8118509041,180,201.213203435596,0,1599.8118509041
75,184441,1629.67538034142,180,201.213203435596,0,1629.67538034142
75,184442,1659.53913923402,180,201.213203435596,0,1659.53913923402
76,185071,550.733012696774,50,71.2132034355964,0,550.733012696774
76,185072,520.863075353004,50,71.2132034355964,0,520.863075353004
76,185073,490.99314301836,50,71.2132034355964,0,490.99314301836
76,185074,461.123216669009,50,71.2132034355964,0,461.123216669009
75,185144,1629.3419671536,180,201.213203435596,0,1629.3419671536
76,185776,491.850634406535,50,71.2132034355964,0,491.850634406535
76,185777,462.035980986906,50,71.2132034355964,0,462.035980986906
76,185778,432.228978366216,50,71.2132034355964,0,432.228978366216
76,186480,464.875540371401,50,71.2132034355964,0,464.875540371401
76,186481,435.262870422059,50,71.2132034355964,0,435.262870422059
76,186482,405.687952952663,50,71.2132034355964,0,405.687952952663
76,186483,376.159692748916,50,71.2132034355964,0,376.159692748916
75,187185,410.984170762415,180,201.213203435596,0,410.984170762415
75,187186,381.831212581127,180,201.213203435596,0,381.831212581127
75,187187,352.798273945147,180,201.213203435596,0,352.798273945147
75,187188,323.91762874678,180,201.213203435596,0,323.91762874678
75,187200,97.8911596575046,180,201.213203435596,75,0
75,187201,115.050767866769,180,201.213203435596,75,0
75,187202,136.657016479169,180,201.213203435596,75,0
75,187203,160.928748327424,180,201.213203435596,75,0
75,187204,186.829989138009,180,201.213203435596,75,0
75,187889,389.682544357447,180,201.213203435596,0,389.682544357447
75,187890,361.28094000238,180,201.213203435596,0,361.28094000238
75,187891,333.136339021784,180,201.213203435596,0,333.136339021784
75,187892,305.319821955407,180,201.213203435596,0,305.319821955407
75,187893,277.929914754923,180,201.213203435596,0,277.929914754923
75,187903,125.057408415012,180,201.213203435596,75,0
75,187904,138.90059446627,180,201.213203435596,75,0
75,187905,157.263681197724,180,201.213203435596,75,0
75,187906,178.759129116061,180,201.213203435596,75,0
75,187907,202.391347634151,180,201.213203435596,0,202.391347634151
75,187908,227.495405425166,180,201.213203435596,0,227.495405425166
75,188594,344.712059661545,180,201.213203435596,0,344.712059661545
75,188595,317.909864035014,180,201.213203435596,0,317.909864035014
75,188596,291.704369831036,180,201.213203435596,0,291.704369831036
75,188597,266.271810863164,180,201.213203435596,0,266.271810863164
75,188609,199.501839547655,180,201.213203435596,75,0
75,188610,220.926376626755,180,201.213203435596,0,220.926376626755
75,188611,244.131980600613,180,201.213203435596,0,244.131980600613
75,188612,268.657522077081,180,201.213203435596,0,268.657522077081
75,189299,307.777898455203,180,201.213203435596,0,307.777898455203
75,189300,283.789351754498,180,201.213203435596,0,283.789351754498
75,189301,261.017331484188,180,201.213203435596,0,261.017331484188
75,189302,239.808649290902,180,201.213203435596,0,239.808649290902
75,189303,220.614639105824,180,201.213203435596,0,220.614639105824
75,190004,282.055123882618,180,201.213203435596,0,282.055123882618
75,190005,262.551283743073,180,201.213203435596,0,262.551283743073
75,190006,245.14436496482,180,201.213203435596,0,245.14436496482
75,190007,230.310317063736,180,201.213203435596,0,230.310317063736
75,190008,218.573612338115,180,201.213203435596,0,218.573612338115
75,190709,270.758368101312,180,201.213203435596,0,270.758368101312
75,190710,257.404619914441,180,201.213203435596,0,257.404619914441
75,190711,246.958886903914,180,201.213203435596,0,246.958886903914
75,190712,239.801489362131,180,201.213203435596,0,239.801489362131
75,190713,236.231508887846,180,201.213203435596,0,236.231508887846
75,191414,275.66710570479,180,201.213203435596,0,275.66710570479
75,191416,266.09952874786,180,201.213203435596,0,266.09952874786
75,194945,579.874785218432,180,201.213203435596,0,579.874785218432
75,195647,581.988888834511,180,201.213203435596,0,581.988888834511
75,195648,601.660737336379,180,201.213203435596,0,601.660737336379
75,195649,622.145316877786,180,201.213203435596,0,622.145316877786
75,196350,605.178660466514,180,201.213203435596,0,605.178660466514
75,196351,624.120110801378,180,201.213203435596,0,624.120110801378
75,196352,643.890674169687,180,201.213203435596,0,643.890674169687
75,196353,664.416340717843,180,201.213203435596,0,664.416340717843
75,196434,2922.87916538748,180,201.213203435596,0,2922.87916538748
75,197055,666.269464094752,180,201.213203435596,0,666.269464094752
75,197056,686.126094131562,180,201.213203435596,0,686.126094131562
75,197057,706.687788830288,180,201.213203435596,0,706.687788830288
75,197136,2898.47890660017,180,201.213203435596,0,2898.47890660017
75,197137,2927.89791906166,180,201.213203435596,0,2927.89791906166
75,197138,2957.32600032701,180,201.213203435596,0,2957.32600032701
75,197759,708.433732834998,180,201.213203435596,0,708.433732834998
75,197760,728.366063187282,180,201.213203435596,0,728.366063187282
75,197761,748.959608640817,180,201.213203435596,0,748.959608640817
75,197767,883.717966620146,180,201.213203435596,0,883.717966620146
75,197840,2933.21312332564,180,201.213203435596,0,2933.21312332564
75,197841,2962.58856543438,180,201.213203435596,0,2962.58856543438
75,197842,2991.97382912759,180,201.213203435596,0,2991.97382912759
75,197843,3021.36862783852,180,201.213203435596,0,3021.36862783852
75,198470,902.140609299808,180,201.213203435596,0,902.140609299808
75,198471,925.620613379308,180,201.213203435596,0,925.620613379308
75,198544,2968.14324743476,180,201.213203435596,0,2968.14324743476
75,198545,2997.47421448112,180,201.213203435596,0,2997.47421448112
75,198546,3026.81575426156,180,201.213203435596,0,3026.81575426156
75,198547,3056.16756225143,180,201.213203435596,0,3056.16756225143
75,199173,921.166275378271,180,201.213203435596,0,921.166275378271
75,199174,944.173384053845,180,201.213203435596,0,944.173384053845
75,199175,967.555722338949,180,201.213203435596,0,967.555722338949
75,199249,3032.54814118637,180,201.213203435596,0,3032.54814118637
75,199250,3061.84515434747,180,201.213203435596,0,3061.84515434747
75,199251,3091.1531657259,180,201.213203435596,0,3091.1531657259
75,199252,3120.4718654243,180,201.213203435596,0,3120.4718654243
75,199876,940.758379379891,180,201.213203435596,0,940.758379379891
75,199877,963.297789849587,180,201.213203435596,0,963.297789849587
75,199878,986.226936114715,180,201.213203435596,0,986.226936114715
75,199879,1009.519262391,180,201.213203435596,0,1009.519262391
75,199880,1033.1502053409,180,201.213203435596,0,1033.1502053409
75,199953,3067.80389256779,180,201.213203435596,0,3067.80389256779
75,199954,3097.05567271932,180,201.213203435596,0,3097.05567271932
75,199955,3126.31917602261,180,201.213203435596,0,3126.31917602261
75,199956,3155.59407633348,180,201.213203435596,0,3155.59407633348
75,199957,3184.88005937381,180,201.213203435596,0,3184.88005937381
75,200580,982.960466260086,180,201.213203435596,0,982.960466260086
75,200581,1005.44142381897,180,201.213203435596,0,1005.44142381897
75,200582,1028.29873037158,180,201.213203435596,0,1028.29873037158
75,200583,1051.50784337959,180,201.213203435596,0,1051.50784337959
75,200658,3132.44120634804,180,201.213203435596,0,3132.44120634804
75,200659,3161.65957790836,180,201.213203435596,0,3161.65957790836
75,200660,3190.89004908245,180,201.213203435596,0,3190.89004908245
75,200661,3220.13229036818,180,201.213203435596,0,3220.13229036818
75,200662,3249.38598399499,180,201.213203435596,0,3249.38598399499
75,201284,1025.16863855424,180,201.213203435596,0,1025.16863855424
75,201285,1047.59572839755,180,201.213203435596,0,1047.59572839755
75,201286,1070.38662926559,180,201.213203435596,0,1070.38662926559
75,201362,3167.99589519403,180,201.213203435596,0,3167.99589519403
75,201363,3197.16859290599,180,201.213203435596,0,3197.16859290599
75,201364,3226.35408533689,180,201.213203435596,0,3226.35408533689
75,201365,3255.55202837578,180,201.213203435596,0,3255.55202837578
75,201366,3284.76209000663,180,201.213203435596,0,3284.76209000663
75,201367,3313.98394978442,180,201.213203435596,0,3313.98394978442
75,201988,1067.38218785945,180,201.213203435596,0,1067.38218785945
75,201989,1089.75947853678,180,201.213203435596,0,1089.75947853678
75,202067,3232.84066942014,180,201.213203435596,0,3232.84066942014
75,202068,3261.98070799458,180,201.213203435596,0,3261.98070799458
75,202069,3291.1338695666,180,201.213203435596,0,3291.1338695666
75,202070,3320.29980846738,180,201.213203435596,0,3320.29980846738
75,202071,3349.47819091177,180,201.213203435596,0,3349.47819091177
75,202772,3297.7646520413,180,201.213203435596,0,3297.7646520413
75,202773,3326.87261706334,180,201.213203435596,0,3326.87261706334
75,202774,3355.99400957201,180,201.213203435596,0,3355.99400957201
75,202775,3385.12848303077,180,201.213203435596,0,3385.12848303077
75,202776,3414.27570256986,180,201.213203435596,0,3414.27570256986
75,203477,3362.76327245166,180,201.213203435596,0,3362.76327245166
75,203478,3391.83975732042,180,201.213203435596,0,3391.83975732042
75,203479,3420.92995162696,180,201.213203435596,0,3420.92995162696
75,203480,3450.03350858497,180,201.213203435596,0,3450.03350858497
75,203481,3479.1500928538,180,201.213203435596,0,3479.1500928538
75,203482,3508.27938007516,180,201.213203435596,0,3508.27938007516
75,204183,3456.87790385922,180,201.213203435596,0,3456.87790385922
75,204184,3485.93747616487,180,201.213203435596,0,3485.93747616487
75,204185,3515.01067206104,180,201.213203435596,0,3515.01067206104
75,204186,3544.09715626938,180,201.213203435596,0,3544.09715626938
75,204888,3521.98313938418,180,201.213203435596,0,3521.98313938418
75,204889,3551.0126681008,180,201.213203435596,0,3551.0126681008
75,204890,3580.05606170474,180,201.213203435596,0,3580.05606170474
75,204891,3609.11298547496,180,201.213203435596,0,3609.11298547496
75,204892,3638.18311522479,180,201.213203435596,0,3638.18311522479
75,205593,3587.15182706192,180,201.213203435596,0,3587.15182706192
75,205594,3616.15189021882,180,201.213203435596,0,3616.15189021882
75,205595,3645.16604100503,180,201.213203435596,0,3645.16604100503
75,205596,3674.19394568489,180,201.213203435596,0,3674.19394568489
75,206298,3652.38058619771,180,201.213203435596,0,3652.38058619771
75,206299,3681.3517592647,180,201.213203435596,0,3681.3517592647
75,206300,3710.33722519559,180,201.213203435596,0,3710.33722519559
75,209779,2732.73445688391,180,201.213203435596,0,2732.73445688391
75,209780,2760.36737394198,180,201.213203435596,0,2760.36737394198
75,209781,2788.0464908116,180,201.213203435596,0,2788.0464908116
75,209782,2815.77044505435,180,201.213203435596,0,2815.77044505435
75,209783,2843.53792519926,180,201.213203435596,0,2843.53792519926
75,210483,2771.81898588752,180,201.213203435596,0,2771.81898588752
75,210484,2799.38502423657,180,201.213203435596,0,2799.38502423657
75,210485,2826.99793339905,180,201.213203435596,0,2826.99793339905
75,210486,2854.65635323644,180,201.213203435596,0,2854.65635323644
75,210487,2882.35897362268,180,201.213203435596,0,2882.35897362268
75,210488,2910.10453226255,180,201.213203435596,0,2910.10453226255
75,211151,1870.12001253804,180,201.213203435596,0,1870.12001253804
75,211152,1894.3226068414,180,201.213203435596,0,1894.3226068414
75,211153,1918.68501952445,180,201.213203435596,0,1918.68501952445
75,211187,2810.9961199457,180,201.213203435596,0,2810.9961199457
75,211188,2838.49622601049,180,201.213203435596,0,2838.49622601049
75,211189,2866.0438327999,180,201.213203435596,0,2866.0438327999
75,211190,2893.63758368634,180,201.213203435596,0,2893.63758368634
75,211191,2921.27617106836,180,201.213203435596,0,2921.27617106836
75,211192,2948.95833427665,180,201.213203435596,0,2948.95833427665
75,211854,1887.9240433047,180,201.213203435596,0,1887.9240433047
75,211855,1911.90139958771,180,201.213203435596,0,1911.90139958771
75,211856,1936.04274944627,180,201.213203435596,0,1936.04274944627
75,211857,1960.34203421456,180,201.213203435596,0,1960.34203421456
75,211891,2850.26204552274,180,201.213203435596,0,2850.26204552274
75,211892,2877.69716986021,180,201.213203435596,0,2877.69716986021
75,211893,2905.18038545834,180,201.213203435596,0,2905.18038545834
75,211894,2932.710340289,180,201.213203435596,0,2932.710340289
75,211895,2960.28573035753,180,201.213203435596,0,2960.28573035753
75,212558,1929.78371280418,180,201.213203435596,0,1929.78371280418
75,212559,1953.70423675671,180,201.213203435596,0,1953.70423675671
75,212560,1977.78667159663,180,201.213203435596,0,1977.78667159663
75,212561,2002.02517443474,180,201.213203435596,0,2002.02517443474
75,212562,2026.41414495898,180,201.213203435596,0,2026.41414495898
75,212597,2944.40398142872,180,201.213203435596,0,2944.40398142872
75,212598,2971.87101786817,180,201.213203435596,0,2971.87101786817
75,213263,1995.52718324777,180,201.213203435596,0,1995.52718324777
75,213264,2019.55290587337,180,201.213203435596,0,2019.55290587337
75,213265,2043.73284870355,180,201.213203435596,0,2043.73284870355
75,213266,2068.06160228305,180,201.213203435596,0,2068.06160228305
75,213968,2061.34010302681,180,201.213203435596,0,2061.34010302681
75,213969,2085.46359195309,180,201.213203435596,0,2085.46359195309
75,213970,2109.73424693619,180,201.213203435596,0,2109.73424693619
75,214009,3132.75132504318,180,201.213203435596,0,3132.75132504318
75,214673,2127.21605329129,180,201.213203435596,0,2127.21605329129
75,214674,2151.43062200924,180,201.213203435596,0,2151.43062200924
75,214675,2175.7858674982,180,201.213203435596,0,2175.7858674982
75,214711,3117.17820502926,180,201.213203435596,0,3117.17820502926
75,214712,3144.55550259679,180,201.213203435596,0,3144.55550259679
75,214713,3171.97785170238,180,201.213203435596,0,3171.97785170238
75,214714,3199.44409394004,180,201.213203435596,0,3199.44409394004
75,215377,2168.98898516823,180,201.213203435596,0,2168.98898516823
75,215378,2193.14938058597,180,201.213203435596,0,2193.14938058597
75,215379,2217.44899352758,180,201.213203435596,0,2217.44899352758
75,215380,2241.88329709092,180,201.213203435596,0,2241.88329709092
75,215415,3156.59898414154,180,201.213203435596,0,3156.59898414154
75,215416,3183.91775377871,180,201.213203435596,0,3183.91775377871
75,215417,3211.28202192968,180,201.213203435596,0,3211.28202192968
75,215418,3238.69063532135,180,201.213203435596,0,3238.69063532135
75,215419,3266.14247754783,180,201.213203435596,0,3266.14247754783
75,216082,2234.88927561483,180,201.213203435596,0,2234.88927561483
75,216085,2308.0226250576,180,201.213203435596,0,2308.0226250576
75,216120,3223.35405003819,180,201.213203435596,0,3223.35405003819
75,216121,3250.66102376837,180,201.213203435596,0,3250.66102376837
75,216122,3278.01276781942,180,201.213203435596,0,3278.01276781942
75,216787,2300.8429051472,180,201.213203435596,0,2300.8429051472
75,216788,2325.16873728989,180,201.213203435596,0,2325.16873728989
75,216789,2349.62254507872,180,201.213203435596,0,2349.62254507872
75,216824,3262.86171098118,180,201.213203435596,0,3262.86171098118
75,216825,3290.11217464409,180,201.213203435596,0,3290.11217464409
75,217492,2366.84543916538,180,201.213203435596,0,2366.84543916538
75,217493,2391.24638436738,180,201.213203435596,0,2391.24638436738
75,217494,2415.77028770881,180,201.213203435596,0,2415.77028770881
75,218196,2408.54323573127,180,201.213203435596,0,2408.54323573127
75,218197,2432.89292115966,180,201.213203435596,0,2432.89292115966
75,218198,2457.36450232223,180,201.213203435596,0,2457.36450232223
75,218199,2481.95437361726,180,201.213203435596,0,2481.95437361726
75,218901,2474.56101529835,180,201.213203435596,0,2474.56101529835
75,218902,2498.98181032314,180,201.213203435596,0,2498.98181032314
75,218903,2523.51993291704,180,201.213203435596,0,2523.51993291704
75,218904,2548.17199359312,180,201.213203435596,0,2548.17199359312
75,219605,2516.24960157109,180,201.213203435596,0,2516.24960157109
75,219606,2540.62108252598,180,201.213203435596,0,2540.62108252598
75,219607,2565.10892863423,180,201.213203435596,0,2565.10892863423
75,219608,2589.70983891315,180,201.213203435596,0,2589.70983891315
75,220310,2582.28126199648,180,201.213203435596,0,2582.28126199648
75,220311,2606.72024455241,180,201.213203435596,0,2606.72024455241
75,220312,2631.27141578004,180,201.213203435596,0,2631.27141578004
75,220313,2655.9316644954,180,201.213203435596,0,2655.9316644954
75,220314,2680.69798042783,180,201.213203435596,0,2680.69798042783
75,221014,2623.96135840864,180,201.213203435596,0,2623.96135840864
75,221015,2648.35283402308,180,201.213203435596,0,2648.35283402308
75,221016,2672.85562254527,180,201.213203435596,0,2672.85562254527
75,221017,2697.46669060428,180,201.213203435596,0,2697.46669060428
75,221018,2722.18310135409,180,201.213203435596,0,2722.18310135409
75,221719,2690.00571466781,180,201.213203435596,0,2690.00571466781
75,221720,2714.46142448861,180,201.213203435596,0,2714.46142448861
75,221721,2739.02461419714,180,201.213203435596,0,2739.02461419714
75,221722,2763.69241801126,180,201.213203435596,0,2763.69241801126
75,221723,2788.46205956384,180,201.213203435596,0,2788.46205956384
75,222424,2756.08784883915,180,201.213203435596,0,2756.08784883915
75,222425,2780.60441380914,180,201.213203435596,0,2780.60441380914
75,222426,2805.22486145786,180,201.213203435596,0,2805.22486145786
75,222427,2829.94648045786,180,201.213203435596,0,2829.94648045786
75,222428,2854.76664244493,180,201.213203435596,0,2854.76664244493
75,223129,2822.20512764598,180,201.213203435596,0,2822.20512764598
75,223130,2846.77942454925,180,201.213203435596,0,2846.77942454925
75,223131,2871.45422265901,180,201.213203435596,0,2871.45422265901
75,223132,2896.22695327699,180,201.213203435596,0,2896.22695327699
75,223834,2888.35515757527,180,201.213203435596,0,2888.35515757527
75,223835,2912.98429418948,180,201.213203435596,0,2912.98429418948
75,223836,2937.71074835413,180,201.213203435596,0,2937.71074835413
75,223837,2962.53208331474,180,201.213203435596,0,2962.53208331474
75,224538,2929.95116426038,180,201.213203435596,0,2929.95116426038
75,224539,2954.53575832264,180,201.213203435596,0,2954.53575832264
75,225248,3120.20890957937,180,201.213203435596,0,3120.20890957937
75,225249,3145.29283244708,180,201.213203435596,0,3145.29283244708
75,225951,3136.62627853872,180,201.213203435596,0,3136.62627853872
75,225952,3161.58008287268,180,201.213203435596,0,3161.58008287268
75,225953,3186.61855566704,180,201.213203435596,0,3186.61855566704
75,225954,3211.73971671624,180,201.213203435596,0,3211.73971671624
75,226656,3202.97513067431,180,201.213203435596,0,3202.97513067431
75,226657,3227.96913590147,180,201.213203435596,0,3227.96913590147
75,226658,3253.04546482998,180,201.213203435596,0,3253.04546482998
75,226659,3278.20222827767,180,201.213203435596,0,3278.20222827767
75,227359,3219.5265101478,180,201.213203435596,0,3219.5265101478
75,227360,3244.39314358862,180,201.213203435596,0,3244.39314358862
75,227361,3269.34363438663,180,201.213203435596,0,3269.34363438663
75,227362,3294.37607722281,180,201.213203435596,0,3294.37607722281
75,227363,3319.48861807892,180,201.213203435596,0,3319.48861807892
75,228064,3285.83325757414,180,201.213203435596,0,3285.83325757414
75,228065,3310.7411587576,180,201.213203435596,0,3310.7411587576
75,228066,3335.73063398772,180,201.213203435596,0,3335.73063398772
75,228067,3360.79986361687,180,201.213203435596,0,3360.79986361687
75,228068,3385.94707616436,180,201.213203435596,0,3385.94707616436
75,228768,3327.29465118957,180,201.213203435596,0,3327.29465118957
75,228769,3352.16086023853,180,201.213203435596,0,3352.16086023853
75,228770,3377.10825976116,180,201.213203435596,0,3377.10825976116
75,228771,3402.13506368166,180,201.213203435596,0,3402.13506368166
75,228772,3427.23953248918,180,201.213203435596,0,3427.23953248918
75,228773,3452.41997194685,180,201.213203435596,0,3452.41997194685
75,228774,3477.67473183865,180,201.213203435596,0,3477.67473183865
75,228775,3503.00220473491,180,201.213203435596,0,3503.00220473491
75,229472,3368.77654300885,180,201.213203435596,0,3368.77654300885
75,229473,3393.60193104945,180,201.213203435596,0,3393.60193104945
75,229474,3418.50812107975,180,201.213203435596,0,3418.50812107975
75,229475,3443.49335981849,180,201.213203435596,0,3443.49335981849
75,229476,3468.55593901466,180,201.213203435596,0,3468.55593901466
75,229477,3493.69419422754,180,201.213203435596,0,3493.69419422754
75,229478,3518.90650362229,180,201.213203435596,0,3518.90650362229
75,229479,3544.1912867977,180,201.213203435596,0,3544.1912867977
75,230177,3435.06360198332,180,201.213203435596,0,3435.06360198332
75,230178,3459.92942393164,180,201.213203435596,0,3459.92942393164
75,230179,3484.87393385513,180,201.213203435596,0,3484.87393385513
75,230180,3509.8954540694,180,201.213203435596,0,3509.8954540694
75,230181,3534.99234928532,180,201.213203435596,0,3534.99234928532
75,230182,3560.16302545941,180,201.213203435596,0,3560.16302545941
75,230183,3585.40592869888,180,201.213203435596,0,3585.40592869888
75,230184,3610.71954416087,180,201.213203435596,0,3610.71954416087
75,230185,3636.10239500407,180,201.213203435596,0,3636.10239500407
75,230186,3661.55304135609,180,201.213203435596,0,3661.55304135609
75,230187,3687.07007930459,180,201.213203435596,0,3687.07007930459
73,230306,3245.93986583076,50,71.2132034355964,0,3245.93986583076
75,230882,3501.37141147037,180,201.213203435596,0,3501.37141147037
75,230883,3526.27600559359,180,201.213203435596,0,3526.27600559359
75,230884,3551.25727470937,180,201.213203435596,0,3551.25727470937
75,230885,3576.31361204274,180,201.213203435596,0,3576.31361204274
75,230886,3601.44345078011,180,201.213203435596,0,3601.44345078011
75,230887,3626.64526299395,180,201.213203435596,0,3626.64526299395
75,230888,3651.91755862296,180,201.213203435596,0,3651.91755862296
75,230889,3677.25888445734,180,201.213203435596,0,3677.25888445734
75,230890,3702.66782315254,180,201.213203435596,0,3702.66782315254
75,230891,3728.14299227055,180,201.213203435596,0,3728.14299227055
75,230892,3753.68304335305,180,201.213203435596,0,3753.68304335305
75,230893,3779.28666100358,180,201.213203435596,0,3779.28666100358
75,230894,3804.95256199405,180,201.213203435596,0,3804.95256199405
73,230969,3720.28525496997,50,71.2132034355964,0,3720.28525496997
73,230970,3703.83780830508,50,71.2132034355964,0,3703.83780830508
73,230971,3687.55926326445,50,71.2132034355964,0,3687.55926326445
73,231008,3225.25098598044,50,71.2132034355964,0,3225.25098598044
73,231009,3217.11306876991,50,71.2132034355964,0,3217.11306876991
73,231010,3209.23289120633,50,71.2132034355964,0,3209.23289120633
75,231587,3567.69883065528,180,201.213203435596,0,3567.69883065528
75,231588,3592.64063453682,180,201.213203435596,0,3592.64063453682
75,231589,3617.65719467526,180,201.213203435596,0,3617.65719467526
75,231590,3642.74697090159,180,201.213203435596,0,3642.74697090159
75,231591,3667.90846074492,180,201.213203435596,0,3667.90846074492
75,231592,3693.1401984457,180,201.213203435596,0,3693.1401984457
75,231593,3718.44075398621,180,201.213203435596,0,3718.44075398621
75,231594,3743.80873215778,180,201.213203435596,0,3743.80873215778
75,231595,3769.24277164507,180,201.213203435596,0,3769.24277164507
75,231596,3794.74154413367,180,201.213203435596,0,3794.74154413367
75,231597,3820.30375343043,180,201.213203435596,0,3820.30375343043
75,231598,3845.92813462769,180,201.213203435596,0,3845.92813462769
73,231673,3678.84668511713,50,71.2132034355964,0,3678.84668511713
73,231674,3662.45697508825,50,71.2132034355964,0,3662.45697508825
73,231675,3646.23860213881,50,71.2132034355964,0,3646.23860213881
73,231676,3630.19386268656,50,71.2132034355964,0,3630.19386268656
73,231712,3188.30625496246,50,71.2132034355964,0,3188.30625496246
73,231713,3180.35465874737,50,71.2132034355964,0,3180.35465874737
73,231714,3172.66471961487,50,71.2132034355964,0,3172.66471961487
73,231715,3165.23834465133,50,71.2132034355964,0,3165.23834465133
75,232292,3634.04480167854,180,201.213203435596,0,3634.04480167854
75,232293,3659.0223445373,180,201.213203435596,0,3659.0223445373
75,232294,3684.07281296471,180,201.213203435596,0,3684.07281296471
75,232295,3709.194729429,180,201.213203435596,0,3709.194729429
75,232296,3734.3866519944,180,201.213203435596,0,3734.3866519944
75,232297,3759.64717340995,180,201.213203435596,0,3759.64717340995
75,232298,3784.97492021081,180,201.213203435596,0,3784.97492021081
75,232299,3810.36855184578,180,201.213203435596,0,3810.36855184578
75,232300,3835.82675981366,180,201.213203435596,0,3835.82675981366
75,232301,3861.34826684615,180,201.213203435596,0,3861.34826684615
73,232377,3637.4274236246,50,71.2132034355964,0,3637.4274236246
73,232378,3621.0968604878,50,71.2132034355964,0,3621.0968604878
73,232379,3604.94013558626,50,71.2132034355964,0,3604.94013558626
73,232380,3588.959596668,50,71.2132034355964,0,3588.959596668
73,232416,3151.49570114924,50,71.2132034355964,0,3151.49570114924
73,232417,3143.73512861572,50,71.2132034355964,0,3143.73512861572
75,232997,3700.40834225612,180,201.213203435596,0,3700.40834225612
75,232998,3725.42023799441,180,201.213203435596,0,3725.42023799441
75,233004,3876.93784479499,180,201.213203435596,0,3876.93784479499
75,233005,3902.41933972334,180,201.213203435596,0,3902.41933972334
73,233081,3596.02814168992,50,71.2132034355964,0,3596.02814168992
73,233082,3579.75818668269,50,71.2132034355964,0,3579.75818668269
73,233083,3563.66463928184,50,71.2132034355964,0,3563.66463928184
73,233084,3547.74990018319,50,71.2132034355964,0,3547.74990018319
75,233707,3892.69483267208,180,201.213203435596,0,3892.69483267208
75,233708,3918.07398844028,180,201.213203435596,0,3918.07398844028
75,233709,3943.51614588428,180,201.213203435596,0,3943.51614588428
73,233786,3538.44170921272,50,71.2132034355964,0,3538.44170921272
73,233787,3522.41292481445,50,71.2132034355964,0,3522.41292481445
73,233788,3506.56564358648,50,71.2132034355964,0,3506.56564358648
73,233789,3490.90233738324,50,71.2132034355964,0,3490.90233738324
75,234410,3908.61720581529,180,201.213203435596,0,3908.61720581529
75,234411,3933.89377692278,180,201.213203435596,0,3933.89377692278
75,234412,3959.23441332031,180,201.213203435596,0,3959.23441332031
75,234413,3984.63789272245,180,201.213203435596,0,3984.63789272245
75,234414,4010.10302082131,180,201.213203435596,0,4010.10302082131
73,234490,3497.14821891098,50,71.2132034355964,0,3497.14821891098
73,234491,3481.18584177238,50,71.2132034355964,0,3481.18584177238
73,234492,3465.40773805741,50,71.2132034355964,0,3465.40773805741
73,234497,3389.37034164248,50,71.2132034355964,0,3389.37034164248
75,235115,3975.11560583632,180,201.213203435596,0,3975.11560583632
75,235116,4000.41837354933,180,201.213203435596,0,4000.41837354933
75,235117,4025.78381954238,180,201.213203435596,0,4025.78381954238
75,235118,4051.21076649009,180,201.213203435596,0,4051.21076649009
73,235162,4048.93099628791,50,71.2132034355964,0,4048.93099628791
73,235163,4028.2827615473,50,71.2132034355964,0,4028.2827615473
73,235164,4007.75105724669,50,71.2132034355964,0,4007.75105724669
73,235165,3987.33768351049,50,71.2132034355964,0,3987.33768351049
73,235199,3378.30438925134,50,71.2132034355964,0,3378.30438925134
73,235200,3363.3717547746,50,71.2132034355964,0,3363.3717547746
73,235201,3348.63932231379,50,71.2132034355964,0,3348.63932231379
75,235819,4016.35961837514,180,201.213203435596,0,4016.35961837514
75,235820,4041.62515322177,180,201.213203435596,0,4041.62515322177
75,235821,4066.95319599139,180,201.213203435596,0,4066.95319599139
75,235822,4092.34258607661,180,201.213203435596,0,4092.34258607661
75,235823,4117.79218871637,180,201.213203435596,0,4117.79218871637
73,235866,4006.65897221142,50,71.2132034355964,0,4006.65897221142
73,235867,3986.01577528593,50,71.2132034355964,0,3986.01577528593
73,235868,3965.49040438615,50,71.2132034355964,0,3965.49040438615
73,235869,3945.08469858017,50,71.2132034355964,0,3945.08469858017
73,235902,3352.48694705129,50,71.2132034355964,0,3352.48694705129
73,235903,3337.43871888547,50,71.2132034355964,0,3337.43871888547
73,235904,3322.59122069722,50,71.2132034355964,0,3322.59122069722
73,235905,3307.94715537515,50,71.2132034355964,0,3307.94715537515
75,236524,4082.85406494024,180,201.213203435596,0,4082.85406494024
75,236525,4108.14532058428,180,201.213203435596,0,4108.14532058428
75,236526,4133.49776440033,180,201.213203435596,0,4133.49776440033
75,236527,4158.91027738735,180,201.213203435596,0,4158.91027738735
75,236528,4184.38176511473,180,201.213203435596,0,4184.38176511473
73,236570,3964.38701166183,50,71.2132034355964,0,3964.38701166183
73,236571,3943.74896331574,50,71.2132034355964,0,3943.74896331574
73,236572,3923.23006563954,50,71.2132034355964,0,3923.23006563954
73,236573,3902.8321979142,50,71.2132034355964,0,3902.8321979142
73,236606,3311.57277397351,50,71.2132034355964,0,3311.57277397351
73,236607,3296.60870020573,50,71.2132034355964,0,3296.60870020573
73,236608,3281.84861963583,50,71.2132034355964,0,3281.84861963583
73,236609,3267.29529689885,50,71.2132034355964,0,3267.29529689885
75,237228,4124.10444843764,180,201.213203435596,0,4124.10444843764
75,237229,4149.35951931323,180,201.213203435596,0,4149.35951931323
75,237230,4174.67561408193,180,201.213203435596,0,4174.67561408193
75,237231,4200.05162927018,180,201.213203435596,0,4200.05162927018
75,237232,4225.48648532339,180,201.213203435596,0,4225.48648532339
73,237274,3922.11512037178,50,71.2132034355964,0,3922.11512037178
73,237275,3901.48233500158,50,71.2132034355964,0,3901.48233500158
73,237276,3880.970054985,50,71.2132034355964,0,3880.970054985
73,237309,3285.77550447714,50,71.2132034355964,0,3285.77550447714
73,237310,3270.69332377433,50,71.2132034355964,0,3270.69332377433
73,237311,3255.8156789272,50,71.2132034355964,0,3255.8156789272
73,237312,3241.14538654811,50,71.2132034355964,0,3241.14538654811
73,237313,3226.68527485443,50,71.2132034355964,0,3226.68527485443
75,237932,4165.37566926186,180,201.213203435596,0,4165.37566926186
75,237933,4190.59514432138,180,201.213203435596,0,4190.59514432138
75,237934,4215.8754742275,180,201.213203435596,0,4215.8754742275
75,237935,4241.21557077443,180,201.213203435596,0,4241.21557077443
75,237936,4266.61436907384,180,201.213203435596,0,4266.61436907384
73,237978,3879.8433043303,50,71.2132034355964,0,3879.8433043303
73,237979,3859.21590011947,50,71.2132034355964,0,3859.21590011947
73,238013,3244.84670016786,50,71.2132034355964,0,3244.84670016786
73,238014,3229.84991936098,50,71.2132034355964,0,3229.84991936098
73,238015,3215.0610678256,50,71.2132034355964,0,3215.0610678256
73,238016,3200.48302797433,50,71.2132034355964,0,3200.48302797433
75,238637,4231.85157268082,180,201.213203435596,0,4231.85157268082
75,238638,4257.09670917325,180,201.213203435596,0,4257.09670917325
75,238639,4282.40145385156,180,201.213203435596,0,4282.40145385156
75,238640,4307.7647562609,180,201.213203435596,0,4307.7647562609
75,238641,4333.18558813769,180,201.213203435596,0,4333.18558813769
73,238682,3837.57156978424,50,71.2132034355964,0,3837.57156978424
73,238683,3816.94966888034,50,71.2132034355964,0,3816.94966888034
73,238716,3219.07048548117,50,71.2132034355964,0,3219.07048548117
73,238717,3203.95297430235,50,71.2132034355964,0,3203.95297430235
73,238718,3189.04395022237,50,71.2132034355964,0,3189.04395022237
73,238719,3174.34635086294,50,71.2132034355964,0,3174.34635086294
75,239342,4298.33870732148,180,201.213203435596,0,4298.33870732148
75,239343,4323.6086548036,180,201.213203435596,0,4323.6086548036
75,239344,4348.93701140458,180,201.213203435596,0,4348.93701140458
75,239345,4374.32276251507,180,201.213203435596,0,4374.32276251507
75,239346,4399.76491467203,180,201.213203435596,0,4399.76491467203
73,239385,3816.03893273181,50,71.2132034355964,0,3816.03893273181
73,239386,3795.29992326339,50,71.2132034355964,0,3795.29992326339
73,239387,3774.68365194938,50,71.2132034355964,0,3774.68365194938
73,239420,3178.12652595515,50,71.2132034355964,0,3178.12652595515
73,239421,3163.09569196905,50,71.2132034355964,0,3163.09569196905
73,239422,3148.27687658285,50,71.2132034355964,0,3148.27687658285
73,239423,3133.6730876396,50,71.2132034355964,0,3133.6730876396
73,239424,3119.28734525415,50,71.2132034355964,0,3119.28734525415
73,239426,3091.1821309818,50,71.2132034355964,0,3091.1821309818
75,240047,4364.83657316359,180,201.213203435596,0,4364.83657316359
75,240048,4390.13052252984,180,201.213203435596,0,4390.13052252984
75,240049,4415.48172695956,180,201.213203435596,0,4415.48172695956
75,240050,4440.88920591702,180,201.213203435596,0,4440.88920591702
75,240051,4466.35199902139,180,201.213203435596,0,4466.35199902139
75,240052,4491.86916560685,180,201.213203435596,0,4491.86916560685
75,240053,4517.43978426971,180,201.213203435596,0,4517.43978426971
75,240054,4543.06295244595,180,201.213203435596,0,4543.06295244595
73,240055,4539.89739487872,50,71.2132034355964,0,4539.89739487872
73,240089,3773.76306009236,50,71.2132034355964,0,3773.76306009236
73,240090,3753.02837158983,50,71.2132034355964,0,3753.02837158983
73,240091,3732.41786047407,50,71.2132034355964,0,3732.41786047407
73,240092,3711.93359523111,50,71.2132034355964,0,3711.93359523111
73,240093,3691.57767744965,50,71.2132034355964,0,3691.57767744965
73,240094,3671.3522420069,50,71.2132034355964,0,3671.3522420069
73,240125,3122.27628846534,50,71.2132034355964,0,3122.27628846534
73,240126,3107.55023386505,50,71.2132034355964,0,3107.55023386505
73,240127,3093.04291816227,50,71.2132034355964,0,3093.04291816227
73,240128,3078.75743349818,50,71.2132034355964,0,3078.75743349818
73,240129,3064.69688193924,50,71.2132034355964,0,3064.69688193924
73,240130,3050.86437344467,50,71.2132034355964,0,3050.86437344467
75,240752,4431.34470010837,180,201.213203435596,0,4431.34470010837
75,240753,4456.66188098783,180,201.213203435596,0,4456.66188098783
75,240754,4482.03520547984,180,201.213203435596,0,4482.03520547984
75,240755,4507.46372545865,180,201.213203435596,0,4507.46372545865
75,240756,4532.9465120276,180,201.213203435596,0,4532.9465120276
73,240757,4546.21635362314,50,71.2132034355964,0,4546.21635362314
73,240758,4522.10992560523,50,71.2132034355964,0,4522.10992560523
73,240795,3690.15230611629,50,71.2132034355964,0,3690.15230611629
73,240796,3669.6754575736,50,71.2132034355964,0,3669.6754575736
73,240797,3649.32852702155,50,71.2132034355964,0,3649.32852702155
73,240798,3629.11369964813,50,71.2132034355964,0,3629.11369964813
73,240799,3609.0331952563,50,71.2132034355964,0,3609.0331952563
73,240830,3066.86563749202,50,71.2132034355964,0,3066.86563749202
73,240831,3052.45756797928,50,71.2132034355964,0,3052.45756797928
73,240832,3038.27523159858,50,71.2132034355964,0,3038.27523159858
73,240833,3024.32180403034,50,71.2132034355964,0,3024.32180403034
73,240834,3010.60046809254,50,71.2132034355964,0,3010.60046809254
73,240835,2997.11441145935,50,71.2132034355964,0,2997.11441145935
73,241460,4528.65140277547,50,71.2132034355964,0,4528.65140277547
73,241461,4504.45084287069,50,71.2132034355964,0,4504.45084287069
73,241462,4480.31897144203,50,71.2132034355964,0,4480.31897144203
73,241463,4456.25690439457,50,71.2132034355964,0,4456.25690439457
73,241464,4432.26577859698,50,71.2132034355964,0,4432.26577859698
73,241500,3627.41774611443,50,71.2132034355964,0,3627.41774611443
73,241501,3607.0800184169,50,71.2132034355964,0,3607.0800184169
73,241502,3586.8760552832,50,71.2132034355964,0,3586.8760552832
73,241503,3566.80812981669,50,71.2132034355964,0,3566.80812981669
73,241534,3026.22478805153,50,71.2132034355964,0,3026.22478805153
73,241535,3011.91885369253,50,71.2132034355964,0,3011.91885369253
73,241536,2997.84267716385,50,71.2132034355964,0,2997.84267716385
73,241537,2983.99950991969,50,71.2132034355964,0,2983.99950991969
73,241538,2970.39260969795,50,71.2132034355964,0,2970.39260969795
73,241539,2957.02523808679,50,71.2132034355964,0,2957.02523808679
73,242166,4438.53713312072,50,71.2132034355964,0,4438.53713312072
73,242169,4366.48965809685,50,71.2132034355964,0,4366.48965809685
73,242204,3585.16047994958,50,71.2132034355964,0,3585.16047994958
73,242205,3564.83217850709,50,71.2132034355964,0,3564.83217850709
73,242206,3544.63934508505,50,71.2132034355964,0,3544.63934508505
73,242207,3524.5843080336,50,71.2132034355964,0,3524.5843080336
73,242239,2971.42868890048,50,71.2132034355964,0,2971.42868890048
73,242240,2957.46181132119,50,71.2132034355964,0,2957.46181132119
73,242241,2943.73217355548,50,71.2132034355964,0,2943.73217355548
73,242242,2930.24311036419,50,71.2132034355964,0,2930.24311036419
73,242243,2916.99795921451,50,71.2132034355964,0,2916.99795921451
73,242871,4372.65119525412,50,71.2132034355964,0,4372.65119525412
73,242872,4348.6094553594,50,71.2132034355964,0,4348.6094553594
73,242873,4324.64065055625,50,71.2132034355964,0,4324.64065055625
73,242874,4300.74600028814,50,71.2132034355964,0,4300.74600028814
73,242907,3563.35719065241,50,71.2132034355964,0,3563.35719065241
73,242908,3542.90367909194,50,71.2132034355964,0,3542.90367909194
73,242909,3522.58503544945,50,71.2132034355964,0,3522.58503544945
73,242910,3502.40360697462,50,71.2132034355964,0,3502.40360697462
73,242911,3482.36177928838,50,71.2132034355964,0,3482.36177928838
73,242912,3462.46197655134,50,71.2132034355964,0,3462.46197655134
73,242943,2930.98909059031,50,71.2132034355964,0,2930.98909059031
73,242944,2917.13478554096,50,71.2132034355964,0,2917.13478554096
73,242945,2903.52208644963,50,71.2132034355964,0,2903.52208644963
73,242946,2890.15440722937,50,71.2132034355964,0,2890.15440722937
73,242947,2877.0351632171,50,71.2132034355964,0,2877.0351632171
73,242948,2864.16776826652,50,71.2132034355964,0,2864.16776826652
73,243575,4330.86202153504,50,71.2132034355964,0,4330.86202153504
73,243576,4306.79431726118,50,71.2132034355964,0,4306.79431726118
73,243577,4282.79997008749,50,71.2132034355964,0,4282.79997008749
73,243578,4258.88021988548,50,71.2132034355964,0,4258.88021988548
73,243610,3541.67229748937,50,71.2132034355964,0,3541.67229748937
73,243611,3521.09271266377,50,71.2132034355964,0,3521.09271266377
73,243612,3500.64736451345,50,71.2132034355964,0,3500.64736451345
73,243613,3480.33861877268,50,71.2132034355964,0,3480.33861877268
73,243614,3460.16888072171,50,71.2132034355964,0,3460.16888072171
73,243615,3440.14059538953,50,71.2132034355964,0,3440.14059538953
73,243648,2876.86386898648,50,71.2132034355964,0,2876.86386898648
73,243649,2863.37166548535,50,71.2132034355964,0,2863.37166548535
73,243650,2850.12907075939,50,71.2132034355964,0,2850.12907075939
73,243651,2837.13958002164,50,71.2132034355964,0,2837.13958002164
73,243652,2824.40668536446,50,71.2132034355964,0,2824.40668536446
73,244280,4264.98820654109,50,71.2132034355964,0,4264.98820654109
73,244281,4240.96786655469,50,71.2132034355964,0,4240.96786655469
73,244282,4217.02256917699,50,71.2132034355964,0,4217.02256917699
73,244314,3499.40147689324,50,71.2132034355964,0,3499.40147689324
73,244315,3478.82853886633,50,71.2132034355964,0,3478.82853886633
73,244316,3458.39155821798,50,71.2132034355964,0,3458.39155821798
73,244317,3438.09295945276,50,71.2132034355964,0,3438.09295945276
73,244318,3417.93520805928,50,71.2132034355964,0,3417.93520805928
73,244319,3397.92081071892,50,71.2132034355964,0,3397.92081071892
73,244320,3378.05231548142,50,71.2132034355964,0,3378.05231548142
73,244351,2850.27022023695,50,71.2132034355964,0,2850.27022023695
73,244352,2836.65145643557,50,71.2132034355964,0,2836.65145643557
73,244353,2823.28346134555,50,71.2132034355964,0,2823.28346134555
73,244354,2810.16981369381,50,71.2132034355964,0,2810.16981369381
73,244355,2797.31409058255,50,71.2132034355964,0,2797.31409058255
73,244356,2784.71986415689,50,71.2132034355964,0,2784.71986415689
73,244984,4223.19139470815,50,71.2132034355964,0,4223.19139470815
73,244985,4199.14459972811,50,71.2132034355964,0,4199.14459972811
73,244986,4175.17329613215,50,71.2132034355964,0,4175.17329613215
73,245019,3436.5646846868,50,71.2132034355964,0,3436.5646846868
73,245020,3416.13628329155,50,71.2132034355964,0,3416.13628329155
73,245021,3395.84809000487,50,71.2132034355964,0,3395.84809000487
73,245022,3375.70263281015,50,71.2132034355964,0,3375.70263281015
73,245023,3355.70248239348,50,71.2132034355964,0,3355.70248239348
73,245024,3335.85025232339,50,71.2132034355964,0,3335.85025232339
73,245025,3316.1485991911,50,71.2132034355964,0,3316.1485991911
73,245056,2796.50007683526,50,71.2132034355964,0,2796.50007683526
73,245057,2783.26016760479,50,71.2132034355964,0,2783.26016760479
73,245058,2770.27950068702,50,71.2132034355964,0,2770.27950068702
73,245059,2757.56173707542,50,71.2132034355964,0,2757.56173707542
73,245060,2745.11053077161,50,71.2132034355964,0,2745.11053077161
73,245688,4181.40416406618,50,71.2132034355964,0,4181.40416406618
73,245689,4157.33043977698,50,71.2132034355964,0,4157.33043977698
73,245690,4133.33265871394,50,71.2132034355964,0,4133.33265871394
73,245724,3373.8815639779,50,71.2132034355964,0,3373.8815639779
73,245725,3353.60404458599,50,71.2132034355964,0,3353.60404458599
73,245726,3333.47120101732,50,71.2132034355964,0,3333.47120101732
73,245727,3313.48567043681,50,71.2132034355964,0,3313.48567043681
73,245728,3293.65013448534,50,71.2132034355964,0,3293.65013448534
73,245729,3273.96731942151,50,71.2132034355964,0,3273.96731942151
73,245760,2756.41240253891,50,71.2132034355964,0,2756.41240253891
73,245761,2743.30463054933,50,71.2132034355964,0,2743.30463054933
73,245762,2730.46115871402,50,71.2132034355964,0,2730.46115871402
73,245763,2717.88573391866,50,71.2132034355964,0,2717.88573391866
73,245764,2705.5820937775,50,71.2132034355964,0,2705.5820937775
73,246392,4139.62680825649,50,71.2132034355964,0,4139.62680825649
73,246393,4115.52566779427,50,71.2132034355964,0,4115.52566779427
73,246394,4091.5009253797,50,71.2132034355964,0,4091.5009253797
73,246395,4067.55393473396,50,71.2132034355964,0,4067.55393473396
73,246396,4043.68607721447,50,71.2132034355964,0,4043.68607721447
73,246429,3311.36085909631,50,71.2132034355964,0,3311.36085909631
73,246430,3291.24096108537,50,71.2132034355964,0,3291.24096108537
73,246431,3271.27043797153,50,71.2132034355964,0,3271.27043797153
73,246432,3251.45204215463,50,71.2132034355964,0,3251.45204215463
73,246464,2716.39125929693,50,71.2132034355964,0,2716.39125929693
73,246465,2703.41985977642,50,71.2132034355964,0,2703.41985977642
73,246466,2690.71798831601,50,71.2132034355964,0,2690.71798831601
73,246467,2678.28947965327,50,71.2132034355964,0,2678.28947965327
73,247097,4073.73057633957,50,71.2132034355964,0,4073.73057633957
73,247098,4049.67837562224,50,71.2132034355964,0,4049.67837562224
73,247099,4025.70440823568,50,71.2132034355964,0,4025.70440823568
73,247100,4001.81008021349,50,71.2132034355964,0,4001.81008021349
73,247134,3249.01196393,50,71.2132034355964,0,3249.01196393
73,247135,3229.05685141736,50,71.2132034355964,0,3229.05685141736
73,247136,3209.25605972708,50,71.2132034355964,0,3209.25605972708
73,247137,3189.61246288642,50,71.2132034355964,0,3189.61246288642
73,247138,3170.12898305389,50,71.2132034355964,0,3170.12898305389
73,247168,2676.43963704247,50,71.2132034355964,0,2676.43963704247
73,247169,2663.60903966152,50,71.2132034355964,0,2663.60903966152
73,247170,2651.05337573316,50,71.2132034355964,0,2651.05337573316
73,247171,2638.77656977315,50,71.2132034355964,0,2638.77656977315
73,247801,4031.94547004051,50,71.2132034355964,0,4031.94547004051
73,247802,4007.86530054382,50,71.2132034355964,0,4007.86530054382
73,247803,3983.86384932485,50,71.2132034355964,0,3983.86384932485
73,247814,3725.47487949689,50,71.2132034355964,0,3725.47487949689
73,247815,3702.53870820269,50,71.2132034355964,0,3702.53870820269
73,247816,3679.7023796125,50,71.2132034355964,0,3679.7023796125
73,247839,3186.84498071181,50,71.2132034355964,0,3186.84498071181
73,247840,3167.06227609818,50,71.2132034355964,0,3167.06227609818
73,247841,3147.43910174523,50,71.2132034355964,0,3147.43910174523
73,247842,3127.97846006339,50,71.2132034355964,0,3127.97846006339
73,247843,3108.68340346513,50,71.2132034355964,0,3108.68340346513
73,247844,3089.55703430961,50,71.2132034355964,0,3089.55703430961
73,247845,3070.60250479726,50,71.2132034355964,0,3070.60250479726
73,247873,2623.87554176545,50,71.2132034355964,0,2623.87554176545
73,247874,2611.4709060494,50,71.2132034355964,0,2611.4709060494
73,247875,2599.35081061074,50,71.2132034355964,0,2599.35081061074
73,248505,3990.17066621178,50,71.2132034355964,0,3990.17066621178
73,248508,3918.08375481306,50,71.2132034355964,0,3918.08375481306
73,248517,3706.43076228225,50,71.2132034355964,0,3706.43076228225
73,248518,3683.37588172686,50,71.2132034355964,0,3683.37588172686
73,248519,3660.41987960634,50,71.2132034355964,0,3660.41987960634
73,248520,3637.56462793406,50,71.2132034355964,0,3637.56462793406
73,248543,3144.6348995451,50,71.2132034355964,0,3144.6348995451
73,248544,3124.87078495407,50,71.2132034355964,0,3124.87078495407
73,248545,3105.26860551912,50,71.2132034355964,0,3105.26860551912
73,248546,3085.83144723447,50,71.2132034355964,0,3085.83144723447
73,248547,3066.56244801869,50,71.2132034355964,0,3066.56244801869
73,248548,3047.46479766702,50,71.2132034355964,0,3047.46479766702
73,248549,3028.54173770108,50,71.2132034355964,0,3028.54173770108
73,248577,2584.22293825793,50,71.2132034355964,0,2584.22293825793
73,248578,2571.97437739763,50,71.2132034355964,0,2571.97437739763
73,248579,2560.01623432294,50,71.2132034355964,0,2560.01623432294
73,249211,3900.21080344591,50,71.2132034355964,0,3900.21080344591
73,249212,3876.23398830038,50,71.2132034355964,0,3876.23398830038
73,249221,3664.35700769645,50,71.2132034355964,0,3664.35700769645
73,249222,3641.28098077081,50,71.2132034355964,0,3641.28098077081
73,249223,3618.3047149282,50,71.2132034355964,0,3618.3047149282
73,249224,3595.43012270937,50,71.2132034355964,0,3595.43012270937
73,249225,3572.65915706505,50,71.2132034355964,0,3572.65915706505
73,249226,3549.99381209576,50,71.2132034355964,0,3549.99381209576
73,249249,3063.10109725079,50,71.2132034355964,0,3063.10109725079
73,249250,3043.68809512744,50,71.2132034355964,0,3043.68809512744
73,249251,3024.44590578962,50,71.2132034355964,0,3024.44590578962
73,249252,3005.37781016916,50,71.2132034355964,0,3005.37781016916
73,249253,2986.48714292212,50,71.2132034355964,0,2986.48714292212
73,249254,2967.7772921856,50,71.2132034355964,0,2967.7772921856
73,249281,2544.65501647504,50,71.2132034355964,0,2544.65501647504
73,249282,2532.56781634763,50,71.2132034355964,0,2532.56781634763
73,249283,2520.77711513414,50,71.2132034355964,0,2520.77711513414
73,249284,2509.2870924275,50,71.2132034355964,0,2509.2870924275
73,249914,3882.48602139159,50,71.2132034355964,0,3882.48602139159
73,249915,3858.39893258303,50,71.2132034355964,0,3858.39893258303
73,249916,3834.39354751774,50,71.2132034355964,0,3834.39354751774
73,249917,3810.47141036214,50,71.2132034355964,0,3810.47141036214
73,249925,3622.28795932381,50,71.2132034355964,0,3622.28795932381
73,249926,3599.19032438964,50,71.2132034355964,0,3599.19032438964
73,249927,3576.19334765063,50,71.2132034355964,0,3576.19334765063
73,249928,3553.29898349004,50,71.2132034355964,0,3553.29898349004
73,249929,3530.50922815205,50,71.2132034355964,0,3530.50922815205
73,249930,3507.82612051326,50,71.2132034355964,0,3507.82612051326
73,249953,3020.9367068392,50,71.2132034355964,0,3020.9367068392
73,249954,3001.54856275316,50,71.2132034355964,0,3001.54856275316
73,249955,2982.33396858996,50,71.2132034355964,0,2982.33396858996
73,249956,2963.29630034595,50,71.2132034355964,0,2963.29630034595
73,249957,2944.43898984089,50,71.2132034355964,0,2944.43898984089
73,249958,2925.76552443349,50,71.2132034355964,0,2925.76552443349
73,249986,2493.25549458001,50,71.2132034355964,0,2493.25549458001
73,249987,2481.6379869064,50,71.2132034355964,0,2481.6379869064
73,249988,2470.3275436167,50,71.2132034355964,0,2470.3275436167
73,249989,2459.32840127761,50,71.2132034355964,0,2459.32840127761
73,250618,3840.71401008324,50,71.2132034355964,0,3840.71401008324
73,250619,3816.59726288828,50,71.2132034355964,0,3816.59726288828
73,250620,3792.56274492487,50,71.2132034355964,0,3792.56274492487
73,250621,3768.61202945647,50,71.2132034355964,0,3768.61202945647
73,250631,3534.08591760393,50,71.2132034355964,0,3534.08591760393
73,250632,3511.17133555794,50,71.2132034355964,0,3511.17133555794
73,250658,2959.41301815699,50,71.2132034355964,0,2959.41301815699
73,250659,2940.22683919652,50,71.2132034355964,0,2940.22683919652
73,250660,2921.22050986575,50,71.2132034355964,0,2921.22050986575
73,250661,2902.39756339956,50,71.2132034355964,0,2902.39756339956
73,250662,2883.76159074188,50,71.2132034355964,0,2883.76159074188
73,250691,2442.60366217924,50,71.2132034355964,0,2442.60366217924
73,250692,2431.47905010115,50,71.2132034355964,0,2431.47905010115
73,250693,2420.67243533273,50,71.2132034355964,0,2420.67243533273
73,250694,2410.18809531433,50,71.2132034355964,0,2410.18809531433
73,251323,3774.80613708806,50,71.2132034355964,0,3774.80613708806
73,251324,3750.74190684474,50,71.2132034355964,0,3750.74190684474
73,251325,3726.76203799067,50,71.2132034355964,0,3726.76203799067
73,251326,3702.86816950976,50,71.2132034355964,0,3702.86816950976
73,251327,3679.06197700157,50,71.2132034355964,0,3679.06197700157
73,251362,2917.28163907853,50,71.2132034355964,0,2917.28163907853
73,251363,2898.1247321526,50,71.2132034355964,0,2898.1247321526
73,251364,2879.15069449099,50,71.2132034355964,0,2879.15069449099
73,251365,2860.36316525066,50,71.2132034355964,0,2860.36316525066
73,251366,2841.76584357614,50,71.2132034355964,0,2841.76584357614
73,251396,2392.74702718255,50,71.2132034355964,0,2392.74702718255
73,252028,3708.93137424025,50,71.2132034355964,0,3708.93137424025
73,252029,3684.92175979651,50,71.2132034355964,0,3684.92175979651
73,252030,3660.99874069091,50,71.2132034355964,0,3660.99874069091
73,252031,3637.16402563771,50,71.2132034355964,0,3637.16402563771
73,252032,3613.41936204333,50,71.2132034355964,0,3613.41936204333
73,252066,2875.15461366044,50,71.2132034355964,0,2875.15461366044
73,252067,2856.02787462445,50,71.2132034355964,0,2856.02787462445
73,252068,2837.08712511509,50,71.2132034355964,0,2837.08712511509
73,252069,2818.33611498637,50,71.2132034355964,0,2818.33611498637
73,252070,2799.77865647943,50,71.2132034355964,0,2799.77865647943
73,252733,3643.09153350066,50,71.2132034355964,0,3643.09153350066
73,252734,3619.13875871143,50,71.2132034355964,0,3619.13875871143
73,252735,3595.27492193784,50,71.2132034355964,0,3595.27492193784
73,252736,3571.50180595974,50,71.2132034355964,0,3571.50180595974
73,252770,2833.03214121544,50,71.2132034355964,0,2833.03214121544
73,252771,2813.93650734141,50,71.2132034355964,0,2813.93650734141
73,252772,2795.03008889828,50,71.2132034355964,0,2795.03008889828
73,252773,2776.3167515005,50,71.2132034355964,0,2776.3167515005
73,252774,2757.80042566362,50,71.2132034355964,0,2757.80042566362
73,252775,2739.48510622735,50,71.2132034355964,0,2739.48510622735
73,253438,3577.288559239,50,71.2132034355964,0,3577.288559239
73,253439,3553.39498286614,50,71.2132034355964,0,3553.39498286614
73,253440,3529.59280346138,50,71.2132034355964,0,3529.59280346138
73,253474,2790.91443306768,50,71.2132034355964,0,2790.91443306768
73,253475,2771.85088562777,50,71.2132034355964,0,2771.85088562777
73,253476,2752.97989050915,50,71.2132034355964,0,2752.97989050915
73,253477,2734.30543445214,50,71.2132034355964,0,2734.30543445214
73,253478,2715.83157175635,50,71.2132034355964,0,2715.83157175635
73,253479,2697.56242362745,50,71.2132034355964,0,2697.56242362745
73,254142,3535.44849375017,50,71.2132034355964,0,3535.44849375017
73,254143,3511.5245404392,50,71.2132034355964,0,3511.5245404392
73,254144,3487.69266703505,50,71.2132034355964,0,3487.69266703505
73,254178,2748.80171346575,50,71.2132034355964,0,2748.80171346575
73,254179,2729.77128051502,50,71.2132034355964,0,2729.77128051502
73,254180,2710.93685346031,50,71.2132034355964,0,2710.93685346031
73,254181,2692.30254587903,50,71.2132034355964,0,2692.30254587903
73,254182,2673.87254169172,50,71.2132034355964,0,2673.87254169172
73,254183,2655.65109444799,50,71.2132034355964,0,2655.65109444799
73,254184,2637.64252643215,50,71.2132034355964,0,2637.64252643215
73,254846,3493.61893047707,50,71.2132034355964,0,3493.61893047707
73,254847,3469.6639426259,50,71.2132034355964,0,3469.6639426259
73,254848,3445.80172429783,50,71.2132034355964,0,3445.80172429783
73,254883,2687.6979799674,50,71.2132034355964,0,2687.6979799674
73,254884,2668.90132160056,50,71.2132034355964,0,2668.90132160056
73,254885,2650.30849195996,50,71.2132034355964,0,2650.30849195996
73,254886,2631.92381079964,50,71.2132034355964,0,2631.92381079964
73,254887,2613.75167036741,50,71.2132034355964,0,2613.75167036741
73,254888,2595.79653440927,50,71.2132034355964,0,2595.79653440927
73,254889,2578.06293696519,50,71.2132034355964,0,2578.06293696519
73,255550,3451.80025541011,50,71.2132034355964,0,3451.80025541011
73,255551,3427.8135543047,50,71.2132034355964,0,3427.8135543047
73,255552,3403.92031892173,50,71.2132034355964,0,3403.92031892173
73,255553,3380.1225313224,50,71.2132034355964,0,3380.1225313224
73,255554,3356.42222174296,50,71.2132034355964,0,3356.42222174296
73,255588,2626.87366072197,50,71.2132034355964,0,2626.87366072197
73,255589,2608.32370494271,50,71.2132034355964,0,2608.32370494271
73,255590,2589.98588508847,50,71.2132034355964,0,2589.98588508847
73,255591,2571.86473885623,50,71.2132034355964,0,2571.86473885623
73,255592,2553.96487834397,50,71.2132034355964,0,2553.96487834397
73,255593,2536.29098872319,50,71.2132034355964,0,2536.29098872319
73,255594,2518.84782668092,50,71.2132034355964,0,2518.84782668092
73,256254,3409.99287336513,50,71.2132034355964,0,3409.99287336513
73,256255,3385.97375830558,50,71.2132034355964,0,3385.97375830558
73,256256,3362.04881162886,50,71.2132034355964,0,3362.04881162886
73,256257,3338.22005804194,50,71.2132034355964,0,3338.22005804194
73,256258,3314.48957222232,50,71.2132034355964,0,3314.48957222232
73,256293,2566.34864526604,50,71.2132034355964,0,2566.34864526604
73,256294,2548.05930374366,50,71.2132034355964,0,2548.05930374366
73,256295,2529.99092610621,50,71.2132034355964,0,2529.99092610621
73,256296,2512.1482801389,50,71.2132034355964,0,2512.1482801389
73,256297,2494.53620961697,50,71.2132034355964,0,2494.53620961697
73,256298,2477.15963256714,50,71.2132034355964,0,2477.15963256714
73,256373,2179.45187230246,50,71.2132034355964,0,2179.45187230246
73,256374,2190.76088834332,50,71.2132034355964,0,2190.76088834332
73,256959,3344.14495652192,50,71.2132034355964,0,3344.14495652192
73,256960,3320.1875812448,50,71.2132034355964,0,3320.1875812448
73,256961,3296.32715200123,50,71.2132034355964,0,3296.32715200123
73,256962,3272.56578930499,50,71.2132034355964,0,3272.56578930499
73,256999,2488.1309002624,50,71.2132034355964,0,2488.1309002624
73,257000,2470.34751031343,50,71.2132034355964,0,2470.34751031343
73,257001,2452.79948235779,50,71.2132034355964,0,2452.79948235779
73,257002,2435.49190384272,50,71.2132034355964,0,2435.49190384272
73,257076,2151.72220657223,50,71.2132034355964,0,2151.72220657223
73,257077,2163.17625879059,50,71.2132034355964,0,2163.17625879059
73,257078,2174.98083509964,50,71.2132034355964,0,2174.98083509964
73,257079,2187.1302598667,50,71.2132034355964,0,2187.1302598667
73,257664,3278.33702585626,50,71.2132034355964,0,3278.33702585626
73,257665,3254.44418709821,50,71.2132034355964,0,3254.44418709821
73,257666,3230.65122263822,50,71.2132034355964,0,3230.65122263822
73,257667,3206.96035542997,50,71.2132034355964,0,3206.96035542997
73,257704,2428.56339212897,50,71.2132034355964,0,2428.56339212897
73,257705,2411.08175038753,50,71.2132034355964,0,2411.08175038753
73,257706,2393.84571520731,50,71.2132034355964,0,2393.84571520731
73,257707,2376.86062971444,50,71.2132034355964,0,2376.86062971444
73,257780,2135.65427371071,50,71.2132034355964,0,2135.65427371071
73,257781,2147.61019717803,50,71.2132034355964,0,2147.61019717803
73,257782,2159.91365220164,50,71.2132034355964,0,2159.91365220164
73,257783,2172.55873445365,50,71.2132034355964,0,2172.55873445365
73,257784,2185.53951418634,50,71.2132034355964,0,2185.53951418634
73,258368,3236.49756403288,50,71.2132034355964,0,3236.49756403288
73,258369,3212.57155664137,50,71.2132034355964,0,3212.57155664137
73,258370,3188.74624018383,50,71.2132034355964,0,3188.74624018383
73,258371,3165.02388857336,50,71.2132034355964,0,3165.02388857336
73,258372,3141.40683442827,50,71.2132034355964,0,3141.40683442827
73,258373,3117.89747053093,50,71.2132034355964,0,3117.89747053093
73,258408,2386.79680616799,50,71.2132034355964,0,2386.79680616799
73,258409,2369.38402314959,50,71.2132034355964,0,2369.38402314959
73,258410,2352.22221690614,50,71.2132034355964,0,2352.22221690614
73,258411,2335.31692058854,50,71.2132034355964,0,2335.31692058854
73,258486,2145.57436471384,50,71.2132034355964,0,2145.57436471384
73,258487,2158.71748326443,50,71.2132034355964,0,2158.71748326443
73,258488,2172.19245094553,50,71.2132034355964,0,2172.19245094553
73,259073,3170.70967461712,50,71.2132034355964,0,3170.70967461712
73,259074,3146.85122941476,50,71.2132034355964,0,3146.85122941476
73,259075,3123.09662710698,50,71.2132034355964,0,3123.09662710698
73,259076,3099.44825529453,50,71.2132034355964,0,3099.44825529453
73,259077,3075.9085641627,50,71.2132034355964,0,3075.9085641627
73,259078,3052.48006803639,50,71.2132034355964,0,3052.48006803639
73,259113,2327.70738191708,50,71.2132034355964,0,2327.70738191708
73,259114,2310.62264141414,50,71.2132034355964,0,2310.62264141414
73,259115,2293.80020689736,50,71.2132034355964,0,2293.80020689736
73,259189,2118.6686026612,50,71.2132034355964,0,2118.6686026612
73,259190,2131.97766652281,50,71.2132034355964,0,2131.97766652281
73,259191,2145.62064591653,50,71.2132034355964,0,2145.62064591653
73,259192,2159.59121242619,50,71.2132034355964,0,2159.59121242619
73,259778,3104.96659862055,50,71.2132034355964,0,3104.96659862055
73,259779,3081.17895150559,50,71.2132034355964,0,3081.17895150559
73,259780,3057.49848018251,50,71.2132034355964,0,3057.49848018251
73,259781,3033.92769424075,50,71.2132034355964,0,3033.92769424075
73,259782,3010.46917006667,50,71.2132034355964,0,3010.46917006667
73,259817,2286.05298625373,50,71.2132034355964,0,2286.05298625373
73,259818,2269.04831086392,50,71.2132034355964,0,2269.04831086392
73,259819,2252.31198786675,50,71.2132034355964,0,2252.31198786675
73,259893,2105.32319658458,50,71.2132034355964,0,2105.32319658458
73,259894,2119.13785817353,50,71.2132034355964,0,2119.13785817353
73,259895,2133.28193973715,50,71.2132034355964,0,2133.28193973715
73,259896,2147.74893306242,50,71.2132034355964,0,2147.74893306242
73,259897,2162.53235747707,50,71.2132034355964,0,2162.53235747707
73,260482,3063.09277832177,50,71.2132034355964,0,3063.09277832177
73,260483,3039.27126314789,50,71.2132034355964,0,3039.27126314789
73,260484,3015.55788129819,50,71.2132034355964,0,3015.55788129819
73,260485,2991.95520387912,50,71.2132034355964,0,2991.95520387912
73,260487,2945.09259640616,50,71.2132034355964,0,2945.09259640616
73,260488,2921.83816359491,50,71.2132034355964,0,2921.83816359491
73,260489,2898.70543332448,50,71.2132034355964,0,2898.70543332448
73,260521,2244.42208116474,50,71.2132034355964,0,2244.42208116474
73,260522,2227.50064525823,50,71.2132034355964,0,2227.50064525823
73,260523,2210.8538741923,50,71.2132034355964,0,2210.8538741923
73,260597,2092.74746714191,50,71.2132034355964,0,2092.74746714191
73,260598,2107.06878329867,50,71.2132034355964,0,2107.06878329867
73,260599,2121.71459817187,50,71.2132034355964,0,2121.71459817187
73,260600,2136.67823896401,50,71.2132034355964,0,2136.67823896401
73,260601,2151.95307566013,50,71.2132034355964,0,2151.95307566013
73,261190,2926.4705046977,50,71.2132034355964,0,2926.4705046977
73,261191,2903.0667806807,50,71.2132034355964,0,2903.0667806807
73,261192,2879.78314167058,50,71.2132034355964,0,2879.78314167058
73,261193,2856.62252401927,50,71.2132034355964,0,2856.62252401927
73,261201,2676.14610230579,50,71.2132034355964,0,2676.14610230579
73,261202,2654.23870220792,50,71.2132034355964,0,2654.23870220792
73,261203,2632.48842494689,50,71.2132034355964,0,2632.48842494689
73,261204,2610.89919729119,50,71.2132034355964,0,2610.89919729119
73,261225,2202.81600504234,50,71.2132034355964,0,2202.81600504234
73,261226,2185.98117161479,50,71.2132034355964,0,2185.98117161479
73,261227,2169.42759848594,50,71.2132034355964,0,2169.42759848594
73,261303,2110.93130871316,50,71.2132034355964,0,2110.93130871316
73,261895,2861.04842503254,50,71.2132034355964,0,2861.04842503254
73,261896,2837.73477913356,50,71.2132034355964,0,2837.73477913356
73,261897,2814.54549872126,50,71.2132034355964,0,2814.54549872126
73,261904,2655.97421229051,50,71.2132034355964,0,2655.97421229051
73,261905,2633.89891890393,50,71.2132034355964,0,2633.89891890393
73,261906,2611.9791567019,50,71.2132034355964,0,2611.9791567019
73,261907,2590.21887423955,50,71.2132034355964,0,2590.21887423955
73,261908,2568.62212465843,50,71.2132034355964,0,2568.62212465843
73,261929,2161.23619852035,50,71.2132034355964,0,2161.23619852035
73,261930,2144.49153414329,50,71.2132034355964,0,2144.49153414329
73,261931,2128.03502689183,50,71.2132034355964,0,2128.03502689183
73,262599,2819.03786816174,50,71.2132034355964,0,2819.03786816174
73,262600,2795.69338162497,50,71.2132034355964,0,2795.69338162497
73,262601,2772.47463053897,50,71.2132034355964,0,2772.47463053897
73,262602,2749.38480043808,50,71.2132034355964,0,2749.38480043808
73,262608,2613.74316549761,50,71.2132034355964,0,2613.74316549761
73,262609,2591.6528154998,50,71.2132034355964,0,2591.6528154998
73,262610,2569.72029761891,50,71.2132034355964,0,2569.72029761891
73,262611,2547.94968767425,50,71.2132034355964,0,2547.94968767425
73,262612,2526.34517136261,50,71.2132034355964,0,2526.34517136261
73,262633,2119.68421432563,50,71.2132034355964,0,2119.68421432563
73,263303,2777.0354692047,50,71.2132034355964,0,2777.0354692047
73,263304,2753.65927340805,50,71.2132034355964,0,2753.65927340805
73,263305,2730.41020937016,50,71.2132034355964,0,2730.41020937016
73,263306,2707.29155235532,50,71.2132034355964,0,2707.29155235532
73,263312,2571.51373914627,50,71.2132034355964,0,2571.51373914627
73,263313,2549.4078514451,50,71.2132034355964,0,2549.4078514451
73,263314,2527.46216510576,50,71.2132034355964,0,2527.46216510576
73,263315,2505.68088944355,50,71.2132034355964,0,2505.68088944355
73,263316,2484.06834931105,50,71.2132034355964,0,2484.06834931105
73,263340,2029.4196285401,50,71.2132034355964,0,2029.4196285401
73,264007,2735.04160928812,50,71.2132034355964,0,2735.04160928812
73,264008,2711.63279878628,50,71.2132034355964,0,2711.63279878628
73,264009,2688.35254321469,50,71.2132034355964,0,2688.35254321469
73,264010,2665.2042113127,50,71.2132034355964,0,2665.2042113127
73,264015,2551.56636179224,50,71.2132034355964,0,2551.56636179224
73,264016,2529.28602010721,50,71.2132034355964,0,2529.28602010721
73,264018,2485.2048020367,50,71.2132034355964,0,2485.2048020367
73,264042,2020.22008620472,50,71.2132034355964,0,2020.22008620472
73,264043,2004.08048431642,50,71.2132034355964,0,2004.08048431642
73,264044,1988.25931630236,50,71.2132034355964,0,1988.25931630236
73,264045,1972.76424350245,50,71.2132034355964,0,1972.76424350245
73,264712,2669.61432368691,50,71.2132034355964,0,2669.61432368691
73,264713,2646.30195959999,50,71.2132034355964,0,2646.30195959999
73,264714,2623.12306714473,50,71.2132034355964,0,2623.12306714473
73,264715,2600.08121589839,50,71.2132034355964,0,2600.08121589839
73,264719,2509.3593890661,50,71.2132034355964,0,2509.3593890661
73,264746,1978.86900527852,50,71.2132034355964,0,1978.86900527852
73,264747,1962.84454840682,50,71.2132034355964,0,1962.84454840682
73,264748,1947.14715476932,50,71.2132034355964,0,1947.14715476932
73,264749,1931.78479738256,50,71.2132034355964,0,1931.78479738256
73,264750,1916.76553193789,50,71.2132034355964,0,1916.76553193789
73,264751,1902.09748578067,50,71.2132034355964,0,1902.09748578067
73,265416,2627.60423736907,50,71.2132034355964,0,2627.60423736907
73,265417,2604.25880715106,50,71.2132034355964,0,2604.25880715106
73,265418,2581.04842854714,50,71.2132034355964,0,2581.04842854714
73,265419,2557.97677782013,50,71.2132034355964,0,2557.97677782013
73,265450,1937.55818676022,50,71.2132034355964,0,1937.55818676022
73,265451,1921.6541618445,50,71.2132034355964,0,1921.6541618445
73,265452,1906.08626718851,50,71.2132034355964,0,1906.08626718851
73,265453,1890.86280511601,50,71.2132034355964,0,1890.86280511601
73,265454,1875.99216074187,50,71.2132034355964,0,1875.99216074187
73,265455,1861.48278964315,50,71.2132034355964,0,1861.48278964315
73,265456,1847.34320436064,50,71.2132034355964,0,1847.34320436064
73,266120,2585.60295430955,50,71.2132034355964,0,2585.60295430955
73,266121,2562.22345731546,50,71.2132034355964,0,2562.22345731546
73,266122,2538.98062462233,50,71.2132034355964,0,2538.98062462233
73,266123,2515.87824393841,50,71.2132034355964,0,2515.87824393841
73,266124,2492.92022005548,50,71.2132034355964,0,2492.92022005548
73,266155,1880.51232541782,50,71.2132034355964,0,1880.51232541782
73,266156,1865.08004778314,50,71.2132034355964,0,1865.08004778314
73,266157,1850.00208714363,50,71.2132034355964,0,1850.00208714363
73,266158,1835.28717628478,50,71.2132034355964,0,1835.28717628478
73,266159,1820.94411656307,50,71.2132034355964,0,1820.94411656307
73,266160,1806.98176279211,50,71.2132034355964,0,1806.98176279211
73,266825,2520.196306249,50,71.2132034355964,0,2520.196306249
73,266826,2496.92000660798,50,71.2132034355964,0,2496.92000660798
73,266827,2473.78592151972,50,71.2132034355964,0,2473.78592151972
73,266860,1824.13219127282,50,71.2132034355964,0,1824.13219127282
73,266861,1809.20680306761,50,71.2132034355964,0,1809.20680306761
73,266862,1794.65523990669,50,71.2132034355964,0,1794.65523990669
73,266863,1780.4866674075,50,71.2132034355964,0,1780.4866674075
73,266864,1766.71030005971,50,71.2132034355964,0,1766.71030005971
73,266865,1753.33538283223,50,71.2132034355964,0,1753.33538283223
73,267529,2478.17777690652,50,71.2132034355964,0,2478.17777690652
73,267530,2454.86694974233,50,71.2132034355964,0,2454.86694974233
73,267531,2431.70013905561,50,71.2132034355964,0,2431.70013905561
73,267565,1768.48148933736,50,71.2132034355964,0,1768.48148933736
73,267566,1754.10143609018,50,71.2132034355964,0,1754.10143609018
73,267567,1740.1161158123,50,71.2132034355964,0,1740.1161158123
73,267568,1726.53512080712,50,71.2132034355964,0,1726.53512080712
73,267569,1713.36806574383,50,71.2132034355964,0,1713.36806574383
73,268233,2436.16832132979,50,71.2132034355964,0,2436.16832132979
73,268234,2412.82185535836,50,71.2132034355964,0,2412.82185535836
73,268235,2389.62124813433,50,71.2132034355964,0,2389.62124813433
73,268236,2366.5707894286,50,71.2132034355964,0,2366.5707894286
73,268270,1713.63132038664,50,71.2132034355964,0,1713.63132038664
73,268271,1699.83866163788,50,71.2132034355964,0,1699.83866163788
73,268272,1686.46311464872,50,71.2132034355964,0,1686.46311464872
73,268273,1673.51468073106,50,71.2132034355964,0,1673.51468073106
73,268274,1661.00334865803,50,71.2132034355964,0,1661.00334865803
73,268938,2370.78515318254,50,71.2132034355964,0,2370.78515318254
73,268939,2347.54962549011,50,71.2132034355964,0,2347.54962549011
73,268940,2324.4662706408,50,71.2132034355964,0,2324.4662706408
73,268973,1687.26106499202,50,71.2132034355964,0,1687.26106499202
73,268974,1673.25097380714,50,71.2132034355964,0,1673.25097380714
73,268975,1659.66109159598,50,71.2132034355964,0,1659.66109159598
73,268976,1646.5018233436,50,71.2132034355964,0,1646.5018233436
73,268977,1633.78357418924,50,71.2132034355964,0,1633.78357418924
73,269642,2328.75730388162,50,71.2132034355964,0,2328.75730388162
73,269643,2305.48567528807,50,71.2132034355964,0,2305.48567528807
73,269644,2282.36829297533,50,71.2132034355964,0,2282.36829297533
73,269645,2259.40989151073,50,71.2132034355964,0,2259.40989151073
73,269678,1632.96706469242,50,71.2132034355964,0,1632.96706469242
73,269679,1619.59084816213,50,71.2132034355964,0,1619.59084816213
73,269680,1606.65951708851,50,71.2132034355964,0,1606.65951708851
73,269681,1594.18389766849,50,71.2132034355964,0,1594.18389766849
73,269682,1582.1747699429,50,71.2132034355964,0,1582.1747699429
73,269683,1570.64283433106,50,71.2132034355964,0,1570.64283433106
73,270346,2286.73880188967,50,71.2132034355964,0,2286.73880188967
73,270347,2263.42983166637,50,71.2132034355964,0,2263.42983166637
73,270348,2240.27723163176,50,71.2132034355964,0,2240.27723163176
73,270349,2217.28590017852,50,71.2132034355964,0,2217.28590017852
73,270382,1592.78691925817,50,71.2132034355964,0,1592.78691925817
73,270383,1579.63610807979,50,71.2132034355964,0,1579.63610807979
73,270384,1566.94528133264,50,71.2132034355964,0,1566.94528133264
73,270385,1554.72570326113,50,71.2132034355964,0,1554.72570326113
73,270386,1542.98856995952,50,71.2132034355964,0,1542.98856995952
73,271050,2244.73017854407,50,71.2132034355964,0,2244.73017854407
73,271051,2221.38256155314,50,71.2132034355964,0,2221.38256155314
73,271052,2198.19349047569,50,71.2132034355964,0,2198.19349047569
73,271053,2175.16803600879,50,71.2132034355964,0,2175.16803600879
73,271054,2152.31144927616,50,71.2132034355964,0,2152.31144927616
73,271086,1552.71860218575,50,71.2132034355964,0,1552.71860218575
73,271087,1539.80587196076,50,71.2132034355964,0,1539.80587196076
73,271088,1527.36911571712,50,71.2132034355964,0,1527.36911571712
73,271089,1515.42005217835,50,71.2132034355964,0,1515.42005217835
73,271755,2179.34436780973,50,71.2132034355964,0,2179.34436780973
73,271756,2156.11750483808,50,71.2132034355964,0,2156.11750483808
73,271757,2133.05666871797,50,71.2132034355964,0,2133.05666871797
73,271758,2110.16730269854,50,71.2132034355964,0,2110.16730269854
73,271759,2087.45504740213,50,71.2132034355964,0,2087.45504740213
73,271760,2064.92574699755,50,71.2132034355964,0,2064.92574699755
73,271761,2042.58545535789,50,71.2132034355964,0,2042.58545535789
73,271877,2378.19938097931,50,71.2132034355964,0,2378.19938097931
73,271878,2402.74341745794,50,71.2132034355964,0,2402.74341745794
73,271879,2427.40742371078,50,71.2132034355964,0,2427.40742371078
73,272459,2137.31579275506,50,71.2132034355964,0,2137.31579275506
73,272460,2114.04974462232,50,71.2132034355964,0,2114.04974462232
73,272461,2090.95219774604,50,71.2132034355964,0,2090.95219774604
73,272462,2068.02879804286,50,71.2132034355964,0,2068.02879804286
73,272463,2045.28540100725,50,71.2132034355964,0,2045.28540100725
73,272464,2022.72807845523,50,71.2132034355964,0,2022.72807845523
73,272465,2000.36312526664,50,71.2132034355964,0,2000.36312526664
73,272466,1978.19706608123,50,71.2132034355964,0,1978.19706608123
73,272467,1956.23666189406,50,71.2132034355964,0,1956.23666189406
73,272580,2361.16789329983,50,71.2132034355964,0,2361.16789329983
73,272581,2385.88727448402,50,71.2132034355964,0,2385.88727448402
73,273165,2048.85505530382,50,71.2132034355964,0,2048.85505530382
73,273166,2025.8962944912,50,71.2132034355964,0,2025.8962944912
73,273167,2003.12051804298,50,71.2132034355964,0,2003.12051804298
73,273168,1980.53403882778,50,71.2132034355964,0,1980.53403882778
73,273169,1958.14340728603,50,71.2132034355964,0,1958.14340728603
73,273170,1935.9554187592,50,71.2132034355964,0,1935.9554187592
73,273171,1913.97712074844,50,71.2132034355964,0,1913.97712074844
73,273872,1938.34387254951,50,71.2132034355964,0,1938.34387254951
73,273873,1915.92648163165,50,71.2132034355964,0,1915.92648163165
73,273874,1893.71562353062,50,71.2132034355964,0,1893.71562353062
73,273875,1871.71865076084,50,71.2132034355964,0,1871.71865076084
73,273876,1849.94319302573,50,71.2132034355964,0,1849.94319302573
73,274577,1873.71254475322,50,71.2132034355964,0,1873.71254475322
73,274578,1851.47781495057,50,71.2132034355964,0,1851.47781495057
73,274579,1829.46133404847,50,71.2132034355964,0,1829.46133404847
73,274580,1807.6710765363,50,71.2132034355964,0,1807.6710765363
73,274701,2621.03201315316,50,71.2132034355964,0,2621.03201315316
73,274703,2673.79561688173,50,71.2132034355964,0,2673.79561688173
73,275282,1809.24214013643,50,71.2132034355964,0,1809.24214013643
73,275283,1787.20526049595,50,71.2132034355964,0,1787.20526049595
73,275284,1765.39951538268,50,71.2132034355964,0,1765.39951538268
73,275285,1743.83357547453,50,71.2132034355964,0,1743.83357547453
73,275403,2580.55211326611,50,71.2132034355964,0,2580.55211326611
73,275404,2606.96300865385,50,71.2132034355964,0,2606.96300865385
73,275405,2633.44837273571,50,71.2132034355964,0,2633.44837273571
73,275406,2660.00598108379,50,71.2132034355964,0,2660.00598108379
73,275407,2686.63369127334,50,71.2132034355964,0,2686.63369127334
73,275408,2713.32943943989,50,71.2132034355964,0,2713.32943943989
73,275986,1767.00876026444,50,71.2132034355964,0,1767.00876026444
73,275987,1744.95052868966,50,71.2132034355964,0,1744.95052868966
73,275988,1723.12855881072,50,71.2132034355964,0,1723.12855881072
73,275989,1701.5519406394,50,71.2132034355964,0,1701.5519406394
73,276109,2646.48257719517,50,71.2132034355964,0,2646.48257719517
73,276110,2673.24513831526,50,71.2132034355964,0,2673.24513831526
73,276111,2700.07340667633,50,71.2132034355964,0,2700.07340667633
73,276112,2726.96544296209,50,71.2132034355964,0,2726.96544296209
73,276113,2753.91937909533,50,71.2132034355964,0,2753.91937909533
73,276690,1724.77785229091,50,71.2132034355964,0,1724.77785229091
73,276691,1702.6972470013,50,71.2132034355964,0,1702.6972470013
73,276692,1680.8582610224,50,71.2132034355964,0,1680.8582610224
73,276693,1659.27043482133,50,71.2132034355964,0,1659.27043482133
73,276817,2768.32479915932,50,71.2132034355964,0,2768.32479915932
69,276818,2782.78886640446,50,71.2132034355964,0,2782.78886640446
69,276819,2777.87698356599,50,71.2132034355964,0,2777.87698356599
69,276820,2773.27874737701,50,71.2132034355964,0,2773.27874737701
73,277395,1660.44553482216,50,71.2132034355964,0,1660.44553482216
73,277396,1638.58868181062,50,71.2132034355964,0,1638.58868181062
73,277397,1616.98907706293,50,71.2132034355964,0,1616.98907706293
69,277522,2748.35056856628,50,71.2132034355964,0,2748.35056856628
73,278098,1640.32425090114,50,71.2132034355964,0,1640.32425090114
73,278099,1618.19552402154,50,71.2132034355964,0,1618.19552402154
73,278100,1596.31988730054,50,71.2132034355964,0,1596.31988730054
73,278101,1574.70788846317,50,71.2132034355964,0,1574.70788846317
73,278133,1109.22468786089,50,71.2132034355964,0,1109.22468786089
73,278134,1104.9112234076,50,71.2132034355964,0,1104.9112234076
73,278803,1575.94736059174,50,71.2132034355964,0,1575.94736059174
73,278804,1554.0519508109,50,71.2132034355964,0,1554.0519508109
73,278805,1532.42689243998,50,71.2132034355964,0,1532.42689243998
73,278837,1075.26488200788,50,71.2132034355964,0,1075.26488200788
73,278839,1068.85699129107,50,71.2132034355964,0,1068.85699129107
73,279507,1533.70120661402,50,71.2132034355964,0,1533.70120661402
73,279508,1511.78495385841,50,71.2132034355964,0,1511.78495385841
73,279509,1490.14611507178,50,71.2132034355964,0,1490.14611507178
73,279510,1468.79695119203,50,71.2132034355964,0,1468.79695119203
73,279541,1041.91475541599,50,71.2132034355964,0,1041.91475541599
73,279542,1039.04299346659,50,71.2132034355964,0,1039.04299346659
73,279543,1037.0253945964,50,71.2132034355964,0,1037.0253945964
73,280211,1491.45724252264,50,71.2132034355964,0,1491.45724252264
73,280212,1469.51898733503,50,71.2132034355964,0,1469.51898733503
73,280213,1447.86558548749,50,71.2132034355964,0,1447.86558548749
73,280214,1426.51000865157,50,71.2132034355964,0,1426.51000865157
73,280245,1009.23476468623,50,71.2132034355964,0,1009.23476468623
73,280246,1007.15744274123,50,71.2132034355964,0,1007.15744274123
73,280247,1005.9645969689,50,71.2132034355964,0,1005.9645969689
73,280916,1427.25415289916,50,71.2132034355964,0,1427.25415289916
73,280917,1405.58533631602,50,71.2132034355964,0,1405.58533631602
73,280918,1384.22296600982,50,71.2132034355964,0,1384.22296600982
73,280919,1363.18144898285,50,71.2132034355964,0,1363.18144898285
73,280949,977.292153573289,50,71.2132034355964,0,977.292153573289
73,280950,976.062803509949,50,71.2132034355964,0,976.062803509949
73,280951,975.748226053374,50,71.2132034355964,0,975.748226053374
73,281620,1384.99056461602,50,71.2132034355964,0,1384.99056461602
73,281621,1363.30540423511,50,71.2132034355964,0,1363.30540423511
73,281622,1341.9358245605,50,71.2132034355964,0,1341.9358245605
73,281623,1320.89714215403,50,71.2132034355964,0,1320.89714215403
73,281653,946.161622542951,50,71.2132034355964,0,946.161622542951
73,281654,945.837098510418,50,71.2132034355964,0,945.837098510418
73,281655,946.457177465674,50,71.2132034355964,0,946.457177465674
73,282324,1342.7283509055,50,71.2132034355964,0,1342.7283509055
73,282325,1321.02583061398,50,71.2132034355964,0,1321.02583061398
73,282326,1299.64858576695,50,71.2132034355964,0,1299.64858576695
73,282327,1278.61293139458,50,71.2132034355964,0,1278.61293139458
73,282357,915.925994131845,50,71.2132034355964,0,915.925994131845
73,282358,916.566312331363,50,71.2132034355964,0,916.566312331363
73,282359,918.180027886817,50,71.2132034355964,0,918.180027886817
73,283029,1278.74666230037,50,71.2132034355964,0,1278.74666230037
73,283030,1257.36125128569,50,71.2132034355964,0,1257.36125128569
73,283031,1236.32883823811,50,71.2132034355964,0,1236.32883823811
73,283032,1215.66774507672,50,71.2132034355964,0,1215.66774507672
73,283061,886.676837726822,50,71.2132034355964,0,886.676837726822
73,283062,888.344859392018,50,71.2132034355964,0,888.344859392018
73,283063,891.0133298735,50,71.2132034355964,0,891.0133298735
73,283733,1236.46795254287,50,71.2132034355964,0,1236.46795254287
73,283734,1215.07382300757,50,71.2132034355964,0,1215.07382300757
73,283735,1194.04488726757,50,71.2132034355964,0,1194.04488726757
73,283742,1058.84936050599,50,71.2132034355964,0,1058.84936050599
73,283765,858.515001816939,50,71.2132034355964,0,858.515001816939
73,283766,861.275913228813,50,71.2132034355964,0,861.275913228813
73,283767,865.061725456002,50,71.2132034355964,0,865.061725456002
73,284437,1194.18976213311,50,71.2132034355964,0,1194.18976213311
73,284438,1172.78630309431,50,71.2132034355964,0,1172.78630309431
73,284440,1131.13526615618,50,71.2132034355964,0,1131.13526615618
73,284442,1091.17180383865,50,71.2132034355964,0,1091.17180383865
73,284443,1071.88221234417,50,71.2132034355964,0,1071.88221234417
73,284444,1053.08805813076,50,71.2132034355964,0,1053.08805813076
73,284445,1034.81633568428,50,71.2132034355964,0,1034.81633568428
73,284446,1017.09520125277,50,71.2132034355964,0,1017.09520125277
73,284469,831.550982766374,50,71.2132034355964,0,831.550982766374
73,284470,835.471520915845,50,71.2132034355964,0,835.471520915845
73,284471,840.437800780649,50,71.2132034355964,0,840.437800780649
73,285142,1130.49869402865,50,71.2132034355964,0,1130.49869402865
73,285143,1109.4775289451,50,71.2132034355964,0,1109.4775289451
73,285144,1088.87138647038,50,71.2132034355964,0,1088.87138647038
73,285145,1068.70427355687,50,71.2132034355964,0,1068.70427355687
73,285146,1049.00151161287,50,71.2132034355964,0,1049.00151161287
73,285147,1029.78975399053,50,71.2132034355964,0,1029.78975399053
73,285148,1011.09698965477,50,71.2132034355964,0,1011.09698965477
73,285173,805.905037341694,50,71.2132034355964,0,805.905037341694
73,285174,811.052408131139,50,71.2132034355964,0,811.052408131139
73,285175,817.261590482911,50,71.2132034355964,0,817.261590482911
73,285846,1088.21099868143,50,71.2132034355964,0,1088.21099868143
73,285847,1067.19419172322,50,71.2132034355964,0,1067.19419172322
73,285848,1046.6093524671,50,71.2132034355964,0,1046.6093524671
73,285849,1026.48246897801,50,71.2132034355964,0,1026.48246897801
73,285850,1006.84100542204,50,71.2132034355964,0,1006.84100542204
73,285851,987.713921085693,50,71.2132034355964,0,987.713921085693
73,285852,969.131672295709,50,71.2132034355964,0,969.131672295709
73,285853,951.126193109343,50,71.2132034355964,0,951.126193109343
73,285854,933.730850311305,50,71.2132034355964,0,933.730850311305
73,285877,781.706923356044,50,71.2132034355964,0,781.706923356044
73,285878,788.147363752586,50,71.2132034355964,0,788.147363752586
73,285879,795.659631122495,50,71.2132034355964,0,795.659631122495
73,286555,945.656948084757,50,71.2132034355964,0,945.656948084757
73,286556,927.195618151702,50,71.2132034355964,0,927.195618151702
73,286557,909.342511615843,50,71.2132034355964,0,909.342511615843
73,286558,892.13414394905,50,71.2132034355964,0,892.13414394905
73,286581,759.095132534791,50,71.2132034355964,0,759.095132534791
73,286582,766.892082297892,50,71.2132034355964,0,766.892082297892
73,286583,775.763462536451,50,71.2132034355964,0,775.763462536451
73,287259,903.621484336246,50,71.2132034355964,0,903.621484336246
73,287260,885.293002104402,50,71.2132034355964,0,885.293002104402
73,287261,867.607664830625,50,71.2132034355964,0,867.607664830625
73,287262,850.605589242499,50,71.2132034355964,0,850.605589242499
73,287285,738.215467680571,50,71.2132034355964,0,738.215467680571
73,287286,747.427343830147,50,71.2132034355964,0,747.427343830147
73,287287,757.70748958347,50,71.2132034355964,0,757.70748958347
73,287963,861.610694715853,50,71.2132034355964,0,861.610694715853
73,287964,843.428825021639,50,71.2132034355964,0,843.428825021639
73,287965,825.929073229716,50,71.2132034355964,0,825.929073229716
73,287966,809.155697400571,50,71.2132034355964,0,809.155697400571
73,287989,719.218820899927,50,71.2132034355964,0,719.218820899927
73,287990,729.89643175631,50,71.2132034355964,0,729.89643175631
73,287991,741.626150664811,50,71.2132034355964,0,741.626150664811
73,288666,838.326709855128,50,71.2132034355964,0,838.326709855128
73,288667,819.62839092847,50,71.2132034355964,0,819.62839092847
73,288668,801.609127379089,50,71.2132034355964,0,801.609127379089
73,288669,784.315723482006,50,71.2132034355964,0,784.315723482006
73,288670,767.79722728429,50,71.2132034355964,0,767.79722728429
73,288671,752.104698479129,50,71.2132034355964,0,752.104698479129
73,288693,702.258040856628,50,71.2132034355964,0,702.258040856628
73,288694,714.441736683874,50,71.2132034355964,0,714.441736683874
73,288695,727.650397792793,50,71.2132034355964,0,727.650397792793
73,289370,796.240296071438,50,71.2132034355964,0,796.240296071438
73,289371,777.67920489248,50,71.2132034355964,0,777.67920489248
73,289372,759.841272305976,50,71.2132034355964,0,759.841272305976
73,289373,742.778600404448,50,71.2132034355964,0,742.778600404448
73,289374,726.545811414924,50,71.2132034355964,0,726.545811414924
73,289397,687.483844476628,50,71.2132034355964,0,687.483844476628
73,289398,701.200574185968,50,71.2132034355964,0,701.200574185968
73,289399,715.90357647371,50,71.2132034355964,0,715.90357647371
73,290075,735.768820779516,50,71.2132034355964,0,735.768820779516
73,290076,718.134325698908,50,71.2132034355964,0,718.134325698908
73,290077,701.331268538287,50,71.2132034355964,0,701.331268538287
73,290078,685.420800003855,50,71.2132034355964,0,685.420800003855
73,290101,675.039837790565,50,71.2132034355964,0,675.039837790565
73,290102,690.300355153183,50,71.2132034355964,0,690.300355153183
73,290103,706.496896251058,50,71.2132034355964,0,706.496896251058
73,290110,841.160193566185,50,71.2132034355964,0,841.160193566185
73,290779,693.904290092284,50,71.2132034355964,0,693.904290092284
73,290780,676.499574212202,50,71.2132034355964,0,676.499574212202
73,290781,659.990666597846,50,71.2132034355964,0,659.990666597846
73,290782,644.446415206635,50,71.2132034355964,0,644.446415206635
73,290785,604.323311017326,50,71.2132034355964,0,604.323311017326
73,290805,665.056857250033,50,71.2132034355964,0,665.056857250033
73,290806,681.853378106767,50,71.2132034355964,0,681.853378106767
73,290807,699.524789469276,50,71.2132034355964,0,699.524789469276
73,290812,798.875384593793,50,71.2132034355964,0,798.875384593793
73,290813,820.57160434995,50,71.2132034355964,0,820.57160434995
73,290814,842.769916171162,50,71.2132034355964,0,842.769916171162
73,291483,652.094466410992,50,71.2132034355964,0,652.094466410992
73,291484,634.951242576977,50,71.2132034355964,0,634.951242576977
73,291485,618.778210175155,50,71.2132034355964,0,618.778210175155
73,291486,603.653354116088,50,71.2132034355964,0,603.653354116088
73,291487,589.657337861539,50,71.2132034355964,0,589.657337861539
73,291488,576.872330644466,50,71.2132034355964,0,576.872330644466
73,291489,565.380492452109,50,71.2132034355964,0,565.380492452109
73,291509,657.647008351891,50,71.2132034355964,0,657.647008351891
73,291510,675.951640898863,50,71.2132034355964,0,675.951640898863
73,291511,695.060543898141,50,71.2132034355964,0,695.060543898141
73,291516,800.571319760718,50,71.2132034355964,0,800.571319760718
73,291517,823.309182812437,50,71.2132034355964,0,823.309182812437
73,291518,846.492225946404,50,71.2132034355964,0,846.492225946404
73,292187,610.35061599006,50,71.2132034355964,0,610.35061599006
73,292188,593.507504786548,50,71.2132034355964,0,593.507504786548
73,292189,577.721349153672,50,71.2132034355964,0,577.721349153672
73,292190,563.081052362208,50,71.2132034355964,0,563.081052362208
73,292191,549.678179504445,50,71.2132034355964,0,549.678179504445
73,292192,537.605288061194,50,71.2132034355964,0,537.605288061194
73,292193,526.953798462069,50,71.2132034355964,0,526.953798462069
73,292213,652.89792779604,50,71.2132034355964,0,652.89792779604
73,292214,672.662161849502,50,71.2132034355964,0,672.662161849502
73,292215,693.152637645507,50,71.2132034355964,0,693.152637645507
73,292220,804.490076343187,50,71.2132034355964,0,804.490076343187
73,292221,828.200198854355,50,71.2132034355964,0,828.200198854355
73,292222,852.299460899018,50,71.2132034355964,0,852.299460899018
73,292891,568.687292474464,50,71.2132034355964,0,568.687292474464
73,292892,552.191937766096,50,71.2132034355964,0,552.191937766096
73,292893,536.855809784634,50,71.2132034355964,0,536.855809784634
73,292894,522.780938556633,50,71.2132034355964,0,522.780938556633
73,292895,510.071743769922,50,71.2132034355964,0,510.071743769922
73,292896,498.832619945824,50,71.2132034355964,0,498.832619945824
73,292917,650.867883534694,50,71.2132034355964,0,650.867883534694
73,292918,672.023323659438,50,71.2132034355964,0,672.023323659438
73,292919,693.82218047375,50,71.2132034355964,0,693.82218047375
73,293596,511.03565727506,50,71.2132034355964,0,511.03565727506
73,293597,496.2288906855,50,71.2132034355964,0,496.2288906855
73,293598,482.82120435153,50,71.2132034355964,0,482.82120435153
73,293599,470.93211110329,50,71.2132034355964,0,470.93211110329
73,293600,460.679200355879,50,71.2132034355964,0,460.679200355879
73,293621,651.582312179245,50,71.2132034355964,0,651.582312179245
73,293622,674.042684386588,50,71.2132034355964,0,674.042684386588
73,293623,697.061766041694,50,71.2132034355964,0,697.061766041694
73,294300,470.080533226171,50,71.2132034355964,0,470.080533226171
73,294301,455.9044203398,50,71.2132034355964,0,455.9044203398
73,294302,443.293940122987,50,71.2132034355964,0,443.293940122987
73,294303,432.38609865639,50,71.2132034355964,0,432.38609865639
73,294304,423.312536279512,50,71.2132034355964,0,423.312536279512
73,294325,655.032255820626,50,71.2132034355964,0,655.032255820626
73,294326,678.696538479599,50,71.2132034355964,0,678.696538479599
73,294327,702.835877437285,50,71.2132034355964,0,702.835877437285
73,294328,727.402979075924,50,71.2132034355964,0,727.402979075924
73,295004,429.384162651455,50,71.2132034355964,0,429.384162651455
73,295005,415.970401552624,50,71.2132034355964,0,415.970401552624
73,295006,404.326037398555,50,71.2132034355964,0,404.326037398555
73,295007,394.607739139241,50,71.2132034355964,0,394.607739139241
73,295008,386.960650166647,50,71.2132034355964,0,386.960650166647
73,295009,381.50933866171,50,71.2132034355964,0,381.50933866171
73,295029,661.174916752889,50,71.2132034355964,0,661.174916752889
73,295030,685.931286142578,50,71.2132034355964,0,685.931286142578
73,295031,711.082795307895,50,71.2132034355964,0,711.082795307895
73,295032,736.588968126563,50,71.2132034355964,0,736.588968126563
73,295708,389.027796080695,50,71.2132034355964,0,389.027796080695
73,295709,376.551117728981,50,71.2132034355964,0,376.551117728981
73,295710,366.096197390107,50,71.2132034355964,0,366.096197390107
73,295711,357.840286390527,50,71.2132034355964,0,357.840286390527
73,295712,351.93817457794,50,71.2132034355964,0,351.93817457794
73,295713,348.50946935043,50,71.2132034355964,0,348.50946935043
73,295733,669.936251846632,50,71.2132034355964,0,669.936251846632
73,295734,695.666430935046,50,71.2132034355964,0,695.666430935046
73,295735,721.717775901243,50,71.2132034355964,0,721.717775901243
73,295736,748.056733346843,50,71.2132034355964,0,748.056733346843
73,295737,774.653966545546,50,71.2132034355964,0,774.653966545546
73,296412,349.12939942509,50,71.2132034355964,0,349.12939942509
73,296413,337.826845046056,50,71.2132034355964,0,337.826845046056
73,296414,328.861961749963,50,71.2132034355964,0,328.861961749963
73,296415,322.429799336002,50,71.2132034355964,0,322.429799336002
73,296416,318.683752449867,50,71.2132034355964,0,318.683752449867
73,296417,317.718846801885,50,71.2132034355964,0,317.718846801885
73,296438,707.798828529442,50,71.2132034355964,0,707.798828529442
73,296439,734.637133747554,50,71.2132034355964,0,734.637133747554
73,296440,761.703241322252,50,71.2132034355964,0,761.703241322252
73,296441,788.973707008516,50,71.2132034355964,0,788.973707008516
73,297116,309.865974675938,50,71.2132034355964,0,309.865974675938
73,297117,300.06683046565,50,71.2132034355964,0,300.06683046565
73,297118,293.003183962981,50,71.2132034355964,0,293.003183962981
73,297119,288.875771676967,50,71.2132034355964,0,288.875771676967
73,297120,287.810944361746,50,71.2132034355964,0,287.810944361746
73,297121,289.842458087249,50,71.2132034355964,0,289.842458087249
73,297143,749.722802992779,50,71.2132034355964,0,749.722802992779
73,297144,777.413783926688,50,71.2132034355964,0,777.413783926688
73,297145,805.262493920886,50,71.2132034355964,0,805.262493920886
73,297821,263.685702420777,50,71.2132034355964,0,263.685702420777
73,297822,259.091648619728,50,71.2132034355964,0,259.091648619728
73,297823,257.903872231291,50,71.2132034355964,0,257.903872231291
73,297824,260.169030523426,50,71.2132034355964,0,260.169030523426
73,297847,766.846963908134,50,71.2132034355964,0,766.846963908134
73,297848,795.066032448766,50,71.2132034355964,0,795.066032448766
73,297849,823.403496494814,50,71.2132034355964,0,823.403496494814
73,297850,851.847540534873,50,71.2132034355964,0,851.847540534873
73,298525,229.340678563416,50,71.2132034355964,0,229.340678563416
73,298526,227.997957154092,50,71.2132034355964,0,227.997957154092
73,298527,230.557133730694,50,71.2132034355964,0,230.557133730694
73,298551,785.876390611897,50,71.2132034355964,0,785.876390611897
73,298552,814.533774774803,50,71.2132034355964,0,814.533774774803
73,298553,843.277202933398,50,71.2132034355964,0,843.277202933398
73,298554,872.09816737071,50,71.2132034355964,0,872.09816737071
73,299229,198.093723165984,50,71.2132034355964,0,198.093723165984
73,299256,835.690159799874,50,71.2132034355964,0,835.690159799874
73,299257,864.76417699515,50,71.2132034355964,0,864.76417699515
73,299258,893.892461017452,50,71.2132034355964,0,893.892461017452
73,299259,923.069874570308,50,71.2132034355964,0,923.069874570308
73,299960,858.410358524349,50,71.2132034355964,0,858.410358524349
73,299961,887.747300404658,50,71.2132034355964,0,887.747300404658
73,299962,917.120393501044,50,71.2132034355964,0,917.120393501044
73,299963,946.526272229553,50,71.2132034355964,0,946.526272229553
73,299964,975.961973083855,50,71.2132034355964,0,975.961973083855
73,300665,912.113497618035,50,71.2132034355964,0,912.113497618035
73,300666,941.675897178614,50,71.2132034355964,0,941.675897178614
73,300667,971.258765097279,50,71.2132034355964,0,971.258765097279
73,300668,1000.86028640011,50,71.2132034355964,0,1000.86028640011
73,300669,1030.47885357446,50,71.2132034355964,0,1030.47885357446
73,301370,967.457905117027,50,71.2132034355964,0,967.457905117027
73,301371,997.172420634536,50,71.2132034355964,0,997.172420634536
73,301372,1026.8975192547,50,71.2132034355964,0,1026.8975192547
73,301373,1056.63230781002,50,71.2132034355964,0,1056.63230781002
73,301374,1086.37599064336,50,71.2132034355964,0,1086.37599064336
73,302075,1024.17759981443,50,71.2132034355964,0,1024.17759981443
73,302076,1053.98928279401,50,71.2132034355964,0,1053.98928279401
73,302077,1083.80566082218,50,71.2132034355964,0,1083.80566082218
73,302078,1113.62635677658,50,71.2132034355964,0,1113.62635677658
73,302079,1143.45103283164,50,71.2132034355964,0,1143.45103283164
73,302080,1173.27938546049,50,71.2132034355964,0,1173.27938546049
73,302780,1082.05638546866,50,71.2132034355964,0,1082.05638546866
73,302781,1111.92415482278,50,71.2132034355964,0,1111.92415482278
73,302782,1141.79345345124,50,71.2132034355964,0,1141.79345345124
73,302783,1171.66416439027,50,71.2132034355964,0,1171.66416439027
73,302784,1201.5361823119,50,71.2132034355964,0,1201.5361823119
73,302785,1231.4094120953,50,71.2132034355964,0,1231.4094120953
73,303488,1230.59810830479,50,71.2132034355964,0,1230.59810830479
73,304149,27.6519410604235,50,71.2132034355964,73,0
73,304150,12.2688641243321,50,71.2132034355964,73,0
73,304201,1529.47482600852,50,71.2132034355964,0,1529.47482600852
73,304202,1559.37116639807,50,71.2132034355964,0,1559.37116639807
73,304203,1589.26753711129,50,71.2132034355964,0,1589.26753711129
73,304204,1619.16393646936,50,71.2132034355964,0,1619.16393646936
73,304851,68.8449901641241,50,71.2132034355964,73,0
73,304852,48.3511751154954,50,71.2132034355964,73,0
73,304853,41.5178035616,50,71.2132034355964,73,0
73,304901,1440.33610680063,50,71.2132034355964,0,1440.33610680063
73,304902,1470.22131792877,50,71.2132034355964,0,1470.22131792877
73,304903,1500.1070079082,50,71.2132034355964,0,1500.1070079082
73,304904,1529.99314868142,50,71.2132034355964,0,1529.99314868142
73,304905,1559.87971433359,50,71.2132034355964,0,1559.87971433359
73,304906,1589.76668090267,50,71.2132034355964,0,1589.76668090267
73,304907,1619.65402619651,50,71.2132034355964,0,1619.65402619651
73,304908,1649.54172962408,50,71.2132034355964,0,1649.54172962408
73,304909,1679.42977206839,50,71.2132034355964,0,1679.42977206839
73,305554,90.0124737123267,50,71.2132034355964,0,90.0124737123267
73,305555,75.5012315292298,50,71.2132034355964,0,75.5012315292298
73,305556,71.3184726073774,50,71.2132034355964,0,71.3184726073774
73,305557,79.1196002381964,50,71.2132034355964,0,79.1196002381964
73,305603,1411.64671897861,50,71.2132034355964,0,1411.64671897861
73,305604,1441.50679931571,50,71.2132034355964,0,1441.50679931571
73,305605,1471.36839157439,50,71.2132034355964,0,1471.36839157439
73,305606,1501.23140552727,50,71.2132034355964,0,1501.23140552727
73,305607,1531.09575798938,50,71.2132034355964,0,1531.09575798938
73,305608,1560.96137213114,50,71.2132034355964,0,1560.96137213114
73,305609,1590.8281768942,50,71.2132034355964,0,1590.8281768942
73,305610,1620.69610645697,50,71.2132034355964,0,1620.69610645697
73,305611,1650.56509975166,50,71.2132034355964,0,1650.56509975166
73,305612,1680.43510006049,50,71.2132034355964,0,1680.43510006049
73,305613,1710.30605461671,50,71.2132034355964,0,1710.30605461671
73,306257,115.127111115249,50,71.2132034355964,0,115.127111115249
73,306258,104.174993768781,50,71.2132034355964,0,104.174993768781
73,306259,101.18455709414,50,71.2132034355964,0,101.18455709414
73,306260,106.826530024183,50,71.2132034355964,0,106.826530024183
73,306261,119.888315086618,50,71.2132034355964,0,119.888315086618
73,306279,611.04388312295,50,71.2132034355964,0,611.04388312295
73,306280,640.548493904125,50,71.2132034355964,0,640.548493904125
73,306281,670.087924551946,50,71.2132034355964,0,670.087924551946
73,306307,1443.29657309218,50,71.2132034355964,0,1443.29657309218
73,306308,1473.12204425228,50,71.2132034355964,0,1473.12204425228
73,306309,1502.95037316995,50,71.2132034355964,0,1502.95037316995
73,306310,1532.78139301004,50,71.2132034355964,0,1532.78139301004
73,306311,1562.61494965455,50,71.2132034355964,0,1562.61494965455
73,306312,1592.45090052818,50,71.2132034355964,0,1592.45090052818
73,306313,1622.28911353486,50,71.2132034355964,0,1622.28911353486
73,306314,1652.12946610179,50,71.2132034355964,0,1652.12946610179
73,306315,1681.97184435913,50,71.2132034355964,0,1681.97184435913
73,306960,142.11140538499,50,71.2132034355964,0,142.11140538499
73,306961,133.393463962073,50,71.2132034355964,0,133.393463962073
73,306981,587.518286987902,50,71.2132034355964,0,587.518286987902
73,306982,616.699250001134,50,71.2132034355964,0,616.699250001134
73,306983,645.945748204256,50,71.2132034355964,0,645.945748204256
73,306984,675.249266243217,50,71.2132034355964,0,675.249266243217
73,306985,704.602690003223,50,71.2132034355964,0,704.602690003223
73,307014,1564.838633848,50,71.2132034355964,0,1564.838633848
73,307015,1594.63313846361,50,71.2132034355964,0,1594.63313846361
73,307016,1624.43142662248,50,71.2132034355964,0,1624.43142662248
73,307017,1654.23329385685,50,71.2132034355964,0,1654.23329385685
73,307018,1684.03855015646,50,71.2132034355964,0,1684.03855015646
73,307019,1713.84701870141,50,71.2132034355964,0,1713.84701870141
73,307020,1743.65853475012,50,71.2132034355964,0,1743.65853475012
73,307663,170.077761344603,50,71.2132034355964,0,170.077761344603
73,307685,623.739285545661,50,71.2132034355964,0,623.739285545661
73,307686,652.670544558885,50,71.2132034355964,0,652.670544558885
73,307687,681.685198624203,50,71.2132034355964,0,681.685198624203
73,307688,710.773034936454,50,71.2132034355964,0,710.773034936454
73,307718,1597.37259757322,50,71.2132034355964,0,1597.37259757322
73,307719,1627.12087602734,50,71.2132034355964,0,1627.12087602734
73,307720,1656.87452806229,50,71.2132034355964,0,1656.87452806229
73,307721,1686.63326929919,50,71.2132034355964,0,1686.63326929919
73,307722,1716.39683502352,50,71.2132034355964,0,1716.39683502352
73,307723,1746.16497853686,50,71.2132034355964,0,1746.16497853686
73,307724,1775.93746963715,50,71.2132034355964,0,1775.93746963715
73,307725,1805.71409327882,50,71.2132034355964,0,1805.71409327882
69,307832,2440.43695103003,50,71.2132034355964,0,2440.43695103003
73,308388,632.117727362616,50,71.2132034355964,0,632.117727362616
73,308389,660.682346802795,50,71.2132034355964,0,660.682346802795
73,308390,689.360023511158,50,71.2132034355964,0,689.360023511158
73,308391,718.137213319991,50,71.2132034355964,0,718.137213319991
73,308392,747.002415525785,50,71.2132034355964,0,747.002415525785
73,308423,1660.05060358911,50,71.2132034355964,0,1660.05060358911
73,308424,1689.75356939806,50,71.2132034355964,0,1689.75356939806
73,308425,1719.46328269605,50,71.2132034355964,0,1719.46328269605
73,308426,1749.17939966865,50,71.2132034355964,0,1749.17939966865
73,308427,1778.90159939485,50,71.2132034355964,0,1778.90159939485
73,308428,1808.62958199612,50,71.2132034355964,0,1808.62958199612
69,308429,1834.37650303309,50,71.2132034355964,0,1834.37650303309
69,308430,1815.13064855858,50,71.2132034355964,0,1815.13064855858
69,308534,2398.70551251457,50,71.2132034355964,0,2398.70551251457
69,308535,2423.07989726203,50,71.2132034355964,0,2423.07989726203
69,308536,2447.5768605265,50,71.2132034355964,0,2447.5768605265
73,309093,698.23288918319,50,71.2132034355964,0,698.23288918319
73,309094,726.658930067609,50,71.2132034355964,0,726.658930067609
73,309095,755.198636044498,50,71.2132034355964,0,755.198636044498
73,309096,783.839591523584,50,71.2132034355964,0,783.839591523584
73,309128,1723.04360342215,50,71.2132034355964,0,1723.04360342215
73,309129,1752.69917717548,50,71.2132034355964,0,1752.69917717548
73,309130,1782.36284131209,50,71.2132034355964,0,1782.36284131209
73,309131,1812.03419850841,50,71.2132034355964,0,1812.03419850841
69,309132,1811.71099734614,50,71.2132034355964,0,1811.71099734614
69,309133,1792.22165939604,50,71.2132034355964,0,1792.22165939604
69,309134,1773.02241145789,50,71.2132034355964,0,1773.02241145789
69,309238,2405.96950491075,50,71.2132034355964,0,2405.96950491075
73,309797,736.297995155354,50,71.2132034355964,0,736.297995155354
73,309798,764.478086340973,50,71.2132034355964,0,764.478086340973
73,309799,792.784022961466,50,71.2132034355964,0,792.784022961466
73,309800,821.202791867481,50,71.2132034355964,0,821.202791867481
73,309833,1786.31830571799,50,71.2132034355964,0,1786.31830571799
69,309834,1809.27405888003,50,71.2132034355964,0,1809.27405888003
69,309835,1789.25842584047,50,71.2132034355964,0,1789.25842584047
69,309836,1769.52170797327,50,71.2132034355964,0,1769.52170797327
69,309837,1750.07334182898,50,71.2132034355964,0,1750.07334182898
73,310501,774.801847336931,50,71.2132034355964,0,774.801847336931
73,310502,802.743983106686,50,71.2132034355964,0,802.743983106686
73,310503,830.822283977027,50,71.2132034355964,0,830.822283977027
73,310504,859.023397850902,50,71.2132034355964,0,859.023397850902
69,310538,1767.02690542518,50,71.2132034355964,0,1767.02690542518
69,310539,1747.03894263767,50,71.2132034355964,0,1747.03894263767
69,310540,1727.33735140318,50,71.2132034355964,0,1727.33735140318
73,311205,813.682180764296,50,71.2132034355964,0,813.682180764296
73,311206,841.395687689048,50,71.2132034355964,0,841.395687689048
73,311207,869.253984872083,50,71.2132034355964,0,869.253984872083
73,311208,897.243585738773,50,71.2132034355964,0,897.243585738773
73,311910,880.382403221798,50,71.2132034355964,0,880.382403221798
73,311911,908.029186704101,50,71.2132034355964,0,908.029186704101
73,311912,935.81441349564,50,71.2132034355964,0,935.81441349564
73,311913,963.726109278363,50,71.2132034355964,0,963.726109278363
73,312614,919.661540562479,50,71.2132034355964,0,919.661540562479
73,312615,947.10571610615,50,71.2132034355964,0,947.10571610615
73,312616,974.694270009435,50,71.2132034355964,0,974.694270009435
73,312617,1002.41528156622,50,71.2132034355964,0,1002.41528156622
73,312618,1030.25805876891,50,71.2132034355964,0,1030.25805876891
73,313319,986.44777854614,50,71.2132034355964,0,986.44777854614
73,313320,1013.84761747388,50,71.2132034355964,0,1013.84761747388
73,313321,1041.38492736826,50,71.2132034355964,0,1041.38492736826
73,313322,1069.04908506536,50,71.2132034355964,0,1069.04908506536
73,314023,1026.0248436181,50,71.2132034355964,0,1026.0248436181
73,314024,1053.24396972532,50,71.2132034355964,0,1053.24396972532
73,314025,1080.60471647269,50,71.2132034355964,0,1080.60471647269
73,314026,1108.09659335776,50,71.2132034355964,0,1108.09659335776
73,314728,1092.85706008076,50,71.2132034355964,0,1092.85706008076
73,314729,1120.04838489535,50,71.2132034355964,0,1120.04838489535
73,314730,1147.3744106948,50,71.2132034355964,0,1147.3744106948
73,315432,1132.66416131389,50,71.2132034355964,0,1132.66416131389
73,315433,1159.69310144703,50,71.2132034355964,0,1159.69310144703
73,315434,1186.85968398078,50,71.2132034355964,0,1186.85968398078
73,315435,1214.15466974202,50,71.2132034355964,0,1214.15466974202
73,316136,1172.64552797993,50,71.2132034355964,0,1172.64552797993
73,316137,1199.51894409185,50,71.2132034355964,0,1199.51894409185
73,316138,1226.53238949601,50,71.2132034355964,0,1226.53238949601
73,316139,1253.67681243709,50,71.2132034355964,0,1253.67681243709
73,316140,1280.9438863199,50,71.2132034355964,0,1280.9438863199
73,316841,1239.50846565416,50,71.2132034355964,0,1239.50846565416
73,316842,1266.37492325803,50,71.2132034355964,0,1266.37492325803
73,316843,1293.37446549886,50,71.2132034355964,0,1293.37446549886
73,316844,1320.4989290718,50,71.2132034355964,0,1320.4989290718
73,318257,1536.05079039924,50,71.2132034355964,0,1536.05079039924
73,318960,1548.16788519772,50,71.2132034355964,0,1548.16788519772
73,318961,1575.44530376209,50,71.2132034355964,0,1575.44530376209
73,319663,1560.76422445427,50,71.2132034355964,0,1560.76422445427
73,319664,1587.82540828363,50,71.2132034355964,0,1587.82540828363
69,319669,1698.16123651268,50,71.2132034355964,0,1698.16123651268
73,320366,1573.82830112551,50,71.2132034355964,0,1573.82830112551
73,320367,1600.66877983714,50,71.2132034355964,0,1600.66877983714
73,320368,1627.61588345566,50,71.2132034355964,0,1627.61588345566
73,320369,1654.66440265235,50,71.2132034355964,0,1654.66440265235
69,320371,1707.65477722711,50,71.2132034355964,0,1707.65477722711
69,320372,1682.18454230938,50,71.2132034355964,0,1682.18454230938
69,320373,1656.86246898797,50,71.2132034355964,0,1656.86246898797
73,321070,1613.96435890138,50,71.2132034355964,0,1613.96435890138
73,321071,1640.69325019049,50,71.2132034355964,0,1640.69325019049
73,321072,1667.52980190852,50,71.2132034355964,0,1667.52980190852
69,321074,1692.29664817467,50,71.2132034355964,0,1692.29664817467
69,321075,1666.59157476682,50,71.2132034355964,0,1666.59157476682
69,321076,1641.02877151012,50,71.2132034355964,0,1641.02877151012
69,321077,1615.61499156208,50,71.2132034355964,0,1615.61499156208
69,321078,1590.35737907539,50,71.2132034355964,0,1590.35737907539
69,321779,1625.59128018551,50,71.2132034355964,0,1625.59128018551
69,321780,1599.93216636195,50,71.2132034355964,0,1599.93216636195
69,321781,1574.42284457123,50,71.2132034355964,0,1574.42284457123
69,321782,1549.07071493806,50,71.2132034355964,0,1549.07071493806
69,321783,1523.88362287336,50,71.2132034355964,0,1523.88362287336
69,322484,1558.89941540418,50,71.2132034355964,0,1558.89941540418
69,322485,1533.29049683073,50,71.2132034355964,0,1533.29049683073
69,322486,1507.83969553426,50,71.2132034355964,0,1507.83969553426
69,322487,1482.5551546692,50,71.2132034355964,0,1482.5551546692
69,322488,1457.44552738013,50,71.2132034355964,0,1457.44552738013
69,323189,1492.22290302435,50,71.2132034355964,0,1492.22290302435
69,323190,1466.66902357532,50,71.2132034355964,0,1466.66902357532
69,323191,1441.28252129164,50,71.2132034355964,0,1441.28252129164
69,323192,1416.07239812093,50,71.2132034355964,0,1416.07239812093
69,323193,1391.04824371005,50,71.2132034355964,0,1391.04824371005
69,323894,1425.56393774329,50,71.2132034355964,0,1425.56393774329
69,323895,1400.07067092276,50,71.2132034355964,0,1400.07067092276
69,323896,1374.75513647153,50,71.2132034355964,0,1374.75513647153
69,323897,1349.62733583057,50,71.2132034355964,0,1349.62733583057
69,323898,1324.69795224743,50,71.2132034355964,0,1324.69795224743
69,324598,1384.53029000956,50,71.2132034355964,0,1384.53029000956
69,324599,1358.92514425829,50,71.2132034355964,0,1358.92514425829
69,324600,1333.49894628883,50,71.2132034355964,0,1333.49894628883
69,324601,1308.26212974772,50,71.2132034355964,0,1308.26212974772
69,324602,1283.22586820389,50,71.2132034355964,0,1283.22586820389
69,325302,1343.5746364292,50,71.2132034355964,0,1343.5746364292
69,325303,1317.85216447143,50,71.2132034355964,0,1317.85216447143
69,325304,1292.3096877658,50,71.2132034355964,0,1292.3096877658
69,325305,1266.95809272603,50,71.2132034355964,0,1266.95809272603
69,325306,1241.80906998769,50,71.2132034355964,0,1241.80906998769
69,325307,1216.87517922982,50,71.2132034355964,0,1216.87517922982
69,326007,1276.85874378292,50,71.2132034355964,0,1276.85874378292
69,326008,1251.1939826188,50,71.2132034355964,0,1251.1939826188
69,326009,1225.72142033876,50,71.2132034355964,0,1225.72142033876
69,326010,1200.45329187767,50,71.2132034355964,0,1200.45329187767
69,326011,1175.40278171179,50,71.2132034355964,0,1175.40278171179
69,326712,1210.15933982778,50,71.2132034355964,0,1210.15933982778
69,326713,1184.55916004832,50,71.2132034355964,0,1184.55916004832
69,328117,1207.11783331616,50,71.2132034355964,0,1207.11783331616
69,328820,1193.56382778926,50,71.2132034355964,0,1193.56382778926
69,328821,1166.83326631661,50,71.2132034355964,0,1166.83326631661
69,329523,1180.61219374707,50,71.2132034355964,0,1180.61219374707
69,329524,1153.58141150151,50,71.2132034355964,0,1153.58141150151
69,329525,1126.69584608052,50,71.2132034355964,0,1126.69584608052
69,330227,1140.95997653745,50,71.2132034355964,0,1140.95997653745
69,330228,1113.76963276026,50,71.2132034355964,0,1113.76963276026
69,330229,1086.72189034888,50,71.2132034355964,0,1086.72189034888
69,330230,1059.82766729714,50,71.2132034355964,0,1059.82766729714
69,330931,1101.50417777953,50,71.2132034355964,0,1101.50417777953
69,330932,1074.14747850499,50,71.2132034355964,0,1074.14747850499
69,330933,1046.93013731281,50,71.2132034355964,0,1046.93013731281
69,330934,1019.86331151742,50,71.2132034355964,0,1019.86331151742
69,330935,992.95930977775,50,71.2132034355964,0,992.95930977775
69,331636,1034.7367462213,50,71.2132034355964,0,1034.7367462213
69,331637,1007.3421934967,50,71.2132034355964,0,1007.3421934967
69,331638,980.094393498686,50,71.2132034355964,0,980.094393498686
69,331639,953.005933919888,50,71.2132034355964,0,953.005933919888
69,332341,967.983079907706,50,71.2132034355964,0,967.983079907706
69,332342,940.545719889684,50,71.2132034355964,0,940.545719889684
69,332343,913.26328821292,50,71.2132034355964,0,913.26328821292
69,333045,928.881900913487,50,71.2132034355964,0,928.881900913487
69,333046,901.246301605954,50,71.2132034355964,0,901.246301605954
69,333047,873.76014458724,50,71.2132034355964,0,873.76014458724
69,333048,846.437988386307,50,71.2132034355964,0,846.437988386307
69,333749,890.072666834643,50,71.2132034355964,0,890.072666834643
69,333750,862.230238335193,50,71.2132034355964,0,862.230238335193
69,333751,834.530532082007,50,71.2132034355964,0,834.530532082007
69,333752,806.988244943004,50,71.2132034355964,0,806.988244943004
72,334399,1140.97329040873,12,33.2132034355964,0,1140.97329040873
69,334452,879.77451762461,50,71.2132034355964,0,879.77451762461
69,334453,851.595309438049,50,71.2132034355964,0,851.595309438049
69,334454,823.537821413526,50,71.2132034355964,0,823.537821413526
69,334455,795.614931096923,50,71.2132034355964,0,795.614931096923
69,334456,767.84132274774,50,71.2132034355964,0,767.84132274774
69,334457,740.233799755998,50,71.2132034355964,0,740.233799755998
69,334458,712.811660069819,50,71.2132034355964,0,712.811660069819
69,334459,685.597148633461,50,71.2132034355964,0,685.597148633461
72,335102,1163.37992129208,12,33.2132034355964,0,1163.37992129208
72,335103,1183.21306746826,12,33.2132034355964,0,1183.21306746826
69,335156,841.889275226243,50,71.2132034355964,0,841.889275226243
69,335157,813.496939852188,50,71.2132034355964,0,813.496939852188
69,335158,785.216914757074,50,71.2132034355964,0,785.216914757074
69,335159,757.061786094234,50,71.2132034355964,0,757.061786094234
69,335160,729.046024182449,50,71.2132034355964,0,729.046024182449
69,335161,701.186334335264,50,71.2132034355964,0,701.186334335264
69,335162,673.502084789058,50,71.2132034355964,0,673.502084789058
69,335163,646.015830798712,50,71.2132034355964,0,646.015830798712
72,335805,1186.11762765526,12,33.2132034355964,0,1186.11762765526
69,335860,804.443529731533,50,71.2132034355964,0,804.443529731533
69,335861,775.833410846864,50,71.2132034355964,0,775.833410846864
69,335862,747.324690171213,50,71.2132034355964,0,747.324690171213
69,335863,718.929430460454,50,71.2132034355964,0,718.929430460454
69,335864,690.661626063895,50,71.2132034355964,0,690.661626063895
69,335865,662.537591196393,50,71.2132034355964,0,662.537591196393
69,335866,634.576441471924,50,71.2132034355964,0,634.576441471924
69,335867,606.800694374438,50,71.2132034355964,0,606.800694374438
69,335868,579.237021960689,50,71.2132034355964,0,579.237021960689
69,336565,738.671260198546,50,71.2132034355964,0,738.671260198546
69,336566,709.929813515249,50,71.2132034355964,0,709.929813515249
69,336567,681.288544968964,50,71.2132034355964,0,681.288544968964
69,336568,652.760641285531,50,71.2132034355964,0,652.760641285531
69,336569,624.36164202397,50,71.2132034355964,0,624.36164202397
69,336570,596.10997070272,50,71.2132034355964,0,596.10997070272
69,336571,568.027610445085,50,71.2132034355964,0,568.027610445085
69,336572,540.140969753182,50,71.2132034355964,0,540.140969753182
69,336573,512.481999784282,50,71.2132034355964,0,512.481999784282
69,336683,2824.82639551208,50,71.2132034355964,0,2824.82639551208
69,337273,586.75080330723,50,71.2132034355964,0,586.75080330723
69,337274,558.197633798331,50,71.2132034355964,0,558.197633798331
69,337275,529.793670326916,50,71.2132034355964,0,529.793670326916
69,337276,501.564262481929,50,71.2132034355964,0,501.564262481929
69,337277,473.540628905903,50,71.2132034355964,0,473.540628905903
69,337385,2793.02320914547,50,71.2132034355964,0,2793.02320914547
69,337386,2822.87346270006,50,71.2132034355964,0,2822.87346270006
69,337387,2852.7248670919,50,71.2132034355964,0,2852.7248670919
69,337978,520.960452015402,50,71.2132034355964,0,520.960452015402
69,337979,492.224554678807,50,71.2132034355964,0,492.224554678807
69,337980,463.636585118408,50,71.2132034355964,0,463.636585118408
69,337981,435.225694389871,50,71.2132034355964,0,435.225694389871
69,337982,407.028964839261,50,71.2132034355964,0,407.028964839261
69,338682,484.554133809813,50,71.2132034355964,0,484.554133809813
69,338683,455.484832271801,50,71.2132034355964,0,455.484832271801
69,338684,426.531144295363,50,71.2132034355964,0,426.531144295363
69,338685,397.718320504258,50,71.2132034355964,0,397.718320504258
69,338686,369.079352802426,50,71.2132034355964,0,369.079352802426
69,338690,257.41989309593,50,71.2132034355964,0,257.41989309593
69,338691,230.75530657538,50,71.2132034355964,0,230.75530657538
69,338692,204.987029967407,50,71.2132034355964,0,204.987029967407
69,338792,2819.91553241282,50,71.2132034355964,0,2819.91553241282
69,339387,419.792356511453,50,71.2132034355964,0,419.792356511453
69,339388,390.482445502845,50,71.2132034355964,0,390.482445502845
69,339389,361.27015973843,50,71.2132034355964,0,361.27015973843
69,339390,332.181255941191,50,71.2132034355964,0,332.181255941191
69,339391,303.251241863786,50,71.2132034355964,0,303.251241863786
69,339392,274.53035350641,50,71.2132034355964,0,274.53035350641
69,339393,246.091821713105,50,71.2132034355964,0,246.091821713105
69,339394,218.046153014349,50,71.2132034355964,0,218.046153014349
69,339395,190.566879040298,50,71.2132034355964,0,190.566879040298
69,339396,163.93906289808,50,71.2132034355964,0,163.93906289808
69,339397,138.654129811814,50,71.2132034355964,0,138.654129811814
69,339494,2789.0183877073,50,71.2132034355964,0,2789.0183877073
69,339495,2818.91152962239,50,71.2132034355964,0,2818.91152962239
69,339496,2848.80492959589,50,71.2132034355964,0,2848.80492959589
69,340092,355.811862512037,50,71.2132034355964,0,355.811862512037
69,340093,326.236465586977,50,71.2132034355964,0,326.236465586977
69,340094,296.727251001302,50,71.2132034355964,0,296.727251001302
69,340095,267.306138214488,50,71.2132034355964,0,267.306138214488
69,340096,238.005801614991,50,71.2132034355964,0,238.005801614991
69,340097,208.877073207849,50,71.2132034355964,0,208.877073207849
69,340098,180.003282902073,50,71.2132034355964,0,180.003282902073
69,340099,151.530234720782,50,71.2132034355964,0,151.530234720782
69,340100,123.734886948971,50,71.2132034355964,0,123.734886948971
69,340101,97.2003729313422,50,71.2132034355964,0,97.2003729313422
69,340102,73.3088179083521,50,71.2132034355964,0,73.3088179083521
69,340103,55.5799703498689,50,71.2132034355964,69,0
69,340106,83.4629515519139,50,71.2132034355964,0,83.4629515519139
69,340107,108.792163072412,50,71.2132034355964,0,108.792163072412
69,340108,135.99296027913,50,71.2132034355964,0,135.99296027913
69,340109,164.137490479373,50,71.2132034355964,0,164.137490479373
69,340112,251.026467918083,50,71.2132034355964,0,251.026467918083
69,340113,280.385517225252,50,71.2132034355964,0,280.385517225252
69,340114,309.849106786509,50,71.2132034355964,0,309.849106786509
69,340202,2937.82831215148,50,71.2132034355964,0,2937.82831215148
69,340203,2967.72945823608,50,71.2132034355964,0,2967.72945823608
69,340797,293.124889453292,50,71.2132034355964,0,293.124889453292
69,340798,263.301389274522,50,71.2132034355964,0,263.301389274522
69,340799,233.498890847523,50,71.2132034355964,0,233.498890847523
69,340800,203.726611211815,50,71.2132034355964,0,203.726611211815
69,340801,174.000062817035,50,71.2132034355964,0,174.000062817035
69,340802,144.347501750866,50,71.2132034355964,0,144.347501750866
69,340803,114.826261453684,50,71.2132034355964,0,114.826261453684
69,340804,85.5723613941932,50,71.2132034355964,0,85.5723613941932
69,340805,56.9989246091968,50,71.2132034355964,69,0
69,340806,31.0453770482282,50,71.2132034355964,69,0
69,340807,21.620432992969,50,71.2132034355964,69,0
69,340808,41.9494990062261,50,71.2132034355964,69,0
69,340809,69.5756240948014,50,71.2132034355964,69,0
69,340810,98.5416872542168,50,71.2132034355964,0,98.5416872542168
69,340811,127.940808354883,50,71.2132034355964,0,127.940808354883
69,340812,157.530715783731,50,71.2132034355964,0,157.530715783731
69,340813,187.220971165903,50,71.2132034355964,0,187.220971165903
69,340814,216.970383532952,50,71.2132034355964,0,216.970383532952
69,340815,246.757557678639,50,71.2132034355964,0,246.757557678639
69,340816,276.570292818194,50,71.2132034355964,0,276.570292818194
69,340817,306.401127807128,50,71.2132034355964,0,306.401127807128
69,340818,336.245245361126,50,71.2132034355964,0,336.245245361126
69,340905,2937.47447369924,50,71.2132034355964,0,2937.47447369924
69,341504,173.032527004213,50,71.2132034355964,0,173.032527004213
69,341505,143.179551701278,50,71.2132034355964,0,143.179551701278
69,341506,113.354364393912,50,71.2132034355964,0,113.354364393912
69,341507,83.586716096889,50,71.2132034355964,0,83.586716096889
69,341508,53.9718960834146,50,71.2132034355964,69,0
69,341509,25.0577593728343,50,71.2132034355964,69,0
69,341510,11.4680565708532,50,71.2132034355964,69,0
69,341511,37.7338126494701,50,71.2132034355964,69,0
69,341512,67.1182850743392,50,71.2132034355964,69,0
69,341513,96.822451138575,50,71.2132034355964,0,96.822451138575
69,341514,126.621519403047,50,71.2132034355964,0,126.621519403047
69,341515,156.461275037133,50,71.2132034355964,0,156.461275037133
69,341516,186.322170645907,50,71.2132034355964,0,186.322170645907
69,341517,216.195446854379,50,71.2132034355964,0,216.195446854379
69,341518,246.076594749705,50,71.2132034355964,0,246.076594749705
69,341519,275.963057319006,50,71.2132034355964,0,275.963057319006
69,341520,305.853276591172,50,71.2132034355964,0,305.853276591172
69,342213,39.8118456876162,50,71.2132034355964,69,0
69,342214,53.6406031288562,50,71.2132034355964,69,0
69,342215,77.1903779703097,50,71.2132034355964,0,77.1903779703097
69,342216,104.058173627919,50,71.2132034355964,0,104.058173627919
69,342217,132.236762838909,50,71.2132034355964,0,132.236762838909
69,342218,161.039524011043,50,71.2132034355964,0,161.039524011043
69,342219,190.183080320623,50,71.2132034355964,0,190.183080320623
69,342220,219.531748699241,50,71.2132034355964,0,219.531748699241
69,342221,249.013016189134,50,71.2132034355964,0,249.013016189134
69,354295,3962.52827999204,50,71.2132034355964,0,3962.52827999204
69,354997,3937.19807041257,50,71.2132034355964,0,3937.19807041257
69,354998,3966.78405681947,50,71.2132034355964,0,3966.78405681947
69,354999,3996.37482512117,50,71.2132034355964,0,3996.37482512117
69,355701,3971.26057196512,50,71.2132034355964,0,3971.26057196512
69,358329,1737.91380248393,50,71.2132034355964,0,1737.91380248393
69,358511,3932.55968919614,50,71.2132034355964,0,3932.55968919614
69,359031,1777.65771331487,50,71.2132034355964,0,1777.65771331487
69,359032,1750.64465140358,50,71.2132034355964,0,1750.64465140358
69,359033,1723.72717823814,50,71.2132034355964,0,1723.72717823814
69,359214,3938.21088147363,50,71.2132034355964,0,3938.21088147363
69,359215,3967.56482761988,50,71.2132034355964,0,3967.56482761988
69,359216,3996.92698396536,50,71.2132034355964,0,3996.92698396536
69,359733,1817.51722813163,50,71.2132034355964,0,1817.51722813163
69,359734,1790.60580877056,50,71.2132034355964,0,1790.60580877056
69,359735,1763.79091720359,50,71.2132034355964,0,1763.79091720359
69,359736,1737.07702367157,50,71.2132034355964,0,1737.07702367157
69,359917,3944.08082804347,50,71.2132034355964,0,3944.08082804347
69,359918,3973.39156648126,50,71.2132034355964,0,3973.39156648126
69,359919,4002.71113771862,50,71.2132034355964,0,4002.71113771862
69,360436,1830.67228278125,50,71.2132034355964,0,1830.67228278125
69,360437,1803.95697637132,50,71.2132034355964,0,1803.95697637132
69,360438,1777.34338191452,50,71.2132034355964,0,1777.34338191452
69,360439,1750.83613763312,50,71.2132034355964,0,1750.83613763312
69,360440,1724.44014782607,50,71.2132034355964,0,1724.44014782607
69,360621,3979.43460972967,50,71.2132034355964,0,3979.43460972967
69,361139,1844.21867814707,50,71.2132034355964,0,1844.21867814707
69,361140,1817.70233434713,50,71.2132034355964,0,1817.70233434713
69,361141,1791.29282596629,50,71.2132034355964,0,1791.29282596629
69,361142,1764.99494872254,50,71.2132034355964,0,1764.99494872254
69,361143,1738.81376756738,50,71.2132034355964,0,1738.81376756738
69,361144,1712.75463395745,50,71.2132034355964,0,1712.75463395745
69,361842,1858.14785531406,50,71.2132034355964,0,1858.14785531406
69,361843,1831.83300916981,50,71.2132034355964,0,1831.83300916981
69,361844,1805.63004875966,50,71.2132034355964,0,1805.63004875966
69,361845,1779.54391648354,50,71.2132034355964,0,1779.54391648354
69,361846,1753.57982613616,50,71.2132034355964,0,1753.57982613616
69,361847,1727.74327976929,50,71.2132034355964,0,1727.74327976929
69,362545,1872.45127175205,50,71.2132034355964,0,1872.45127175205
69,362546,1846.34015397336,50,71.2132034355964,0,1846.34015397336
69,362547,1820.34588776591,50,71.2132034355964,0,1820.34588776591
69,362548,1794.47355117632,50,71.2132034355964,0,1794.47355117632
69,362549,1768.72849484704,50,71.2132034355964,0,1768.72849484704
69,362550,1743.11635840376,50,71.2132034355964,0,1743.11635840376
69,363249,1861.21496565126,50,71.2132034355964,0,1861.21496565126
69,363250,1835.43123617629,50,71.2132034355964,0,1835.43123617629
69,363251,1809.77443195314,50,71.2132034355964,0,1809.77443195314
69,363252,1784.25002839845,50,71.2132034355964,0,1784.25002839845
69,363253,1758.86378966285,50,71.2132034355964,0,1758.86378966285
69,363953,1850.87705908774,50,71.2132034355964,0,1850.87705908774
69,363956,1774.97560990172,50,71.2132034355964,0,1774.97560990172
69,363957,1749.96588706313,50,71.2132034355964,0,1749.96588706313
69,363958,1725.11211320199,50,71.2132034355964,0,1725.11211320199
69,364659,1791.4419874521,50,71.2132034355964,0,1791.4419874521
69,364660,1766.66525138875,50,71.2132034355964,0,1766.66525138875
69,364661,1742.04960986684,50,71.2132034355964,0,1742.04960986684
69,364662,1717.60198902879,50,71.2132034355964,0,1717.60198902879
69,364663,1693.32966634353,50,71.2132034355964,0,1693.32966634353
69,365363,1783.70990033424,50,71.2132034355964,0,1783.70990033424
69,365364,1759.33262257699,50,71.2132034355964,0,1759.33262257699
69,365365,1735.1284020225,50,71.2132034355964,0,1735.1284020225
69,365366,1711.10458256965,50,71.2132034355964,0,1711.10458256965
69,365367,1687.26887004112,50,71.2132034355964,0,1687.26887004112
69,366065,1825.39982804855,50,71.2132034355964,0,1825.39982804855
69,366066,1801.09003110371,50,71.2132034355964,0,1801.09003110371
69,366067,1776.95106966931,50,71.2132034355964,0,1776.95106966931
69,366068,1752.9900010562,50,71.2132034355964,0,1752.9900010562
69,366069,1729.21422026681,50,71.2132034355964,0,1729.21422026681
69,366768,1842.87240236895,50,71.2132034355964,0,1842.87240236895
69,366769,1818.7960262876,50,71.2132034355964,0,1818.7960262876
69,366771,1771.17664551308,50,71.2132034355964,0,1771.17664551308
69,366772,1747.6481740229,50,71.2132034355964,0,1747.6481740229
69,366773,1724.31743489853,50,71.2132034355964,0,1724.31743489853
69,367471,1860.66177584535,50,71.2132034355964,0,1860.66177584535
69,367472,1836.8184624083,50,71.2132034355964,0,1836.8184624083
69,367475,1766.39629026681,50,71.2132034355964,0,1766.39629026681
69,367476,1743.31634960625,50,71.2132034355964,0,1743.31634960625
69,368174,1878.75894948619,50,71.2132034355964,0,1878.75894948619
69,368175,1855.1481169849,50,71.2132034355964,0,1855.1481169849
69,368176,1831.7213069803,50,71.2132034355964,0,1831.7213069803
69,368177,1808.48567087194,50,71.2132034355964,0,1808.48567087194
69,368178,1785.44867242923,50,71.2132034355964,0,1785.44867242923
69,368179,1762.61810010672,50,71.2132034355964,0,1762.61810010672
69,368878,1873.77597422047,50,71.2132034355964,0,1873.77597422047
69,368879,1850.58486636173,50,71.2132034355964,0,1850.58486636173
69,368880,1827.58894943011,50,71.2132034355964,0,1827.58894943011
69,368881,1804.79568455766,50,71.2132034355964,0,1804.79568455766
69,368882,1782.21284709556,50,71.2132034355964,0,1782.21284709556
69,369582,1869.73665051398,50,71.2132034355964,0,1869.73665051398
69,369583,1846.97907619915,50,71.2132034355964,0,1846.97907619915
69,369584,1824.42795353107,50,71.2132034355964,0,1824.42795353107
69,369585,1802.09103304764,50,71.2132034355964,0,1802.09103304764
69,369586,1779.97637883935,50,71.2132034355964,0,1779.97637883935
69,370285,1889.16789366392,50,71.2132034355964,0,1889.16789366392
69,370286,1866.64711214081,50,71.2132034355964,0,1866.64711214081
69,370287,1844.33637001603,50,71.2132034355964,0,1844.33637001603
69,370288,1822.24338219167,50,71.2132034355964,0,1822.24338219167
69,370289,1800.37616508581,50,71.2132034355964,0,1800.37616508581
69,370290,1778.74304534373,50,71.2132034355964,0,1778.74304534373
69,370989,1886.58436549212,50,71.2132034355964,0,1886.58436549212
69,370990,1864.51208829878,50,71.2132034355964,0,1864.51208829878
69,370991,1842.66089935251,50,71.2132034355964,0,1842.66089935251
69,370992,1821.03875738638,50,71.2132034355964,0,1821.03875738638
69,370993,1799.65391814847,50,71.2132034355964,0,1799.65391814847
69,370994,1778.51494163717,50,71.2132034355964,0,1778.51494163717
69,371157,3840.20070175458,50,71.2132034355964,0,3840.20070175458
69,371158,3868.45130985327,50,71.2132034355964,0,3868.45130985327
69,371692,1906.78239148639,50,71.2132034355964,0,1906.78239148639
69,371693,1884.94652512181,50,71.2132034355964,0,1884.94652512181
69,371694,1863.33486780387,50,71.2132034355964,0,1863.33486780387
69,371695,1841.95531148533,50,71.2132034355964,0,1841.95531148533
69,371696,1820.81603199435,50,71.2132034355964,0,1820.81603199435
69,371697,1799.92549516973,50,71.2132034355964,0,1799.92549516973
69,371698,1779.29246243703,50,71.2132034355964,0,1779.29246243703
69,371859,3822.01961592175,50,71.2132034355964,0,3822.01961592175
69,371860,3850.17143902076,50,71.2132034355964,0,3850.17143902076
69,371861,3878.34957008954,50,71.2132034355964,0,3878.34957008954
69,372396,1905.63135764402,50,71.2132034355964,0,1905.63135764402
69,372397,1884.25684625429,50,71.2132034355964,0,1884.25684625429
69,372398,1863.11727398646,50,71.2132034355964,0,1863.11727398646
69,372399,1842.22072867009,50,71.2132034355964,0,1842.22072867009
69,372400,1821.57557411501,50,71.2132034355964,0,1821.57557411501
69,372401,1801.19045462505,50,71.2132034355964,0,1801.19045462505
69,372402,1781.07429884593,50,71.2132034355964,0,1781.07429884593
69,372563,3860.34819456678,50,71.2132034355964,0,3860.34819456678
69,372564,3888.45272984856,50,71.2132034355964,0,3888.45272984856
69,373100,1905.41866508308,50,71.2132034355964,0,1905.41866508308
69,373101,1884.51637755007,50,71.2132034355964,0,1884.51637755007
69,373102,1863.85965067819,50,71.2132034355964,0,1863.85965067819
69,373103,1843.45673932835,50,71.2132034355964,0,1843.45673932835
69,373104,1823.31616410654,50,71.2132034355964,0,1823.31616410654
69,373105,1803.44671420831,50,71.2132034355964,0,1803.44671420831
69,373151,1368.07526352973,50,71.2132034355964,0,1368.07526352973
69,373267,3898.75919621319,50,71.2132034355964,0,3898.75919621319
69,373276,4152.20818138807,50,71.2132034355964,0,4152.20818138807
69,373277,4180.49060752492,50,71.2132034355964,0,4180.49060752492
69,373278,4208.79552715441,50,71.2132034355964,0,4208.79552715441
69,373279,4237.12248948813,50,71.2132034355964,0,4237.12248948813
69,373803,1926.81242194206,50,71.2132034355964,0,1926.81242194206
69,373804,1906.14463548711,50,71.2132034355964,0,1906.14463548711
69,373805,1885.7247347444,50,71.2132034355964,0,1885.7247347444
69,373806,1865.56085959535,50,71.2132034355964,0,1865.56085959535
69,373807,1845.66140130601,50,71.2132034355964,0,1845.66140130601
69,373808,1826.03500445255,50,71.2132034355964,0,1826.03500445255
69,373809,1806.69056800015,50,71.2132034355964,0,1806.69056800015
69,373854,1397.71466636892,50,71.2132034355964,0,1397.71466636892
69,373855,1402.01062180587,50,71.2132034355964,0,1402.01062180587
69,373978,4133.88566857489,50,71.2132034355964,0,4133.88566857489
69,373979,4162.07782059286,50,71.2132034355964,0,4162.07782059286
69,373980,4190.29378324429,50,71.2132034355964,0,4190.29378324429
69,373981,4218.53307875039,50,71.2132034355964,0,4218.53307875039
69,373982,4246.79524164862,50,71.2132034355964,0,4246.79524164862
69,373983,4275.07981841736,50,71.2132034355964,0,4275.07981841736
69,374506,1948.43047680986,50,71.2132034355964,0,1948.43047680986
69,374507,1927.99433584397,50,71.2132034355964,0,1927.99433584397
69,374508,1907.80820486154,50,71.2132034355964,0,1907.80820486154
69,374509,1887.88010356684,50,71.2132034355964,0,1887.88010356684
69,374510,1868.21828910877,50,71.2132034355964,0,1868.21828910877
69,374511,1848.83125717195,50,71.2132034355964,0,1848.83125717195
69,374512,1829.72774222068,50,71.2132034355964,0,1829.72774222068
69,374513,1810.91671680987,50,71.2132034355964,0,1810.91671680987
69,374682,4172.13856206392,50,71.2132034355964,0,4172.13856206392
69,374683,4200.28709179409,50,71.2132034355964,0,4200.28709179409
69,374684,4228.45979961145,50,71.2132034355964,0,4228.45979961145
69,374685,4256.65620544465,50,71.2132034355964,0,4256.65620544465
69,375209,1970.26544660484,50,71.2132034355964,0,1970.26544660484
69,375210,1950.05803508786,50,71.2132034355964,0,1950.05803508786
69,375211,1930.10256498508,50,71.2132034355964,0,1930.10256498508
69,375212,1910.40693140212,50,71.2132034355964,0,1910.40693140212
69,375213,1890.97925339407,50,71.2132034355964,0,1890.97925339407
69,375214,1871.82787430471,50,71.2132034355964,0,1871.82787430471
69,375215,1852.96136125985,50,71.2132034355964,0,1852.96136125985
69,375216,1834.38850373987,50,71.2132034355964,0,1834.38850373987
69,375261,1461.14845837328,50,71.2132034355964,0,1461.14845837328
69,375262,1465.86889007886,50,71.2132034355964,0,1465.86889007886
69,375384,4154.33441020085,50,71.2132034355964,0,4154.33441020085
69,375385,4182.38902671227,50,71.2132034355964,0,4182.38902671227
69,375387,4238.57436063738,50,71.2132034355964,0,4238.57436063738
69,375388,4266.70407592506,50,71.2132034355964,0,4266.70407592506
69,375389,4294.8578431646,50,71.2132034355964,0,4294.8578431646
69,375912,1992.31019942169,50,71.2132034355964,0,1992.31019942169
69,375913,1972.32855145554,50,71.2132034355964,0,1972.32855145554
69,375914,1952.6005914419,50,71.2132034355964,0,1952.6005914419
69,375915,1933.13408618459,50,71.2132034355964,0,1933.13408618459
69,375916,1913.93701340681,50,71.2132034355964,0,1913.93701340681
69,375917,1895.01756141411,50,71.2132034355964,0,1895.01756141411
69,375918,1876.3841279195,50,71.2132034355964,0,1876.3841279195
69,375919,1858.04531796286,50,71.2132034355964,0,1858.04531796286
69,376086,4136.88586389742,50,71.2132034355964,0,4136.88586389742
69,376087,4164.84337247132,50,71.2132034355964,0,4164.84337247132
69,376088,4192.82782305404,50,71.2132034355964,0,4192.82782305404
69,376089,4220.83867976533,50,71.2132034355964,0,4220.83867976533
69,376090,4248.87542035288,50,71.2132034355964,0,4248.87542035288
69,376091,4276.93753578186,50,71.2132034355964,0,4276.93753578186
69,376092,4305.02452983866,50,71.2132034355964,0,4305.02452983866
69,376617,1975.29532514714,50,71.2132034355964,0,1975.29532514714
69,376618,1956.05458520495,50,71.2132034355964,0,1956.05458520495
69,376619,1937.0845720629,50,71.2132034355964,0,1937.0845720629
69,376620,1918.39331697834,50,71.2132034355964,0,1918.39331697834
69,376621,1899.98904686605,50,71.2132034355964,0,1899.98904686605
69,376791,4203.45354798906,50,71.2132034355964,0,4203.45354798906
69,376792,4231.39421516388,50,71.2132034355964,0,4231.39421516388
69,376793,4259.36162564408,50,71.2132034355964,0,4259.36162564408
69,376794,4287.35525606916,50,71.2132034355964,0,4287.35525606916
69,376795,4315.37459617706,50,71.2132034355964,0,4315.37459617706
69,377320,1998.18006368622,50,71.2132034355964,0,1998.18006368622
69,377321,1979.16171116736,50,71.2132034355964,0,1979.16171116736
69,377322,1960.41520624527,50,71.2132034355964,0,1960.41520624527
69,377323,1941.9484217416,50,71.2132034355964,0,1941.9484217416
69,377324,1923.76941301034,50,71.2132034355964,0,1923.76941301034
69,377325,1905.88641478374,50,71.2132034355964,0,1905.88641478374
69,377326,1888.3078370825,50,71.2132034355964,0,1888.3078370825
69,377327,1871.04226008357,50,71.2132034355964,0,1871.04226008357
69,377328,1854.09842790521,50,71.2132034355964,0,1854.09842790521
69,378023,2021.24835331685,50,71.2132034355964,0,2021.24835331685
69,378024,2002.44900337274,50,71.2132034355964,0,2002.44900337274
69,378025,1983.92245713925,50,71.2132034355964,0,1983.92245713925
69,378026,1965.67642817788,50,71.2132034355964,0,1965.67642817788
69,378027,1947.71880007558,50,71.2132034355964,0,1947.71880007558
69,378028,1930.05762285946,50,71.2132034355964,0,1930.05762285946
69,378029,1912.70110850438,50,71.2132034355964,0,1912.70110850438
69,378030,1895.65762544624,50,71.2132034355964,0,1895.65762544624
69,378031,1878.93569205534,50,71.2132034355964,0,1878.93569205534
69,378032,1862.54396897712,50,71.2132034355964,0,1862.54396897712
69,378033,1846.49125029096,50,71.2132034355964,0,1846.49125029096
69,378726,2044.49398095832,50,71.2132034355964,0,2044.49398095832
69,378727,2025.91024894589,50,71.2132034355964,0,2025.91024894589
69,378728,2007.60012067218,50,71.2132034355964,0,2007.60012067218
69,378729,1989.57115012319,50,71.2132034355964,0,1989.57115012319
69,378730,1971.8310494117,50,71.2132034355964,0,1971.8310494117
69,378731,1954.38768482103,50,71.2132034355964,0,1954.38768482103
69,378732,1937.24907197894,50,71.2132034355964,0,1937.24907197894
69,378733,1920.42337007442,50,71.2132034355964,0,1920.42337007442
69,378734,1903.91887508971,50,71.2132034355964,0,1903.91887508971
69,378735,1887.74401195254,50,71.2132034355964,0,1887.74401195254
69,378736,1871.90732557948,50,71.2132034355964,0,1871.90732557948
69,378737,1856.41747072193,50,71.2132034355964,0,1856.41747072193
69,379430,2049.53947411865,50,71.2132034355964,0,2049.53947411865
69,379431,2031.44223807101,50,71.2132034355964,0,2031.44223807101
69,379432,2013.62665259124,50,71.2132034355964,0,2013.62665259124
69,379433,1996.10025905362,50,71.2132034355964,0,1996.10025905362
69,379434,1978.87074138722,50,71.2132034355964,0,1978.87074138722
69,379435,1961.94592096949,50,71.2132034355964,0,1961.94592096949
69,379436,1945.33375060991,50,71.2132034355964,0,1945.33375060991
69,379437,1929.04230759327,50,71.2132034355964,0,1929.04230759327
69,379438,1913.07978570485,50,71.2132034355964,0,1913.07978570485
69,379439,1897.45448620947,50,71.2132034355964,0,1897.45448620947
69,379440,1882.17480770713,50,71.2132034355964,0,1882.17480770713
69,379441,1867.2492348574,50,71.2132034355964,0,1867.2492348574
69,379442,1852.68632589583,50,71.2132034355964,0,1852.68632589583
69,379443,1838.49469893724,50,71.2132034355964,0,1838.49469893724
69,380134,2055.44308659461,50,71.2132034355964,0,2055.44308659461
69,380135,2037.83724182429,50,71.2132034355964,0,2037.83724182429
69,380136,2020.52077308876,50,71.2132034355964,0,2020.52077308876
69,380137,2003.50118372204,50,71.2132034355964,0,2003.50118372204
69,380138,1986.78610329739,50,71.2132034355964,0,1986.78610329739
69,380139,1970.38328142454,50,71.2132034355964,0,1970.38328142454
69,380140,1954.30058066043,50,71.2132034355964,0,1954.30058066043
69,380141,1938.54596845328,50,71.2132034355964,0,1938.54596845328
69,380142,1923.12750810714,50,71.2132034355964,0,1923.12750810714
69,380143,1908.05334869323,50,71.2132034355964,0,1908.05334869323
69,380144,1893.33171390439,50,71.2132034355964,0,1893.33171390439
69,380145,1878.97088979356,50,71.2132034355964,0,1878.97088979356
69,380146,1864.97921138507,50,71.2132034355964,0,1864.97921138507
69,380147,1851.36504814906,50,71.2132034355964,0,1851.36504814906
69,380148,1838.13678830351,50,71.2132034355964,0,1838.13678830351
69,380837,2079.59717045333,50,71.2132034355964,0,2079.59717045333
69,380838,2062.19745558547,50,71.2132034355964,0,2062.19745558547
69,380839,2045.08717131831,50,71.2132034355964,0,2045.08717131831
69,380840,2028.27364247352,50,71.2132034355964,0,2028.27364247352
69,380841,2011.76430956091,50,71.2132034355964,0,2011.76430956091
69,380842,1995.56672243628,50,71.2132034355964,0,1995.56672243628
69,380843,1979.68853312259,50,71.2132034355964,0,1979.68853312259
69,380844,1964.13748771909,50,71.2132034355964,0,1964.13748771909
69,380845,1948.92141739103,50,71.2132034355964,0,1948.92141739103
69,380846,1934.04822837401,50,71.2132034355964,0,1934.04822837401
69,380847,1919.52589099585,50,71.2132034355964,0,1919.52589099585
69,380848,1905.36242766262,50,71.2132034355964,0,1905.36242766262
69,380849,1891.5658998049,50,71.2132034355964,0,1891.5658998049
69,380850,1878.14439377936,50,71.2132034355964,0,1878.14439377936
69,380851,1865.10600569553,50,71.2132034355964,0,1865.10600569553
69,380852,1852.45882521095,50,71.2132034355964,0,1852.45882521095
69,381523,2434.18901044956,50,71.2132034355964,0,2434.18901044956
69,381524,2413.04631046017,50,71.2132034355964,0,2413.04631046017
69,381540,2103.89921193903,50,71.2132034355964,0,2103.89921193903
69,381541,2086.70205371869,50,71.2132034355964,0,2086.70205371869
69,381542,2069.79425924698,50,71.2132034355964,0,2069.79425924698
69,381543,2053.18297719536,50,71.2132034355964,0,2053.18297719536
69,381544,2036.87546200204,50,71.2132034355964,0,2036.87546200204
69,381545,2020.87906743269,50,71.2132034355964,0,2020.87906743269
69,381546,2005.20123935256,50,71.2132034355964,0,2005.20123935256
69,381547,1989.84950763572,50,71.2132034355964,0,1989.84950763572
69,381548,1974.83147721813,50,71.2132034355964,0,1974.83147721813
69,381549,1960.15481822552,50,71.2132034355964,0,1960.15481822552
69,381550,1945.82725519265,50,71.2132034355964,0,1945.82725519265
69,381551,1931.85655531839,50,71.2132034355964,0,1931.85655531839
69,381552,1918.25051576538,50,71.2132034355964,0,1918.25051576538
69,381553,1905.01694999931,50,71.2132034355964,0,1905.01694999931
69,381554,1892.16367314536,50,71.2132034355964,0,1892.16367314536
69,381555,1879.69848640734,50,71.2132034355964,0,1879.69848640734
69,381556,1867.62916053344,50,71.2132034355964,0,1867.62916053344
69,382226,2455.34948501482,50,71.2132034355964,0,2455.34948501482
69,382227,2434.39045766854,50,71.2132034355964,0,2434.39045766854
69,382228,2413.62009529328,50,71.2132034355964,0,2413.62009529328
69,382244,2111.3460089911,50,71.2132034355964,0,2111.3460089911
69,382245,2094.63705840724,50,71.2132034355964,0,2094.63705840724
69,382246,2078.22426616032,50,71.2132034355964,0,2078.22426616032
69,382247,2062.11470381991,50,71.2132034355964,0,2062.11470381991
69,382248,2046.31553290394,50,71.2132034355964,0,2046.31553290394
69,382249,2030.83399763465,50,71.2132034355964,0,2030.83399763465
69,382250,2015.67741688452,50,71.2132034355964,0,2015.67741688452
69,382251,2000.85317531882,50,71.2132034355964,0,2000.85317531882
69,382252,1986.36871367708,50,71.2132034355964,0,1986.36871367708
69,382253,1972.23151821144,50,71.2132034355964,0,1972.23151821144
69,382254,1958.44910922692,50,71.2132034355964,0,1958.44910922692
69,382255,1945.02902875284,50,71.2132034355964,0,1945.02902875284
69,382256,1931.97882732027,50,71.2132034355964,0,1931.97882732027
69,382257,1919.30604985036,50,71.2132034355964,0,1919.30604985036
69,382258,1907.01822068762,50,71.2132034355964,0,1907.01822068762
69,382948,2119.61079701109,50,71.2132034355964,0,2119.61079701109
69,382949,2103.39279655134,50,71.2132034355964,0,2103.39279655134
69,382950,2087.47738891456,50,71.2132034355964,0,2087.47738891456
69,382951,2071.87154735434,50,71.2132034355964,0,2071.87154735434
69,382952,2056.5823190703,50,71.2132034355964,0,2056.5823190703
69,382953,2041.61681721974,50,71.2132034355964,0,2041.61681721974
69,382954,2026.98221217454,50,71.2132034355964,0,2026.98221217454
69,382955,2012.68572197875,50,71.2132034355964,0,2012.68572197875
69,382956,1998.73460202181,50,71.2132034355964,0,1998.73460202181
69,382957,1985.13613388577,50,71.2132034355964,0,1985.13613388577
69,382958,1971.89761338417,50,71.2132034355964,0,1971.89761338417
69,382959,1959.02633779246,50,71.2132034355964,0,1959.02633779246
69,382960,1946.52959225792,50,71.2132034355964,0,1946.52959225792
69,382961,1934.41463543602,50,71.2132034355964,0,1934.41463543602
69,383047,2528.26122934344,50,71.2132034355964,0,2528.26122934344
69,383118,4307.26056978101,50,71.2132034355964,0,4307.26056978101
69,383119,4334.53345754676,50,71.2132034355964,0,4334.53345754676
69,383652,2128.684055052,50,71.2132034355964,0,2128.684055052
69,383653,2112.95907207672,50,71.2132034355964,0,2112.95907207672
69,383654,2097.54274111212,50,71.2132034355964,0,2097.54274111212
69,383655,2082.44191702973,50,71.2132034355964,0,2082.44191702973
69,383656,2067.66351259033,50,71.2132034355964,0,2067.66351259033
69,383657,2053.21448984004,50,71.2132034355964,0,2053.21448984004
69,383658,2039.10185075848,50,71.2132034355964,0,2039.10185075848
69,383659,2025.33262718549,50,71.2132034355964,0,2025.33262718549
69,383660,2011.91386997907,50,71.2132034355964,0,2011.91386997907
69,383661,1998.85263743472,50,71.2132034355964,0,1998.85263743472
69,383662,1986.15598295971,50,71.2132034355964,0,1986.15598295971
69,383663,1973.8309420035,50,71.2132034355964,0,1973.8309420035
69,383664,1961.88451828268,50,71.2132034355964,0,1961.88451828268
69,383694,1808.44483054072,50,71.2132034355964,0,1808.44483054072
69,383695,1810.77954277584,50,71.2132034355964,0,1810.77954277584
69,383749,2528.29783041399,50,71.2132034355964,0,2528.29783041399
69,383750,2549.34304742722,50,71.2132034355964,0,2549.34304742722
69,383751,2570.5640050556,50,71.2132034355964,0,2570.5640050556
69,383820,4292.51737978347,50,71.2132034355964,0,4292.51737978347
69,383821,4319.67639128415,50,71.2132034355964,0,4319.67639128415
69,383822,4346.87152687772,50,71.2132034355964,0,4346.87152687772
69,383823,4374.102112778,50,71.2132034355964,0,4374.102112778
69,384356,2138.55549959173,50,71.2132034355964,0,2138.55549959173
69,384357,2123.32493659588,50,71.2132034355964,0,2123.32493659588
69,384358,2108.40869710167,50,71.2132034355964,0,2108.40869710167
69,384359,2093.81349880167,50,71.2132034355964,0,2093.81349880167
69,384360,2079.54610134735,50,71.2132034355964,0,2079.54610134735
69,384361,2065.61329720798,50,71.2132034355964,0,2065.61329720798
69,384362,2052.02190185485,50,71.2132034355964,0,2052.02190185485
69,384363,2038.77874324268,50,71.2132034355964,0,2038.77874324268
69,384364,2025.89065060703,50,71.2132034355964,0,2025.89065060703
69,384365,2013.36444258261,50,71.2132034355964,0,2013.36444258261
69,384366,2001.20691464276,50,71.2132034355964,0,2001.20691464276
69,384367,1989.42482589668,50,71.2132034355964,0,1989.42482589668
69,384368,1978.02488525706,50,71.2132034355964,0,1978.02488525706
69,384396,1836.47196081423,50,71.2132034355964,0,1836.47196081423
69,384397,1838.2844909249,50,71.2132034355964,0,1838.2844909249
69,384398,1840.58136533873,50,71.2132034355964,0,1840.58136533873
69,384399,1843.360773541,50,71.2132034355964,0,1843.360773541
69,384452,2549.73015590098,50,71.2132034355964,0,2549.73015590098
69,384453,2570.60002657441,50,71.2132034355964,0,2570.60002657441
69,384454,2591.64704606694,50,71.2132034355964,0,2591.64704606694
69,384524,4332.26315315201,50,71.2132034355964,0,4332.26315315201
69,384525,4359.37991474421,50,71.2132034355964,0,4359.37991474421
69,384526,4386.53299767387,50,71.2132034355964,0,4386.53299767387
69,384527,4413.72173159474,50,71.2132034355964,0,4413.72173159474
69,385059,2164.26260026651,50,71.2132034355964,0,2164.26260026651
69,385060,2149.21413904329,50,71.2132034355964,0,2149.21413904329
69,385061,2134.47874755023,50,71.2132034355964,0,2134.47874755023
69,385062,2120.06295372315,50,71.2132034355964,0,2120.06295372315
69,385063,2105.97332069738,50,71.2132034355964,0,2105.97332069738
69,385064,2092.21643788531,50,71.2132034355964,0,2092.21643788531
69,385065,2078.79891142961,50,71.2132034355964,0,2078.79891142961
69,385066,2065.72735400926,50,71.2132034355964,0,2065.72735400926
69,385067,2053.00837401475,50,71.2132034355964,0,2053.00837401475
69,385068,2040.64856410642,50,71.2132034355964,0,2040.64856410642
69,385069,2028.65448914828,50,71.2132034355964,0,2028.65448914828
69,385070,2017.0326735669,50,71.2132034355964,0,2017.0326735669
69,385071,2005.78958813542,50,71.2132034355964,0,2005.78958813542
69,385072,1994.93163623572,50,71.2132034355964,0,1994.93163623572
69,385100,1868.1264484975,50,71.2132034355964,0,1868.1264484975
69,385101,1870.38668885955,50,71.2132034355964,0,1870.38668885955
69,385102,1873.12188602585,50,71.2132034355964,0,1873.12188602585
69,385155,2571.33179695469,50,71.2132034355964,0,2571.33179695469
69,385156,2592.02785734793,50,71.2132034355964,0,2592.02785734793
69,385157,2612.90239239305,50,71.2132034355964,0,2612.90239239305
69,385158,2633.95115875947,50,71.2132034355964,0,2633.95115875947
69,385159,2655.17001281478,50,71.2132034355964,0,2655.17001281478
69,385228,4372.05715931035,50,71.2132034355964,0,4372.05715931035
69,385229,4399.13213937168,50,71.2132034355964,0,4399.13213937168
69,385230,4426.24362753725,50,71.2132034355964,0,4426.24362753725
69,385763,2175.20652768424,50,71.2132034355964,0,2175.20652768424
69,385764,2160.64833024648,50,71.2132034355964,0,2160.64833024648
69,385765,2146.40822800731,50,71.2132034355964,0,2146.40822800731
69,385766,2132.49259339254,50,71.2132034355964,0,2132.49259339254
69,385767,2118.90781909857,50,71.2132034355964,0,2118.90781909857
69,385768,2105.66030882407,50,71.2132034355964,0,2105.66030882407
69,385769,2092.75646739746,50,71.2132034355964,0,2092.75646739746
69,385770,2080.20269033143,50,71.2132034355964,0,2080.20269033143
69,385771,2068.00535281044,50,71.2132034355964,0,2068.00535281044
69,385772,2056.17079810969,50,71.2132034355964,0,2056.17079810969
69,385773,2044.70532549521,50,71.2132034355964,0,2044.70532549521
69,385774,2033.61517760369,50,71.2132034355964,0,2033.61517760369
69,385775,2022.9065273552,50,71.2132034355964,0,2022.9065273552
69,385804,1900.19534859726,50,71.2132034355964,0,1900.19534859726
69,385805,1902.8877139564,50,71.2132034355964,0,1902.8877139564
69,385806,1906.04570942103,50,71.2132034355964,0,1906.04570942103
69,385807,1909.66702496895,50,71.2132034355964,0,1909.66702496895
69,385858,2593.09852216372,50,71.2132034355964,0,2593.09852216372
69,385859,2613.62233756203,50,71.2132034355964,0,2613.62233756203
69,385860,2634.3258732449,50,71.2132034355964,0,2634.3258732449
69,385861,2655.20492519264,50,71.2132034355964,0,2655.20492519264
69,385862,2676.2553854903,50,71.2132034355964,0,2676.2553854903
69,385863,2697.47324124771,50,71.2132034355964,0,2697.47324124771
69,385864,2718.85457341823,50,71.2132034355964,0,2718.85457341823
69,385865,2740.39555553909,50,71.2132034355964,0,2740.39555553909
69,386467,2186.9138720499,50,71.2132034355964,0,2186.9138720499
69,386468,2172.84583628992,50,71.2132034355964,0,2172.84583628992
69,386469,2159.10052748281,50,71.2132034355964,0,2159.10052748281
69,386470,2145.68414782698,50,71.2132034355964,0,2145.68414782698
69,386471,2132.6029052952,50,71.2132034355964,0,2132.6029052952
69,386472,2119.86300408439,50,71.2132034355964,0,2119.86300408439
69,386473,2107.47063454518,50,71.2132034355964,0,2107.47063454518
69,386474,2095.43196258815,50,71.2132034355964,0,2095.43196258815
69,386475,2083.75311857658,50,71.2132034355964,0,2083.75311857658
69,386476,2072.44018574801,50,71.2132034355964,0,2072.44018574801
69,386477,2061.49918816596,50,71.2132034355964,0,2061.49918816596
69,386478,2050.9360782582,50,71.2132034355964,0,2050.9360782582
69,386508,1932.65803945623,50,71.2132034355964,0,1932.65803945623
69,386509,1935.76748516446,50,71.2132034355964,0,1935.76748516446
69,386510,1939.3333212109,50,71.2132034355964,0,1939.3333212109
69,386558,2555.09508774047,50,71.2132034355964,0,2555.09508774047
69,386563,2655.91341993788,50,71.2132034355964,0,2655.91341993788
69,386564,2676.62419407034,50,71.2132034355964,0,2676.62419407034
69,386565,2697.50762246523,50,71.2132034355964,0,2697.50762246523
69,386566,2718.55972624081,50,71.2132034355964,0,2718.55972624081
69,386567,2739.77661715472,50,71.2132034355964,0,2739.77661715472
69,386568,2761.15449650435,50,71.2132034355964,0,2761.15449650435
69,386569,2782.68965393336,50,71.2132034355964,0,2782.68965393336
69,386570,2804.37846617175,50,71.2132034355964,0,2804.37846617175
69,387158,2402.94467144042,50,71.2132034355964,0,2402.94467144042
69,387171,2199.37244886788,50,71.2132034355964,0,2199.37244886788
69,387172,2185.79388511578,50,71.2132034355964,0,2185.79388511578
69,387173,2172.54228317159,50,71.2132034355964,0,2172.54228317159
69,387175,2147.04403165641,50,71.2132034355964,0,2147.04403165641
69,387176,2134.80938531126,50,71.2132034355964,0,2134.80938531126
69,387177,2122.92568733712,50,71.2132034355964,0,2122.92568733712
69,387178,2111.39886352491,50,71.2132034355964,0,2111.39886352491
69,387179,2100.23478983557,50,71.2132034355964,0,2100.23478983557
69,387180,2089.43928090219,50,71.2132034355964,0,2089.43928090219
69,387212,1965.49501662631,50,71.2132034355964,0,1965.49501662631
69,387260,2558.27972190444,50,71.2132034355964,0,2558.27972190444
69,387261,2577.69291502333,50,71.2132034355964,0,2577.69291502333
69,387262,2597.30547247764,50,71.2132034355964,0,2597.30547247764
69,387263,2617.11291217761,50,71.2132034355964,0,2617.11291217761
69,387264,2637.11084282539,50,71.2132034355964,0,2637.11084282539
69,387265,2657.29496370677,50,71.2132034355964,0,2657.29496370677
69,387266,2677.66106433593,50,71.2132034355964,0,2677.66106433593
69,387267,2698.20502395448,50,71.2132034355964,0,2698.20502395448
69,387268,2718.92281090262,50,71.2132034355964,0,2718.92281090262
69,387269,2739.81048186219,50,71.2132034355964,0,2739.81048186219
69,387270,2760.86418099607,50,71.2132034355964,0,2760.86418099607
69,387271,2782.08013899716,50,71.2132034355964,0,2782.08013899716
69,387272,2803.45467204283,50,71.2132034355964,0,2803.45467204283
69,387273,2824.98418068042,50,71.2132034355964,0,2824.98418068042
69,387274,2846.66514864303,50,71.2132034355964,0,2846.66514864303
69,387275,2868.49414160132,50,71.2132034355964,0,2868.49414160132
69,387276,2890.4678058719,50,71.2132034355964,0,2890.4678058719
69,387860,2444.69076256221,50,71.2132034355964,0,2444.69076256221
69,387861,2427.32726780922,50,71.2132034355964,0,2427.32726780922
69,387862,2410.20989536831,50,71.2132034355964,0,2410.20989536831
69,387875,2212.56957453559,50,71.2132034355964,0,2212.56957453559
69,387878,2174.2967564655,50,71.2132034355964,0,2174.2967564655
69,387879,2162.21625682417,50,71.2132034355964,0,2162.21625682417
69,387881,2139.10557386263,50,71.2132034355964,0,2139.10557386263
69,387882,2128.08679684102,50,71.2132034355964,0,2128.08679684102
69,387883,2117.43323575218,50,71.2132034355964,0,2117.43323575218
69,387884,2107.15043010035,50,71.2132034355964,0,2107.15043010035
69,387903,1988.63912152062,50,71.2132034355964,0,1988.63912152062
69,387904,1986.71378600398,50,71.2132034355964,0,1986.71378600398
69,387905,1985.23729402635,50,71.2132034355964,0,1985.23729402635
69,387906,1984.21064756956,50,71.2132034355964,0,1984.21064756956
69,387961,2543.33039985289,50,71.2132034355964,0,2543.33039985289
69,387963,2581.19620519734,50,71.2132034355964,0,2581.19620519734
69,387964,2600.43842734582,50,71.2132034355964,0,2600.43842734582
69,387965,2619.880820433,50,71.2132034355964,0,2619.880820433
69,387966,2639.51896115122,50,71.2132034355964,0,2639.51896115122
69,387967,2659.34851296923,50,71.2132034355964,0,2659.34851296923
69,387968,2679.3652260825,50,71.2132034355964,0,2679.3652260825
69,387969,2699.5649372065,50,71.2132034355964,0,2699.5649372065
69,387970,2719.94356922788,50,71.2132034355964,0,2719.94356922788
69,387971,2740.49713072495,50,71.2132034355964,0,2740.49713072495
69,387972,2761.22171536118,50,71.2132034355964,0,2761.22171536118
69,387973,2782.11350116781,50,71.2132034355964,0,2782.11350116781
69,387974,2803.16874973833,50,71.2132034355964,0,2803.16874973833
69,387975,2824.38380532113,50,71.2132034355964,0,2824.38380532113
69,387976,2845.75509384269,50,71.2132034355964,0,2845.75509384269
69,387977,2867.27912185561,50,71.2132034355964,0,2867.27912185561
69,387978,2888.95247542121,50,71.2132034355964,0,2888.95247542121
69,387979,2910.77181894388,50,71.2132034355964,0,2910.77181894388
69,387980,2932.73389396001,50,71.2132034355964,0,2932.73389396001
69,388564,2451.83230046546,50,71.2132034355964,0,2451.83230046546
69,388565,2434.8871142438,50,71.2132034355964,0,2434.8871142438
69,388566,2418.19317516504,50,71.2132034355964,0,2418.19317516504
69,388582,2189.68869122182,50,71.2132034355964,0,2189.68869122182
69,388584,2166.87091099052,50,71.2132034355964,0,2166.87091099052
69,388585,2155.99398210496,50,71.2132034355964,0,2155.99398210496
69,388586,2145.47894435892,50,71.2132034355964,0,2145.47894435892
69,388587,2135.33114395626,50,71.2132034355964,0,2135.33114395626
69,388588,2125.55584068095,50,71.2132034355964,0,2125.55584068095
69,388603,2026.8046172173,50,71.2132034355964,0,2026.8046172173
69,388604,2023.58963120233,50,71.2132034355964,0,2023.58963120233
69,388606,2018.47445001202,50,71.2132034355964,0,2018.47445001202
69,388607,2016.57758989327,50,71.2132034355964,0,2016.57758989327
69,388608,2015.12297158896,50,71.2132034355964,0,2015.12297158896
69,388609,2014.11155327876,50,71.2132034355964,0,2014.11155327876
69,388610,2013.54400283055,50,71.2132034355964,0,2013.54400283055
69,388611,2013.42069560151,50,71.2132034355964,0,2013.42069560151
69,388661,2512.06063034798,50,71.2132034355964,0,2512.06063034798
69,388662,2530.06098589446,50,71.2132034355964,0,2530.06098589446
69,388663,2548.28528974767,50,71.2132034355964,0,2548.28528974767
69,388664,2566.72877167056,50,71.2132034355964,0,2566.72877167056
69,388665,2585.38674099026,50,71.2132034355964,0,2585.38674099026
69,388667,2623.32778321168,50,71.2132034355964,0,2623.32778321168
69,388668,2642.60188123025,50,71.2132034355964,0,2642.60188123025
69,388669,2662.07251797523,50,71.2132034355964,0,2662.07251797523
69,388670,2681.73541256545,50,71.2132034355964,0,2681.73541256545
69,388671,2701.58636708717,50,71.2132034355964,0,2701.58636708717
69,388672,2721.62126652815,50,71.2132034355964,0,2721.62126652815
69,388673,2741.83607857238,50,71.2132034355964,0,2741.83607857238
69,388674,2762.22685325854,50,71.2132034355964,0,2762.22685325854
69,388675,2782.78972251323,50,71.2132034355964,0,2782.78972251323
69,388676,2803.52089957182,50,71.2132034355964,0,2803.52089957182
69,388677,2824.41667830704,50,71.2132034355964,0,2824.41667830704
69,388678,2845.47343245392,50,71.2132034355964,0,2845.47343245392
69,388679,2866.68761476451,50,71.2132034355964,0,2866.68761476451
69,388680,2888.05575608087,50,71.2132034355964,0,2888.05575608087
69,388681,2909.57446434279,50,71.2132034355964,0,2909.57446434279
69,388682,2931.24042354134,50,71.2132034355964,0,2931.24042354134
69,388683,2953.05039262446,50,71.2132034355964,0,2953.05039262446
69,388684,2975.00120435021,50,71.2132034355964,0,2975.00120435021
69,388685,2997.08976410469,50,71.2132034355964,0,2997.08976410469
69,388686,3019.31304869916,50,71.2132034355964,0,3019.31304869916
69,388687,3041.66810511715,50,71.2132034355964,0,3041.66810511715
69,388688,3064.15204926977,50,71.2132034355964,0,3064.15204926977
69,388689,3086.76206470617,50,71.2132034355964,0,3086.76206470617
69,389268,2459.68050201612,50,71.2132034355964,0,2459.68050201612
69,389269,2443.15589141311,50,71.2132034355964,0,2443.15589141311
69,389270,2426.88743062509,50,71.2132034355964,0,2426.88743062509
69,389271,2410.88030510187,50,71.2132034355964,0,2410.88030510187
69,389286,2205.78442452047,50,71.2132034355964,0,2205.78442452047
69,389287,2194.69264982325,50,71.2132034355964,0,2194.69264982325
69,389288,2183.9542303773,50,71.2132034355964,0,2183.9542303773
69,389289,2173.57440338197,50,71.2132034355964,0,2173.57440338197
69,389290,2163.55832996381,50,71.2132034355964,0,2163.55832996381
69,389291,2153.91108468699,50,71.2132034355964,0,2153.91108468699
69,389292,2144.63764486739,50,71.2132034355964,0,2144.63764486739
69,389293,2135.74287972455,50,71.2132034355964,0,2135.74287972455
69,389306,2056.52135432183,50,71.2132034355964,0,2056.52135432183
69,389307,2053.35288002588,50,71.2132034355964,0,2053.35288002588
69,389308,2050.61585200997,50,71.2132034355964,0,2050.61585200997
69,389309,2048.3119998179,50,71.2132034355964,0,2048.3119998179
69,389310,2046.44278643605,50,71.2132034355964,0,2046.44278643605
69,389311,2045.00940369348,50,71.2132034355964,0,2045.00940369348
69,389312,2044.01276848024,50,71.2132034355964,0,2044.01276848024
69,389313,2043.45351982985,50,71.2132034355964,0,2043.45351982985
69,389314,2043.33201687256,50,71.2132034355964,0,2043.33201687256
69,389315,2043.64833768636,50,71.2132034355964,0,2043.64833768636
69,389365,2553.93109649067,50,71.2132034355964,0,2553.93109649067
69,389366,2571.98636636606,50,71.2132034355964,0,2571.98636636606
69,389367,2590.26119249167,50,71.2132034355964,0,2590.26119249167
69,389372,2684.76986520881,50,71.2132034355964,0,2684.76986520881
69,389373,2704.2678354913,50,71.2132034355964,0,2704.2678354913
69,389374,2723.95469426499,50,71.2132034355964,0,2723.95469426499
69,389375,2743.82637572621,50,71.2132034355964,0,2743.82637572621
69,389376,2763.87889337145,50,71.2132034355964,0,2763.87889337145
69,389377,2784.1083397915,50,71.2132034355964,0,2784.1083397915
69,389378,2804.51088633138,50,71.2132034355964,0,2804.51088633138
69,389379,2825.08278264046,50,71.2132034355964,0,2825.08278264046
69,389383,2908.99156604319,50,71.2132034355964,0,2908.99156604319
69,389384,2930.3566532667,50,71.2132034355964,0,2930.3566532667
69,389385,2951.87019577759,50,71.2132034355964,0,2951.87019577759
69,389386,2973.52897134795,50,71.2132034355964,0,2973.52897134795
69,389387,2995.32982950422,50,71.2132034355964,0,2995.32982950422
69,389388,3017.26969045215,50,71.2132034355964,0,3017.26969045215
69,389389,3039.34554397375,50,71.2132034355964,0,3039.34554397375
69,389390,3061.55444827376,50,71.2132034355964,0,3061.55444827376
69,389391,3083.89352882824,50,71.2132034355964,0,3083.89352882824
69,389392,3106.35997718896,50,71.2132034355964,0,3106.35997718896
69,389393,3128.95104978293,50,71.2132034355964,0,3128.95104978293
69,389972,2468.22863215453,50,71.2132034355964,0,2468.22863215453
69,389973,2452.12643349237,50,71.2132034355964,0,2452.12643349237
69,389974,2436.28505600612,50,71.2132034355964,0,2436.28505600612
69,389975,2420.70962022718,50,71.2132034355964,0,2420.70962022718
69,389989,2233.52207637973,50,71.2132034355964,0,2233.52207637973
69,389990,2222.56867228156,50,71.2132034355964,0,2222.56867228156
69,389991,2211.9655294377,50,71.2132034355964,0,2211.9655294377
69,389992,2201.71770827075,50,71.2132034355964,0,2201.71770827075
69,389993,2191.83019266791,50,71.2132034355964,0,2191.83019266791
69,389994,2182.30788000917,50,71.2132034355964,0,2182.30788000917
69,389995,2173.1555710286,50,71.2132034355964,0,2173.1555710286
69,389996,2164.37795953528,50,71.2132034355964,0,2164.37795953528
69,389997,2155.9796220362,50,71.2132034355964,0,2155.9796220362
69,390009,2086.2436575639,50,71.2132034355964,0,2086.2436575639
69,390010,2083.12037526545,50,71.2132034355964,0,2083.12037526545
69,390011,2080.42249556755,50,71.2132034355964,0,2080.42249556755
69,390012,2078.15167525803,50,71.2132034355964,0,2078.15167525803
69,390013,2076.30931553769,50,71.2132034355964,0,2076.30931553769
69,390014,2074.89655773447,50,71.2132034355964,0,2074.89655773447
69,390015,2073.91427978732,50,71.2132034355964,0,2073.91427978732
69,390016,2073.36309352964,50,71.2132034355964,0,2073.36309352964
69,390017,2073.24334278781,50,71.2132034355964,0,2073.24334278781
69,390018,2073.55510230969,50,71.2132034355964,0,2073.55510230969
69,390019,2074.29817753228,50,71.2132034355964,0,2074.29817753228
69,390020,2075.47210518697,50,71.2132034355964,0,2075.47210518697
69,390021,2077.07615474319,50,71.2132034355964,0,2077.07615474319
69,390022,2079.10933067384,50,71.2132034355964,0,2079.10933067384
69,390080,2806.13804008508,50,71.2132034355964,0,2806.13804008508
69,390081,2826.38167572231,50,71.2132034355964,0,2826.38167572231
69,390082,2846.79564013447,50,71.2132034355964,0,2846.79564013447
69,390083,2867.37629541573,50,71.2132034355964,0,2867.37629541573
69,390085,2909.02349837435,50,71.2132034355964,0,2909.02349837435
69,390086,2930.08313975235,50,71.2132034355964,0,2930.08313975235
69,390087,2951.29565794449,50,71.2132034355964,0,2951.29565794449
69,390088,2972.65778022054,50,71.2132034355964,0,2972.65778022054
69,390092,3059.53930825577,50,71.2132034355964,0,3059.53930825577
69,390093,3081.60279907442,50,71.2132034355964,0,3081.60279907442
69,390094,3103.79770711792,50,71.2132034355964,0,3103.79770711792
69,390095,3126.1212332713,50,71.2132034355964,0,3126.1212332713
69,390096,3148.57064180682,50,71.2132034355964,0,3148.57064180682
69,390676,2477.46945172965,50,71.2132034355964,0,2477.46945172965
69,390677,2461.79107485328,50,71.2132034355964,0,2461.79107485328
69,390678,2446.37795135493,50,71.2132034355964,0,2446.37795135493
69,390679,2431.23512606076,50,71.2132034355964,0,2431.23512606076
69,390692,2261.31514774666,50,71.2132034355964,0,2261.31514774666
69,390693,2250.49696119756,50,71.2132034355964,0,2250.49696119756
69,390694,2240.02596413358,50,71.2132034355964,0,2240.02596413358
69,390695,2229.90704746272,50,71.2132034355964,0,2229.90704746272
69,390696,2220.14502529876,50,71.2132034355964,0,2220.14502529876
69,390697,2210.74462548206,50,71.2132034355964,0,2210.74462548206
69,390698,2201.71047995358,50,71.2132034355964,0,2201.71047995358
69,390699,2193.04711501764,50,71.2132034355964,0,2193.04711501764
69,390700,2184.75894151697,50,71.2132034355964,0,2184.75894151697
69,390701,2176.85024498735,50,71.2132034355964,0,2176.85024498735
69,390712,2115.97129238792,50,71.2132034355964,0,2115.97129238792
69,390713,2112.89193744616,50,71.2132034355964,0,2112.89193744616
69,390714,2110.23210599065,50,71.2132034355964,0,2110.23210599065
69,390715,2107.99338606693,50,71.2132034355964,0,2107.99338606693
69,390716,2106.17712051124,50,71.2132034355964,0,2106.17712051124
69,390717,2104.78440296024,50,71.2132034355964,0,2104.78440296024
69,390719,2103.27272151255,50,71.2132034355964,0,2103.27272151255
69,390720,2103.15467314979,50,71.2132034355964,0,2103.15467314979
69,390721,2103.46200109336,50,71.2132034355964,0,2103.46200109336
69,390722,2104.19451895804,50,71.2132034355964,0,2104.19451895804
69,390723,2105.35178293249,50,71.2132034355964,0,2105.35178293249
69,390724,2106.93309312415,50,71.2132034355964,0,2106.93309312415
69,390725,2108.93749566481,50,71.2132034355964,0,2108.93749566481
69,390785,2868.65604388046,50,71.2132034355964,0,2868.65604388046
69,390786,2889.08108801789,50,71.2132034355964,0,2889.08108801789
69,390787,2909.67024605679,50,71.2132034355964,0,2909.67024605679
69,390788,2930.42005880348,50,71.2132034355964,0,2930.42005880348
69,390789,2951.32713772751,50,71.2132034355964,0,2951.32713772751
69,390790,2972.38816431085,50,71.2132034355964,0,2972.38816431085
69,390791,2993.59988932441,50,71.2132034355964,0,2993.59988932441
69,390792,3014.95913205843,50,71.2132034355964,0,3014.95913205843
69,390793,3036.46277948334,50,71.2132034355964,0,3036.46277948334
69,390797,3123.86147415911,50,71.2132034355964,0,3123.86147415911
69,390798,3146.04275492222,50,71.2132034355964,0,3146.04275492222
69,391380,2487.39524640577,50,71.2132034355964,0,2487.39524640577
69,391381,2472.14168076928,50,71.2132034355964,0,2472.14168076928
69,391382,2457.157554989,50,71.2132034355964,0,2457.157554989
69,391383,2442.44782801567,50,71.2132034355964,0,2442.44782801567
69,391384,2428.01748704921,50,71.2132034355964,0,2428.01748704921
69,391385,2413.8715426772,50,71.2132034355964,0,2413.8715426772
69,391398,2258.14069695793,50,71.2132034355964,0,2258.14069695793
69,391399,2248.50120452557,50,71.2132034355964,0,2248.50120452557
69,391400,2239.21979907507,50,71.2132034355964,0,2239.21979907507
69,391401,2230.30095115194,50,71.2132034355964,0,2230.30095115194
69,391402,2221.74902704489,50,71.2132034355964,0,2221.74902704489
69,391403,2213.56827948999,50,71.2132034355964,0,2213.56827948999
69,391404,2205.76283835899,50,71.2132034355964,0,2205.76283835899
69,391415,2145.70403719266,50,71.2132034355964,0,2145.70403719266
69,391416,2142.66739703855,50,71.2132034355964,0,2142.66739703855
69,391417,2140.04455929683,50,71.2132034355964,0,2140.04455929683
69,391418,2137.83704700673,50,71.2132034355964,0,2137.83704700673
69,391419,2136.04614783217,50,71.2132034355964,0,2136.04614783217
69,391420,2134.67291033593,50,71.2132034355964,0,2134.67291033593
69,391421,2133.71814092481,50,71.2132034355964,0,2133.71814092481
69,391422,2133.18240149264,50,71.2132034355964,0,2133.18240149264
69,391423,2133.06600776941,50,71.2132034355964,0,2133.06600776941
69,391424,2133.36902839208,50,71.2132034355964,0,2133.36902839208
69,391425,2134.09128470181,50,71.2132034355964,0,2134.09128470181
69,391426,2135.23235127148,50,71.2132034355964,0,2135.23235127148
69,391427,2136.79155715488,50,71.2132034355964,0,2136.79155715488
69,391428,2138.76798785601,50,71.2132034355964,0,2138.76798785601
69,391429,2141.16048799768,50,71.2132034355964,0,2141.16048799768
69,391490,2931.36720486154,50,71.2132034355964,0,2931.36720486154
69,391491,2951.96462062972,50,71.2132034355964,0,2951.96462062972
69,391492,2972.72029215408,50,71.2132034355964,0,2972.72029215408
69,391493,2993.63092774251,50,71.2132034355964,0,2993.63092774251
69,391494,3014.69330279034,50,71.2132034355964,0,3014.69330279034
69,391495,3035.90425910475,50,71.2132034355964,0,3035.90425910475
69,391496,3057.26070416268,50,71.2132034355964,0,3057.26070416268
69,391497,3078.75961032606,50,71.2132034355964,0,3078.75961032606
69,392085,2483.16967914117,50,71.2132034355964,0,2483.16967914117
69,392086,2468.61487690838,50,71.2132034355964,0,2468.61487690838
69,392087,2454.3383135781,50,71.2132034355964,0,2454.3383135781
69,392088,2440.34487243405,50,71.2132034355964,0,2440.34487243405
69,392089,2426.63945143374,50,71.2132034355964,0,2426.63945143374
69,392090,2413.22695783333,50,71.2132034355964,0,2413.22695783333
69,392091,2400.1123025184,50,71.2132034355964,0,2400.1123025184
69,392092,2387.30039402393,50,71.2132034355964,0,2387.30039402393
69,392104,2258.92563432607,50,71.2132034355964,0,2258.92563432607
69,392105,2250.48244232212,50,71.2132034355964,0,2250.48244232212
69,392106,2242.40647897039,50,71.2132034355964,0,2242.40647897039
69,392107,2234.70172564641,50,71.2132034355964,0,2234.70172564641
69,392108,2227.37203453509,50,71.2132034355964,0,2227.37203453509
69,392118,2175.44168245916,50,71.2132034355964,0,2175.44168245916
69,392119,2172.44659379279,50,71.2132034355964,0,2172.44659379279
69,392120,2169.85973830972,50,71.2132034355964,0,2169.85973830972
69,392121,2167.68257753475,50,71.2132034355964,0,2167.68257753475
69,392122,2165.91634693406,50,71.2132034355964,0,2165.91634693406
69,392123,2164.5620524347,50,71.2132034355964,0,2164.5620524347
69,392124,2163.6204675776,50,71.2132034355964,0,2163.6204675776
69,392125,2163.09213131524,50,71.2132034355964,0,2163.09213131524
69,392126,2162.97734647247,50,71.2132034355964,0,2162.97734647247
69,392127,2163.27617887861,50,71.2132034355964,0,2163.27617887861
69,392128,2163.98845718086,50,71.2132034355964,0,2163.98845718086
69,392129,2165.11377333304,50,71.2132034355964,0,2165.11377333304
69,392130,2166.65148376404,50,71.2132034355964,0,2166.65148376404
69,392131,2168.60071121297,50,71.2132034355964,0,2168.60071121297
69,392132,2170.96034722139,50,71.2132034355964,0,2170.96034722139
69,392133,2173.72905526371,50,71.2132034355964,0,2173.72905526371
69,392138,2193.64645452901,50,71.2132034355964,0,2193.64645452901
69,392197,3035.93486687182,50,71.2132034355964,0,3035.93486687182
69,392198,3056.99855518303,50,71.2132034355964,0,3056.99855518303
69,392199,3078.20876626615,50,71.2132034355964,0,3078.20876626615
69,392200,3099.56249216805,50,71.2132034355964,0,3099.56249216805
69,392201,3121.05678718247,50,71.2132034355964,0,3121.05678718247
69,392202,3142.68876705665,50,71.2132034355964,0,3142.68876705665
69,392790,2480.74053280372,50,71.2132034355964,0,2480.74053280372
69,392791,2466.89678782843,50,71.2132034355964,0,2466.89678782843
69,392792,2453.33962875992,50,71.2132034355964,0,2453.33962875992
69,392793,2440.07383245462,50,71.2132034355964,0,2440.07383245462
69,392794,2427.10417641288,50,71.2132034355964,0,2427.10417641288
69,392795,2414.43543298099,50,71.2132034355964,0,2414.43543298099
69,392796,2402.07236328543,50,71.2132034355964,0,2402.07236328543
69,392797,2390.01971088684,50,71.2132034355964,0,2390.01971088684
69,392798,2378.28219518839,50,71.2132034355964,0,2378.28219518839
69,392808,2279.24616940666,50,71.2132034355964,0,2279.24616940666
69,392809,2271.27244059852,50,71.2132034355964,0,2271.27244059852
69,392810,2263.66589841789,50,71.2132034355964,0,2263.66589841789
69,392811,2256.43025628115,50,71.2132034355964,0,2256.43025628115
69,392824,2197.52990147513,50,71.2132034355964,0,2197.52990147513
69,392825,2195.78766999386,50,71.2132034355964,0,2195.78766999386
69,392826,2194.45180331974,50,71.2132034355964,0,2194.45180331974
69,392827,2193.52304388742,50,71.2132034355964,0,2193.52304388742
69,392828,2193.00190894017,50,71.2132034355964,0,2193.00190894017
69,392829,2192.88868908987,50,71.2132034355964,0,2192.88868908987
69,392830,2193.18344751186,50,71.2132034355964,0,2193.18344751186
69,392831,2193.88601976473,50,71.2132034355964,0,2193.88601976473
69,392832,2194.99601424947,50,71.2132034355964,0,2194.99601424947
69,392833,2196.51281330231,50,71.2132034355964,0,2196.51281330231
69,392835,2200.76323501423,50,71.2132034355964,0,2200.76323501423
69,392839,2214.09398867013,50,71.2132034355964,0,2214.09398867013
69,392840,2218.42264641339,50,71.2132034355964,0,2218.42264641339
69,392841,2223.14535897834,50,71.2132034355964,0,2223.14535897834
69,392842,2228.25962081307,50,71.2132034355964,0,2228.25962081307
69,392901,3078.238953655,50,71.2132034355964,0,3078.238953655
69,392902,3099.30392147727,50,71.2132034355964,0,3099.30392147727
69,392903,3120.51340984162,50,71.2132034355964,0,3120.51340984162
69,392904,3141.86449194809,50,71.2132034355964,0,3141.86449194809
69,392905,3163.35430072968,50,71.2132034355964,0,3163.35430072968
69,392906,3184.98002812432,50,71.2132034355964,0,3184.98002812432
69,392907,3206.7389242951,50,71.2132034355964,0,3206.7389242951
69,393497,2454.16374660245,50,71.2132034355964,0,2454.16374660245
69,393498,2441.63534178959,50,71.2132034355964,0,2441.63534178959
69,393499,2429.41062823604,50,71.2132034355964,0,2429.41062823604
69,393500,2417.49421303568,50,71.2132034355964,0,2417.49421303568
69,393501,2405.89067721449,50,71.2132034355964,0,2405.89067721449
69,393502,2394.604569136,50,71.2132034355964,0,2394.604569136
69,393513,2292.65439834232,50,71.2132034355964,0,2292.65439834232
69,393514,2285.51049356998,50,71.2132034355964,0,2285.51049356998
69,393528,2225.66007175609,50,71.2132034355964,0,2225.66007175609
69,393529,2224.34213844848,50,71.2132034355964,0,2224.34213844848
69,393530,2223.42585978057,50,71.2132034355964,0,2223.42585978057
69,393531,2222.91173243567,50,71.2132034355964,0,2222.91173243567
69,393532,2222.80003546314,50,71.2132034355964,0,2222.80003546314
69,393533,2223.09082952284,50,71.2132034355964,0,2223.09082952284
69,393534,2223.78395671785,50,71.2132034355964,0,2223.78395671785
69,393535,2224.87904102622,50,71.2132034355964,0,2224.87904102622
69,393542,2243.72277431079,50,71.2132034355964,0,2243.72277431079
69,393543,2247.99440358777,50,71.2132034355964,0,2247.99440358777
69,393544,2252.65514456916,50,71.2132034355964,0,2252.65514456916
69,393545,2257.70258744148,50,71.2132034355964,0,2257.70258744148
69,393608,3184.16669958681,50,71.2132034355964,0,3184.16669958681
69,393609,3205.65214213928,50,71.2132034355964,0,3205.65214213928
69,393610,3227.27178172164,50,71.2132034355964,0,3227.27178172164
69,393611,3249.02293941221,50,71.2132034355964,0,3249.02293941221
69,394204,2433.55359402632,50,71.2132034355964,0,2433.55359402632
69,394205,2422.39631265484,50,71.2132034355964,0,2422.39631265484
69,394206,2411.55844153021,50,71.2132034355964,0,2411.55844153021
69,394231,2255.53350936474,50,71.2132034355964,0,2255.53350936474
69,394232,2254.23303458353,50,71.2132034355964,0,2254.23303458353
69,394233,2253.32890572223,50,71.2132034355964,0,2253.32890572223
69,394234,2252.82159997906,50,71.2132034355964,0,2252.82159997906
69,394235,2252.71138544601,50,71.2132034355964,0,2252.71138544601
69,394236,2252.99832039889,50,71.2132034355964,0,2252.99832039889
69,394237,2253.68225314454,50,71.2132034355964,0,2253.68225314454
69,394238,2254.76282242045,50,71.2132034355964,0,2254.76282242045
69,394245,2273.35896391308,50,71.2132034355964,0,2273.35896391308
69,394246,2277.57503335192,50,71.2132034355964,0,2277.57503335192
69,394247,2282.17538920762,50,71.2132034355964,0,2282.17538920762
69,394248,2287.15771263699,50,71.2132034355964,0,2287.15771263699
69,394249,2292.51951325473,50,71.2132034355964,0,2292.51951325473
69,394250,2298.25813511969,50,71.2132034355964,0,2298.25813511969
69,394251,2304.3707630164,50,71.2132034355964,0,2304.3707630164
69,394313,3247.95030304741,50,71.2132034355964,0,3247.95030304741
69,394317,3335.17441147567,50,71.2132034355964,0,3335.17441147567
69,394318,3357.29261497205,50,71.2132034355964,0,3357.29261497205
69,394320,3401.88663238823,50,71.2132034355964,0,3401.88663238823
69,394321,3424.35778929414,50,71.2132034355964,0,3424.35778929414
69,394908,2450.2379766299,50,71.2132034355964,0,2450.2379766299
69,394909,2439.52374078168,50,71.2132034355964,0,2439.52374078168
69,394910,2429.13059590736,50,71.2132034355964,0,2429.13059590736
69,394911,2419.06268056839,50,71.2132034355964,0,2419.06268056839
69,394935,2284.12446969694,50,71.2132034355964,0,2284.12446969694
69,394936,2283.23217266992,50,71.2132034355964,0,2283.23217266992
69,394937,2282.73150983558,50,71.2132034355964,0,2282.73150983558
69,394938,2282.62273889339,50,71.2132034355964,0,2282.62273889339
69,394939,2282.90591585925,50,71.2132034355964,0,2282.90591585925
69,394940,2283.58089492171,50,71.2132034355964,0,2283.58089492171
69,394949,2307.16419443092,50,71.2132034355964,0,2307.16419443092
69,394950,2311.70569220805,50,71.2132034355964,0,2311.70569220805
69,394951,2316.62453262041,50,71.2132034355964,0,2316.62453262041
69,394952,2321.91831753881,50,71.2132034355964,0,2321.91831753881
69,394953,2327.58448867821,50,71.2132034355964,0,2327.58448867821
69,394954,2333.62033351159,50,71.2132034355964,0,2333.62033351159
69,394959,2369.23972248265,50,71.2132034355964,0,2369.23972248265
69,394960,2377.42881159142,50,71.2132034355964,0,2377.42881159142
69,394961,2385.9648103448,50,71.2132034355964,0,2385.9648103448
69,395020,3355.45508883371,50,71.2132034355964,0,3355.45508883371
69,395021,3377.44059851715,50,71.2132034355964,0,3377.44059851715
69,395022,3399.5471125,50,71.2132034355964,0,3399.5471125
69,395023,3421.77228551873,50,71.2132034355964,0,3421.77228551873
69,395024,3444.11382042294,50,71.2132034355964,0,3444.11382042294
69,395025,3466.56946740774,50,71.2132034355964,0,3466.56946740774
69,395026,3489.13702323928,50,71.2132034355964,0,3489.13702323928
69,395612,2467.53468877064,50,71.2132034355964,0,2467.53468877064
69,395613,2457.25996557296,50,71.2132034355964,0,2457.25996557296
69,395614,2447.30772003835,50,71.2132034355964,0,2447.30772003835
69,395615,2437.68190187929,50,71.2132034355964,0,2437.68190187929
69,395638,2314.01642290367,50,71.2132034355964,0,2314.01642290367
69,395639,2313.13565205479,50,71.2132034355964,0,2313.13565205479
69,395640,2312.6414603653,50,71.2132034355964,0,2312.6414603653
69,395641,2312.53409567209,50,71.2132034355964,0,2312.53409567209
69,395642,2312.81361184793,50,71.2132034355964,0,2312.81361184793
69,395643,2313.47986866189,50,71.2132034355964,0,2313.47986866189
69,395644,2314.53253213522,50,71.2132034355964,0,2314.53253213522
69,395645,2315.97107537563,50,71.2132034355964,0,2315.97107537563
69,395646,2317.7947798923,50,71.2132034355964,0,2317.7947798923
69,395647,2320.00273738366,50,71.2132034355964,0,2320.00273738366
69,395650,2328.92024790474,50,71.2132034355964,0,2328.92024790474
69,395653,2341.2456729705,50,71.2132034355964,0,2341.2456729705
69,395654,2346.10260673735,50,71.2132034355964,0,2346.10260673735
69,395655,2351.33005371986,50,71.2132034355964,0,2351.33005371986
69,395656,2356.92554862485,50,71.2132034355964,0,2356.92554862485
69,395657,2362.88647675789,50,71.2132034355964,0,2362.88647675789
69,395660,2382.93359604917,50,71.2132034355964,0,2382.93359604917
69,395661,2390.32732981176,50,71.2132034355964,0,2390.32732981176
69,395662,2398.07139263209,50,71.2132034355964,0,2398.07139263209
69,395663,2406.16240198248,50,71.2132034355964,0,2406.16240198248
69,395664,2414.59687014447,50,71.2132034355964,0,2414.59687014447
69,395723,3375.87895885655,50,71.2132034355964,0,3375.87895885655
69,395724,3397.73243265663,50,71.2132034355964,0,3397.73243265663
69,395725,3419.70789145614,50,71.2132034355964,0,3419.70789145614
69,395726,3441.80299867806,50,71.2132034355964,0,3441.80299867806
69,395727,3464.01546480341,50,71.2132034355964,0,3464.01546480341
69,395728,3486.34304665451,50,71.2132034355964,0,3486.34304665451
69,395729,3508.78354666853,50,71.2132034355964,0,3508.78354666853
69,395730,3531.33481216868,50,71.2132034355964,0,3531.33481216868
69,396316,2485.43095224287,50,71.2132034355964,0,2485.43095224287
69,396317,2475.59190783219,50,71.2132034355964,0,2475.59190783219
69,396318,2466.07644235535,50,71.2132034355964,0,2466.07644235535
69,396319,2456.88831545321,50,71.2132034355964,0,2456.88831545321
69,396343,2342.55145000844,50,71.2132034355964,0,2342.55145000844
69,396344,2342.44545565394,50,71.2132034355964,0,2342.44545565394
69,396345,2342.72140451372,50,71.2132034355964,0,2342.72140451372
69,396346,2343.37916165778,50,71.2132034355964,0,2343.37916165778
69,396347,2344.41840572214,50,71.2132034355964,0,2344.41840572214
69,396348,2345.83862969319,50,71.2132034355964,0,2345.83862969319
69,396349,2347.63914213973,50,71.2132034355964,0,2347.63914213973
69,396350,2349.81906889178,50,71.2132034355964,0,2349.81906889178
69,396351,2352.37735514923,50,71.2132034355964,0,2352.37735514923
69,396352,2355.31276801682,50,71.2132034355964,0,2355.31276801682
69,396353,2358.62389944192,50,71.2132034355964,0,2358.62389944192
69,396354,2362.30916954703,50,71.2132034355964,0,2362.30916954703
69,396355,2366.3668303342,50,71.2132034355964,0,2366.3668303342
69,396357,2375.59151603834,50,71.2132034355964,0,2375.59151603834
69,396358,2380.75424251723,50,71.2132034355964,0,2380.75424251723
69,396359,2386.28077248246,50,71.2132034355964,0,2386.28077248246
69,396362,2405.01727825272,50,71.2132034355964,0,2405.01727825272
69,396363,2411.97244371066,50,71.2132034355964,0,2411.97244371066
69,396364,2419.27747052834,50,71.2132034355964,0,2419.27747052834
69,396365,2426.92919947405,50,71.2132034355964,0,2426.92919947405
69,396366,2434.92436202238,50,71.2132034355964,0,2434.92436202238
69,396427,3418.16555549728,50,71.2132034355964,0,3418.16555549728
69,396428,3440.01060305192,50,71.2132034355964,0,3440.01060305192
69,396429,3461.97625394998,50,71.2132034355964,0,3461.97625394998
69,396430,3484.06022712072,50,71.2132034355964,0,3484.06022712072
69,396431,3506.26028682796,50,71.2132034355964,0,3506.26028682796
69,396432,3528.57424199105,50,71.2132034355964,0,3528.57424199105
69,396433,3550.99994550304,50,71.2132034355964,0,3550.99994550304
69,396434,3573.53529353647,50,71.2132034355964,0,3573.53529353647
69,397020,2503.91391729439,50,71.2132034355964,0,2503.91391729439
69,397021,2494.50643973155,50,71.2132034355964,0,2494.50643973155
69,397022,2485.42336630566,50,71.2132034355964,0,2485.42336630566
69,397023,2476.6682662343,50,71.2132034355964,0,2476.6682662343
69,397024,2468.24462957922,50,71.2132034355964,0,2468.24462957922
69,397047,2372.35681871872,50,71.2132034355964,0,2372.35681871872
69,397048,2372.62929020218,50,71.2132034355964,0,2372.62929020218
69,397049,2373.27876184393,50,71.2132034355964,0,2373.27876184393
69,397050,2374.30492426875,50,71.2132034355964,0,2374.30492426875
69,397051,2375.70728935332,50,71.2132034355964,0,2375.70728935332
69,397052,2377.48519138589,50,71.2132034355964,0,2377.48519138589
69,397053,2379.63778864042,50,71.2132034355964,0,2379.63778864042
69,397054,2382.16406535836,50,71.2132034355964,0,2382.16406535836
69,397055,2385.0628341271,50,71.2132034355964,0,2385.0628341271
69,397056,2388.33273864335,50,71.2132034355964,0,2388.33273864335
69,397057,2391.97225684309,50,71.2132034355964,0,2391.97225684309
69,397058,2395.97970438632,50,71.2132034355964,0,2395.97970438632
69,397059,2400.35323847184,50,71.2132034355964,0,2400.35323847184
69,397060,2405.09086197275,50,71.2132034355964,0,2405.09086197275
69,397063,2421.46607756208,50,71.2132034355964,0,2421.46607756208
69,397064,2427.63716128143,50,71.2132034355964,0,2427.63716128143
69,397065,2434.16019772131,50,71.2132034355964,0,2434.16019772131
69,397066,2441.03236537284,50,71.2132034355964,0,2441.03236537284
69,397067,2448.25072423167,50,71.2132034355964,0,2448.25072423167
69,397068,2455.81222162682,50,71.2132034355964,0,2455.81222162682
69,397131,3460.45274910335,50,71.2132034355964,0,3460.45274910335
69,397132,3482.28957405371,50,71.2132034355964,0,3482.28957405371
69,397133,3504.24565141368,50,71.2132034355964,0,3504.24565141368
69,397134,3526.31875366559,50,71.2132034355964,0,3526.31875366559
69,397135,3548.50669698537,50,71.2132034355964,0,3548.50669698537
69,397136,3570.80734060682,50,71.2132034355964,0,3570.80734060682
69,397137,3593.21858616999,50,71.2132034355964,0,3593.21858616999
69,397138,3615.73837706154,50,71.2132034355964,0,3615.73837706154
69,397724,2522.97069537297,50,71.2132034355964,0,2522.97069537297
69,397725,2513.99041733907,50,71.2132034355964,0,2513.99041733907
69,397726,2505.33510256287,50,71.2132034355964,0,2505.33510256287
69,397727,2497.00813028155,50,71.2132034355964,0,2497.00813028155
69,397728,2489.01279589845,50,71.2132034355964,0,2489.01279589845
69,397729,2481.35230519668,50,71.2132034355964,0,2481.35230519668
69,397730,2474.02976856773,50,71.2132034355964,0,2474.02976856773
69,397751,2402.5372654381,50,71.2132034355964,0,2402.5372654381
69,397752,2403.17865775366,50,71.2132034355964,0,2403.17865775366
69,397753,2404.19206372083,50,71.2132034355964,0,2404.19206372083
69,397754,2405.57701318126,50,71.2132034355964,0,2405.57701318126
69,397755,2407.33286488326,50,71.2132034355964,0,2407.33286488326
69,397756,2409.45880796117,50,71.2132034355964,0,2409.45880796117
69,397757,2411.95386379688,50,71.2132034355964,0,2411.95386379688
69,397758,2414.81688825908,50,71.2132034355964,0,2414.81688825908
69,397759,2418.04657429662,50,71.2132034355964,0,2418.04657429662
69,397760,2421.64145488626,50,71.2132034355964,0,2421.64145488626
69,397761,2425.59990630981,50,71.2132034355964,0,2425.59990630981
69,397762,2429.92015174711,50,71.2132034355964,0,2429.92015174711
69,397763,2434.60026516725,50,71.2132034355964,0,2434.60026516725
69,397766,2450.77840419164,50,71.2132034355964,0,2450.77840419164
69,397767,2456.87589620734,50,71.2132034355964,0,2456.87589620734
69,397768,2463.32154238544,50,71.2132034355964,0,2463.32154238544
69,397769,2470.11261725137,50,71.2132034355964,0,2470.11261725137
69,397770,2477.24627995028,50,71.2132034355964,0,2477.24627995028
69,397833,3459.44563577013,50,71.2132034355964,0,3459.44563577013
69,397834,3481.03187315023,50,71.2132034355964,0,3481.03187315023
69,397835,3502.74052216999,50,71.2132034355964,0,3502.74052216999
69,397836,3524.5693209438,50,71.2132034355964,0,3524.5693209438
69,397837,3546.51605090955,50,71.2132034355964,0,3546.51605090955
69,397838,3568.57853623711,50,71.2132034355964,0,3568.57853623711
69,397839,3590.75464323666,50,71.2132034355964,0,3590.75464323666
69,397840,3613.04227975105,50,71.2132034355964,0,3613.04227975105
69,398429,2534.03071110438,50,71.2132034355964,0,2534.03071110438
69,398430,2525.7982990459,50,71.2132034355964,0,2525.7982990459
69,398431,2517.89434421354,50,71.2132034355964,0,2517.89434421354
69,398432,2510.32194913414,50,71.2132034355964,0,2510.32194913414
69,398433,2503.08412293778,50,71.2132034355964,0,2503.08412293778
69,398434,2496.18377593291,50,71.2132034355964,0,2496.18377593291
69,398435,2489.62371423333,50,71.2132034355964,0,2489.62371423333
69,398442,2453.44272480767,50,71.2132034355964,0,2453.44272480767
69,398443,2449.69178211722,50,71.2132034355964,0,2449.69178211722
69,398456,2434.07980120682,50,71.2132034355964,0,2434.07980120682
69,398457,2435.44776202251,50,71.2132034355964,0,2435.44776202251
69,398458,2437.18210295581,50,71.2132034355964,0,2437.18210295581
69,398459,2439.28204251329,50,71.2132034355964,0,2439.28204251329
69,398460,2441.74663743359,50,71.2132034355964,0,2441.74663743359
69,398461,2444.57478479133,50,71.2132034355964,0,2444.57478479133
69,398462,2447.76522444231,50,71.2132034355964,0,2447.76522444231
69,398463,2451.31654179362,50,71.2132034355964,0,2451.31654179362
69,398464,2455.22717089105,50,71.2132034355964,0,2455.22717089105
69,398465,2459.49539780448,50,71.2132034355964,0,2459.49539780448
69,398468,2474.42638532718,50,71.2132034355964,0,2474.42638532718
69,398469,2480.10503843126,50,71.2132034355964,0,2480.10503843126
69,398470,2486.13063723972,50,71.2132034355964,0,2486.13063723972
69,398471,2492.50066554014,50,71.2132034355964,0,2492.50066554014
69,398472,2499.21248967351,50,71.2132034355964,0,2499.21248967351
69,398473,2506.2633636315,50,71.2132034355964,0,2506.2633636315
69,398537,3501.74556020885,50,71.2132034355964,0,3501.74556020885
69,398538,3523.32670173781,50,71.2132034355964,0,3523.32670173781
69,398539,3545.02885802983,50,71.2132034355964,0,3545.02885802983
69,398541,3588.7874210468,50,71.2132034355964,0,3588.7874210468
69,398542,3610.83953472738,50,71.2132034355964,0,3610.83953472738
69,398543,3633.00407596337,50,71.2132034355964,0,3633.00407596337
69,399134,2546.79966872863,50,71.2132034355964,0,2546.79966872863
69,399135,2539.3134323361,50,71.2132034355964,0,2539.3134323361
69,399136,2532.15843714135,50,71.2132034355964,0,2532.15843714135
69,399137,2525.33749864723,50,71.2132034355964,0,2525.33749864723
69,399138,2518.8533306844,50,71.2132034355964,0,2518.8533306844
69,399144,2487.15843265179,50,71.2132034355964,0,2487.15843265179
69,399145,2483.09808617366,50,71.2132034355964,0,2483.09808617366
69,399146,2479.39198799924,50,71.2132034355964,0,2479.39198799924
69,399147,2476.04172882796,50,71.2132034355964,0,2476.04172882796
69,399148,2473.04875483564,50,71.2132034355964,0,2473.04875483564
69,399149,2470.41436460317,50,71.2132034355964,0,2470.41436460317
69,399167,2484.86124550504,50,71.2132034355964,0,2484.86124550504
69,399168,2489.07867961521,50,71.2132034355964,0,2489.07867961521
69,399169,2493.64781502214,50,71.2132034355964,0,2493.64781502214
69,399170,2498.56672225505,50,71.2132034355964,0,2498.56672225505
69,399171,2503.83333988113,50,71.2132034355964,0,2503.83333988113
69,399172,2509.44547866445,50,71.2132034355964,0,2509.44547866445
69,399173,2515.40082591628,50,71.2132034355964,0,2515.40082591628
69,399174,2521.69695003079,50,71.2132034355964,0,2521.69695003079
69,399240,3522.59143649133,50,71.2132034355964,0,3522.59143649133
69,399241,3544.04575621646,50,71.2132034355964,0,3544.04575621646
69,399242,3565.62192384877,50,71.2132034355964,0,3565.62192384877
69,399243,3587.31774080266,50,71.2132034355964,0,3587.31774080266
69,399838,2568.32601522902,50,71.2132034355964,0,2568.32601522902
69,399839,2561.25203144658,50,71.2132034355964,0,2561.25203144658
69,399840,2554.50874229148,50,71.2132034355964,0,2554.50874229148
69,399841,2548.09877321356,50,71.2132034355964,0,2548.09877321356
69,399842,2542.02464571594,50,71.2132034355964,0,2542.02464571594
69,399843,2536.28877270802,50,71.2132034355964,0,2536.28877270802
69,399850,2505.78665292312,50,71.2132034355964,0,2505.78665292312
69,399851,2502.82923333558,50,71.2132034355964,0,2502.82923333558
69,399852,2500.22620782171,50,71.2132034355964,0,2500.22620782171
69,399853,2497.978684274,50,71.2132034355964,0,2497.978684274
69,399854,2496.08762299436,50,71.2132034355964,0,2496.08762299436
69,399859,2492.00229957978,50,71.2132034355964,0,2492.00229957978
69,399860,2492.2616961937,50,71.2132034355964,0,2492.2616961937
69,399869,2510.68354691994,50,71.2132034355964,0,2510.68354691994
69,399870,2514.50188937528,50,71.2132034355964,0,2514.50188937528
69,399871,2518.66971402269,50,71.2132034355964,0,2518.66971402269
69,399872,2523.18528902774,50,71.2132034355964,0,2523.18528902774
69,399873,2528.04675094477,50,71.2132034355964,0,2528.04675094477
69,399874,2533.25210844199,50,71.2132034355964,0,2533.25210844199
69,399875,2538.79924622878,50,71.2132034355964,0,2538.79924622878
69,399945,3586.34621820428,50,71.2132034355964,0,3586.34621820428
69,399946,3607.91752964014,50,71.2132034355964,0,3607.91752964014
69,399947,3629.60715534219,50,71.2132034355964,0,3629.60715534219
69,399948,3651.41298692729,50,71.2132034355964,0,3651.41298692729
69,400545,2571.35446473642,50,71.2132034355964,0,2571.35446473642
69,400546,2565.68413213312,50,71.2132034355964,0,2565.68413213312
69,400547,2560.35072906495,50,71.2132034355964,0,2560.35072906495
69,400548,2555.35636519685,50,71.2132034355964,0,2555.35636519685
69,400549,2550.70303208042,50,71.2132034355964,0,2550.70303208042
69,400550,2546.39259933765,50,71.2132034355964,0,2546.39259933765
69,400555,2530.04040308837,50,71.2132034355964,0,2530.04040308837
69,400556,2527.81937600049,50,71.2132034355964,0,2527.81937600049
69,400557,2525.95064510304,50,71.2132034355964,0,2525.95064510304
69,400558,2524.43499276498,50,71.2132034355964,0,2524.43499276498
69,400559,2523.27305523752,50,71.2132034355964,0,2523.27305523752
69,400562,2521.91367643723,50,71.2132034355964,0,2521.91367643723
69,400563,2522.16999814725,50,71.2132034355964,0,2522.16999814725
69,400564,2522.78098833275,50,71.2132034355964,0,2522.78098833275
69,400565,2523.74638940308,50,71.2132034355964,0,2523.74638940308
69,400573,2544.14887289883,50,71.2132034355964,0,2544.14887289883
69,400575,2552.73147309106,50,71.2132034355964,0,2552.73147309106
69,400649,3628.64694084921,50,71.2132034355964,0,3628.64694084921
69,400650,3650.21350972624,50,71.2132034355964,0,3650.21350972624
69,400651,3671.89708720521,50,71.2132034355964,0,3671.89708720521
69,400652,3693.69561261416,50,71.2132034355964,0,3693.69561261416
69,400672,4150.94747885281,50,71.2132034355964,0,4150.94747885281
69,400673,4174.74594215468,50,71.2132034355964,0,4174.74594215468
69,400674,4198.62261913769,50,71.2132034355964,0,4198.62261913769
69,400675,4222.5761830181,50,71.2132034355964,0,4222.5761830181
69,401250,2589.81841636068,50,71.2132034355964,0,2589.81841636068
69,401251,2584.88096238652,50,71.2132034355964,0,2584.88096238652
69,401252,2580.28085035367,50,71.2132034355964,0,2580.28085035367
69,401253,2576.01988748132,50,71.2132034355964,0,2576.01988748132
69,401254,2572.0997592825,50,71.2132034355964,0,2572.0997592825
69,401255,2568.52202632415,50,71.2132034355964,0,2568.52202632415
69,401256,2565.28812119139,50,71.2132034355964,0,2565.28812119139
69,401259,2557.66172153838,50,71.2132034355964,0,2557.66172153838
69,401260,2555.81480058083,50,71.2132034355964,0,2555.81480058083
69,401261,2554.31686071307,50,71.2132034355964,0,2554.31686071307
69,401262,2553.16851617503,50,71.2132034355964,0,2553.16851617503
69,401263,2552.37023882951,50,71.2132034355964,0,2552.37023882951
69,401264,2551.92235719335,50,71.2132034355964,0,2551.92235719335
69,401265,2551.82505576602,50,71.2132034355964,0,2551.82505576602
69,401266,2552.07837464624,50,71.2132034355964,0,2552.07837464624
69,401267,2552.68220945056,50,71.2132034355964,0,2552.68220945056
69,401268,2553.63631152981,50,71.2132034355964,0,2553.63631152981
69,401269,2554.94028847885,50,71.2132034355964,0,2554.94028847885
69,401270,2556.59360494141,50,71.2132034355964,0,2556.59360494141
69,401352,3649.50376564123,50,71.2132034355964,0,3649.50376564123
69,401353,3670.94791906801,50,71.2132034355964,0,3670.94791906801
69,401354,3692.50985515094,50,71.2132034355964,0,3692.50985515094
69,401355,3714.18752260426,50,71.2132034355964,0,3714.18752260426
69,401356,3735.97890686772,50,71.2132034355964,0,3735.97890686772
69,401375,4169.19487766266,50,71.2132034355964,0,4169.19487766266
69,401376,4192.88989866615,50,71.2132034355964,0,4192.88989866615
69,401377,4216.66396496343,50,71.2132034355964,0,4216.66396496343
69,401378,4240.51574707487,50,71.2132034355964,0,4240.51574707487
69,401379,4264.44394096687,50,71.2132034355964,0,4264.44394096687
69,401380,4288.44726757579,50,71.2132034355964,0,4288.44726757579
69,401381,4312.52447234365,50,71.2132034355964,0,4312.52447234365
69,401382,4336.6743247564,50,71.2132034355964,0,4336.6743247564
69,401383,4360.89561788754,50,71.2132034355964,0,4360.89561788754
69,401957,2601.77817030652,50,71.2132034355964,0,2601.77817030652
69,401958,2598.24128529897,50,71.2132034355964,0,2598.24128529897
69,401959,2595.04439892744,50,71.2132034355964,0,2595.04439892744
69,401960,2592.18876913055,50,71.2132034355964,0,2592.18876913055
69,401961,2589.67552481648,50,71.2132034355964,0,2589.67552481648
69,401965,2583.0643480593,50,71.2132034355964,0,2583.0643480593
69,401966,2582.2753084018,50,71.2132034355964,0,2582.2753084018
69,401967,2581.83261215266,50,71.2132034355964,0,2581.83261215266
69,401968,2581.73643747717,50,71.2132034355964,0,2581.73643747717
69,401970,2582.58366821426,50,71.2132034355964,0,2582.58366821426
69,401971,2583.52673271109,50,71.2132034355964,0,2583.52673271109
69,401972,2584.81563763619,50,71.2132034355964,0,2584.81563763619
69,401973,2586.44986596139,50,71.2132034355964,0,2586.44986596139
69,401974,2588.42876361755,50,71.2132034355964,0,2588.42876361755
69,402056,3691.80822576889,50,71.2132034355964,0,3691.80822576889
69,402057,3713.24914800699,50,71.2132034355964,0,3713.24914800699
69,402058,3734.80655736229,50,71.2132034355964,0,3734.80655736229
69,402059,3756.47844837274,50,71.2132034355964,0,3756.47844837274
69,402079,4211.16814156206,50,71.2132034355964,0,4211.16814156206
69,402080,4234.83972332752,50,71.2132034355964,0,4234.83972332752
69,402081,4258.58983401137,50,71.2132034355964,0,4258.58983401137
69,402082,4282.41716705969,50,71.2132034355964,0,4282.41716705969
69,402083,4306.32044063159,50,71.2132034355964,0,4306.32044063159
69,402084,4330.29839714795,50,71.2132034355964,0,4330.29839714795
69,402085,4354.3498028479,50,71.2132034355964,0,4354.3498028479
69,402086,4378.47344734136,50,71.2132034355964,0,4378.47344734136
69,402087,4402.66814316396,50,71.2132034355964,0,4402.66814316396
69,402088,4426.93272536058,50,71.2132034355964,0,4426.93272536058
69,402089,4451.26605104043,50,71.2132034355964,0,4451.26605104043
69,402090,4475.66699897018,50,71.2132034355964,0,4475.66699897018
69,402091,4500.13446915218,50,71.2132034355964,0,4500.13446915218
69,402092,4524.6673824126,50,71.2132034355964,0,4524.6673824126
69,402093,4549.2646800004,50,71.2132034355964,0,4549.2646800004
69,402662,2624.8042048162,50,71.2132034355964,0,2624.8042048162
69,402663,2621.98097178438,50,71.2132034355964,0,2621.98097178438
69,402664,2619.49629803563,50,71.2132034355964,0,2619.49629803563
69,402665,2617.35114776258,50,71.2132034355964,0,2617.35114776258
69,402666,2615.54635634872,50,71.2132034355964,0,2615.54635634872
69,402667,2614.08262875755,50,71.2132034355964,0,2614.08262875755
69,402668,2612.96053816005,50,71.2132034355964,0,2612.96053816005
69,402669,2612.18052481823,50,71.2132034355964,0,2612.18052481823
69,402670,2611.74289522262,50,71.2132034355964,0,2611.74289522262
69,402671,2611.64782149052,50,71.2132034355964,0,2611.64782149052
69,402672,2611.89534103094,50,71.2132034355964,0,2611.89534103094
69,402673,2612.48535646539,50,71.2132034355964,0,2612.48535646539
69,402690,2674.18785662968,50,71.2132034355964,0,2674.18785662968
69,402691,2680.7787693466,50,71.2132034355964,0,2680.7787693466
69,402692,2687.68645196168,50,71.2132034355964,0,2687.68645196168
69,402761,3755.55062303714,50,71.2132034355964,0,3755.55062303714
69,402762,3777.10360819539,50,71.2132034355964,0,3777.10360819539
69,402784,4276.79673831636,50,71.2132034355964,0,4276.79673831636
69,402785,4300.52332317516,50,71.2132034355964,0,4300.52332317516
69,402786,4324.32664138388,50,71.2132034355964,0,4324.32664138388
69,402787,4348.20543275979,50,71.2132034355964,0,4348.20543275979
69,402788,4372.15846070135,50,71.2132034355964,0,4372.15846070135
69,402789,4396.1845117541,50,71.2132034355964,0,4396.1845117541
69,402790,4420.28239518265,50,71.2132034355964,0,4420.28239518265
69,402791,4444.45094256117,50,71.2132034355964,0,4444.45094256117
69,402792,4468.68900734483,50,71.2132034355964,0,4468.68900734483
69,402793,4492.99546447208,50,71.2132034355964,0,4492.99546447208
69,402794,4517.36920995322,50,71.2132034355964,0,4517.36920995322
69,402795,4541.80916047385,50,71.2132034355964,0,4541.80916047385
69,403370,2643.9664829192,50,71.2132034355964,0,2643.9664829192
69,403371,2642.85707432022,50,71.2132034355964,0,2642.85707432022
69,403372,2642.08588309212,50,71.2132034355964,0,2642.08588309212
69,403373,2641.65320544741,50,71.2132034355964,0,2641.65320544741
69,403374,2641.55920772818,50,71.2132034355964,0,2641.55920772818
69,403375,2641.80392608603,50,71.2132034355964,0,2641.80392608603
69,403376,2642.3872664128,50,71.2132034355964,0,2642.3872664128
69,403377,2643.30900452167,50,71.2132034355964,0,2643.30900452167
69,403378,2644.56878657658,50,71.2132034355964,0,2644.56878657658
69,403379,2646.16612977156,50,71.2132034355964,0,2646.16612977156
69,403380,2648.10042325294,50,71.2132034355964,0,2648.10042325294
69,403381,2650.37092928183,50,71.2132034355964,0,2650.37092928183
69,403382,2652.97678463145,50,71.2132034355964,0,2652.97678463145
69,403383,2655.91700221849,50,71.2132034355964,0,2655.91700221849
69,403384,2659.19047294749,50,71.2132034355964,0,2659.19047294749
69,403385,2662.79596777947,50,71.2132034355964,0,2662.79596777947
69,403390,2685.75269282135,50,71.2132034355964,0,2685.75269282135
69,403391,2691.31811512,50,71.2132034355964,0,2691.31811512
69,403392,2697.2038136575,50,71.2132034355964,0,2697.2038136575
69,403393,2703.40769657607,50,71.2132034355964,0,2703.40769657607
69,403394,2709.9275785995,50,71.2132034355964,0,2709.9275785995
69,403395,2716.76118465845,50,71.2132034355964,0,2716.76118465845
69,403396,2723.90615358298,50,71.2132034355964,0,2723.90615358298
69,403490,4366.24394141941,50,71.2132034355964,0,4366.24394141941
69,403491,4390.09867756452,50,71.2132034355964,0,4390.09867756452
69,403492,4414.02720733041,50,71.2132034355964,0,4414.02720733041
69,403493,4438.02833709318,50,71.2132034355964,0,4438.02833709318
69,403494,4462.10089533461,50,71.2132034355964,0,4462.10089533461
69,403495,4486.24373222496,50,71.2132034355964,0,4486.24373222496
69,404075,2671.99137846077,50,71.2132034355964,0,2671.99137846077
69,404076,2671.5635419162,50,71.2132034355964,0,2671.5635419162
69,404077,2671.47059611554,50,71.2132034355964,0,2671.47059611554
69,404078,2671.7125760103,50,71.2132034355964,0,2671.7125760103
69,404079,2672.28939061565,50,71.2132034355964,0,2672.28939061565
69,404080,2673.20082318325,50,71.2132034355964,0,2673.20082318325
69,404081,2674.44653160695,50,71.2132034355964,0,2674.44653160695
69,404082,2676.02604906372,50,71.2132034355964,0,2676.02604906372
69,404083,2677.93878488598,50,71.2132034355964,0,2677.93878488598
69,404084,2680.1840256613,50,71.2132034355964,0,2680.1840256613
69,404085,2682.76093655496,50,71.2132034355964,0,2682.76093655496
69,404086,2685.66856285107,50,71.2132034355964,0,2685.66856285107
69,404087,2688.90583170031,50,71.2132034355964,0,2688.90583170031
69,404091,2705.12585578532,50,71.2132034355964,0,2705.12585578532
69,404092,2709.99125742327,50,71.2132034355964,0,2709.99125742327
69,404093,2715.17750625422,50,71.2132034355964,0,2715.17750625422
69,404094,2720.68276744994,50,71.2132034355964,0,2720.68276744994
69,404095,2726.5051085981,50,71.2132034355964,0,2726.5051085981
69,404096,2732.64250292716,50,71.2132034355964,0,2732.64250292716
69,404097,2739.09283264839,50,71.2132034355964,0,2739.09283264839
69,404098,2745.8538924004,50,71.2132034355964,0,2745.8538924004
69,404099,2752.92339276321,50,71.2132034355964,0,2752.92339276321
69,404100,2760.2989638649,50,71.2132034355964,0,2760.2989638649
69,404780,2701.38198658003,50,71.2132034355964,0,2701.38198658003
69,404781,2701.62128864659,50,71.2132034355964,0,2701.62128864659
69,404782,2702.191721959,50,71.2132034355964,0,2702.191721959
69,404783,2703.09307688094,50,71.2132034355964,0,2703.09307688094
69,404784,2704.32502252377,50,71.2132034355964,0,2704.32502252377
69,404785,2705.88710734848,50,71.2132034355964,0,2705.88710734848
69,404794,2734.66933280475,50,71.2132034355964,0,2734.66933280475
69,404795,2739.48229070302,50,71.2132034355964,0,2739.48229070302
69,404796,2744.61284108816,50,71.2132034355964,0,2744.61284108816
69,404797,2750.05920644517,50,71.2132034355964,0,2750.05920644517
69,404798,2755.81951432623,50,71.2132034355964,0,2755.81951432623
69,404799,2761.89180041984,50,71.2132034355964,0,2761.89180041984
69,404800,2768.27401172708,50,71.2132034355964,0,2768.27401172708
69,404801,2774.96400983472,50,71.2132034355964,0,2774.96400983472
69,404802,2781.95957426473,50,71.2132034355964,0,2781.95957426473
69,404808,2830.21604149531,50,71.2132034355964,0,2830.21604149531
69,404809,2839.28223572844,50,71.2132034355964,0,2839.28223572844
69,404810,2848.63369912509,50,71.2132034355964,0,2848.63369912509
69,404811,2858.26763172023,50,71.2132034355964,0,2858.26763172023
69,405485,2732.09425364331,50,71.2132034355964,0,2732.09425364331
69,405486,2732.98575134185,50,71.2132034355964,0,2732.98575134185
69,405487,2734.20423487533,50,71.2132034355964,0,2734.20423487533
69,405488,2735.74926733111,50,71.2132034355964,0,2735.74926733111
69,405489,2737.62029582665,50,71.2132034355964,0,2737.62029582665
69,405491,2742.33755565003,50,71.2132034355964,0,2742.33755565003
69,405492,2745.18211121149,50,71.2132034355964,0,2745.18211121149
69,405493,2748.34931422881,50,71.2132034355964,0,2748.34931422881
69,405494,2751.83805065862,50,71.2132034355964,0,2751.83805065862
69,405503,2797.47061748178,50,71.2132034355964,0,2797.47061748178
69,405504,2804.09099475778,50,71.2132034355964,0,2804.09099475778
69,405505,2811.01411109902,50,71.2132034355964,0,2811.01411109902
69,405511,2858.780431792,50,71.2132034355964,0,2858.780431792
69,405512,2867.75637146278,50,71.2132034355964,0,2867.75637146278
69,405513,2877.01533357745,50,71.2132034355964,0,2877.01533357745
69,405514,2886.55459465288,50,71.2132034355964,0,2886.55459465288
69,405515,2896.37138517843,50,71.2132034355964,0,2896.37138517843
69,405516,2906.46289302836,50,71.2132034355964,0,2906.46289302836
69,406191,2765.61249332394,50,71.2132034355964,0,2765.61249332394
69,406193,2769.63604441107,50,71.2132034355964,0,2769.63604441107
69,406194,2772.12984411757,50,71.2132034355964,0,2772.12984411757
69,406195,2774.94387531291,50,71.2132034355964,0,2774.94387531291
69,406196,2778.07716486876,50,71.2132034355964,0,2778.07716486876
69,406197,2781.52863388737,50,71.2132034355964,0,2781.52863388737
69,406198,2785.29709952929,50,71.2132034355964,0,2785.29709952929
69,406204,2814.48601929478,50,71.2132034355964,0,2814.48601929478
69,406205,2820.43206524784,50,71.2132034355964,0,2820.43206524784
69,406206,2826.68217188948,50,71.2132034355964,0,2826.68217188948
69,406207,2833.23432695174,50,71.2132034355964,0,2833.23432695174
69,406208,2840.08643993145,50,71.2132034355964,0,2840.08643993145
69,406209,2847.23634520928,50,71.2132034355964,0,2847.23634520928
69,406210,2854.68180521153,50,71.2132034355964,0,2854.68180521153
69,406211,2862.42051363238,50,71.2132034355964,0,2862.42051363238
69,406213,2878.76812639577,50,71.2132034355964,0,2878.76812639577
69,406214,2887.3721039009,50,71.2132034355964,0,2887.3721039009
69,406215,2896.25948277045,50,71.2132034355964,0,2896.25948277045
69,406216,2905.42766232666,50,71.2132034355964,0,2905.42766232666
69,406217,2914.87399295506,50,71.2132034355964,0,2914.87399295506
69,406218,2924.59577940594,50,71.2132034355964,0,2924.59577940594
69,406219,2934.59028406823,50,71.2132034355964,0,2934.59028406823
69,406900,2811.22390050088,50,71.2132034355964,0,2811.22390050088
69,406904,2828.00838039296,50,71.2132034355964,0,2828.00838039296
69,406905,2832.97869382584,50,71.2132034355964,0,2832.97869382584
69,406906,2838.25558287558,50,71.2132034355964,0,2838.25558287558
69,406907,2843.83734094129,50,71.2132034355964,0,2843.83734094129
69,406908,2849.72217658095,50,71.2132034355964,0,2849.72217658095
69,406909,2855.90821624386,50,71.2132034355964,0,2855.90821624386
69,406910,2862.39350709786,50,71.2132034355964,0,2862.39350709786
69,406911,2869.17601992167,50,71.2132034355964,0,2869.17601992167
69,406912,2876.25365207272,50,71.2132034355964,0,2876.25365207272
69,406913,2883.62423050819,50,71.2132034355964,0,2883.62423050819
69,406914,2891.28551485988,50,71.2132034355964,0,2891.28551485988
69,406915,2899.23520053869,50,71.2132034355964,0,2899.23520053869
69,406916,2907.47092188314,50,71.2132034355964,0,2907.47092188314
69,406917,2915.99025531472,50,71.2132034355964,0,2915.99025531472
69,406918,2924.79072251804,50,71.2132034355964,0,2924.79072251804
69,406919,2933.86979361807,50,71.2132034355964,0,2933.86979361807
69,406920,2943.22489035733,50,71.2132034355964,0,2943.22489035733
69,406921,2952.85338926114,50,71.2132034355964,0,2952.85338926114
69,406922,2962.75262478304,50,71.2132034355964,0,2962.75262478304
69,407616,2912.58623736312,50,71.2132034355964,0,2912.58623736312
69,407617,2920.17157947045,50,71.2132034355964,0,2920.17157947045
69,407618,2928.04288229853,50,71.2132034355964,0,2928.04288229853
69,407619,2936.19784605437,50,71.2132034355964,0,2936.19784605437
69,407620,2944.63411400028,50,71.2132034355964,0,2944.63411400028
69,407621,2953.34927549225,50,71.2132034355964,0,2953.34927549225
69,407622,2962.34086903077,50,71.2132034355964,0,2962.34086903077
69,407623,2971.60638530144,50,71.2132034355964,0,2971.60638530144
69,407624,2981.14327021627,50,71.2132034355964,0,2981.14327021627
69,408321,2956.87248399973,50,71.2132034355964,0,2956.87248399973
69,408322,2964.94819756941,50,71.2132034355964,0,2964.94819756941
69,408323,2973.30293698658,50,71.2132034355964,0,2973.30293698658
69,408324,2981.93435693892,50,71.2132034355964,0,2981.93435693892
69,408325,2990.84006196793,50,71.2132034355964,0,2990.84006196793
