"OID","cell_id","NEAR_DIST","uc","radius","assigned_community","fringe_dist"
79,2859,21330.2856108893,720,741.213203435596,0,21330.2856108893
79,3561,21327.6699192728,720,741.213203435596,0,21327.6699192728
79,3562,21307.8830673623,720,741.213203435596,0,21307.8830673623
79,3563,21288.1197392409,720,741.213203435596,0,21288.1197392409
79,4264,21305.3067262971,720,741.213203435596,0,21305.3067262971
79,4265,21285.4989787243,720,741.213203435596,0,21285.4989787243
79,4266,21265.7147410458,720,741.213203435596,0,21265.7147410458
79,4267,21245.9540789363,720,741.213203435596,0,21245.9540789363
79,4967,21282.9620731787,720,741.213203435596,0,21282.9620731787
79,4968,21263.1334032591,720,741.213203435596,0,21263.1334032591
79,4969,21243.3282291982,720,741.213203435596,0,21243.3282291982
79,4970,21223.5466167698,720,741.213203435596,0,21223.5466167698
79,5666,21340.2679992089,720,741.213203435596,0,21340.2679992089
79,5671,21240.7863994462,720,741.213203435596,0,21240.7863994462
79,5672,21220.9602622017,720,741.213203435596,0,21220.9602622017
79,5673,21201.1576725125,720,741.213203435596,0,21201.1576725125
79,5674,21181.3786964267,720,741.213203435596,0,21181.3786964267
79,6368,21338.0313064264,720,741.213203435596,0,21338.0313064264
79,6369,21318.0443587891,720,741.213203435596,0,21318.0443587891
79,6370,21298.0805511643,720,741.213203435596,0,21298.0805511643
79,6375,21198.6108987619,720,741.213203435596,0,21198.6108987619
79,6376,21178.787304894,720,741.213203435596,0,21178.787304894
79,6377,21158.9873105103,720,741.213203435596,0,21158.9873105103
79,7048,21782.2635880177,720,741.213203435596,0,21782.2635880177
79,7071,21315.8474153182,720,741.213203435596,0,21315.8474153182
79,7072,21295.8395391915,720,741.213203435596,0,21295.8395391915
79,7073,21275.8547881355,720,741.213203435596,0,21275.8547881355
79,7077,21196.1483416901,720,741.213203435596,0,21196.1483416901
79,7078,21176.2801977779,720,741.213203435596,0,21176.2801977779
79,7079,21156.4355728399,720,741.213203435596,0,21156.4355728399
79,7080,21136.6145331221,720,741.213203435596,0,21136.6145331221
79,7750,21781.140500634,720,741.213203435596,0,21781.140500634
79,7751,21760.5761859555,720,741.213203435596,0,21760.5761859555
79,7752,21740.0334643505,720,741.213203435596,0,21740.0334643505
79,7764,21495.2275348164,720,741.213203435596,0,21495.2275348164
79,7773,21313.7343051559,720,741.213203435596,0,21313.7343051559
79,7774,21293.6824298375,720,741.213203435596,0,21293.6824298375
79,7775,21273.6535993529,720,741.213203435596,0,21273.6535993529
79,7776,21253.6478788548,720,741.213203435596,0,21253.6478788548
79,7779,21193.7700313388,720,741.213203435596,0,21193.7700313388
79,7780,21173.8574056979,720,741.213203435596,0,21173.8574056979
79,8454,21738.9083042807,720,741.213203435596,0,21738.9083042807
79,8455,21718.3449766144,720,741.213203435596,0,21718.3449766144
79,8466,21493.5900430536,720,741.213203435596,0,21493.5900430536
79,8467,21473.2904585523,720,741.213203435596,0,21473.2904585523
79,8468,21453.0132605149,720,741.213203435596,0,21453.0132605149
79,8476,21291.6092492792,720,741.213203435596,0,21291.6092492792
79,8477,21271.5364090833,720,741.213203435596,0,21271.5364090833
79,8478,21251.4865984028,720,741.213203435596,0,21251.4865984028
79,8479,21231.4598824823,720,741.213203435596,0,21231.4598824823
79,8481,21191.4759967506,720,741.213203435596,0,21191.4759967506
79,8482,21171.5189582846,720,741.213203435596,0,21171.5189582846
79,8483,21151.5852772645,720,741.213203435596,0,21151.5852772645
79,9157,21717.2600014201,720,741.213203435596,0,21717.2600014201
79,9158,21696.6760450907,720,741.213203435596,0,21696.6760450907
79,9159,21676.1137086714,720,741.213203435596,0,21676.1137086714
79,9170,21451.3726565821,720,741.213203435596,0,21451.3726565821
79,9171,21431.0746111882,720,741.213203435596,0,21431.0746111882
79,9179,21269.5032430868,720,741.213203435596,0,21269.5032430868
79,9180,21249.4094123499,720,741.213203435596,0,21249.4094123499
79,9181,21229.3385956658,720,741.213203435596,0,21229.3385956658
79,9182,21209.2908583737,720,741.213203435596,0,21209.2908583737
79,9861,21675.0267284325,720,741.213203435596,0,21675.0267284325
79,9865,21592.8249405466,720,741.213203435596,0,21592.8249405466
79,9869,21510.9727583819,720,741.213203435596,0,21510.9727583819
79,9873,21429.474188048,720,741.213203435596,0,21429.474188048
79,9874,21409.1552709413,720,741.213203435596,0,21409.1552709413
79,9883,21227.3014991295,720,741.213203435596,0,21227.3014991295
79,9884,21207.2096506673,720,741.213203435596,0,21207.2096506673
79,9885,21187.1408660849,720,741.213203435596,0,21187.1408660849
79,10567,21591.6509982846,720,741.213203435596,0,21591.6509982846
79,10568,21571.1124277931,720,741.213203435596,0,21571.1124277931
79,10569,21550.5956901848,720,741.213203435596,0,21550.5956901848
79,10572,21489.1770996926,720,741.213203435596,0,21489.1770996926
79,11271,21549.4195565039,720,741.213203435596,0,21549.4195565039
79,15481,21585.7560533646,720,741.213203435596,0,21585.7560533646
79,15482,21564.9214266995,720,741.213203435596,0,21564.9214266995
79,16183,21585.2458501726,720,741.213203435596,0,21585.2458501726
79,16184,21564.3692357885,720,741.213203435596,0,21564.3692357885
79,16185,21543.513813397,720,741.213203435596,0,21543.513813397
79,16886,21563.9001298013,720,741.213203435596,0,21563.9001298013
79,16887,21543.0027171162,720,741.213203435596,0,21543.0027171162
79,16888,21522.1264773379,720,741.213203435596,0,21522.1264773379
79,17589,21542.5747902576,720,741.213203435596,0,21542.5747902576
79,17590,21521.6565578052,720,741.213203435596,0,21521.6565578052
79,18291,21542.2300384444,720,741.213203435596,0,21542.2300384444
79,18292,21521.2698921292,720,741.213203435596,0,21521.2698921292
79,18293,21500.3308184966,720,741.213203435596,0,21500.3308184966
79,18995,21499.9854961814,720,741.213203435596,0,21499.9854961814
79,18996,21479.0255600111,720,741.213203435596,0,21479.0255600111
79,19698,21478.7216633669,720,741.213203435596,0,21478.7216633669
79,19699,21457.7408433567,720,741.213203435596,0,21457.7408433567
79,19725,20919.8282688428,720,741.213203435596,0,20919.8282688428
79,19726,20899.4392887667,720,741.213203435596,0,20899.4392887667
79,19727,20879.0731400186,720,741.213203435596,0,20879.0731400186
79,20401,21457.478454816,720,741.213203435596,0,21457.478454816
79,20402,21436.4767297209,720,741.213203435596,0,21436.4767297209
79,20428,20898.0138821139,720,741.213203435596,0,20898.0138821139
79,20429,20877.6034879692,720,741.213203435596,0,20877.6034879692
79,20430,20857.2159074201,720,741.213203435596,0,20857.2159074201
79,21105,21415.2332804774,720,741.213203435596,0,21415.2332804774
79,21106,21394.231684544,720,741.213203435596,0,21394.231684544
79,21132,20855.7877244523,720,741.213203435596,0,20855.7877244523
79,21808,21394.0105571838,720,741.213203435596,0,21394.0105571838
79,21809,21372.987993772,720,741.213203435596,0,21372.987993772
79,22511,21372.8086215806,720,741.213203435596,0,21372.8086215806
79,22512,21351.765069476,720,741.213203435596,0,21351.765069476
79,23215,21330.5629736414,720,741.213203435596,0,21330.5629736414
79,26729,21246.0370302704,720,741.213203435596,0,21246.0370302704
79,27431,21246.1942842525,720,741.213203435596,0,21246.1942842525
79,27432,21224.9823528015,720,741.213203435596,0,21224.9823528015
79,27433,21203.7912909235,720,741.213203435596,0,21203.7912909235
79,28134,21225.1820299079,720,741.213203435596,0,21225.1820299079
79,28135,21203.9489636274,720,741.213203435596,0,21203.9489636274
79,28136,21182.7367455407,720,741.213203435596,0,21182.7367455407
79,28838,21182.9369261596,720,741.213203435596,0,21182.9369261596
79,57711,19260.3872061584,720,741.213203435596,0,19260.3872061584
79,58413,19260.2867704862,720,741.213203435596,0,19260.2867704862
79,58414,19239.1996725062,720,741.213203435596,0,19239.1996725062
79,59116,19239.1457440424,720,741.213203435596,0,19239.1457440424
79,59117,19218.0353349877,720,741.213203435596,0,19218.0353349877
79,59118,19196.9482123506,720,741.213203435596,0,19196.9482123506
79,59819,19218.0280161733,720,741.213203435596,0,19218.0280161733
79,59820,19196.8942703211,720,741.213203435596,0,19196.8942703211
79,59821,19175.7837854284,720,741.213203435596,0,19175.7837854284
79,60523,19175.7765554824,720,741.213203435596,0,19175.7765554824
79,60524,19154.6426824983,720,741.213203435596,0,19154.6426824983
79,60525,19133.5321218093,720,741.213203435596,0,19133.5321218093
79,61226,19154.6822676988,720,741.213203435596,0,19154.6822676988
79,61227,19133.5249808725,720,741.213203435596,0,19133.5249808725
79,61228,19112.3909805715,720,741.213203435596,0,19112.3909805715
79,61930,19112.4307581225,720,741.213203435596,0,19112.4307581225
79,61931,19091.2732923453,720,741.213203435596,0,19091.2732923453
79,61932,19070.1391645453,720,741.213203435596,0,19070.1391645453
79,62634,19070.1791350433,720,741.213203435596,0,19070.1791350433
79,62635,19049.0214899047,720,741.213203435596,0,19049.0214899047
79,62636,19027.8872344182,720,741.213203435596,0,19027.8872344182
79,63338,19027.927398469,720,741.213203435596,0,19027.927398469
79,63339,19006.7695735505,720,741.213203435596,0,19006.7695735505
79,64003,19828.3526741627,720,741.213203435596,0,19828.3526741627
79,64042,18985.6755484032,720,741.213203435596,0,18985.6755484032
79,64043,18964.517543286,720,741.213203435596,0,18964.517543286
79,64706,19808.1832093539,720,741.213203435596,0,19808.1832093539
79,64711,19698.1989968336,720,741.213203435596,0,19698.1989968336
79,64745,18964.6052378447,720,741.213203435596,0,18964.6052378447
79,64746,18943.4235848496,720,741.213203435596,0,18943.4235848496
79,64747,18922.2653991139,720,741.213203435596,0,18922.2653991139
79,65414,19677.9409987,720,741.213203435596,0,19677.9409987
79,65415,19655.983768646,720,741.213203435596,0,19655.983768646
79,65449,18922.3533941041,720,741.213203435596,0,18922.3533941041
79,65450,18901.1715078156,720,741.213203435596,0,18901.1715078156
79,65451,18880.0131410342,720,741.213203435596,0,18880.0131410342
79,66117,19657.7076376732,720,741.213203435596,0,19657.7076376732
79,66118,19635.7276634472,720,741.213203435596,0,19635.7276634472
79,66119,19613.7685728165,720,741.213203435596,0,19613.7685728165
79,66153,18880.101437548,720,741.213203435596,0,18880.101437548
79,66154,18858.9193173034,720,741.213203435596,0,18858.9193173034
79,66155,18837.7607690526,720,741.213203435596,0,18837.7607690526
79,66821,19615.4962522827,720,741.213203435596,0,19615.4962522827
79,66822,19593.5143689889,720,741.213203435596,0,19593.5143689889
79,66857,18837.8493681845,720,741.213203435596,0,18837.8493681845
79,66858,18816.6670133218,720,741.213203435596,0,18816.6670133218
79,66859,18795.5082831679,720,741.213203435596,0,18795.5082831679
79,67525,19573.2849163857,720,741.213203435596,0,19573.2849163857
79,67526,19551.301116328,720,741.213203435596,0,19551.301116328
79,67560,18816.8033738769,720,741.213203435596,0,18816.8033738769
79,67561,18795.5971860251,720,741.213203435596,0,18795.5971860251
79,67562,18774.414595872,720,741.213203435596,0,18774.414595872
79,67563,18753.2556833849,720,741.213203435596,0,18753.2556833849
79,68229,19531.073631043,720,741.213203435596,0,19531.073631043
79,68264,18774.5513677242,720,741.213203435596,0,18774.5513677242
79,68265,18753.3448910764,720,741.213203435596,0,18753.3448910764
79,68266,18732.1620649626,720,741.213203435596,0,18732.1620649626
79,68932,19510.8710315964,720,741.213203435596,0,19510.8710315964
79,68933,19488.8623973293,720,741.213203435596,0,19488.8623973293
79,68968,18732.2992497071,720,741.213203435596,0,18732.2992497071
79,68969,18711.0924833523,720,741.213203435596,0,18711.0924833523
79,68970,18689.9094205963,720,741.213203435596,0,18689.9094205963
79,69635,19490.6933953729,720,741.213203435596,0,19490.6933953729
79,69636,19468.6618320753,720,741.213203435596,0,19468.6618320753
79,69637,19446.6512163224,720,741.213203435596,0,19446.6512163224
79,69672,18690.0470198453,720,741.213203435596,0,18690.0470198453
79,69673,18668.8399628593,720,741.213203435596,0,18668.8399628593
79,70339,19448.4862884466,720,741.213203435596,0,19448.4862884466
79,70375,18669.0257560079,720,741.213203435596,0,18669.0257560079
79,70376,18647.7946781538,720,741.213203435596,0,18647.7946781538
79,70377,18626.5873296097,720,741.213203435596,0,18626.5873296097
79,71078,18648.0287736756,720,741.213203435596,0,18648.0287736756
79,71079,18626.7736484131,720,741.213203435596,0,18626.7736484131
79,71080,18605.5422246478,720,741.213203435596,0,18605.5422246478
79,71782,18605.7769558501,720,741.213203435596,0,18605.7769558501
79,71783,18584.5214302042,720,741.213203435596,0,18584.5214302042
79,72485,18584.8046829504,720,741.213203435596,0,18584.8046829504
79,72486,18563.5250288639,720,741.213203435596,0,18563.5250288639
79,72487,18542.2691014047,720,741.213203435596,0,18542.2691014047
79,73189,18542.5531034899,720,741.213203435596,0,18542.5531034899
79,73190,18521.2729927502,720,741.213203435596,0,18521.2729927502
79,73191,18500.0166620363,720,741.213203435596,0,18500.0166620363
79,73892,18521.6057372249,720,741.213203435596,0,18521.6057372249
79,73893,18500.3014166277,720,741.213203435596,0,18500.3014166277
79,73894,18479.0208475437,720,741.213203435596,0,18479.0208475437
79,73895,18457.7641121298,720,741.213203435596,0,18457.7641121298
79,74559,19283.6399378802,720,741.213203435596,0,19283.6399378802
79,74560,19261.5097547576,720,741.213203435596,0,19261.5097547576
79,74596,18479.3544565577,720,741.213203435596,0,18479.3544565577
79,74597,18458.0496224069,720,741.213203435596,0,18458.0496224069
79,74598,18436.7685932811,720,741.213203435596,0,18436.7685932811
79,74599,18415.5114517054,720,741.213203435596,0,18415.5114517054
79,75263,19241.4421317871,720,741.213203435596,0,19241.4421317871
79,75300,18437.1030705346,720,741.213203435596,0,18437.1030705346
79,75301,18415.7977208804,720,741.213203435596,0,18415.7977208804
79,75302,18394.5162299967,720,741.213203435596,0,18394.5162299967
79,75303,18373.2586807918,720,741.213203435596,0,18373.2586807918
79,76004,18394.8515792214,720,741.213203435596,0,18394.8515792214
79,76005,18373.5457120922,720,741.213203435596,0,18373.5457120922
79,76006,18352.2637577276,720,741.213203435596,0,18352.2637577276
79,76708,18352.5999826752,720,741.213203435596,0,18352.5999826752
79,76709,18331.2935960928,720,741.213203435596,0,18331.2935960928
79,77412,18310.3482809614,720,741.213203435596,0,18310.3482809614
79,78078,19094.8147233288,720,741.213203435596,0,19094.8147233288
79,78781,19074.8058915609,720,741.213203435596,0,19074.8058915609
79,78782,19052.6198582144,720,741.213203435596,0,19052.6198582144
79,79484,19054.8230029515,720,741.213203435596,0,19054.8230029515
79,80185,19079.3945605988,720,741.213203435596,0,19079.3945605988
79,80888,19059.5106078098,720,741.213203435596,0,19059.5106078098
79,80889,19037.2125920291,720,741.213203435596,0,19037.2125920291
79,81591,19039.6528805009,720,741.213203435596,0,19039.6528805009
79,81592,19017.3314608558,720,741.213203435596,0,19017.3314608558
79,81593,18995.030814307,720,741.213203435596,0,18995.030814307
79,82294,19019.8214608146,720,741.213203435596,0,19019.8214608146
79,82295,18997.4766192927,720,741.213203435596,0,18997.4766192927
79,82296,18975.1525177495,720,741.213203435596,0,18975.1525177495
79,82998,18977.6481498547,720,741.213203435596,0,18977.6481498547
79,92148,18474.248943862,720,741.213203435596,0,18474.248943862
79,92850,18477.0073982052,720,741.213203435596,0,18477.0073982052
79,92851,18454.5356791792,720,741.213203435596,0,18454.5356791792
79,93553,18457.3456746884,720,741.213203435596,0,18457.3456746884
79,93554,18434.8498670068,720,741.213203435596,0,18434.8498670068
79,94262,18302.9081834419,720,741.213203435596,0,18302.9081834419
79,94964,18305.594949647,720,741.213203435596,0,18305.594949647
79,94965,18283.15637409,720,741.213203435596,0,18283.15637409
79,94966,18260.7391248009,720,741.213203435596,0,18260.7391248009
79,95668,18263.4321916262,720,741.213203435596,0,18263.4321916262
79,95669,18240.9905812136,720,741.213203435596,0,18240.9905812136
79,95670,18218.5703392176,720,741.213203435596,0,18218.5703392176
79,96372,18221.2697355202,720,741.213203435596,0,18221.2697355202
79,97120,17212.8023541075,720,741.213203435596,0,17212.8023541075
79,97823,17192.0007032299,720,741.213203435596,0,17192.0007032299
79,97824,17170.5505906905,720,741.213203435596,0,17170.5505906905
79,98526,17171.2259570905,720,741.213203435596,0,17171.2259570905
79,98527,17149.7497445717,720,741.213203435596,0,17149.7497445717
79,98528,17128.2987371263,720,741.213203435596,0,17128.2987371263
79,99230,17128.9758715084,720,741.213203435596,0,17128.9758715084
79,99231,17107.498699913,720,741.213203435596,0,17107.498699913
79,99933,17108.2290697569,720,741.213203435596,0,17108.2290697569
79,99934,17086.7257044206,720,741.213203435596,0,17086.7257044206
79,99935,17065.2475694662,720,741.213203435596,0,17065.2475694662
79,100637,17065.9798493965,720,741.213203435596,0,17065.9798493965
79,100638,17044.4754560744,720,741.213203435596,0,17044.4754560744
79,100639,17022.9963534412,720,741.213203435596,0,17022.9963534412
79,101340,17045.2612339387,720,741.213203435596,0,17045.2612339387
79,101341,17023.730552661,720,741.213203435596,0,17023.730552661
79,101342,17002.2251267136,720,741.213203435596,0,17002.2251267136
79,102044,17003.0129588206,720,741.213203435596,0,17003.0129588206
79,102045,16981.4811798321,720,741.213203435596,0,16981.4811798321
79,102046,16959.9747165856,720,741.213203435596,0,16959.9747165856
79,102748,16960.7646128904,720,741.213203435596,0,16960.7646128904
79,102749,16939.2317311935,720,741.213203435596,0,16939.2317311935
79,102750,16917.7242259428,720,741.213203435596,0,16917.7242259428
79,103451,16940.0755263387,720,741.213203435596,0,16940.0755263387
79,103452,16918.5161964707,720,741.213203435596,0,16918.5161964707
79,103453,16896.9822070337,720,741.213203435596,0,16896.9822070337
79,104155,16897.828213376,720,741.213203435596,0,16897.828213376
79,104156,16876.2677098927,720,741.213203435596,0,16876.2677098927
79,104157,16854.7326076465,720,741.213203435596,0,16854.7326076465
79,104859,16855.5808359847,720,741.213203435596,0,16855.5808359847
79,104860,16834.0191534876,720,741.213203435596,0,16834.0191534876
79,105562,16834.9216871435,720,741.213203435596,0,16834.9216871435
79,105563,16813.3333945438,720,741.213203435596,0,16813.3333945438
79,105564,16791.7705275902,720,741.213203435596,0,16791.7705275902
79,106266,16792.6754331632,720,741.213203435596,0,16792.6754331632
79,106267,16771.0858894304,720,741.213203435596,0,16771.0858894304
79,106268,16749.5218325386,720,741.213203435596,0,16749.5218325386
79,106970,16750.4291217094,720,741.213203435596,0,16750.4291217094
79,106971,16728.838321025,720,741.213203435596,0,16728.838321025
79,107673,16729.800327666,720,741.213203435596,0,16729.800327666
79,107674,16708.1827532119,720,741.213203435596,0,16708.1827532119
79,107675,16686.5906897181,720,741.213203435596,0,16686.5906897181
79,121010,16790.9877841205,720,741.213203435596,0,16790.9877841205
79,121011,16768.3816913864,720,741.213203435596,0,16768.3816913864
79,121713,16771.4782241545,720,741.213203435596,0,16771.4782241545
79,121714,16748.8456770606,720,741.213203435596,0,16748.8456770606
79,121715,16726.2359010377,720,741.213203435596,0,16726.2359010377
79,122417,16729.3403298255,720,741.213203435596,0,16729.3403298255
79,122418,16706.7040344014,720,741.213203435596,0,16706.7040344014
79,122419,16684.0905576885,720,741.213203435596,0,16684.0905576885
79,123121,16687.2029220055,720,741.213203435596,0,16687.2029220055
79,123122,16664.5628605339,720,741.213203435596,0,16664.5628605339
79,123123,16641.9456656072,720,741.213203435596,0,16641.9456656072
79,123124,16619.3514305811,720,741.213203435596,0,16619.3514305811
79,123824,16667.732671796,720,741.213203435596,0,16667.732671796
79,123825,16645.0660052583,720,741.213203435596,0,16645.0660052583
79,123826,16622.422159896,720,741.213203435596,0,16622.422159896
79,123827,16599.8012291005,720,741.213203435596,0,16599.8012291005
79,124528,16625.6001003673,720,741.213203435596,0,16625.6001003673
79,124529,16602.9295841977,720,741.213203435596,0,16602.9295841977
79,124530,16580.2819369688,720,741.213203435596,0,16580.2819369688
79,124531,16557.6572525243,720,741.213203435596,0,16557.6572525243
79,125232,16583.4680475768,720,741.213203435596,0,16583.4680475768
79,125233,16560.7936634773,720,741.213203435596,0,16560.7936634773
79,125234,16538.1421962782,720,741.213203435596,0,16538.1421962782
79,125235,16515.5137402707,720,741.213203435596,0,16515.5137402707
79,125936,16541.3365182626,720,741.213203435596,0,16541.3365182626
79,125937,16518.6582478063,720,741.213203435596,0,16518.6582478063
79,125938,16496.0029423975,720,741.213203435596,0,16496.0029423975
79,125939,16473.3706967885,720,741.213203435596,0,16473.3706967885
79,126640,16499.2055173138,720,741.213203435596,0,16499.2055173138
79,126641,16476.5233419347,720,741.213203435596,0,16476.5233419347
79,126642,16453.8641799487,720,741.213203435596,0,16453.8641799487
79,127344,16457.0750496647,720,741.213203435596,0,16457.0750496647
79,127345,16434.3889506674,720,741.213203435596,0,16434.3889506674
79,128047,16437.6581767141,720,741.213203435596,0,16437.6581767141
79,128048,16414.9451203066,720,741.213203435596,0,16414.9451203066
79,128049,16392.2550788518,720,741.213203435596,0,16392.2550788518
79,128751,16395.5328005771,720,741.213203435596,0,16395.5328005771
79,128752,16372.8157342771,720,741.213203435596,0,16372.8157342771
79,128753,16350.1217313935,720,741.213203435596,0,16350.1217313935
79,129455,16353.4079921674,720,741.213203435596,0,16353.4079921674
79,131560,16386.8132430693,720,741.213203435596,0,16386.8132430693
79,131561,16363.9198366397,720,741.213203435596,0,16363.9198366397
79,131582,15888.5249788775,720,741.213203435596,0,15888.5249788775
79,132263,16367.6412421062,720,741.213203435596,0,16367.6412421062
79,132264,16344.7208585681,720,741.213203435596,0,16344.7208585681
79,132265,16321.8230114084,720,741.213203435596,0,16321.8230114084
79,132285,15868.7482449176,720,741.213203435596,0,15868.7482449176
79,132286,15846.3462929295,720,741.213203435596,0,15846.3462929295
79,132967,16325.5541057653,720,741.213203435596,0,16325.5541057653
79,132968,16302.6292142899,720,741.213203435596,0,16302.6292142899
79,132969,16279.7269050727,720,741.213203435596,0,16279.7269050727
79,132988,15849.0032843773,720,741.213203435596,0,15849.0032843773
79,132989,15826.5732631053,720,741.213203435596,0,15826.5732631053
79,132990,15804.1679238053,720,741.213203435596,0,15804.1679238053
79,133671,16283.4677379458,720,741.213203435596,0,16283.4677379458
79,133672,16260.5383168762,720,741.213203435596,0,16260.5383168762
79,133673,16237.6315241112,720,741.213203435596,0,16237.6315241112
79,133692,15806.8321007365,720,741.213203435596,0,15806.8321007365
79,133693,15784.3986186134,720,741.213203435596,0,15784.3986186134
79,134375,16241.382145516,720,741.213203435596,0,16241.382145516
79,134376,16218.448173031,720,741.213203435596,0,16218.448173031
79,134396,15764.6612754667,720,741.213203435596,0,15764.6612754667
79,134397,15742.224315072,720,741.213203435596,0,15742.224315072
79,134398,15719.8121499083,720,741.213203435596,0,15719.8121499083
79,135078,16222.2585058326,720,741.213203435596,0,16222.2585058326
79,135079,16199.2973354111,720,741.213203435596,0,16199.2973354111
79,135080,16176.358789536,720,741.213203435596,0,16176.358789536
79,135100,15722.4908123716,720,741.213203435596,0,15722.4908123716
79,135101,15700.050356154,720,741.213203435596,0,15700.050356154
79,135102,15677.6347521724,720,741.213203435596,0,15677.6347521724
79,135782,16180.1791266991,720,741.213203435596,0,16180.1791266991
79,135783,16157.2133146421,720,741.213203435596,0,16157.2133146421
79,135784,16134.2701732354,720,741.213203435596,0,16134.2701732354
79,135804,15680.3207152979,720,741.213203435596,0,15680.3207152979
79,135805,15657.8767455649,720,741.213203435596,0,15657.8767455649
79,135806,15635.4576853317,720,741.213203435596,0,15635.4576853317
79,136486,16138.1005664604,720,741.213203435596,0,16138.1005664604
79,136487,16115.1300902901,720,741.213203435596,0,16115.1300902901
79,136488,16092.1823310474,720,741.213203435596,0,16092.1823310474
79,136508,15638.1509881309,720,741.213203435596,0,15638.1509881309
79,136509,15615.7034870559,720,741.213203435596,0,15615.7034870559
79,136510,15593.2809529991,720,741.213203435596,0,15593.2809529991
79,137189,16119.0206614041,720,741.213203435596,0,16119.0206614041
79,137190,16096.0228324348,720,741.213203435596,0,16096.0228324348
79,137191,16073.047669509,720,741.213203435596,0,16073.047669509
79,137192,16050.0952699672,720,741.213203435596,0,16050.0952699672
79,137198,15912.8644129689,720,741.213203435596,0,15912.8644129689
79,137212,15595.9816348002,720,741.213203435596,0,15595.9816348002
79,137213,15573.5305844166,720,741.213203435596,0,15573.5305844166
79,137893,16076.9485167069,720,741.213203435596,0,16076.9485167069
79,137894,16053.9459320205,720,741.213203435596,0,16053.9459320205
79,137895,16030.9660595339,720,741.213203435596,0,16030.9660595339
79,137896,16008.0089970565,720,741.213203435596,0,16008.0089970565
79,137900,15916.4108198062,720,741.213203435596,0,15916.4108198062
79,137901,15893.5692908965,720,741.213203435596,0,15893.5692908965
79,137902,15870.7511686946,720,741.213203435596,0,15870.7511686946
79,137916,15553.8126592768,720,741.213203435596,0,15553.8126592768
79,137917,15531.3580414748,720,741.213203435596,0,15531.3580414748
79,138597,16034.8772362442,720,741.213203435596,0,16034.8772362442
79,138598,16011.8698726944,720,741.213203435596,0,16011.8698726944
79,138599,15988.885267668,720,741.213203435596,0,15988.885267668
79,138604,15874.3070769988,720,741.213203435596,0,15874.3070769988
79,138605,15851.4611036759,720,741.213203435596,0,15851.4611036759
79,138606,15828.6385868098,720,741.213203435596,0,15828.6385868098
79,138619,15534.127301123,720,741.213203435596,0,15534.127301123
79,138620,15511.6440655715,720,741.213203435596,0,15511.6440655715
79,138621,15489.1858621051,720,741.213203435596,0,15489.1858621051
79,139301,15992.8068277456,720,741.213203435596,0,15992.8068277456
79,139302,15969.7946620097,720,741.213203435596,0,15969.7946620097
79,139303,15946.8053012986,720,741.213203435596,0,15946.8053012986
79,139308,15832.2040466721,720,741.213203435596,0,15832.2040466721
79,139309,15809.3536068999,720,741.213203435596,0,15809.3536068999
79,139310,15786.526673537,720,741.213203435596,0,15786.526673537
79,139311,15763.7233486981,720,741.213203435596,0,15763.7233486981
79,139323,15491.9627553451,720,741.213203435596,0,15491.9627553451
79,139324,15469.4758577458,720,741.213203435596,0,15469.4758577458
79,139325,15447.0140502242,720,741.213203435596,0,15447.0140502242
79,140005,15950.7372990153,720,741.213203435596,0,15950.7372990153
79,140006,15927.7203076036,720,741.213203435596,0,15927.7203076036
79,140007,15904.7261678878,720,741.213203435596,0,15904.7261678878
79,140011,15812.9801182758,720,741.213203435596,0,15812.9801182758
79,140012,15790.1017354409,720,741.213203435596,0,15790.1017354409
79,140013,15767.2468070225,720,741.213203435596,0,15767.2468070225
79,140014,15744.4154351587,720,741.213203435596,0,15744.4154351587
79,140015,15721.6077224816,720,741.213203435596,0,15721.6077224816
79,140027,15449.7986183475,720,741.213203435596,0,15449.7986183475
79,140028,15427.3080399039,720,741.213203435596,0,15427.3080399039
79,140029,15404.8426097876,720,741.213203435596,0,15404.8426097876
79,140709,15908.6686579444,720,741.213203435596,0,15908.6686579444
79,140710,15885.6468171874,720,741.213203435596,0,15885.6468171874
79,140711,15862.6478749732,720,741.213203435596,0,15862.6478749732
79,140715,15770.88309368,720,741.213203435596,0,15770.88309368
79,140716,15748.0001499936,720,741.213203435596,0,15748.0001499936
79,140717,15725.1407105576,720,741.213203435596,0,15725.1407105576
79,140718,15702.3048780273,720,741.213203435596,0,15702.3048780273
79,140719,15679.4927555466,720,741.213203435596,0,15679.4927555466
79,140731,15407.6348944241,720,741.213203435596,0,15407.6348944241
79,141413,15866.6009125043,720,741.213203435596,0,15866.6009125043
79,141414,15843.5741985578,720,741.213203435596,0,15843.5741985578
79,141415,15820.5704301796,720,741.213203435596,0,15820.5704301796
79,141419,15728.7868243619,720,741.213203435596,0,15728.7868243619
79,141420,15705.8992970855,720,741.213203435596,0,15705.8992970855
79,141421,15683.0353240964,720,741.213203435596,0,15683.0353240964
79,141422,15660.1950085609,720,741.213203435596,0,15660.1950085609
79,142116,15847.5885744257,720,741.213203435596,0,15847.5885744257
79,142117,15824.5340707512,720,741.213203435596,0,15824.5340707512
79,142118,15801.5024595962,720,741.213203435596,0,15801.5024595962
79,142119,15778.4938412096,720,741.213203435596,0,15778.4938412096
79,142123,15686.6913173229,720,741.213203435596,0,15686.6913173229
79,142124,15663.7991835509,720,741.213203435596,0,15663.7991835509
79,142125,15640.9306542972,720,741.213203435596,0,15640.9306542972
79,142126,15618.0858332492,720,741.213203435596,0,15618.0858332492
79,142138,15345.835651726,720,741.213203435596,0,15345.835651726
79,142139,15323.3087032135,720,741.213203435596,0,15323.3087032135
79,142140,15300.8069679613,720,741.213203435596,0,15300.8069679613
79,142141,15278.3305573694,720,741.213203435596,0,15278.3305573694
79,142143,15233.454158435,720,741.213203435596,0,15233.454158435
79,142144,15211.0543955559,720,741.213203435596,0,15211.0543955559
79,142145,15188.6804082732,720,741.213203435596,0,15188.6804082732
79,142820,15805.5276127963,720,741.213203435596,0,15805.5276127963
79,142821,15782.4681408303,720,741.213203435596,0,15782.4681408303
79,142822,15759.4316082663,720,741.213203435596,0,15759.4316082663
79,142823,15736.4181158466,720,741.213203435596,0,15736.4181158466
79,142827,15644.596579643,720,741.213203435596,0,15644.596579643
79,142828,15621.6998162916,720,741.213203435596,0,15621.6998162916
79,142829,15598.8267078903,720,741.213203435596,0,15598.8267078903
79,142840,15348.8139096993,720,741.213203435596,0,15348.8139096993
79,142841,15326.23293481,720,741.213203435596,0,15326.23293481
79,142842,15303.6770095198,720,741.213203435596,0,15303.6770095198
79,142843,15281.1462447567,720,741.213203435596,0,15281.1462447567
79,142844,15258.6407519739,720,741.213203435596,0,15258.6407519739
79,142845,15236.1606431619,720,741.213203435596,0,15236.1606431619
79,142846,15213.7060308463,720,741.213203435596,0,15213.7060308463
79,142847,15191.2770280851,720,741.213203435596,0,15191.2770280851
79,142848,15168.873748482,720,741.213203435596,0,15168.873748482
79,142849,15146.4963061796,720,741.213203435596,0,15146.4963061796
79,143524,15763.4675957869,720,741.213203435596,0,15763.4675957869
79,143525,15740.4031309736,720,741.213203435596,0,15740.4031309736
79,143526,15717.3616526168,720,741.213203435596,0,15717.3616526168
79,143527,15694.3432619586,720,741.213203435596,0,15694.3432619586
79,143531,15602.502618477,720,741.213203435596,0,15602.502618477
79,143532,15579.6012022875,720,741.213203435596,0,15579.6012022875
79,143544,15306.6635647986,720,741.213203435596,0,15306.6635647986
79,143545,15284.0786376228,720,741.213203435596,0,15284.0786376228
79,143546,15261.5188178658,720,741.213203435596,0,15261.5188178658
79,143547,15238.9842170316,720,741.213203435596,0,15238.9842170316
79,143548,15216.474947167,720,741.213203435596,0,15216.474947167
79,143550,15171.5328512033,720,741.213203435596,0,15171.5328512033
79,143551,15149.1002518876,720,741.213203435596,0,15149.1002518876
79,143552,15126.6934371121,720,741.213203435596,0,15126.6934371121
79,143553,15104.3125216282,720,741.213203435596,0,15104.3125216282
79,144228,15721.4085318977,720,741.213203435596,0,15721.4085318977
79,144229,15698.3390494955,720,741.213203435596,0,15698.3390494955
79,144230,15675.2926007797,720,741.213203435596,0,15675.2926007797
79,144231,15652.2692874983,720,741.213203435596,0,15652.2692874983
79,144235,15560.409441054,720,741.213203435596,0,15560.409441054
79,144248,15264.5137158683,720,741.213203435596,0,15264.5137158683
79,144249,15241.9248159171,720,741.213203435596,0,15241.9248159171
79,144250,15219.361081454,720,741.213203435596,0,15219.361081454
79,144253,15151.8219946597,720,741.213203435596,0,15151.8219946597
79,144254,15129.3600485195,720,741.213203435596,0,15129.3600485195
79,144255,15106.9238337673,720,741.213203435596,0,15106.9238337673
79,144256,15084.5134652199,720,741.213203435596,0,15084.5134652199
79,144257,15062.1290582433,720,741.213203435596,0,15062.1290582433
79,144932,15679.3504297228,720,741.213203435596,0,15679.3504297228
79,144933,15656.2759048037,720,741.213203435596,0,15656.2759048037
79,144934,15633.2244609805,720,741.213203435596,0,15633.2244609805
79,144935,15610.1962005031,720,741.213203435596,0,15610.1962005031
79,144952,15222.3643679829,720,741.213203435596,0,15222.3643679829
79,144953,15199.7714745975,720,741.213203435596,0,15199.7714745975
79,144954,15177.2038050343,720,741.213203435596,0,15177.2038050343
79,144955,15154.6614719794,720,741.213203435596,0,15154.6614719794
79,144958,15087.1876269157,720,741.213203435596,0,15087.1876269157
79,144959,15064.7477776913,720,741.213203435596,0,15064.7477776913
79,144960,15042.3338366219,720,741.213203435596,0,15042.3338366219
79,144961,15019.9459196981,720,741.213203435596,0,15019.9459196981
79,145636,15637.2932979457,720,741.213203435596,0,15637.2932979457
79,145637,15614.2137053971,720,741.213203435596,0,15614.2137053971
79,145638,15591.1572415273,720,741.213203435596,0,15591.1572415273
79,145639,15568.1240091002,720,741.213203435596,0,15568.1240091002
79,145645,15430.4182933875,720,741.213203435596,0,15430.4182933875
79,145656,15180.2155262665,720,741.213203435596,0,15180.2155262665
79,145657,15157.6186186304,720,741.213203435596,0,15157.6186186304
79,145658,15135.0469934062,720,741.213203435596,0,15135.0469934062
79,145659,15112.5007638765,720,741.213203435596,0,15112.5007638765
79,145662,15045.0155905586,720,741.213203435596,0,15045.0155905586
79,145663,15022.5720876709,720,741.213203435596,0,15022.5720876709
79,145664,15000.1545551816,720,741.213203435596,0,15000.1545551816
79,145665,14977.763109701,720,741.213203435596,0,14977.763109701
79,146340,15595.2371453488,720,741.213203435596,0,15595.2371453488
79,146341,15572.1524598651,720,741.213203435596,0,15572.1524598651
79,146342,15549.0909508247,720,741.213203435596,0,15549.0909508247
79,146343,15526.0527215006,720,741.213203435596,0,15526.0527215006
79,146347,15434.1346847568,720,741.213203435596,0,15434.1346847568
79,146348,15411.2144210539,720,741.213203435596,0,15411.2144210539
79,146349,15388.3180674966,720,741.213203435596,0,15388.3180674966
79,146350,15365.4457309698,720,741.213203435596,0,15365.4457309698
79,146360,15138.0671959065,720,741.213203435596,0,15138.0671959065
79,146361,15115.4662530327,720,741.213203435596,0,15115.4662530327
79,146362,15092.890651422,720,741.213203435596,0,15092.890651422
79,146363,15070.3405049621,720,741.213203435596,0,15070.3405049621
79,146366,15002.8439436602,720,741.213203435596,0,15002.8439436602
79,146367,14980.3967677662,720,741.213203435596,0,14980.3967677662
79,146368,14957.975624801,720,741.213203435596,0,14957.975624801
79,146369,14935.5806320086,720,741.213203435596,0,14935.5806320086
79,146370,14913.2119071958,720,741.213203435596,0,14913.2119071958
79,147044,15553.1819808017,720,741.213203435596,0,15553.1819808017
79,147045,15530.0921768903,720,741.213203435596,0,15530.0921768903
79,147046,15507.025597361,720,741.213203435596,0,15507.025597361
79,147047,15483.9823460052,720,741.213203435596,0,15483.9823460052
79,147051,15392.0447162152,720,741.213203435596,0,15392.0447162152
79,147052,15369.1196806836,720,741.213203435596,0,15369.1196806836
79,147053,15346.2186069469,720,741.213203435596,0,15346.2186069469
79,147054,15323.3416024427,720,741.213203435596,0,15323.3416024427
79,147064,15095.9193821419,720,741.213203435596,0,15095.9193821419
79,147065,15073.314382876,720,741.213203435596,0,15073.314382876
79,147066,15050.7347839908,720,741.213203435596,0,15050.7347839908
79,147067,15028.1806999787,720,741.213203435596,0,15028.1806999787
79,147071,14938.2218220791,720,741.213203435596,0,14938.2218220791
79,147072,14915.7970494308,720,741.213203435596,0,14915.7970494308
79,147073,14893.3984904129,720,741.213203435596,0,14893.3984904129
79,147074,14871.0262634724,720,741.213203435596,0,14871.0262634724
79,147748,15511.1278132778,720,741.213203435596,0,15511.1278132778
79,147749,15488.0328652487,720,741.213203435596,0,15488.0328652487
79,147750,15464.9611897198,720,741.213203435596,0,15464.9611897198
79,147755,15349.9555687758,720,741.213203435596,0,15349.9555687758
79,147756,15327.0257370616,720,741.213203435596,0,15327.0257370616
79,147757,15304.1199190026,720,741.213203435596,0,15304.1199190026
79,147758,15281.2382225864,720,741.213203435596,0,15281.2382225864
79,147775,14896.0472547608,720,741.213203435596,0,14896.0472547608
79,147776,14873.6188330619,720,741.213203435596,0,14873.6188330619
79,147777,14851.2166887509,720,741.213203435596,0,14851.2166887509
79,147778,14828.8409409223,720,741.213203435596,0,14828.8409409223
79,148452,15469.0746518419,720,741.213203435596,0,15469.0746518419
79,148453,15445.9745338106,720,741.213203435596,0,15445.9745338106
79,148454,15422.897736579,720,741.213203435596,0,15422.897736579
79,148455,15399.8443649901,720,741.213203435596,0,15399.8443649901
79,148459,15307.8672501552,720,741.213203435596,0,15307.8672501552
79,148460,15284.9325977189,720,741.213203435596,0,15284.9325977189
79,148461,15262.0220110054,720,741.213203435596,0,15262.0220110054
79,148462,15239.1355985545,720,741.213203435596,0,15239.1355985545
79,148479,14853.8730700085,720,741.213203435596,0,14853.8730700085
79,148480,14831.4409797328,720,741.213203435596,0,14831.4409797328
79,148481,14809.0352309064,720,741.213203435596,0,14809.0352309064
79,148482,14786.6559432748,720,741.213203435596,0,14786.6559432748
79,149156,15427.0225056594,720,741.213203435596,0,15427.0225056594
79,149157,15403.9171915445,720,741.213203435596,0,15403.9171915445
79,149158,15380.8352467127,720,741.213203435596,0,15380.8352467127
79,149159,15357.776776531,720,741.213203435596,0,15357.776776531
79,149163,15265.779768158,720,741.213203435596,0,15265.779768158
79,149164,15242.8402702675,720,741.213203435596,0,15242.8402702675
79,149165,15219.9248903746,720,741.213203435596,0,15219.9248903746
79,149166,15197.0337375828,720,741.213203435596,0,15197.0337375828
79,149183,14811.6992720644,720,741.213203435596,0,14811.6992720644
79,149184,14789.2634935284,720,741.213203435596,0,14789.2634935284
79,149185,14766.8541208073,720,741.213203435596,0,14766.8541208073
79,149186,14744.4712742983,720,741.213203435596,0,14744.4712742983
79,149860,15384.9713839975,720,741.213203435596,0,15384.9713839975
79,149861,15361.8608475211,720,741.213203435596,0,15361.8608475211
79,149862,15338.7737289873,720,741.213203435596,0,15338.7737289873
79,149863,15315.7101342984,720,741.213203435596,0,15315.7101342984
79,149868,15200.7487624035,720,741.213203435596,0,15200.7487624035
79,149869,15177.8285646189,720,741.213203435596,0,15177.8285646189
79,149870,15154.9326469877,720,741.213203435596,0,15154.9326469877
79,149887,14769.5258652248,720,741.213203435596,0,14769.5258652248
79,149888,14747.0863785825,720,741.213203435596,0,14747.0863785825
79,149889,14724.6733624237,720,741.213203435596,0,14724.6733624237
79,149890,14702.286937806,720,741.213203435596,0,14702.286937806
79,150564,15342.921296224,720,741.213203435596,0,15342.921296224
79,150565,15319.8055109018,720,741.213203435596,0,15319.8055109018
79,150566,15296.7131923669,720,741.213203435596,0,15296.7131923669
79,150567,15273.6444470609,720,741.213203435596,0,15273.6444470609
79,150571,15181.607345676,720,741.213203435596,0,15181.607345676
79,150572,15158.6580819083,720,741.213203435596,0,15158.6580819083
79,150573,15135.7330413264,720,741.213203435596,0,15135.7330413264
79,150574,15112.8323341619,720,741.213203435596,0,15112.8323341619
79,150591,14727.3528538316,720,741.213203435596,0,14727.3528538316
79,150592,14704.9096390707,720,741.213203435596,0,14704.9096390707
79,150593,14682.4929597696,720,741.213203435596,0,14682.4929597696
79,150594,14660.1029376569,720,741.213203435596,0,14660.1029376569
79,150595,14637.7396950555,720,741.213203435596,0,14637.7396950555
79,151268,15300.8722518071,720,741.213203435596,0,15300.8722518071
79,151269,15277.7511909535,720,741.213203435596,0,15277.7511909535
79,151270,15254.6536459177,720,741.213203435596,0,15254.6536459177
79,151271,15231.5797236779,720,741.213203435596,0,15231.5797236779
79,151275,15139.5224212326,720,741.213203435596,0,15139.5224212326
79,151276,15116.5682366531,720,741.213203435596,0,15116.5682366531
79,151277,15093.6383281683,720,741.213203435596,0,15093.6383281683
79,151278,15070.732806584,720,741.213203435596,0,15070.732806584
79,151295,14685.1802422768,720,741.213203435596,0,14685.1802422768
79,151296,14662.7332792194,720,741.213203435596,0,14662.7332792194
79,151297,14640.312916912,720,741.213203435596,0,14640.312916912
79,151298,14617.9192777494,720,741.213203435596,0,14617.9192777494
79,151299,14595.5524847376,720,741.213203435596,0,14595.5524847376
79,151972,15258.82426032,720,741.213203435596,0,15258.82426032
79,151973,15235.6978970476,720,741.213203435596,0,15235.6978970476
79,151974,15212.5950988029,720,741.213203435596,0,15212.5950988029
79,151975,15189.5159731133,720,741.213203435596,0,15189.5159731133
79,151980,15074.4792345935,720,741.213203435596,0,15074.4792345935
79,151981,15051.5444329034,720,741.213203435596,0,15051.5444329034
79,152001,14598.1332379583,720,741.213203435596,0,14598.1332379583
79,152002,14575.7359620344,720,741.213203435596,0,14575.7359620344
79,152003,14553.3655992199,720,741.213203435596,0,14553.3655992199
79,152676,15216.7773314455,720,741.213203435596,0,15216.7773314455
79,152677,15193.6456386538,720,741.213203435596,0,15193.6456386538
79,152678,15170.537560289,720,741.213203435596,0,15170.537560289
79,152679,15147.453204425,720,741.213203435596,0,15147.453204425
79,152683,15055.355186723,720,741.213203435596,0,15055.355186723
79,152684,15032.3910837722,720,741.213203435596,0,15032.3910837722
79,152685,15009.4513633797,720,741.213203435596,0,15009.4513633797
79,152704,14578.3817156551,720,741.213203435596,0,14578.3817156551
79,152705,14555.9539270686,720,741.213203435596,0,14555.9539270686
79,152706,14533.5529945024,720,741.213203435596,0,14533.5529945024
79,152707,14511.1790423295,720,741.213203435596,0,14511.1790423295
79,152708,14488.8321955422,720,741.213203435596,0,14488.8321955422
79,153380,15174.7314749671,720,741.213203435596,0,15174.7314749671
79,153381,15151.594425351,720,741.213203435596,0,15151.594425351
79,153382,15128.4810397439,720,741.213203435596,0,15128.4810397439
79,153383,15105.3914267714,720,741.213203435596,0,15105.3914267714
79,153387,15013.2728932381,720,741.213203435596,0,15013.2728932381
79,153388,14990.3037923274,720,741.213203435596,0,14990.3037923274
79,153389,14967.3591275271,720,741.213203435596,0,14967.3591275271
79,153408,14536.2065206412,720,741.213203435596,0,14536.2065206412
79,153409,14513.7749884471,720,741.213203435596,0,14513.7749884471
79,153410,14491.3703791917,720,741.213203435596,0,14491.3703791917
79,153411,14468.9928179427,720,741.213203435596,0,14468.9928179427
79,153412,14446.6424303937,720,741.213203435596,0,14446.6424303937
79,154084,15132.6867007825,720,741.213203435596,0,15132.6867007825
79,154085,15109.5442668222,720,741.213203435596,0,15109.5442668222
79,154086,15086.4255466379,720,741.213203435596,0,15086.4255466379
79,154087,15063.3306494183,720,741.213203435596,0,15063.3306494183
79,154091,14971.1914934801,720,741.213203435596,0,14971.1914934801
79,154092,14948.2173684836,720,741.213203435596,0,14948.2173684836
79,154093,14925.2677333715,720,741.213203435596,0,14925.2677333715
79,154113,14471.5964263477,720,741.213203435596,0,14471.5964263477
79,154114,14449.1881201886,720,741.213203435596,0,14449.1881201886
79,154115,14426.8069299813,720,741.213203435596,0,14426.8069299813
79,154116,14404.4529821212,720,741.213203435596,0,14404.4529821212
79,154117,14382.1264036332,720,741.213203435596,0,14382.1264036332
79,154788,15090.643018896,720,741.213203435596,0,15090.643018896
79,154789,15067.4951728561,720,741.213203435596,0,15067.4951728561
79,154790,15044.3710905516,720,741.213203435596,0,15044.3710905516
79,154791,15021.2708817314,720,741.213203435596,0,15021.2708817314
79,154795,14929.1109959739,720,741.213203435596,0,14929.1109959739
79,154796,14906.1318205628,720,741.213203435596,0,14906.1318205628
79,154797,14883.1771890253,720,741.213203435596,0,14883.1771890253
79,154817,14429.4182450762,720,741.213203435596,0,14429.4182450762
79,154818,14407.0062216297,720,741.213203435596,0,14407.0062216297
79,154819,14384.6213824099,720,741.213203435596,0,14384.6213824099
79,154820,14362.2638545208,720,741.213203435596,0,14362.2638545208
79,154821,14339.9337657121,720,741.213203435596,0,14339.9337657121
79,155492,15048.6004394212,720,741.213203435596,0,15048.6004394212
79,155493,15025.4471533554,720,741.213203435596,0,15025.4471533554
79,155494,15002.3176811715,720,741.213203435596,0,15002.3176811715
79,155495,14979.2121331804,720,741.213203435596,0,14979.2121331804
79,155499,14887.0314093431,720,741.213203435596,0,14887.0314093431
79,155500,14864.0471569778,720,741.213203435596,0,14864.0471569778
79,155501,14841.0875026914,720,741.213203435596,0,14841.0875026914
79,155522,14364.8246876957,720,741.213203435596,0,14364.8246876957
79,155523,14342.436179237,720,741.213203435596,0,14342.436179237
79,155524,14320.0750514413,720,741.213203435596,0,14320.0750514413
79,155525,14297.7414327719,720,741.213203435596,0,14297.7414327719
79,156196,15006.5589725928,720,741.213203435596,0,15006.5589725928
79,156197,14983.4002183346,720,741.213203435596,0,14983.4002183346
79,156198,14960.2653282904,720,741.213203435596,0,14960.2653282904
79,156199,14937.1544133429,720,741.213203435596,0,14937.1544133429
79,156203,14844.9527423099,720,741.213203435596,0,14844.9527423099
79,156206,14776.0587465644,720,741.213203435596,0,14776.0587465644
79,156226,14322.643522617,720,741.213203435596,0,14322.643522617
79,156227,14300.2513245285,720,741.213203435596,0,14300.2513245285
79,156228,14277.8865767704,720,741.213203435596,0,14277.8865767704
79,156229,14255.5494085411,720,741.213203435596,0,14255.5494085411
79,156230,14233.2399496882,720,741.213203435596,0,14233.2399496882
79,156900,14964.5186287551,720,741.213203435596,0,14964.5186287551
79,156901,14941.3543779146,720,741.213203435596,0,14941.3543779146
79,156902,14918.2140418115,720,741.213203435596,0,14918.2140418115
79,156908,14779.8805169449,720,741.213203435596,0,14779.8805169449
79,156909,14756.9107373607,720,741.213203435596,0,14756.9107373607
79,156910,14733.9657804915,720,741.213203435596,0,14733.9657804915
79,156930,14280.4627306788,720,741.213203435596,0,14280.4627306788
79,156931,14258.0668223879,720,741.213203435596,0,14258.0668223879
79,156932,14235.698434446,720,741.213203435596,0,14235.698434446
79,156933,14213.3576967841,720,741.213203435596,0,14213.3576967841
79,156934,14191.0447399897,720,741.213203435596,0,14191.0447399897
79,157604,14922.4794183672,720,741.213203435596,0,14922.4794183672
79,157607,14853.0420986648,720,741.213203435596,0,14853.0420986648
79,157612,14737.7985578092,720,741.213203435596,0,14737.7985578092
79,157613,14714.8236752448,720,741.213203435596,0,14714.8236752448
79,157614,14691.8736708802,720,741.213203435596,0,14691.8736708802
79,157635,14215.8826769747,720,741.213203435596,0,14215.8826769747
79,157636,14193.510628451,720,741.213203435596,0,14193.510628451
79,157637,14171.1663013117,720,741.213203435596,0,14171.1663013117
79,157638,14148.8498268947,720,741.213203435596,0,14148.8498268947
79,158309,14857.2660219464,720,741.213203435596,0,14857.2660219464
79,158310,14834.1147082438,720,741.213203435596,0,14834.1147082438
79,158311,14810.9875235241,720,741.213203435596,0,14810.9875235241
79,158316,14695.7175176324,720,741.213203435596,0,14695.7175176324
79,158317,14672.7375049092,720,741.213203435596,0,14672.7375049092
79,158318,14649.782426104,720,741.213203435596,0,14649.782426104
79,158338,14196.1022835975,720,741.213203435596,0,14196.1022835975
79,158339,14173.6988924924,720,741.213203435596,0,14173.6988924924
79,158340,14151.323162813,720,741.213203435596,0,14151.323162813
79,158341,14128.9752259828,720,741.213203435596,0,14128.9752259828
79,158342,14106.6552140918,720,741.213203435596,0,14106.6552140918
79,158343,14084.3632599018,720,741.213203435596,0,14084.3632599018
79,159013,14815.2235272223,720,741.213203435596,0,14815.2235272223
79,159014,14792.0666815288,720,741.213203435596,0,14792.0666815288
79,159015,14768.9340165032,720,741.213203435596,0,14768.9340165032
79,159020,14653.6374053165,720,741.213203435596,0,14653.6374053165
79,159021,14630.6522350411,720,741.213203435596,0,14630.6522350411
79,159022,14607.692054628,720,741.213203435596,0,14607.692054628
79,159023,14584.7569821015,720,741.213203435596,0,14584.7569821015
79,159043,14131.5154731968,720,741.213203435596,0,14131.5154731968
79,159044,14109.1360416134,720,741.213203435596,0,14109.1360416134
79,159045,14086.7844747021,720,741.213203435596,0,14086.7844747021
79,159046,14064.4609053119,720,741.213203435596,0,14064.4609053119
79,159047,14042.16546697,720,741.213203435596,0,14042.16546697
79,159717,14773.1821687548,720,741.213203435596,0,14773.1821687548
79,159718,14750.0197619688,720,741.213203435596,0,14750.0197619688
79,159724,14611.5582298708,720,741.213203435596,0,14611.5582298708
79,159725,14588.5678744237,720,741.213203435596,0,14588.5678744237
79,159726,14565.6025650172,720,741.213203435596,0,14565.6025650172
79,159727,14542.662420308,720,741.213203435596,0,14542.662420308
79,159748,14066.9492689799,720,741.213203435596,0,14066.9492689799
79,159749,14044.5940514193,720,741.213203435596,0,14044.5940514193
79,159750,14022.2669043302,720,741.213203435596,0,14022.2669043302
79,160421,14731.1419572523,720,741.213203435596,0,14731.1419572523
79,160422,14707.9739600407,720,741.213203435596,0,14707.9739600407
79,160423,14684.8302474645,720,741.213203435596,0,14684.8302474645
79,160428,14569.480000404,720,741.213203435596,0,14569.480000404
79,160429,14546.4844319456,720,741.213203435596,0,14546.4844319456
79,160430,14523.5139659359,720,741.213203435596,0,14523.5139659359
79,160431,14500.5687216686,720,741.213203435596,0,14500.5687216686
79,161125,14689.1029035463,720,741.213203435596,0,14689.1029035463
79,161126,14665.9292863452,720,741.213203435596,0,14665.9292863452
79,161127,14642.7800060637,720,741.213203435596,0,14642.7800060637
79,161128,14619.6551783086,720,741.213203435596,0,14619.6551783086
79,161132,14527.4027261348,720,741.213203435596,0,14527.4027261348
79,161133,14504.401916595,720,741.213203435596,0,14504.401916595
79,161134,14481.4262661438,720,741.213203435596,0,14481.4262661438
79,161135,14458.4758947242,720,741.213203435596,0,14458.4758947242
79,161829,14647.0650185952,720,741.213203435596,0,14647.0650185952
79,161830,14623.8857516049,720,741.213203435596,0,14623.8857516049
79,161831,14600.7308740158,720,741.213203435596,0,14600.7308740158
79,161832,14577.6005020461,720,741.213203435596,0,14577.6005020461
79,161837,14462.3203374638,720,741.213203435596,0,14462.3203374638
79,161838,14439.3394745104,720,741.213203435596,0,14439.3394745104
79,161839,14416.3839481159,720,741.213203435596,0,14416.3839481159
79,162533,14605.0283134836,720,741.213203435596,0,14605.0283134836
79,162534,14581.8433666626,720,741.213203435596,0,14581.8433666626
79,162535,14558.6828619247,720,741.213203435596,0,14558.6828619247
79,162536,14535.5469161099,720,741.213203435596,0,14535.5469161099
79,162537,14512.4356466728,720,741.213203435596,0,14512.4356466728
79,162541,14420.2397037532,720,741.213203435596,0,14420.2397037532
79,162542,14397.253600005,720,741.213203435596,0,14397.253600005
79,162543,14374.2928905812,720,741.213203435596,0,14374.2928905812
79,163238,14539.8021424859,720,741.213203435596,0,14539.8021424859
79,163239,14516.635980523,720,741.213203435596,0,14516.635980523
79,163240,14493.4944309883,720,741.213203435596,0,14493.4944309883
79,163241,14470.3776119672,720,741.213203435596,0,14470.3776119672
79,163245,14378.1600247729,720,741.213203435596,0,14378.1600247729
79,163246,14355.1686517017,720,741.213203435596,0,14355.1686517017
79,163247,14332.2027309633,720,741.213203435596,0,14332.2027309633
79,163248,14309.2623851122,720,741.213203435596,0,14309.2623851122
79,163942,14497.7620901735,720,741.213203435596,0,14497.7620901735
79,163943,14474.5902406604,720,741.213203435596,0,14474.5902406604
79,163944,14451.443057293,720,741.213203435596,0,14451.443057293
79,163945,14428.3206587855,720,741.213203435596,0,14428.3206587855
79,163950,14313.0846387792,720,741.213203435596,0,14313.0846387792
79,163951,14290.113478211,720,741.213203435596,0,14290.113478211
79,163952,14267.1679514512,720,741.213203435596,0,14267.1679514512
79,164647,14432.5456533193,720,741.213203435596,0,14432.5456533193
79,164648,14409.3928057588,720,741.213203435596,0,14409.3928057588
79,164649,14386.2647976172,720,741.213203435596,0,14386.2647976172
79,164654,14271.0015705301,720,741.213203435596,0,14271.0015705301
79,164655,14248.025141373,720,741.213203435596,0,14248.025141373
79,164656,14225.0744052023,720,741.213203435596,0,14225.0744052023
79,165351,14390.5022296053,720,741.213203435596,0,14390.5022296053
79,165352,14367.343687244,720,741.213203435596,0,14367.343687244
79,165353,14344.2100390782,720,741.213203435596,0,14344.2100390782
79,165354,14321.1014057482,720,741.213203435596,0,14321.1014057482
79,165358,14228.919456349,720,741.213203435596,0,14228.919456349
79,165359,14205.9377296125,720,741.213203435596,0,14205.9377296125
79,165360,14182.9817552865,720,741.213203435596,0,14182.9817552865
79,165361,14160.0516586194,720,741.213203435596,0,14160.0516586194
79,166055,14348.4599807552,720,741.213203435596,0,14348.4599807552
79,166056,14325.2957127374,720,741.213203435596,0,14325.2957127374
79,166057,14302.1563939074,720,741.213203435596,0,14302.1563939074
79,166058,14279.0421455553,720,741.213203435596,0,14279.0421455553
79,166759,14306.4189181392,720,741.213203435596,0,14306.4189181392
79,166760,14283.248893357,720,741.213203435596,0,14283.248893357
79,166761,14260.1038729692,720,741.213203435596,0,14260.1038729692
79,166762,14236.9839789228,720,741.213203435596,0,14236.9839789228
79,167463,14264.3790532603,720,741.213203435596,0,14264.3790532603
79,167464,14241.2032403479,720,741.213203435596,0,14241.2032403479
79,167465,14218.0524872536,720,741.213203435596,0,14218.0524872536
79,167466,14194.9269165923,720,741.213203435596,0,14194.9269165923
79,168168,14199.1587650897,720,741.213203435596,0,14199.1587650897
79,168169,14176.0022478875,720,741.213203435596,0,14176.0022478875
79,168170,14152.8709694273,720,741.213203435596,0,14152.8709694273
79,168872,14157.1154791021,720,741.213203435596,0,14157.1154791021
79,168873,14133.9531661243,720,741.213203435596,0,14133.9531661243
79,168874,14110.8161484292,720,741.213203435596,0,14110.8161484292
79,169576,14115.0733940318,720,741.213203435596,0,14115.0733940318
79,170282,14026.7099295671,720,741.213203435596,0,14026.7099295671
79,170984,14030.9928739603,720,741.213203435596,0,14030.9928739603
79,170985,14007.8129810341,720,741.213203435596,0,14007.8129810341
79,170986,13984.6585543594,720,741.213203435596,0,13984.6585543594
79,171088,11783.2906256787,720,741.213203435596,0,11783.2906256787
79,171688,13988.9544629622,720,741.213203435596,0,13988.9544629622
79,171690,13942.6083506347,720,741.213203435596,0,13942.6083506347
79,171790,11780.6426274459,720,741.213203435596,0,11780.6426274459
79,171791,11760.8524873928,720,741.213203435596,0,11760.8524873928
79,171792,11741.1050861491,720,741.213203435596,0,11741.1050861491
79,172393,13923.7255247948,720,741.213203435596,0,13923.7255247948
79,172394,13900.5593300638,720,741.213203435596,0,13900.5593300638
79,172395,13877.4188448211,720,741.213203435596,0,13877.4188448211
79,173097,13881.6836326634,720,741.213203435596,0,13881.6836326634
79,173098,13858.5115044594,720,741.213203435596,0,13858.5115044594
79,173099,13835.3651443685,720,741.213203435596,0,13835.3651443685
79,173801,13839.6429807885,720,741.213203435596,0,13839.6429807885
79,173802,13816.4648857806,720,741.213203435596,0,13816.4648857806
79,173803,13793.312617743,720,741.213203435596,0,13793.312617743
79,174505,13797.6035815593,720,741.213203435596,0,13797.6035815593
79,174506,13774.4194861276,720,741.213203435596,0,13774.4194861276
79,174507,13751.2612767692,720,741.213203435596,0,13751.2612767692
79,175209,13755.5654475089,720,741.213203435596,0,13755.5654475089
79,175210,13732.375317754,720,741.213203435596,0,13732.375317754
79,175211,13709.2111334111,720,741.213203435596,0,13709.2111334111
79,175912,13736.750662855,720,741.213203435596,0,13736.750662855
79,175913,13713.5285913303,720,741.213203435596,0,13713.5285913303
79,175914,13690.3323930602,720,741.213203435596,0,13690.3323930602
79,175915,13667.1621997808,720,741.213203435596,0,13667.1621997808
79,175916,13644.0181439793,720,741.213203435596,0,13644.0181439793
79,176616,13694.7212594734,720,741.213203435596,0,13694.7212594734
79,176617,13671.4930258682,720,741.213203435596,0,13671.4930258682
79,176618,13648.2907245964,720,741.213203435596,0,13648.2907245964
79,176619,13625.1144881414,720,741.213203435596,0,13625.1144881414
79,177321,13629.4587641253,720,741.213203435596,0,13629.4587641253
79,177322,13606.2503250744,720,741.213203435596,0,13606.2503250744
79,177323,13583.0680109077,720,741.213203435596,0,13583.0680109077
79,178025,13587.4258192674,720,741.213203435596,0,13587.4258192674
79,178026,13564.2112073578,720,741.213203435596,0,13564.2112073578
79,178027,13541.022780645,720,741.213203435596,0,13541.022780645
79,178028,13517.8606738814,720,741.213203435596,0,13517.8606738814
79,178729,13545.3942046223,720,741.213203435596,0,13545.3942046223
79,178730,13522.1733844732,720,741.213203435596,0,13522.1733844732
79,178731,13498.9788100773,720,741.213203435596,0,13498.9788100773
79,178732,13475.8106169598,720,741.213203435596,0,13475.8106169598
79,178733,13452.6689414214,720,741.213203435596,0,13452.6689414214
79,179434,13480.1368696048,720,741.213203435596,0,13480.1368696048
79,179435,13456.9361120877,720,741.213203435596,0,13456.9361120877
79,179436,13433.7617974275,720,741.213203435596,0,13433.7617974275
79,179437,13410.6140627117,720,741.213203435596,0,13410.6140627117
79,180138,13438.1016761069,720,741.213203435596,0,13438.1016761069
79,180139,13414.894699718,720,741.213203435596,0,13414.894699718
79,180140,13391.7142280236,720,741.213203435596,0,13391.7142280236
79,180141,13368.5603988972,720,741.213203435596,0,13368.5603988972
79,180842,13396.0678174967,720,741.213203435596,0,13396.0678174967
79,180843,13372.8545861775,720,741.213203435596,0,13372.8545861775
79,180844,13349.6679216426,720,741.213203435596,0,13349.6679216426
79,180845,13326.5079625611,720,741.213203435596,0,13326.5079625611
79,180846,13303.3748484112,720,741.213203435596,0,13303.3748484112
79,181547,13330.8157848369,720,741.213203435596,0,13330.8157848369
79,181548,13307.6228913415,720,741.213203435596,0,13307.6228913415
79,181549,13284.456766452,720,741.213203435596,0,13284.456766452
79,181550,13261.3175504563,720,741.213203435596,0,13261.3175504563
79,182251,13288.7783092391,720,741.213203435596,0,13288.7783092391
79,182252,13265.5791503481,720,741.213203435596,0,13265.5791503481
79,182253,13242.4068234795,720,741.213203435596,0,13242.4068234795
79,182254,13219.2614697375,720,741.213203435596,0,13219.2614697375
79,182255,13196.1432310483,720,741.213203435596,0,13196.1432310483
79,182329,11571.8233308455,720,741.213203435596,0,11571.8233308455
79,182330,11551.2097112307,720,741.213203435596,0,11551.2097112307
79,182955,13246.7421730979,720,741.213203435596,0,13246.7421730979
79,182956,13223.536712053,720,741.213203435596,0,13223.536712053
79,182957,13200.3581467132,720,741.213203435596,0,13200.3581467132
79,182958,13177.2066190036,720,741.213203435596,0,13177.2066190036
79,182959,13154.0822716888,720,741.213203435596,0,13154.0822716888
79,183032,11550.2145659907,720,741.213203435596,0,11550.2145659907
79,183033,11529.5622009047,720,741.213203435596,0,11529.5622009047
79,183660,13181.4955900194,720,741.213203435596,0,13181.4955900194
79,183661,13158.3107493893,720,741.213203435596,0,13158.3107493893
79,183662,13135.1530111739,720,741.213203435596,0,13135.1530111739
79,183663,13112.0225189722,720,741.213203435596,0,13112.0225189722
79,183664,13088.9194172325,720,741.213203435596,0,13088.9194172325
79,183735,11528.6429050931,720,741.213203435596,0,11528.6429050931
79,183736,11507.9517156116,720,741.213203435596,0,11507.9517156116
79,183737,11487.3010410336,720,741.213203435596,0,11487.3010410336
79,183738,11466.6911002532,720,741.213203435596,0,11466.6911002532
79,184364,13139.4557979804,720,741.213203435596,0,13139.4557979804
79,184365,13116.2646449186,720,741.213203435596,0,13116.2646449186
79,184366,13093.1006593268,720,741.213203435596,0,13093.1006593268
79,184367,13069.9639856543,720,741.213203435596,0,13069.9639856543
79,184368,13046.8547692024,720,741.213203435596,0,13046.8547692024
79,184369,13023.773156129,720,741.213203435596,0,13023.773156129
79,184440,11465.6888229824,720,741.213203435596,0,11465.6888229824
79,184441,11445.039852163,720,741.213203435596,0,11445.039852163
79,184442,11424.4317724008,720,741.213203435596,0,11424.4317724008
79,185071,13027.9066846543,720,741.213203435596,0,13027.9066846543
79,185072,13004.7913168666,720,741.213203435596,0,13004.7913168666
79,185073,12981.7036203814,720,741.213203435596,0,12981.7036203814
79,185074,12958.6437431014,720,741.213203435596,0,12958.6437431014
79,185144,11423.4258888993,720,741.213203435596,0,11423.4258888993
79,185776,12962.7290729856,720,741.213203435596,0,12962.7290729856
79,185777,12939.6352564371,720,741.213203435596,0,12939.6352564371
79,185778,12916.5693282029,720,741.213203435596,0,12916.5693282029
79,186480,12920.6680504796,720,741.213203435596,0,12920.6680504796
79,186481,12897.5680768808,720,741.213203435596,0,12897.5680768808
79,186482,12874.4960610157,720,741.213203435596,0,12874.4960610157
79,186483,12851.452153465,720,741.213203435596,0,12851.452153465
79,187185,12855.5020944644,720,741.213203435596,0,12855.5020944644
79,187186,12832.4239539601,720,741.213203435596,0,12832.4239539601
79,187187,12809.3739924118,720,741.213203435596,0,12809.3739924118
79,187188,12786.3523622177,720,741.213203435596,0,12786.3523622177
79,187200,12512.3593760022,720,741.213203435596,0,12512.3593760022
79,187201,12489.7203426938,720,741.213203435596,0,12489.7203426938
79,187202,12467.1118721769,720,741.213203435596,0,12467.1118721769
79,187203,12444.5341310245,720,741.213203435596,0,12444.5341310245
79,187204,12421.9872867977,720,741.213203435596,0,12421.9872867977
79,187889,12813.4373221101,720,741.213203435596,0,12813.4373221101
79,187890,12790.3530196116,720,741.213203435596,0,12790.3530196116
79,187891,12767.2969670395,720,741.213203435596,0,12767.2969670395
79,187892,12744.2693177164,720,741.213203435596,0,12744.2693177164
79,187893,12721.2702258852,720,741.213203435596,0,12721.2702258852
79,187903,12492.8845715796,720,741.213203435596,0,12492.8845715796
79,187904,12470.2100605175,720,741.213203435596,0,12470.2100605175
79,187905,12447.5660314735,720,741.213203435596,0,12447.5660314735
79,187906,12424.9526511034,720,741.213203435596,0,12424.9526511034
79,187907,12402.3700870576,720,741.213203435596,0,12402.3700870576
79,187908,12379.8185079732,720,741.213203435596,0,12379.8185079732
79,188594,12748.2832707181,720,741.213203435596,0,12748.2832707181
79,188595,12725.2210897488,720,741.213203435596,0,12725.2210897488
79,188596,12702.1873842557,720,741.213203435596,0,12702.1873842557
79,188597,12679.1823094306,720,741.213203435596,0,12679.1823094306
79,188609,12405.4123840497,720,741.213203435596,0,12405.4123840497
79,188610,12382.7940623901,720,741.213203435596,0,12382.7940623901
79,188611,12360.2066444808,720,741.213203435596,0,12360.2066444808
79,188612,12337.650300059,720,741.213203435596,0,12337.650300059
79,189299,12683.1463731055,720,741.213203435596,0,12683.1463731055
79,189300,12660.1065740591,720,741.213203435596,0,12660.1065740591
79,189301,12637.0954791992,720,741.213203435596,0,12637.0954791992
79,189302,12614.1132456155,720,741.213203435596,0,12614.1132456155
79,189303,12591.1600313453,720,741.213203435596,0,12591.1600313453
79,190004,12618.026899512,720,741.213203435596,0,12618.026899512
79,190005,12595.0097472284,720,741.213203435596,0,12595.0097472284
79,190006,12572.0215310544,720,741.213203435596,0,12572.0215310544
79,190007,12549.0624100152,720,741.213203435596,0,12549.0624100152
79,190008,12526.1325440935,720,741.213203435596,0,12526.1325440935
79,190709,12552.9251257151,720,741.213203435596,0,12552.9251257151
79,190710,12529.9308895689,720,741.213203435596,0,12529.9308895689
79,190711,12506.9658247379,720,741.213203435596,0,12506.9658247379
79,190712,12484.0300922124,720,741.213203435596,0,12484.0300922124
79,190713,12461.1238539566,720,741.213203435596,0,12461.1238539566
79,191414,12487.8413331653,720,741.213203435596,0,12487.8413331653
79,191416,12441.9286510488,720,741.213203435596,0,12441.9286510488
79,194945,12026.0607783178,720,741.213203435596,0,12026.0607783178
79,195647,12029.3479869087,720,741.213203435596,0,12029.3479869087
79,195648,12006.6153832462,720,741.213203435596,0,12006.6153832462
79,195649,11983.9142252527,720,741.213203435596,0,11983.9142252527
79,196350,12009.9825330307,720,741.213203435596,0,12009.9825330307
79,196351,11987.2130819022,720,741.213203435596,0,11987.2130819022
79,196352,11964.474987802,720,741.213203435596,0,11964.474987802
79,196353,11941.768429848,720,741.213203435596,0,11941.768429848
79,196434,10226.0517942345,720,741.213203435596,0,10226.0517942345
79,197055,11945.0790161307,720,741.213203435596,0,11945.0790161307
79,197056,11922.3353951911,720,741.213203435596,0,11922.3353951911
79,197057,11899.6234013721,720,741.213203435596,0,11899.6234013721
79,197136,10222.8294981,720,741.213203435596,0,10222.8294981
79,197137,10203.3415325684,720,741.213203435596,0,10203.3415325684
79,197138,10183.9040234878,720,741.213203435596,0,10183.9040234878
79,197759,11902.9457997189,720,741.213203435596,0,11902.9457997189
79,197760,11880.1966151736,720,741.213203435596,0,11880.1966151736
79,197761,11857.4791492203,720,741.213203435596,0,11857.4791492203
79,197767,11721.8507532373,720,741.213203435596,0,11721.8507532373
79,197840,10180.6684925395,720,741.213203435596,0,10180.6684925395
79,197841,10161.1875068513,720,741.213203435596,0,10161.1875068513
79,197842,10141.7572145932,720,741.213203435596,0,10141.7572145932
79,197843,10122.377907688,720,741.213203435596,0,10122.377907688
79,198470,11702.2044444369,720,741.213203435596,0,11702.2044444369
79,198471,11679.676235452,720,741.213203435596,0,11679.676235452
79,198544,10138.5083386085,720,741.213203435596,0,10138.5083386085
79,198545,10119.0343935112,720,741.213203435596,0,10119.0343935112
79,198546,10099.611381021,720,741.213203435596,0,10099.611381021
79,198547,10080.2395955592,720,741.213203435596,0,10080.2395955592
79,199173,11682.6016807074,720,741.213203435596,0,11682.6016807074
79,199174,11660.0354758365,720,741.213203435596,0,11660.0354758365
79,199175,11637.5023024594,720,741.213203435596,0,11637.5023024594
79,199249,10076.882205433,720,741.213203435596,0,10076.882205433
79,199250,10057.4665364763,720,741.213203435596,0,10057.4665364763
79,199251,10038.1023384757,720,741.213203435596,0,10038.1023384757
79,199252,10018.7899098839,720,741.213203435596,0,10018.7899098839
79,199876,11663.0426816112,720,741.213203435596,0,11663.0426816112
79,199877,11640.4384377449,720,741.213203435596,0,11640.4384377449
79,199878,11617.8671337155,720,741.213203435596,0,11617.8671337155
79,199879,11595.3289618847,720,741.213203435596,0,11595.3289618847
79,199880,11572.8241158252,720,741.213203435596,0,11572.8241158252
79,199953,10034.7309557192,720,741.213203435596,0,10034.7309557192
79,199954,10015.3226948818,720,741.213203435596,0,10015.3226948818
79,199955,9995.96615122664,720,741.213203435596,0,9995.96615122664
79,199956,9976.66162577556,720,741.213203435596,0,9976.66162577556
79,199957,9957.40942107332,720,741.213203435596,0,9957.40942107332
79,200580,11620.8853423698,720,741.213203435596,0,11620.8853423698
79,200581,11598.2758643698,720,741.213203435596,0,11598.2758643698
79,200582,11575.6994261712,720,741.213203435596,0,11575.6994261712
79,200583,11553.1562214665,720,741.213203435596,0,11553.1562214665
79,200658,9973.17987040707,720,741.213203435596,0,9973.17987040707
79,200659,9953.83104885099,720,741.213203435596,0,9953.83104885099
79,200660,9934.53449665231,720,741.213203435596,0,9934.53449665231
79,200661,9915.29051898309,720,741.213203435596,0,9915.29051898309
79,200662,9896.09942255467,720,741.213203435596,0,9896.09942255467
79,201284,11578.7287172536,720,741.213203435596,0,11578.7287172536
79,201285,11556.1139691599,720,741.213203435596,0,11556.1139691599
79,201286,11533.5323614144,720,741.213203435596,0,11533.5323614144
79,201362,9931.03807745309,720,741.213203435596,0,9931.03807745309
79,201363,9911.6970466407,720,741.213203435596,0,9911.6970466407
79,201364,9892.40853872898,720,741.213203435596,0,9892.40853872898
79,201365,9873.17286155158,720,741.213203435596,0,9873.17286155158
79,201366,9853.99032449541,720,741.213203435596,0,9853.99032449541
79,201367,9834.86123850342,720,741.213203435596,0,9834.86123850342
79,201988,11536.5728153448,720,741.213203435596,0,11536.5728153448
79,201989,11513.9527608194,720,741.213203435596,0,11513.9527608194
79,202067,9869.56416015093,720,741.213203435596,0,9869.56416015093
79,202068,9850.28376850198,720,741.213203435596,0,9850.28376850198
79,202069,9831.05646624658,720,741.213203435596,0,9831.05646624658
79,202070,9811.88256548484,720,741.213203435596,0,9811.88256548484
79,202071,9792.76237989495,720,741.213203435596,0,9792.76237989495
79,202772,9808.16020274874,720,741.213203435596,0,9808.16020274874
79,202773,9788.94135083565,720,741.213203435596,0,9788.94135083565
79,202774,9769.77616432046,720,741.213203435596,0,9769.77616432046
79,202775,9750.66495964375,720,741.213203435596,0,9750.66495964375
79,202776,9731.60805484229,720,741.213203435596,0,9731.60805484229
79,203477,9746.82753339424,720,741.213203435596,0,9746.82753339424
79,203478,9727.67114011736,720,741.213203435596,0,9727.67114011736
79,203479,9708.5689979514,720,741.213203435596,0,9708.5689979514
79,203480,9689.52142775029,720,741.213203435596,0,9689.52142775029
79,203481,9670.52875197737,720,741.213203435596,0,9670.52875197737
79,203482,9651.5912947024,720,741.213203435596,0,9651.5912947024
79,204183,9666.4745153662,720,741.213203435596,0,9666.4745153662
79,204184,9647.43636513611,720,741.213203435596,0,9647.43636513611
79,204185,9628.45338698096,720,741.213203435596,0,9628.45338698096
79,204186,9609.52590786985,720,741.213203435596,0,9609.52590786985
79,204888,9605.35288906925,720,741.213203435596,0,9605.35288906925
79,204889,9586.37969781576,720,741.213203435596,0,9586.37969781576
79,204890,9567.46228894059,720,741.213203435596,0,9567.46228894059
79,204891,9548.60099398509,720,741.213203435596,0,9548.60099398509
79,204892,9529.79614613318,720,741.213203435596,0,9529.79614613318
79,205593,9544.30770815725,720,741.213203435596,0,9544.30770815725
79,205594,9525.40046285084,720,741.213203435596,0,9525.40046285084
79,205595,9506.54962062961,720,741.213203435596,0,9506.54962062961
79,205596,9487.7555176861,720,741.213203435596,0,9487.7555176861
79,206298,9483.34045498461,720,741.213203435596,0,9483.34045498461
79,206299,9464.50016302838,720,741.213203435596,0,9464.50016302838
79,206300,9445.71690548479,720,741.213203435596,0,9445.71690548479
79,209779,10047.793195924,720,741.213203435596,0,10047.793195924
79,209780,10026.982765211,720,741.213203435596,0,10026.982765211
79,209781,10006.2183695495,720,741.213203435596,0,10006.2183695495
79,209782,9985.50029612409,720,741.213203435596,0,9985.50029612409
79,209783,9964.82883386621,720,741.213203435596,0,9964.82883386621
79,210483,10005.520930448,720,741.213203435596,0,10005.520930448
79,210484,9984.71179023805,720,741.213203435596,0,9984.71179023805
79,210485,9963.94888624707,720,741.213203435596,0,9963.94888624707
79,210486,9943.23250812169,720,741.213203435596,0,9943.23250812169
79,210487,9922.56294727129,720,741.213203435596,0,9922.56294727129
79,210488,9901.94049687821,720,741.213203435596,0,9901.94049687821
79,211151,10740.9381993064,720,741.213203435596,0,10740.9381993064
79,211152,10718.63849823,720,741.213203435596,0,10718.63849823
79,211153,10696.3758604736,720,741.213203435596,0,10696.3758604736
79,211187,9963.2485867796,720,741.213203435596,0,9963.2485867796
79,211188,9942.4407488526,720,741.213203435596,0,9942.4407488526
79,211189,9921.67935007696,720,741.213203435596,0,9921.67935007696
79,211190,9900.96468258714,720,741.213203435596,0,9900.96468258714
79,211191,9880.29704030855,720,741.213203435596,0,9880.29704030855
79,211192,9859.67671896334,720,741.213203435596,0,9859.67671896334
79,211854,10721.076550222,720,741.213203435596,0,10721.076550222
79,211855,10698.7353305136,720,741.213203435596,0,10698.7353305136
79,211856,10676.4310702139,720,741.213203435596,0,10676.4310702139
79,211857,10654.1640014423,720,741.213203435596,0,10654.1640014423
79,211891,9920.9761653765,720,741.213203435596,0,9920.9761653765
79,211892,9900.16964166551,720,741.213203435596,0,9900.16964166551
79,211893,9879.40976182087,720,741.213203435596,0,9879.40976182087
79,211894,9858.69682050276,720,741.213203435596,0,9858.69682050276
79,211895,9838.03111418651,720,741.213203435596,0,9838.03111418651
79,212558,10678.8788494678,720,741.213203435596,0,10678.8788494678
79,212559,10656.5329088843,720,741.213203435596,0,10656.5329088843
79,212560,10634.2240550133,720,741.213203435596,0,10634.2240550133
79,212561,10611.9525217519,720,741.213203435596,0,10611.9525217519
79,212562,10589.7185445716,720,741.213203435596,0,10589.7185445716
79,212597,9837.14012227683,720,741.213203435596,0,9837.14012227683
79,212598,9816.42892287177,720,741.213203435596,0,9816.42892287177
79,213263,10614.3309411112,720,741.213203435596,0,10614.3309411112
79,213264,10592.0174589286,720,741.213203435596,0,10592.0174589286
79,213265,10569.7414273174,720,741.213203435596,0,10569.7414273174
79,213266,10547.5030835587,720,741.213203435596,0,10547.5030835587
79,213968,10549.8112883635,720,741.213203435596,0,10549.8112883635
79,213969,10527.5307241446,720,741.213203435596,0,10527.5307241446
79,213970,10505.287980464,720,741.213203435596,0,10505.287980464
79,214009,9670.05850350438,720,741.213203435596,0,9670.05850350438
79,214673,10485.3204183404,720,741.213203435596,0,10485.3204183404
79,214674,10463.0732409994,720,741.213203435596,0,10463.0732409994
79,214675,10440.8642604091,720,741.213203435596,0,10440.8642604091
79,214711,9668.96724296969,720,741.213203435596,0,9668.96724296969
79,214712,9648.35786106907,720,741.213203435596,0,9648.35786106907
79,214713,9627.79719208628,720,741.213203435596,0,9627.79719208628
79,214714,9607.28554877428,720,741.213203435596,0,9607.28554877428
79,215377,10443.1105161053,720,741.213203435596,0,10443.1105161053
79,215378,10420.8588709691,720,741.213203435596,0,10420.8588709691
79,215379,10398.6455590114,720,741.213203435596,0,10398.6455590114
79,215380,10376.4708264162,720,741.213203435596,0,10376.4708264162
79,215415,9626.70123989379,720,741.213203435596,0,9626.70123989379
79,215416,9606.09410655755,720,741.213203435596,0,9606.09410655755
79,215417,9585.53591107885,720,741.213203435596,0,9585.53591107885
79,215418,9565.02696900414,720,741.213203435596,0,9565.02696900414
79,215419,9544.56759783826,720,741.213203435596,0,9544.56759783826
79,216082,10378.644876279,720,741.213203435596,0,10378.644876279
79,216085,10312.1082514553,720,741.213203435596,0,10312.1082514553
79,216120,9563.83036143949,720,741.213203435596,0,9563.83036143949
79,216121,9543.27466240076,720,741.213203435596,0,9543.27466240076
79,216122,9522.76844662356,720,741.213203435596,0,9522.76844662356
79,216787,10314.2091871031,720,741.213203435596,0,10314.2091871031
79,216788,10292.0259702808,720,741.213203435596,0,10292.0259702808
79,216789,10269.8818642714,720,741.213203435596,0,10269.8818642714
79,216824,9521.56662735425,720,741.213203435596,0,9521.56662735425
79,216825,9501.01344800676,720,741.213203435596,0,9501.01344800676
79,217492,10249.8040190745,720,741.213203435596,0,10249.8040190745
79,217493,10227.6557644047,720,741.213203435596,0,10227.6557644047
79,217494,10205.5470194449,720,741.213203435596,0,10205.5470194449
79,218196,10207.5823929212,720,741.213203435596,0,10207.5823929212
79,218197,10185.4299568515,720,741.213203435596,0,10185.4299568515
79,218198,10163.3171769054,720,741.213203435596,0,10163.3171769054
79,218199,10141.2443124916,720,741.213203435596,0,10141.2443124916
79,218901,10143.2044466855,720,741.213203435596,0,10143.2044466855
79,218902,10121.0875996856,720,741.213203435596,0,10121.0875996856
79,218903,10099.0108178085,720,741.213203435596,0,10099.0108178085
79,218904,10076.9743643826,720,741.213203435596,0,10076.9743643826
79,219605,10100.9792390688,720,741.213203435596,0,10100.9792390688
79,219606,10078.8582925554,720,741.213203435596,0,10078.8582925554
79,219607,10056.7775618668,720,741.213203435596,0,10056.7775618668
79,219608,10034.7373124779,720,741.213203435596,0,10034.7373124779
79,220310,10036.6292603658,720,741.213203435596,0,10036.6292603658
79,220311,10014.5445491285,720,741.213203435596,0,10014.5445491285
79,220312,9992.50047318817,720,741.213203435596,0,9992.50047318817
79,220313,9970.49730207256,720,741.213203435596,0,9970.49730207256
79,220314,9948.53530718847,720,741.213203435596,0,9948.53530718847
79,221014,9994.40050804782,720,741.213203435596,0,9994.40050804782
79,221015,9972.31178413297,720,741.213203435596,0,9972.31178413297
79,221016,9950.26385067668,720,741.213203435596,0,9950.26385067668
79,221017,9928.25697942945,720,741.213203435596,0,9928.25697942945
79,221018,9906.29144405493,720,741.213203435596,0,9906.29144405493
79,221719,9930.0792714991,720,741.213203435596,0,9930.0792714991
79,221720,9908.02744917185,720,741.213203435596,0,9908.02744917185
79,221721,9886.01684764448,720,741.213203435596,0,9886.01684764448
79,221722,9864.047742856,720,741.213203435596,0,9864.047742856
79,221723,9842.12041268672,720,741.213203435596,0,9842.12041268672
79,222424,9865.79127298093,720,741.213203435596,0,9865.79127298093
79,222425,9843.77691064181,720,741.213203435596,0,9843.77691064181
79,222426,9821.80420715268,720,741.213203435596,0,9821.80420715268
79,222427,9799.8734427289,720,741.213203435596,0,9799.8734427289
79,222428,9777.9848995659,720,741.213203435596,0,9777.9848995659
79,223129,9801.53717241544,720,741.213203435596,0,9801.53717241544
79,223130,9779.5608405695,720,741.213203435596,0,9779.5608405695
79,223131,9757.62661352439,720,741.213203435596,0,9757.62661352439
79,223132,9735.73477586005,720,741.213203435596,0,9735.73477586005
79,223834,9737.31764679366,720,741.213203435596,0,9737.31764679366
79,223835,9715.37992839495,720,741.213203435596,0,9715.37992839495
79,223836,9693.48476882978,720,741.213203435596,0,9693.48476882978
79,223837,9671.63245714292,720,741.213203435596,0,9671.63245714292
79,224538,9695.07462957493,720,741.213203435596,0,9695.07462957493
79,224539,9673.13339072238,720,741.213203435596,0,9673.13339072238
79,225248,9521.8124993789,720,741.213203435596,0,9521.8124993789
79,225249,9500.1295741404,720,741.213203435596,0,9500.1295741404
79,225951,9501.2810272887,720,741.213203435596,0,9501.2810272887
79,225952,9479.5510226093,720,741.213203435596,0,9479.5510226093
79,225953,9457.8655975844,720,741.213203435596,0,9457.8655975844
79,225954,9436.22505956015,720,741.213203435596,0,9436.22505956015
79,226656,9437.28957422898,720,741.213203435596,0,9437.28957422898
79,226657,9415.6016280654,720,741.213203435596,0,9415.6016280654
79,226658,9393.95875973826,720,741.213203435596,0,9393.95875973826
79,226659,9372.36128153056,720,741.213203435596,0,9372.36128153056
79,227359,9416.76360256447,720,741.213203435596,0,9416.76360256447
79,227360,9395.02815615931,720,741.213203435596,0,9395.02815615931
79,227361,9373.33766722199,720,741.213203435596,0,9373.33766722199
79,227362,9351.69244857621,720,741.213203435596,0,9351.69244857621
79,227363,9330.09281529831,720,741.213203435596,0,9330.09281529831
79,228064,9352.76677035917,720,741.213203435596,0,9352.76677035917
79,228065,9331.07371671969,720,741.213203435596,0,9331.07371671969
79,228066,9309.42612747634,720,741.213203435596,0,9309.42612747634
79,228067,9287.8243205261,720,741.213203435596,0,9287.8243205261
79,228068,9266.26861605564,720,741.213203435596,0,9266.26861605564
79,228768,9310.50541881621,720,741.213203435596,0,9310.50541881621
79,228769,9288.80977825806,720,741.213203435596,0,9288.80977825806
79,228770,9267.15979786005,720,741.213203435596,0,9267.15979786005
79,228771,9245.55579838413,720,741.213203435596,0,9245.55579838413
79,228772,9223.99810291488,720,741.213203435596,0,9223.99810291488
79,228773,9202.48703686996,720,741.213203435596,0,9202.48703686996
79,228774,9181.02292800438,720,741.213203435596,0,9181.02292800438
79,228775,9159.60610642795,720,741.213203435596,0,9159.60610642795
79,229472,9268.24410356483,720,741.213203435596,0,9268.24410356483
79,229473,9246.54585356506,720,741.213203435596,0,9246.54585356506
79,229474,9224.89346117752,720,741.213203435596,0,9224.89346117752
79,229475,9203.28725006839,720,741.213203435596,0,9203.28725006839
79,229476,9181.72754625905,720,741.213203435596,0,9181.72754625905
79,229477,9160.21467812996,720,741.213203435596,0,9160.21467812996
79,229478,9138.74897643801,720,741.213203435596,0,9138.74897643801
79,229479,9117.33077433067,720,741.213203435596,0,9117.33077433067
79,230177,9204.28194439804,720,741.213203435596,0,9204.28194439804
79,230178,9182.62711890478,720,741.213203435596,0,9182.62711890478
79,230179,9161.01867679543,720,741.213203435596,0,9161.01867679543
79,230180,9139.45694706281,720,741.213203435596,0,9139.45694706281
79,230181,9117.94226109539,720,741.213203435596,0,9117.94226109539
79,230182,9096.47495269753,720,741.213203435596,0,9096.47495269753
79,230183,9075.05535808527,720,741.213203435596,0,9075.05535808527
79,230184,9053.68381591124,720,741.213203435596,0,9053.68381591124
79,230185,9032.36066726755,720,741.213203435596,0,9032.36066726755
79,230186,9011.08625569773,720,741.213203435596,0,9011.08625569773
79,230187,8989.8609272102,720,741.213203435596,0,8989.8609272102
79,230306,6936.47797288592,720,741.213203435596,0,6936.47797288592
79,230882,9140.36077254923,720,741.213203435596,0,9140.36077254923
79,230883,9118.75007980265,720,741.213203435596,0,9118.75007980265
79,230884,9097.18630632107,720,741.213203435596,0,9097.18630632107
79,230885,9075.66978654905,720,741.213203435596,0,9075.66978654905
79,230886,9054.2008573664,720,741.213203435596,0,9054.2008573664
79,230887,9032.77985811447,720,741.213203435596,0,9032.77985811447
79,230888,9011.40713059465,720,741.213203435596,0,9011.40713059465
79,230889,8990.08301908515,720,741.213203435596,0,8990.08301908515
79,230890,8968.8078703534,720,741.213203435596,0,8968.8078703534
79,230891,8947.58203366745,720,741.213203435596,0,8947.58203366745
79,230892,8926.40586079812,720,741.213203435596,0,8926.40586079812
79,230893,8905.27970603647,720,741.213203435596,0,8905.27970603647
79,230894,8884.20392620793,720,741.213203435596,0,8884.20392620793
79,230969,7476.93163383139,720,741.213203435596,0,7476.93163383139
79,230970,7460.92791142055,720,741.213203435596,0,7460.92791142055
79,230971,7445.00984896288,720,741.213203435596,0,7445.00984896288
79,231008,6921.40205168652,720,741.213203435596,0,6921.40205168652
79,231009,6909.15810144832,720,741.213203435596,0,6909.15810144832
79,231010,6897.02201606359,720,741.213203435596,0,6897.02201606359
79,231587,9076.48146034853,720,741.213203435596,0,9076.48146034853
79,231588,9054.91562505135,720,741.213203435596,0,9054.91562505135
79,231589,9033.39725527839,720,741.213203435596,0,9033.39725527839
79,231590,9011.92669104265,720,741.213203435596,0,9011.92669104265
79,231591,8990.50427484327,720,741.213203435596,0,8990.50427484327
79,231592,8969.13035167721,720,741.213203435596,0,8969.13035167721
79,231593,8947.80526905796,720,741.213203435596,0,8947.80526905796
79,231594,8926.52937702068,720,741.213203435596,0,8926.52937702068
79,231595,8905.30302813323,720,741.213203435596,0,8905.30302813323
79,231596,8884.12657750608,720,741.213203435596,0,8884.12657750608
79,231597,8863.00038280962,720,741.213203435596,0,8863.00038280962
79,231598,8841.92480427474,720,741.213203435596,0,8841.92480427474
79,231673,7435.65843733393,720,741.213203435596,0,7435.65843733393
79,231674,7419.68607628404,720,741.213203435596,0,7419.68607628404
79,231675,7403.79998807484,720,741.213203435596,0,7403.79998807484
79,231676,7388.00072923578,720,741.213203435596,0,7388.00072923578
79,231712,6881.85978255147,720,741.213203435596,0,6881.85978255147
79,231713,6869.67540598513,720,741.213203435596,0,6869.67540598513
79,231714,6857.59972728465,720,741.213203435596,0,6857.59972728465
79,231715,6845.63332167847,720,741.213203435596,0,6845.63332167847
79,232292,9012.64490428431,720,741.213203435596,0,9012.64490428431
79,232293,8991.12466809519,720,741.213203435596,0,8991.12466809519
79,232294,8969.65245433428,720,741.213203435596,0,8969.65245433428
79,232295,8948.22860870498,720,741.213203435596,0,8948.22860870498
79,232296,8926.85347945094,720,741.213203435596,0,8926.85347945094
79,232297,8905.52741736131,720,741.213203435596,0,8905.52741736131
79,232298,8884.25077578418,720,741.213203435596,0,8884.25077578418
79,232299,8863.02391063571,720,741.213203435596,0,8863.02391063571
79,232300,8841.84718041904,720,741.213203435596,0,8841.84718041904
79,232301,8820.72094622183,720,741.213203435596,0,8820.72094622183
79,232377,7394.39657330875,720,741.213203435596,0,7394.39657330875
79,232378,7378.45595012763,720,741.213203435596,0,7378.45595012763
79,232379,7362.60222076207,720,741.213203435596,0,7362.60222076207
79,232380,7346.83594773644,720,741.213203435596,0,7346.83594773644
79,232416,6842.35025927197,720,741.213203435596,0,6842.35025927197
79,232417,6830.22620517714,720,741.213203435596,0,6830.22620517714
79,232997,8948.85202582199,720,741.213203435596,0,8948.85202582199
79,232998,8927.378147859,720,741.213203435596,0,8927.378147859
79,233004,8799.5676695371,720,741.213203435596,0,8799.5676695371
79,233005,8778.4413962853,720,741.213203435596,0,8778.4413962853
79,233081,7353.14623449371,720,741.213203435596,0,7353.14623449371
79,233082,7337.23773231306,720,741.213203435596,0,7337.23773231306
79,233083,7321.41675315079,720,741.213203435596,0,7321.41675315079
79,233084,7305.68386561692,720,741.213203435596,0,7305.68386561692
79,233707,8778.46533987373,720,741.213203435596,0,8778.46533987373
79,233708,8757.2880448645,720,741.213203435596,0,8757.2880448645
79,233709,8736.16173300577,720,741.213203435596,0,8736.16173300577
79,233786,7296.03162664364,720,741.213203435596,0,7296.03162664364
79,233787,7280.24379596593,720,741.213203435596,0,7280.24379596593
79,233788,7264.54470068572,720,741.213203435596,0,7264.54470068572
79,233789,7248.93491732972,720,741.213203435596,0,7248.93491732972
79,234410,8757.4143255265,720,741.213203435596,0,8757.4143255265
79,234411,8736.18588666757,720,741.213203435596,0,8736.18588666757
79,234412,8715.00830640233,720,741.213203435596,0,8715.00830640233
79,234413,8693.88195639294,720,741.213203435596,0,8693.88195639294
79,234414,8672.80721102032,720,741.213203435596,0,8672.80721102032
79,234490,7254.8378414945,720,741.213203435596,0,7254.8378414945
79,234491,7239.08356466913,720,741.213203435596,0,7239.08356466913
79,234492,7223.41867564312,720,741.213203435596,0,7223.41867564312
79,234497,7146.45550345365,720,741.213203435596,0,7146.45550345365
79,235115,8693.90632161744,720,741.213203435596,0,8693.90632161744
79,235116,8672.72845415223,720,741.213203435596,0,8672.72845415223
79,235117,8651.60206645602,720,741.213203435596,0,8651.60206645602
79,235118,8630.52753657683,720,741.213203435596,0,8630.52753657683
79,235162,7760.83327982267,720,741.213203435596,0,7760.83327982267
79,235163,7742.52994444802,720,741.213203435596,0,7742.52994444802
79,235164,7724.29896178443,720,741.213203435596,0,7724.29896178443
79,235165,7706.14084534159,720,741.213203435596,0,7706.14084534159
79,235199,7135.96142824025,720,741.213203435596,0,7135.96142824025
79,235200,7120.69727121384,720,741.213203435596,0,7120.69727121384
79,235201,7105.52612537348,720,741.213203435596,0,7105.52612537348
79,235819,8651.62664475302,720,741.213203435596,0,8651.62664475302
79,235820,8630.44848811731,720,741.213203435596,0,8630.44848811731
79,235821,8609.32206320511,720,741.213203435596,0,8609.32206320511
79,235822,8588.24775178343,720,741.213203435596,0,8588.24775178343
79,235823,8567.22593842978,720,741.213203435596,0,8567.22593842978
79,235866,7718.88026024698,720,741.213203435596,0,7718.88026024698
79,235867,7700.59318909129,720,741.213203435596,0,7700.59318909129
79,235868,7682.37894354538,720,741.213203435596,0,7682.37894354538
79,235869,7664.23804282648,720,741.213203435596,0,7664.23804282648
79,235902,7110.2910936193,720,741.213203435596,0,7110.2910936193
79,235903,7094.97162693647,720,741.213203435596,0,7094.97162693647
79,235904,7079.74527188957,720,741.213203435596,0,7079.74527188957
79,235905,7064.61263052746,720,741.213203435596,0,7064.61263052746
79,236524,8588.16840830364,720,741.213203435596,0,8588.16840830364
79,236525,8567.0419466511,720,741.213203435596,0,8567.0419466511
79,236526,8545.9678566951,720,741.213203435596,0,8545.9678566951
79,236527,8524.94652683547,720,741.213203435596,0,8524.94652683547
79,236528,8503.97834832993,720,741.213203435596,0,8503.97834832993
79,236570,7676.93075844587,720,741.213203435596,0,7676.93075844587
79,236571,7658.66013930998,720,741.213203435596,0,7658.66013930998
79,236572,7640.4628246652,720,741.213203435596,0,7640.4628246652
79,236573,7622.33933952464,720,741.213203435596,0,7622.33933952464
79,236606,7069.27892639417,720,741.213203435596,0,7069.27892639417
79,236607,7053.99703038593,720,741.213203435596,0,7053.99703038593
79,236608,7038.80895156326,720,741.213203435596,0,7038.80895156326
79,236609,7023.71529853914,720,741.213203435596,0,7023.71529853914
79,237228,8545.8882147109,720,741.213203435596,0,8545.8882147109
79,237229,8524.7617167997,720,741.213203435596,0,8524.7617167997
79,237230,8503.68785136673,720,741.213203435596,0,8503.68785136673
79,237231,8482.667010681,720,741.213203435596,0,8482.667010681
79,237232,8461.6995899238,720,741.213203435596,0,8461.6995899238
79,237274,7634.98483429276,720,741.213203435596,0,7634.98483429276
79,237275,7616.73085820163,720,741.213203435596,0,7616.73085820163
79,237276,7598.55067157245,720,741.213203435596,0,7598.55067157245
79,237309,7043.61953008712,720,741.213203435596,0,7043.61953008712
79,237310,7028.28175928368,720,741.213203435596,0,7028.28175928368
79,237311,7013.03790715127,720,741.213203435596,0,7013.03790715127
79,237312,6997.88858745653,720,741.213203435596,0,6997.88858745653
79,237313,6982.83441546614,720,741.213203435596,0,6982.83441546614
79,237932,8503.60790734004,720,741.213203435596,0,8503.60790734004
79,237933,8482.48137366548,720,741.213203435596,0,8482.48137366548
79,237934,8461.4077358527,720,741.213203435596,0,8461.4077358527
79,237935,8440.3873901117,720,741.213203435596,0,8440.3873901117
79,237936,8419.42073559574,720,741.213203435596,0,8419.42073559574
79,237978,7593.04254898532,720,741.213203435596,0,7593.04254898532
79,237979,7574.80541025726,720,741.213203435596,0,7574.80541025726
79,238013,7002.59982181011,720,741.213203435596,0,7002.59982181011
79,238014,6987.29985838867,720,741.213203435596,0,6987.29985838867
79,238015,6972.09453201338,720,741.213203435596,0,6972.09453201338
79,238016,6956.98446320721,720,741.213203435596,0,6956.98446320721
79,238637,8440.20091725381,720,741.213203435596,0,8440.20091725381
79,238638,8419.12751021255,720,741.213203435596,0,8419.12751021255
79,238639,8398.10766526917,720,741.213203435596,0,8398.10766526917
79,238640,8377.14178561705,720,741.213203435596,0,8377.14178561705
79,238641,8356.23027745571,720,741.213203435596,0,8356.23027745571
79,238682,7551.10396507035,720,741.213203435596,0,7551.10396507035
79,238683,7532.88386139883,720,741.213203435596,0,7532.88386139883
79,238716,6976.95158606518,720,741.213203435596,0,6976.95158606518
79,238717,6961.59517124358,720,741.213203435596,0,6961.59517124358
79,238718,6946.33349599283,720,741.213203435596,0,6946.33349599283
79,238719,6931.16718613381,720,741.213203435596,0,6931.16718613381
79,239342,8376.84717450113,720,741.213203435596,0,8376.84717450113
79,239343,8355.82783629921,720,741.213203435596,0,8355.82783629921
79,239344,8334.86274026736,720,741.213203435596,0,8334.86274026736
79,239345,8313.95229675043,720,741.213203435596,0,8313.95229675043
79,239346,8293.09691915482,720,741.213203435596,0,8293.09691915482
79,239385,7527.44674989815,720,741.213203435596,0,7527.44674989815
79,239386,7509.16914649043,720,741.213203435596,0,7509.16914649043
79,239387,7490.96627901553,720,741.213203435596,0,7490.96627901553
79,239420,6935.92421663224,720,741.213203435596,0,6935.92421663224
79,239421,6920.60584812693,720,741.213203435596,0,6920.60584812693
79,239422,6905.3829507372,720,741.213203435596,0,6905.3829507372
79,239423,6890.25615724631,720,741.213203435596,0,6890.25615724631
79,239424,6875.22610199404,720,741.213203435596,0,6875.22610199404
79,239426,6845.45875091787,720,741.213203435596,0,6845.45875091787
79,240047,8313.54790335344,720,741.213203435596,0,8313.54790335344
79,240048,8292.58359983241,720,741.213203435596,0,8292.58359983241
79,240049,8271.67423276612,720,741.213203435596,0,8271.67423276612
79,240050,8250.8202198164,720,741.213203435596,0,8250.8202198164
79,240051,8230.02198177137,720,741.213203435596,0,8230.02198177137
79,240052,8209.2799425468,720,741.213203435596,0,8209.2799425468
79,240053,8188.59452920713,720,741.213203435596,0,8188.59452920713
79,240054,8167.96617196758,720,741.213203435596,0,8167.96617196758
79,240055,8147.39530420834,720,741.213203435596,0,8147.39530420834
79,240089,7485.49882540342,720,741.213203435596,0,7485.49882540342
79,240090,7467.23815861747,720,741.213203435596,0,7467.23815861747
79,240091,7449.05273200662,720,741.213203435596,0,7449.05273200662
79,240092,7430.94309796731,720,741.213203435596,0,7430.94309796731
79,240093,7412.9098119837,720,741.213203435596,0,7412.9098119837
79,240094,7394.95343259964,720,741.213203435596,0,7394.95343259964
79,240125,6879.63212852785,720,741.213203435596,0,6879.63212852785
79,240126,6864.44850780167,720,741.213203435596,0,6864.44850780167
79,240127,6849.3617398414,720,741.213203435596,0,6849.3617398414
79,240128,6834.37246605162,720,741.213203435596,0,6834.37246605162
79,240129,6819.48132931014,720,741.213203435596,0,6819.48132931014
79,240130,6804.68897389866,720,741.213203435596,0,6804.68897389866
79,240752,8250.30436460166,720,741.213203435596,0,8250.30436460166
79,240753,8229.39608597553,720,741.213203435596,0,8229.39608597553
79,240754,8208.54345269438,720,741.213203435596,0,8208.54345269438
79,240755,8187.74688991118,720,741.213203435596,0,8187.74688991118
79,240756,8167.00682596579,720,741.213203435596,0,8167.00682596579
79,240757,8146.32369238368,720,741.213203435596,0,8146.32369238368
79,240758,8125.69792389738,720,741.213203435596,0,8125.69792389738
79,240795,7407.14329082731,720,741.213203435596,0,7407.14329082731
79,240796,7389.05182312092,720,741.213203435596,0,7389.05182312092
79,240797,7371.03722705677,720,741.213203435596,0,7371.03722705677
79,240798,7353.10006762482,720,741.213203435596,0,7353.10006762482
79,240799,7335.24091290456,720,741.213203435596,0,7335.24091290456
79,240830,6823.53045909733,720,741.213203435596,0,6823.53045909733
79,240831,6808.48423536805,720,741.213203435596,0,6808.48423536805
79,240832,6793.53627240465,720,741.213203435596,0,6793.53627240465
79,240833,6778.68722024551,720,741.213203435596,0,6778.68722024551
79,240834,6763.93773031542,720,741.213203435596,0,6763.93773031542
79,240835,6749.28845534543,720,741.213203435596,0,6749.28845534543
79,241460,8124.73368233436,720,741.213203435596,0,8124.73368233436
79,241461,8104.0528534133,720,741.213203435596,0,8104.0528534133
79,241462,8083.42970194145,720,741.213203435596,0,8083.42970194145
79,241463,8062.86467050294,720,741.213203435596,0,8062.86467050294
79,241464,8042.35820495023,720,741.213203435596,0,8042.35820495023
79,241500,7347.16494494636,720,741.213203435596,0,7347.16494494636
79,241501,7329.16926451455,720,741.213203435596,0,7329.16926451455
79,241502,7311.25155778227,720,741.213203435596,0,7311.25155778227
79,241503,7293.41239942261,720,741.213203435596,0,7293.41239942261
79,241534,6782.62910346429,720,741.213203435596,0,6782.62910346429
79,241535,6767.62395243054,720,741.213203435596,0,6767.62395243054
79,241536,6752.71783963482,720,741.213203435596,0,6752.71783963482
79,241537,6737.91142237562,720,741.213203435596,0,6737.91142237562
79,241538,6723.2053593256,720,741.213203435596,0,6723.2053593256
79,241539,6708.60031045321,720,741.213203435596,0,6708.60031045321
79,242166,8041.16150830899,720,741.213203435596,0,8041.16150830899
79,242169,7979.65243992053,720,741.213203435596,0,7979.65243992053
79,242204,7305.28254104798,720,741.213203435596,0,7305.28254104798
79,242205,7287.30600601199,720,741.213203435596,0,7287.30600601199
79,242206,7269.40798890808,720,741.213203435596,0,7269.40798890808
79,242207,7251.58907112214,720,741.213203435596,0,7251.58907112214
79,242239,6726.78120700294,720,741.213203435596,0,6726.78120700294
79,242240,6711.91749393044,720,741.213203435596,0,6711.91749393044
79,242241,6697.15427231884,720,741.213203435596,0,6697.15427231884
79,242242,6682.49220819864,720,741.213203435596,0,6682.49220819864
79,242243,6667.93196887411,720,741.213203435596,0,6667.93196887411
79,242871,7978.33427893164,720,741.213203435596,0,7978.33427893164
79,242872,7957.83443259373,720,741.213203435596,0,7957.83443259373
79,242873,7937.39426508009,720,741.213203435596,0,7937.39426508009
79,242874,7917.01423863029,720,741.213203435596,0,7917.01423863029
79,242907,7281.44033103581,720,741.213203435596,0,7281.44033103581
79,242908,7263.40469081773,720,741.213203435596,0,7263.40469081773
79,242909,7245.44753508023,720,741.213203435596,0,7245.44753508023
79,242910,7227.56944881929,720,741.213203435596,0,7227.56944881929
79,242911,7209.77102024074,720,741.213203435596,0,7209.77102024074
79,242912,7192.05284073869,720,741.213203435596,0,7192.05284073869
79,242943,6685.95632264107,720,741.213203435596,0,6685.95632264107
79,242944,6671.13556931566,720,741.213203435596,0,6671.13556931566
79,242945,6656.41611478981,720,741.213203435596,0,6656.41611478981
79,242946,6641.79863255513,720,741.213203435596,0,6641.79863255513
79,242947,6627.28379735695,720,741.213203435596,0,6627.28379735695
79,242948,6612.8722851056,720,741.213203435596,0,6612.8722851056
79,243575,7936.06918091839,720,741.213203435596,0,7936.06918091839
79,243576,7915.57269927867,720,741.213203435596,0,7915.57269927867
79,243577,7895.13623397526,720,741.213203435596,0,7895.13623397526
79,243578,7874.76025226816,720,741.213203435596,0,7874.76025226816
79,243610,7257.64307317313,720,741.213203435596,0,7257.64307317313
79,243611,7239.54805033955,720,741.213203435596,0,7239.54805033955
79,243612,7221.53147547412,720,741.213203435596,0,7221.53147547412
79,243613,7203.5939371862,720,741.213203435596,0,7203.5939371862
79,243614,7185.73602736646,720,741.213203435596,0,7185.73602736646
79,243615,7167.95834116106,720,741.213203435596,0,7167.95834116106
79,243648,6630.37240788323,720,741.213203435596,0,6630.37240788323
79,243649,6615.69730282971,720,741.213203435596,0,6615.69730282971
79,243650,6601.12499661007,720,741.213203435596,0,6601.12499661007
79,243651,6586.65617151933,720,741.213203435596,0,6586.65617151933
79,243652,6572.29151099782,720,741.213203435596,0,6572.29151099782
79,244280,7873.31107250947,720,741.213203435596,0,7873.31107250947
79,244281,7852.87835076553,720,741.213203435596,0,7852.87835076553
79,244282,7832.50645905764,720,741.213203435596,0,7832.50645905764
79,244314,7215.73652768914,720,741.213203435596,0,7215.73652768914
79,244315,7197.66025262288,720,741.213203435596,0,7197.66025262288
79,244316,7179.66297812802,720,741.213203435596,0,7179.66297812802
79,244317,7161.74529978196,720,741.213203435596,0,7161.74529978196
79,244318,7143.90781649222,720,741.213203435596,0,7143.90781649222
79,244319,7126.15113046866,720,741.213203435596,0,7126.15113046866
79,244320,7108.47584719813,720,741.213203435596,0,7108.47584719813
79,244351,6604.36147061795,720,741.213203435596,0,6604.36147061795
79,244352,6589.62836003043,720,741.213203435596,0,6589.62836003043
79,244353,6574.99819805522,720,741.213203435596,0,6574.99819805522
79,244354,6560.47167343284,720,741.213203435596,0,6560.47167343284
79,244355,6546.04947611871,720,741.213203435596,0,6546.04947611871
79,244356,6531.73229718238,720,741.213203435596,0,6531.73229718238
79,244984,7831.04955585534,720,741.213203435596,0,7831.04955585534
79,244985,7810.62061970111,720,741.213203435596,0,7810.62061970111
79,244986,7790.2528639975,720,741.213203435596,0,7790.2528639975
79,245019,7155.77701863264,720,741.213203435596,0,7155.77701863264
79,245020,7137.79928382518,720,741.213203435596,0,7137.79928382518
79,245021,7119.90171236351,720,741.213203435596,0,7119.90171236351
79,245022,7102.08491029582,720,741.213203435596,0,7102.08491029582
79,245023,7084.34948701634,720,741.213203435596,0,7084.34948701634
79,245024,7066.69605523826,720,741.213203435596,0,7066.69605523826
79,245025,7049.12523096668,720,741.213203435596,0,7049.12523096668
79,245056,6548.90378470867,720,741.213203435596,0,6548.90378470867
79,245057,6534.31917091522,720,741.213203435596,0,6534.31917091522
79,245058,6519.83904520983,720,741.213203435596,0,6519.83904520983
79,245059,6505.4641053119,720,741.213203435596,0,6505.4641053119
79,245060,6491.19505003464,720,741.213203435596,0,6491.19505003464
79,245688,7788.78815296275,720,741.213203435596,0,7788.78815296275
79,245689,7768.36304512526,720,741.213203435596,0,7768.36304512526
79,245690,7747.99947219625,720,741.213203435596,0,7747.99947219625
79,245724,7095.94047961024,720,741.213203435596,0,7095.94047961024
79,245725,7078.06326653627,720,741.213203435596,0,7078.06326653627
79,245726,7060.26740509484,720,741.213203435596,0,7060.26740509484
79,245727,7042.55351198885,720,741.213203435596,0,7042.55351198885
79,245728,7024.92220728675,720,741.213203435596,0,7024.92220728675
79,245729,7007.37411439392,720,741.213203435596,0,7007.37411439392
79,245760,6508.19904968,720,741.213203435596,0,6508.19904968
79,245761,6493.66060096093,720,741.213203435596,0,6493.66060096093
79,245762,6479.22750351672,720,741.213203435596,0,6479.22750351672
79,245763,6464.9004629498,720,741.213203435596,0,6464.9004629498
79,245764,6450.68018592085,720,741.213203435596,0,6450.68018592085
79,246392,7746.52686756142,720,741.213203435596,0,7746.52686756142
79,246393,7726.1056314797,720,741.213203435596,0,7726.1056314797
79,246394,7705.74628887159,720,741.213203435596,0,7705.74628887159
79,246395,7685.44933161949,720,741.213203435596,0,7685.44933161949
79,246396,7665.21525530213,720,741.213203435596,0,7665.21525530213
79,246429,7036.23005607409,720,741.213203435596,0,7036.23005607409
79,246430,7018.45539949005,720,741.213203435596,0,7018.45539949005
79,246431,7000.76330897628,720,741.213203435596,0,7000.76330897628
79,246432,6983.15441208784,720,741.213203435596,0,6983.15441208784
79,246464,6467.51453178991,720,741.213203435596,0,6467.51453178991
79,246465,6453.02287711457,720,741.213203435596,0,6453.02287711457
79,246466,6438.63744960939,720,741.213203435596,0,6438.63744960939
79,246467,6424.35896286528,720,741.213203435596,0,6424.35896286528
79,247097,7683.84838329598,720,741.213203435596,0,7683.84838329598
79,247098,7663.49331935615,720,741.213203435596,0,7663.49331935615
79,247099,7643.20100903926,720,741.213203435596,0,7643.20100903926
79,247100,7622.97195349216,720,741.213203435596,0,7622.97195349216
79,247134,6976.64899442861,720,741.213203435596,0,6976.64899442861
79,247135,6958.97898404068,720,741.213203435596,0,6958.97898404068
79,247136,6941.39278098254,720,741.213203435596,0,6941.39278098254
79,247137,6923.8910238501,720,741.213203435596,0,6923.8910238501
79,247138,6906.47435462841,720,741.213203435596,0,6906.47435462841
79,247168,6426.8506172293,720,741.213203435596,0,6426.8506172293
79,247169,6412.40639795663,720,741.213203435596,0,6412.40639795663
79,247170,6398.06929470509,720,741.213203435596,0,6398.06929470509
79,247171,6383.84002917054,720,741.213203435596,0,6383.84002917054
79,247801,7641.59130521189,720,741.213203435596,0,7641.59130521189
79,247802,7621.24056910607,720,741.213203435596,0,7621.24056910607
79,247803,7600.95295923525,720,741.213203435596,0,7600.95295923525
79,247814,7382.10327571006,720,741.213203435596,0,7382.10327571006
79,247815,7362.61381105366,720,741.213203435596,0,7362.61381105366
79,247816,7343.19436133468,720,741.213203435596,0,7343.19436133468
79,247839,6917.20064579391,720,741.213203435596,0,6917.20064579391
79,247840,6899.63742799693,720,741.213203435596,0,6899.63742799693
79,247841,6882.15928628492,720,741.213203435596,0,6882.15928628492
79,247842,6864.76687048577,720,741.213203435596,0,6864.76687048577
79,247843,6847.46083382851,720,741.213203435596,0,6847.46083382851
79,247844,6830.24183289626,720,741.213203435596,0,6830.24183289626
79,247845,6813.11052759832,720,741.213203435596,0,6813.11052759832
79,247873,6371.8115720225,720,741.213203435596,0,6371.8115720225
79,247874,6357.52346029809,720,741.213203435596,0,6357.52346029809
79,247875,6343.34409658499,720,741.213203435596,0,6343.34409658499
79,248505,7599.33440196751,720,741.213203435596,0,7599.33440196751
79,248508,7538.48634955713,720,741.213203435596,0,7538.48634955713
79,248517,7359.48401692644,720,741.213203435596,0,7359.48401692644
79,248518,7339.93438700622,720,741.213203435596,0,7339.93438700622
79,248519,7320.45466931529,720,741.213203435596,0,7320.45466931529
79,248520,7301.04542344789,720,741.213203435596,0,7301.04542344789
79,248543,6875.42840547171,720,741.213203435596,0,6875.42840547171
79,248544,6857.8884699112,720,741.213203435596,0,6857.8884699112
79,248545,6840.43424956976,720,741.213203435596,0,6840.43424956976
79,248546,6823.06640225881,720,741.213203435596,0,6823.06640225881
79,248547,6805.78558922813,720,741.213203435596,0,6805.78558922813
79,248548,6788.59247513621,720,741.213203435596,0,6788.59247513621
79,248549,6771.48772799668,720,741.213203435596,0,6771.48772799668
79,248577,6331.23881810165,720,741.213203435596,0,6331.23881810165
79,248578,6317.00037846986,720,741.213203435596,0,6317.00037846986
79,248579,6302.87161074428,720,741.213203435596,0,6302.87161074428
79,249211,7516.45770404783,720,741.213203435596,0,7516.45770404783
79,249212,7496.24406255089,720,741.213203435596,0,7496.24406255089
79,249221,7317.30694132705,720,741.213203435596,0,7317.30694132705
79,249222,7297.7667197473,720,741.213203435596,0,7297.7667197473
79,249223,7278.29686654482,720,741.213203435596,0,7278.29686654482
79,249224,7258.89794794519,720,741.213203435596,0,7258.89794794519
79,249225,7239.57053417004,720,741.213203435596,0,7239.57053417004
79,249226,7220.3151994364,720,741.213203435596,0,7220.3151994364
79,249249,6798.71603920568,720,741.213203435596,0,6798.71603920568
79,249250,6781.37308150388,720,741.213203435596,0,6781.37308150388
79,249251,6764.11782267139,720,741.213203435596,0,6764.11782267139
79,249252,6746.95093557471,720,741.213203435596,0,6746.95093557471
79,249253,6729.87309648101,720,741.213203435596,0,6729.87309648101
79,249254,6712.884985018,720,741.213203435596,0,6712.884985018
79,249281,6290.68856556151,720,741.213203435596,0,6290.68856556151
79,249282,6276.5004922155,720,741.213203435596,0,6276.5004922155
79,249283,6262.42302854763,720,741.213203435596,0,6262.42302854763
79,249284,6248.45692215199,720,741.213203435596,0,6248.45692215199
79,249914,7494.48369030125,720,741.213203435596,0,7494.48369030125
79,249915,7474.21051207681,720,741.213203435596,0,7474.21051207681
79,249916,7454.00212922158,720,741.213203435596,0,7454.00212922158
79,249917,7433.85907016215,720,741.213203435596,0,7433.85907016215
79,249925,7275.13099671976,720,741.213203435596,0,7275.13099671976
79,249926,7255.60029722513,720,741.213203435596,0,7255.60029722513
79,249927,7236.140428142,720,741.213203435596,0,7236.140428142
79,249928,7216.75196245119,720,741.213203435596,0,7216.75196245119
79,249929,7197.43547719388,720,741.213203435596,0,7197.43547719388
79,249930,7178.19155346614,720,741.213203435596,0,7178.19155346614
79,249953,6757.00478376852,720,741.213203435596,0,6757.00478376852
79,249954,6739.68704301757,720,741.213203435596,0,6739.68704301757
79,249955,6722.45767536146,720,741.213203435596,0,6722.45767536146
79,249956,6705.31736202557,720,741.213203435596,0,6705.31736202557
79,249957,6688.26678768242,720,741.213203435596,0,6688.26678768242
79,249958,6671.30664039935,720,741.213203435596,0,6671.30664039935
79,249986,6236.02425578441,720,741.213203435596,0,6236.02425578441
79,249987,6221.99881850214,720,741.213203435596,0,6221.99881850214
79,249988,6208.08569895913,720,741.213203435596,0,6208.08569895913
79,249989,6194.28565399186,720,741.213203435596,0,6194.28565399186
79,250618,7452.23187410966,720,741.213203435596,0,7452.23187410966
79,250619,7431.96361971697,720,741.213203435596,0,7431.96361971697
79,250620,7411.76055756676,720,741.213203435596,0,7411.76055756676
79,250621,7391.62322221634,720,741.213203435596,0,7391.62322221634
79,250631,7193.98538009836,720,741.213203435596,0,7193.98538009836
79,250632,7174.60749523897,720,741.213203435596,0,7174.60749523897
79,250658,6698.00842492124,720,741.213203435596,0,6698.00842492124
79,250659,6680.80529199431,720,741.213203435596,0,6680.80529199431
79,250660,6663.69190596813,720,741.213203435596,0,6663.69190596813
79,250661,6646.66896006578,720,741.213203435596,0,6646.66896006578
79,250662,6629.73715094797,720,741.213203435596,0,6629.73715094797
79,250691,6181.59946108684,720,741.213203435596,0,6181.59946108684
79,250692,6167.74007991562,720,741.213203435596,0,6167.74007991562
79,250693,6153.99475695028,720,741.213203435596,0,6153.99475695028
79,250694,6140.36425815671,720,741.213203435596,0,6140.36425815671
79,251323,7389.71703406455,720,741.213203435596,0,7389.71703406455
79,251324,7369.51935576515,720,741.213203435596,0,7369.51935576515
79,251325,7349.38781223766,720,741.213203435596,0,7349.38781223766
79,251326,7329.32294844525,720,741.213203435596,0,7329.32294844525
79,251327,7309.32531351376,720,741.213203435596,0,7309.32531351376
79,251362,6656.3373687727,720,741.213203435596,0,6656.3373687727
79,251363,6639.16082087528,720,741.213203435596,0,6639.16082087528
79,251364,6622.07472266157,720,741.213203435596,0,6622.07472266157
79,251365,6605.07977606018,720,741.213203435596,0,6605.07977606018
79,251366,6588.17668647837,720,741.213203435596,0,6588.17668647837
79,251396,6127.42057314753,720,741.213203435596,0,6127.42057314753
79,252028,7327.27853218392,720,741.213203435596,0,7327.27853218392
79,252029,7307.15284980031,720,741.213203435596,0,7307.15284980031
79,252030,7287.09426660288,720,741.213203435596,0,7287.09426660288
79,252031,7267.10333821231,720,741.213203435596,0,7267.10333821231
79,252032,7247.18062449565,720,741.213203435596,0,7247.18062449565
79,252066,6614.67401967345,720,741.213203435596,0,6614.67401967345
79,252067,6597.52441402388,720,741.213203435596,0,6597.52441402388
79,252068,6580.46597125928,720,741.213203435596,0,6580.46597125928
79,252069,6563.4994021725,720,741.213203435596,0,6563.4994021725
79,252070,6546.62542108013,720,741.213203435596,0,6546.62542108013
79,252733,7264.91834469644,720,741.213203435596,0,7264.91834469644
79,252734,7244.86611791244,720,741.213203435596,0,7244.86611791244
79,252735,7224.88197726279,720,741.213203435596,0,7224.88197726279
79,252736,7204.96648928946,720,741.213203435596,0,7204.96648928946
79,252770,6573.01852637627,720,741.213203435596,0,6573.01852637627
79,252771,6555.89622729034,720,741.213203435596,0,6555.89622729034
79,252772,6538.86581493385,720,741.213203435596,0,6538.86581493385
79,252773,6521.92800912699,720,741.213203435596,0,6521.92800912699
79,252774,6505.08353325034,720,741.213203435596,0,6505.08353325034
79,252775,6488.3331141919,720,741.213203435596,0,6488.3331141919
79,253438,7202.63851376,720,741.213203435596,0,7202.63851376
79,253439,7182.66124351074,720,741.213203435596,0,7182.66124351074
79,253440,7162.75306954878,720,741.213203435596,0,7162.75306954878
79,253474,6531.37104140147,720,741.213203435596,0,6531.37104140147
79,253475,6514.27642048246,720,741.213203435596,0,6514.27642048246
79,253476,6497.27442100881,720,741.213203435596,0,6497.27442100881
79,253477,6480.36577198899,720,741.213203435596,0,6480.36577198899
79,253478,6463.5512060394,720,741.213203435596,0,6463.5512060394
79,253479,6446.83145931939,720,741.213203435596,0,6446.83145931939
79,254142,7160.41146579397,720,741.213203435596,0,7160.41146579397
79,254143,7140.44115010555,720,741.213203435596,0,7140.44115010555
79,254144,7120.54038002728,720,741.213203435596,0,7120.54038002728
79,254178,6489.73172115172,720,741.213203435596,0,6489.73172115172
79,254179,6472.66515748255,720,741.213203435596,0,6472.66515748255
79,254180,6455.69196107588,720,741.213203435596,0,6455.69196107588
79,254181,6438.81287030454,720,741.213203435596,0,6438.81287030454
79,254182,6422.02862718475,720,741.213203435596,0,6422.02862718475
79,254183,6405.33997731819,720,741.213203435596,0,6405.33997731819
79,254184,6388.74766983052,720,741.213203435596,0,6388.74766983052
79,254846,7118.1849859436,720,741.213203435596,0,7118.1849859436
79,254847,7098.22171051163,720,741.213203435596,0,7098.22171051163
79,254848,7078.32843582966,720,741.213203435596,0,7078.32843582966
79,254883,6431.06260637999,720,741.213203435596,0,6431.06260637999
79,254884,6414.11861114607,720,741.213203435596,0,6414.11861114607
79,254885,6397.26948824534,720,741.213203435596,0,6397.26948824534
79,254886,6380.51598926861,720,741.213203435596,0,6380.51598926861
79,254887,6363.8588694365,720,741.213203435596,0,6363.8588694365
79,254888,6347.29888753038,720,741.213203435596,0,6347.29888753038
79,254889,6330.83680581869,720,741.213203435596,0,6330.83680581869
79,255550,7075.95908642521,720,741.213203435596,0,7075.95908642521
79,255551,7056.00293851074,720,741.213203435596,0,7056.00293851074
79,255552,7036.11725242282,720,741.213203435596,0,7036.11725242282
79,255553,7016.30262727537,720,741.213203435596,0,7016.30262727537
79,255554,6996.55966681098,720,741.213203435596,0,6996.55966681098
79,255588,6372.55455178194,720,741.213203435596,0,6372.55455178194
79,255589,6355.73581475415,720,741.213203435596,0,6355.73581475415
79,255590,6339.0134898743,720,741.213203435596,0,6339.0134898743
79,255591,6322.38834215533,720,741.213203435596,0,6322.38834215533
79,255592,6305.86114020918,720,741.213203435596,0,6305.86114020918
79,255593,6289.43265617255,720,741.213203435596,0,6289.43265617255
79,255594,6273.10366563753,720,741.213203435596,0,6273.10366563753
79,256254,7033.73377974158,720,741.213203435596,0,7033.73377974158
79,256255,7013.7848482186,720,741.213203435596,0,7013.7848482186
79,256256,6993.90684565052,720,741.213203435596,0,6993.90684565052
79,256257,6974.10037853431,720,741.213203435596,0,6974.10037853431
79,256258,6954.36605808472,720,741.213203435596,0,6954.36605808472
79,256293,6314.21204370306,720,741.213203435596,0,6314.21204370306
79,256294,6297.52133174274,720,741.213203435596,0,6297.52133174274
79,256295,6280.92860735213,720,741.213203435596,0,6280.92860735213
79,256296,6264.434649154,720,741.213203435596,0,6264.434649154
79,256297,6248.04023933927,720,741.213203435596,0,6248.04023933927
79,256298,6231.74616357741,720,741.213203435596,0,6231.74616357741
79,256373,5355.33624772159,720,741.213203435596,0,5355.33624772159
79,256374,5349.03468025231,720,741.213203435596,0,5349.03468025231
79,256959,6971.56745409471,720,741.213203435596,0,6971.56745409471
79,256960,6951.69723173619,720,741.213203435596,0,6951.69723173619
79,256961,6931.89902565218,720,741.213203435596,0,6931.89902565218
79,256962,6912.17345466002,720,741.213203435596,0,6912.17345466002
79,256999,6239.47988248125,720,741.213203435596,0,6239.47988248125
79,257000,6223.01964148746,720,741.213203435596,0,6223.01964148746
79,257001,6206.65979238468,720,741.213203435596,0,6206.65979238468
79,257002,6190.40113111575,720,741.213203435596,0,6190.40113111575
79,257076,5326.11839743536,720,741.213203435596,0,5326.11839743536
79,257077,5319.78218583359,720,741.213203435596,0,5319.78218583359
79,257078,5313.60667455354,720,741.213203435596,0,5313.60667455354
79,257079,5307.59242453126,720,741.213203435596,0,5307.59242453126
79,257664,6909.48842730403,720,741.213203435596,0,6909.48842730403
79,257665,6889.69858718597,720,741.213203435596,0,6889.69858718597
79,257666,6869.98187715795,720,741.213203435596,0,6869.98187715795
79,257667,6850.33892867216,720,741.213203435596,0,6850.33892867216
79,257704,6181.61635034868,720,741.213203435596,0,6181.61635034868
79,257705,6165.29155867284,720,741.213203435596,0,6165.29155867284
79,257706,6149.06882212634,720,741.213203435596,0,6149.06882212634
79,257707,6132.94895057172,720,741.213203435596,0,6132.94895057172
79,257780,5290.53706086553,720,741.213203435596,0,5290.53706086553
79,257781,5284.32733902805,720,741.213203435596,0,5284.32733902805
79,257782,5278.27969466992,720,741.213203435596,0,5278.27969466992
79,257783,5272.39468551875,720,741.213203435596,0,5272.39468551875
79,257784,5266.67285676411,720,741.213203435596,0,5266.67285676411
79,258368,6867.2804493838,720,741.213203435596,0,6867.2804493838
79,258369,6847.49908215274,720,741.213203435596,0,6847.49908215274
79,258370,6827.79134671712,720,741.213203435596,0,6827.79134671712
79,258371,6808.15788250991,720,741.213203435596,0,6808.15788250991
79,258372,6788.59933393451,720,741.213203435596,0,6788.59933393451
79,258373,6769.11635036986,720,741.213203435596,0,6769.11635036986
79,258408,6140.22501510749,720,741.213203435596,0,6140.22501510749
79,258409,6123.93578807094,720,741.213203435596,0,6123.93578807094
79,258410,6107.74949728411,720,741.213203435596,0,6107.74949728411
79,258411,6091.66696328944,720,741.213203435596,0,6091.66696328944
79,258486,5243.05578545184,720,741.213203435596,0,5243.05578545184
79,258487,5237.30187262368,720,741.213203435596,0,5237.30187262368
79,258488,5231.71252323771,720,741.213203435596,0,5231.71252323771
79,259073,6805.30053003952,720,741.213203435596,0,6805.30053003952
79,259074,6785.60188499773,720,741.213203435596,0,6785.60188499773
79,259075,6765.9780278592,720,741.213203435596,0,6765.9780278592
79,259076,6746.4296112484,720,741.213203435596,0,6746.4296112484
79,259077,6726.95729285395,720,741.213203435596,0,6726.95729285395
79,259078,6707.56173542291,720,741.213203435596,0,6707.56173542291
79,259113,6082.59273716319,720,741.213203435596,0,6082.59273716319
79,259114,6066.44342427784,720,741.213203435596,0,6066.44342427784
79,259115,6050.39877431961,720,741.213203435596,0,6050.39877431961
79,259189,5213.72339238859,720,741.213203435596,0,5213.72339238859
79,259190,5207.93704102823,720,741.213203435596,0,5207.93704102823
79,259191,5202.31611199239,720,741.213203435596,0,5202.31611199239
79,259192,5196.86114204519,720,741.213203435596,0,5196.86114204519
79,259778,6743.41351420052,720,741.213203435596,0,6743.41351420052
79,259779,6723.79938929354,720,741.213203435596,0,6723.79938929354
79,259780,6704.26123710546,720,741.213203435596,0,6704.26123710546
79,259781,6684.79972378658,720,741.213203435596,0,6684.79972378658
79,259782,6665.41552064645,720,741.213203435596,0,6665.41552064645
79,259817,6041.26266948274,720,741.213203435596,0,6041.26266948274
79,259818,6025.15087805745,720,741.213203435596,0,6025.15087805745
79,259819,6009.14467034955,720,741.213203435596,0,6009.14467034955
79,259893,5178.57846664135,720,741.213203435596,0,5178.57846664135
79,259894,5172.92560606783,720,741.213203435596,0,5172.92560606783
79,259895,5167.43958079,720,741.213203435596,0,5167.43958079
79,259896,5162.12092271764,720,741.213203435596,0,5162.12092271764
79,259897,5156.97014969552,720,741.213203435596,0,5156.97014969552
79,260482,6701.22625708618,720,741.213203435596,0,6701.22625708618
79,260483,6681.62199200779,720,741.213203435596,0,6681.62199200779
79,260484,6662.09423927897,720,741.213203435596,0,6662.09423927897
79,260485,6642.64367368579,720,741.213203435596,0,6642.64367368579
79,260487,6603.97682925064,720,741.213203435596,0,6603.97682925064
79,260488,6584.76192618138,720,741.213203435596,0,6584.76192618138
79,260489,6565.6269617832,720,741.213203435596,0,6565.6269617832
79,260521,5999.94585573984,720,741.213203435596,0,5999.94585573984
79,260522,5983.87214106555,720,741.213203435596,0,5983.87214106555
79,260523,5967.90494589304,720,741.213203435596,0,5967.90494589304
79,260597,5143.54110669439,720,741.213203435596,0,5143.54110669439
79,260598,5138.02367706259,720,741.213203435596,0,5138.02367706259
79,260599,5132.67450847294,720,741.213203435596,0,5132.67450847294
79,260600,5127.49412753113,720,741.213203435596,0,5127.49412753113
79,260601,5122.48304632511,720,741.213203435596,0,5122.48304632511
79,261190,6581.12813351028,720,741.213203435596,0,6581.12813351028
79,261191,6561.8462195155,720,741.213203435596,0,6561.8462195155
79,261192,6542.64413144103,720,741.213203435596,0,6542.64413144103
79,261193,6523.52257419261,720,741.213203435596,0,6523.52257419261
79,261201,6373.5355631864,720,741.213203435596,0,6373.5355631864
79,261202,6355.17137690179,720,741.213203435596,0,6355.17137690179
79,261203,6336.8950604913,720,741.213203435596,0,6336.8950604913
79,261204,6318.70737642047,720,741.213203435596,0,6318.70737642047
79,261225,5958.64257406152,720,741.213203435596,0,5958.64257406152
79,261226,5942.60750349764,720,741.213203435596,0,5942.60750349764
79,261227,5926.6799035613,720,741.213203435596,0,5926.6799035613
79,261303,5098.02317809534,720,741.213203435596,0,5098.02317809534
79,261895,6519.71751330929,720,741.213203435596,0,6519.71751330929
79,261896,6500.52841341444,720,741.213203435596,0,6500.52841341444
79,261897,6481.42044514127,720,741.213203435596,0,6481.42044514127
79,261904,6349.9974833699,720,741.213203435596,0,6349.9974833699
79,261905,6331.56492780154,720,741.213203435596,0,6331.56492780154
79,261906,6313.22017389309,720,741.213203435596,0,6313.22017389309
79,261907,6294.96398925602,720,741.213203435596,0,6294.96398925602
79,261908,6276.79714670962,720,741.213203435596,0,6276.79714670962
79,261929,5917.35311025401,720,741.213203435596,0,5917.35311025401
79,261930,5901.35726357255,720,741.213203435596,0,5901.35726357255
79,261931,5885.46985433246,720,741.213203435596,0,5885.46985433246
79,262599,6477.5907499991,720,741.213203435596,0,6477.5907499991
79,262600,6458.41481496257,720,741.213203435596,0,6458.41481496257
79,262601,6439.32062117431,720,741.213203435596,0,6439.32062117431
79,262602,6420.30889793537,720,741.213203435596,0,6420.30889793537
79,262608,6308.01197156775,720,741.213203435596,0,6308.01197156775
79,262609,6289.59842229393,720,741.213203435596,0,6289.59842229393
79,262610,6271.27337440563,720,741.213203435596,0,6271.27337440563
79,262611,6253.0376059874,720,741.213203435596,0,6253.0376059874
79,262612,6234.89190041188,720,741.213203435596,0,6234.89190041188
79,262633,5876.07775805733,720,741.213203435596,0,5876.07775805733
79,263303,6435.46596998646,720,741.213203435596,0,6435.46596998646
79,263304,6416.30338007768,720,741.213203435596,0,6416.30338007768
79,263305,6397.22315005853,720,741.213203435596,0,6397.22315005853
79,263306,6378.22601906091,720,741.213203435596,0,6378.22601906091
79,263312,6266.03040662279,720,741.213203435596,0,6266.03040662279
79,263313,6247.63613219873,720,741.213203435596,0,6247.63613219873
79,263314,6229.33106971925,720,741.213203435596,0,6229.33106971925
79,263315,6211.11600794801,720,741.213203435596,0,6211.11600794801
79,263316,6192.99174102453,720,741.213203435596,0,6192.99174102453
79,263340,5787.40215841305,720,741.213203435596,0,5787.40215841305
79,264007,6393.34321473495,720,741.213203435596,0,6393.34321473495
79,264008,6374.19415390427,720,741.213203435596,0,6374.19415390427
79,264009,6355.12808082579,720,741.213203435596,0,6355.12808082579
79,264010,6336.14574465312,720,741.213203435596,0,6336.14574465312
79,264015,6242.5167355029,720,741.213203435596,0,6242.5167355029
79,264016,6224.05287071866,720,741.213203435596,0,6224.05287071866
79,264018,6187.3933535764,720,741.213203435596,0,6187.3933535764
79,264042,5777.69603788975,720,741.213203435596,0,5777.69603788975
79,264043,5761.93290672887,720,741.213203435596,0,5761.93290672887
79,264044,5746.28212838661,720,741.213203435596,0,5746.28212838661
79,264045,5730.74462337677,720,741.213203435596,0,5730.74462337677
79,264712,6332.08718279114,720,741.213203435596,0,6332.08718279114
79,264713,6313.03546381112,720,741.213203435596,0,6313.03546381112
79,264714,6294.06812924542,720,741.213203435596,0,6294.06812924542
79,264715,6275.18594427682,720,741.213203435596,0,6275.18594427682
79,264719,6200.52420590124,720,741.213203435596,0,6200.52420590124
79,264746,5736.50654087383,720,741.213203435596,0,5736.50654087383
79,264747,5720.78611741717,720,741.213203435596,0,5720.78611741717
79,264748,5705.17909277046,720,741.213203435596,0,5705.17909277046
79,264749,5689.68640010514,720,741.213203435596,0,5689.68640010514
79,264750,5674.30897591034,720,741.213203435596,0,5674.30897591034
79,264751,5659.04775985069,720,741.213203435596,0,5659.04775985069
79,265416,6289.98251432269,720,741.213203435596,0,6289.98251432269
79,265417,6270.94535069782,720,741.213203435596,0,6270.94535069782
79,265418,6251.99322883798,720,741.213203435596,0,6251.99322883798
79,265419,6233.12692446076,720,741.213203435596,0,6233.12692446076
79,265450,5695.33306285631,720,741.213203435596,0,5695.33306285631
79,265451,5679.65601213852,720,741.213203435596,0,5679.65601213852
79,265452,5664.09342408879,720,741.213203435596,0,5664.09342408879
79,265453,5648.64624477529,720,741.213203435596,0,5648.64624477529
79,265454,5633.31542359192,720,741.213203435596,0,5633.31542359192
79,265455,5618.1019130997,720,741.213203435596,0,5618.1019130997
79,265456,5603.00666888122,720,741.213203435596,0,5603.00666888122
79,266120,6247.880197362,720,741.213203435596,0,6247.880197362
79,266121,6228.85779456527,720,741.213203435596,0,6228.85779456527
79,266122,6209.92110093902,720,741.213203435596,0,6209.92110093902
79,266123,6191.07090296483,720,741.213203435596,0,6191.07090296483
79,266124,6172.30799311464,720,741.213203435596,0,6172.30799311464
79,266155,5638.54295855453,720,741.213203435596,0,5638.54295855453
79,266156,5623.02550559198,720,741.213203435596,0,5623.02550559198
79,266157,5607.6245566626,720,741.213203435596,0,5607.6245566626
79,266158,5592.34107429926,720,741.213203435596,0,5592.34107429926
79,266159,5577.17602420717,720,741.213203435596,0,5577.17602420717
79,266160,5562.130375096,720,741.213203435596,0,5562.130375096
79,266825,6186.77284993236,720,741.213203435596,0,6186.77284993236
79,266826,6167.85180463267,720,741.213203435596,0,6167.85180463267
79,266827,6149.01794366029,720,741.213203435596,0,6149.01794366029
79,266860,5581.97573164983,720,741.213203435596,0,5581.97573164983
79,266861,5566.62174663019,720,741.213203435596,0,5566.62174663019
79,266862,5551.38635584748,720,741.213203435596,0,5551.38635584748
79,266863,5536.27053838927,720,741.213203435596,0,5536.27053838927
79,266864,5521.27527633683,720,741.213203435596,0,5521.27527633683
79,266865,5506.40155459578,720,741.213203435596,0,5506.40155459578
79,267529,6144.69057281047,720,741.213203435596,0,6144.69057281047
79,267530,6125.78540061228,720,741.213203435596,0,6125.78540061228
79,267531,6106.96811216819,720,741.213203435596,0,6106.96811216819
79,267565,5525.63823754385,720,741.213203435596,0,5525.63823754385
79,267566,5510.45170855593,720,741.213203435596,0,5510.45170855593
79,267567,5495.38591388949,720,741.213203435596,0,5495.38591388949
79,267568,5480.44184924559,720,741.213203435596,0,5480.44184924559
79,267569,5465.6205131262,720,741.213203435596,0,5465.6205131262
79,268233,6102.61102074984,720,741.213203435596,0,6102.61102074984
79,268234,6083.72195124957,720,741.213203435596,0,6083.72195124957
79,268235,6064.92147593214,720,741.213203435596,0,6064.92147593214
79,268236,6046.2104212397,720,741.213203435596,0,6046.2104212397
79,268270,5469.5375857094,720,741.213203435596,0,5469.5375857094
79,268271,5454.52262245758,720,741.213203435596,0,5454.52262245758
79,268272,5439.63058452519,720,741.213203435596,0,5439.63058452519
79,268273,5424.86248425513,720,741.213203435596,0,5424.86248425513
79,268274,5410.21933657303,720,741.213203435596,0,5410.21933657303
79,268938,6041.66152064938,720,741.213203435596,0,6041.66152064938
79,268939,6022.87810427004,720,741.213203435596,0,6022.87810427004
79,268940,6004.18484199908,720,741.213203435596,0,6004.18484199908
79,268973,5443.73087632245,720,741.213203435596,0,5443.73087632245
79,268974,5428.64445403014,720,741.213203435596,0,5428.64445403014
79,268975,5413.68114983901,720,741.213203435596,0,5413.68114983901
79,268976,5398.84198744373,720,741.213203435596,0,5398.84198744373
79,268977,5384.12799328226,720,741.213203435596,0,5384.12799328226
79,269642,5999.6041747094,720,741.213203435596,0,5999.6041747094
79,269643,5980.83806844212,720,741.213203435596,0,5980.83806844212
79,269644,5962.16286153703,720,741.213203435596,0,5962.16286153703
79,269645,5943.57941083576,720,741.213203435596,0,5943.57941083576
79,269678,5387.77279416671,720,741.213203435596,0,5387.77279416671
79,269679,5372.86199628388,720,741.213203435596,0,5372.86199628388
79,269680,5358.0765783698,720,741.213203435596,0,5358.0765783698
79,269681,5343.41758122103,720,741.213203435596,0,5343.41758122103
79,269682,5328.88604813025,720,741.213203435596,0,5328.88604813025
79,269683,5314.48302468606,720,741.213203435596,0,5314.48302468606
79,270346,5957.54998118498,720,741.213203435596,0,5957.54998118498
79,270347,5938.80144172576,720,741.213203435596,0,5938.80144172576
79,270348,5920.14455893237,720,741.213203435596,0,5920.14455893237
79,270349,5901.58020207623,720,741.213203435596,0,5901.58020207623
79,270382,5346.92310121249,720,741.213203435596,0,5346.92310121249
79,270383,5332.06567708653,720,741.213203435596,0,5332.06567708653
79,270384,5317.33489333933,720,741.213203435596,0,5317.33489333933
79,270385,5302.73180537619,720,741.213203435596,0,5302.73180537619
79,270386,5288.25747106363,720,741.213203435596,0,5288.25747106363
79,271050,5915.49900974782,720,741.213203435596,0,5915.49900974782
79,271051,5896.76829947892,720,741.213203435596,0,5896.76829947892
79,271052,5878.13001550986,720,741.213203435596,0,5878.13001550986
79,271053,5859.58503981778,720,741.213203435596,0,5859.58503981778
79,271054,5841.13426113414,720,741.213203435596,0,5841.13426113414
79,271086,5306.09588523187,720,741.213203435596,0,5306.09588523187
79,271087,5291.29272314227,720,741.213203435596,0,5291.29272314227
79,271088,5276.61748461747,720,741.213203435596,0,5276.61748461747
79,271089,5262.07123994679,720,741.213203435596,0,5262.07123994679
79,271755,5854.73871921551,720,741.213203435596,0,5854.73871921551
79,271756,5836.11931493464,720,741.213203435596,0,5836.11931493464
79,271757,5817.59401417543,720,741.213203435596,0,5817.59401417543
79,271758,5799.16371877176,720,741.213203435596,0,5799.16371877176
79,271759,5780.8293374062,720,741.213203435596,0,5780.8293374062
79,271760,5762.59178556749,720,741.213203435596,0,5762.59178556749
79,271761,5744.45198550117,720,741.213203435596,0,5744.45198550117
79,271877,4573.90423738736,720,741.213203435596,0,4573.90423738736
79,271878,4573.9580076592,720,741.213203435596,0,4573.9580076592
79,271879,4574.207254486,720,741.213203435596,0,4574.207254486
79,272459,5812.71278068978,720,741.213203435596,0,5812.71278068978
79,272460,5794.11254328865,720,741.213203435596,0,5794.11254328865
79,272461,5775.6072178734,720,741.213203435596,0,5775.6072178734
79,272462,5757.19771967116,720,741.213203435596,0,5757.19771967116
79,272463,5738.88497088259,720,741.213203435596,0,5738.88497088259
79,272464,5720.66990063632,720,741.213203435596,0,5720.66990063632
79,272465,5702.55344494543,720,741.213203435596,0,5702.55344494543
79,272466,5684.5365466577,720,741.213203435596,0,5684.5365466577
79,272467,5666.62015539308,720,741.213203435596,0,5666.62015539308
79,272580,4543.99278775217,720,741.213203435596,0,4543.99278775217
79,272581,4544.04691226184,720,741.213203435596,0,4544.04691226184
79,273165,5733.62474634569,720,741.213203435596,0,5733.62474634569
79,273166,5715.23636644229,720,741.213203435596,0,5715.23636644229
79,273167,5696.94558546249,720,741.213203435596,0,5696.94558546249
79,273168,5678.75334647925,720,741.213203435596,0,5678.75334647925
79,273169,5660.66059957821,720,741.213203435596,0,5660.66059957821
79,273170,5642.66830179716,720,741.213203435596,0,5642.66830179716
79,273171,5624.7774170768,720,741.213203435596,0,5624.7774170768
79,273872,5636.84224458319,720,741.213203435596,0,5636.84224458319
79,273873,5618.77357935723,720,741.213203435596,0,5618.77357935723
79,273874,5600.80627039778,720,741.213203435596,0,5600.80627039778
79,273875,5582.94129627411,720,741.213203435596,0,5582.94129627411
79,273876,5565.17964251172,720,741.213203435596,0,5565.17964251172
79,274577,5576.89251812892,720,741.213203435596,0,5576.89251812892
79,274578,5558.95059542786,720,741.213203435596,0,5558.95059542786
79,274579,5541.11194548039,720,741.213203435596,0,5541.11194548039
79,274580,5523.37756889702,720,741.213203435596,0,5523.37756889702
79,274701,4468.1482992649,720,741.213203435596,0,4468.1482992649
79,274703,4473.25839596596,720,741.213203435596,0,4473.25839596596
79,275282,5517.10142417587,720,741.213203435596,0,5517.10142417587
79,275283,5499.28952180884,720,741.213203435596,0,5499.28952180884
79,275284,5481.58286270111,720,741.213203435596,0,5481.58286270111
79,275285,5463.9824700113,720,741.213203435596,0,5463.9824700113
79,275403,4436.05845010968,720,741.213203435596,0,4436.05845010968
79,275404,4438.33053611591,720,741.213203435596,0,4438.33053611591
79,275405,4440.80281470552,720,741.213203435596,0,4440.80281470552
79,275406,4443.47495172683,720,741.213203435596,0,4443.47495172683
79,275407,4446.34658685009,720,741.213203435596,0,4446.34658685009
79,275408,4449.41733381048,720,741.213203435596,0,4449.41733381048
79,275986,5475.25890841031,720,741.213203435596,0,5475.25890841031
79,275987,5457.47418716028,720,741.213203435596,0,5457.47418716028
79,275988,5439.79569639249,720,741.213203435596,0,5439.79569639249
79,275989,5422.22447516056,720,741.213203435596,0,5422.22447516056
79,276109,4413.69323919202,720,741.213203435596,0,4413.69323919202
79,276110,4416.58425379539,720,741.213203435596,0,4416.58425379539
79,276111,4419.67569601313,720,741.213203435596,0,4419.67569601313
79,276112,4422.96714557682,720,741.213203435596,0,4422.96714557682
79,276113,4426.4581563201,720,741.213203435596,0,4426.4581563201
79,276690,5433.42320455386,720,741.213203435596,0,5433.42320455386
79,276691,5415.66610841147,720,741.213203435596,0,5415.66610841147
79,276692,5398.01624775218,720,741.213203435596,0,5398.01624775218
79,276693,5380.47467789087,720,741.213203435596,0,5380.47467789087
79,276817,4400.47975955475,720,741.213203435596,0,4400.47975955475
79,276818,4404.39466786549,720,741.213203435596,0,4404.39466786549
79,276819,4408.50893181458,720,741.213203435596,0,4408.50893181458
79,276820,4412.82199379818,720,741.213203435596,0,4412.82199379818
79,277395,5373.86545759514,720,741.213203435596,0,5373.86545759514
79,277396,5356.24470007286,720,741.213203435596,0,5356.24470007286
79,277397,5338.73327322222,720,741.213203435596,0,5338.73327322222
79,277522,4378.89818516616,720,741.213203435596,0,4378.89818516616
79,278098,5349.77288256962,720,741.213203435596,0,5349.77288256962
79,278099,5332.07241212054,720,741.213203435596,0,5332.07241212054
79,278100,5314.48124237668,720,741.213203435596,0,5314.48124237668
79,278101,5297.00046229321,720,741.213203435596,0,5297.00046229321
79,278133,4802.76605636921,720,741.213203435596,0,4802.76605636921
79,278134,4789.5804111127,720,741.213203435596,0,4789.5804111127
79,278803,5290.2871549588,720,741.213203435596,0,5290.2871549588
79,278804,5272.72606963719,720,741.213203435596,0,5272.72606963719
79,278805,5255.27645258098,720,741.213203435596,0,5255.27645258098
79,278837,4762.71763531804,720,741.213203435596,0,4762.71763531804
79,278839,4736.652874083,720,741.213203435596,0,4736.652874083
79,279507,5248.50987488141,720,741.213203435596,0,5248.50987488141
79,279508,5230.97938301484,720,741.213203435596,0,5230.97938301484
79,279509,5213.56145816344,720,741.213203435596,0,5213.56145816344
79,279510,5196.25723230834,720,741.213203435596,0,5196.25723230834
79,279541,4722.70824433367,720,741.213203435596,0,4722.70824433367
79,279542,4709.67804309169,720,741.213203435596,0,4709.67804309169
79,279543,4696.80207715353,720,741.213203435596,0,4696.80207715353
79,280211,5206.74076668019,720,741.213203435596,0,5206.74076668019
79,280212,5189.24139010166,720,741.213203435596,0,5189.24139010166
79,280213,5171.85569998284,720,741.213203435596,0,5171.85569998284
79,280214,5154.58484667147,720,741.213203435596,0,5154.58484667147
79,280245,4682.73888692123,720,741.213203435596,0,4682.73888692123
79,280246,4669.78857268188,720,741.213203435596,0,4669.78857268188
79,280247,4656.99425891027,720,741.213203435596,0,4656.99425891027
79,280916,5147.51230517985,720,741.213203435596,0,5147.51230517985
79,280917,5130.15940611234,720,741.213203435596,0,5130.15940611234
79,280918,5112.9225033515,720,741.213203435596,0,5112.9225033515
79,280919,5095.80277399274,720,741.213203435596,0,5095.80277399274
79,280949,4642.81060012352,720,741.213203435596,0,4642.81060012352
79,280950,4629.94166705292,720,741.213203435596,0,4629.94166705292
79,280951,4617.23053411298,720,741.213203435596,0,4617.23053411298
79,281620,5105.79234949191,720,741.213203435596,0,5105.79234949191
79,281621,5088.4728120503,720,741.213203435596,0,5088.4728120503
79,281622,5071.27045270144,720,741.213203435596,0,5071.27045270144
79,281623,5054.18646792529,720,741.213203435596,0,5054.18646792529
79,281653,4602.92445588469,720,741.213203435596,0,4602.92445588469
79,281654,4590.13843786409,720,741.213203435596,0,4590.13843786409
79,281655,4577.51205500367,720,741.213203435596,0,4577.51205500367
79,282324,5064.08175151979,720,741.213203435596,0,5064.08175151979
79,282325,5046.79616101763,720,741.213203435596,0,5046.79616101763
79,282326,5029.62895330543,720,741.213203435596,0,5029.62895330543
79,282327,5012.58134470203,720,741.213203435596,0,5012.58134470203
79,282357,4563.08156248002,720,741.213203435596,0,4563.08156248002
79,282358,4550.38003443266,720,741.213203435596,0,4550.38003443266
79,282359,4537.84001283636,720,741.213203435596,0,4537.84001283636
79,283029,5005.12970428409,720,741.213203435596,0,5005.12970428409
79,283030,4987.99827231437,720,741.213203435596,0,4987.99827231437
79,283031,4970.98768801723,720,741.213203435596,0,4970.98768801723
79,283032,4954.09919623526,720,741.213203435596,0,4954.09919623526
79,283061,4523.28306601559,720,741.213203435596,0,4523.28306601559
79,283062,4510.6676452864,720,741.213203435596,0,4510.6676452864
79,283063,4498.21563947329,720,741.213203435596,0,4498.21563947329
79,283733,4963.47370149046,720,741.213203435596,0,4963.47370149046
79,283734,4946.37868580602,720,741.213203435596,0,4946.37868580602
79,283735,4929.40579106112,720,741.213203435596,0,4929.40579106112
79,283742,4814.12224429775,720,741.213203435596,0,4814.12224429775
79,283765,4483.53015199667,720,741.213203435596,0,4483.53015199667
79,283766,4471.00249978177,720,741.213203435596,0,4471.00249978177
79,283767,4458.64020906611,720,741.213203435596,0,4458.64020906611
79,284437,4921.82842100311,720,741.213203435596,0,4921.82842100311
79,284438,4904.77047915336,720,741.213203435596,0,4904.77047915336
79,284440,4871.02614152345,720,741.213203435596,0,4871.02614152345
79,284442,4837.78582146246,720,741.213203435596,0,4837.78582146246
79,284443,4821.35793190739,720,741.213203435596,0,4821.35793190739
79,284444,4805.05997902156,720,741.213203435596,0,4805.05997902156
79,284445,4788.89328943547,720,741.213203435596,0,4788.89328943547
79,284446,4772.8591970026,720,741.213203435596,0,4772.8591970026
79,284469,4443.82404696573,720,741.213203435596,0,4443.82404696573
79,284470,4431.38586980283,720,741.213203435596,0,4431.38586980283
79,284471,4419.11503981067,720,741.213203435596,0,4419.11503981067
79,285142,4863.17394741559,720,741.213203435596,0,4863.17394741559
79,285143,4846.27849897279,720,741.213203435596,0,4846.27849897279
79,285144,4829.5091041634,720,741.213203435596,0,4829.5091041634
79,285145,4812.86708060711,720,741.213203435596,0,4812.86708060711
79,285146,4796.35375413234,720,741.213203435596,0,4796.35375413234
79,285147,4779.97045856884,720,741.213203435596,0,4779.97045856884
79,285148,4763.71853551554,720,741.213203435596,0,4763.71853551554
79,285173,4404.16602023303,720,741.213203435596,0,4404.16602023303
79,285174,4391.81907155245,720,741.213203435596,0,4391.81907155245
79,285175,4379.64149578946,720,741.213203435596,0,4379.64149578946
79,285846,4821.58939575122,720,741.213203435596,0,4821.58939575122
79,285847,4804.73374137665,720,741.213203435596,0,4804.73374137665
79,285848,4788.00551485255,720,741.213203435596,0,4788.00551485255
79,285849,4771.40605643776,720,741.213203435596,0,4771.40605643776
79,285850,4754.93671472247,720,741.213203435596,0,4754.93671472247
79,285851,4738.59884639445,720,741.213203435596,0,4738.59884639445
79,285852,4722.39381601531,720,741.213203435596,0,4722.39381601531
79,285853,4706.32299576623,720,741.213203435596,0,4706.32299576623
79,285854,4690.38776519261,720,741.213203435596,0,4690.38776519261
79,285877,4364.55738568,720,741.213203435596,0,4364.55738568
79,285878,4352.30346740604,720,741.213203435596,0,4352.30346740604
79,285879,4340.22098889481,720,741.213203435596,0,4340.22098889481
79,286555,4697.24351756014,720,741.213203435596,0,4697.24351756014
79,286556,4681.08626652713,720,741.213203435596,0,4681.08626652713
79,286557,4665.06474511903,720,741.213203435596,0,4665.06474511903
79,286558,4649.18035654908,720,741.213203435596,0,4649.18035654908
79,286581,4324.99950365717,720,741.213203435596,0,4324.99950365717
79,286582,4312.84046788456,720,741.213203435596,0,4312.84046788456
79,286583,4300.85498085957,720,741.213203435596,0,4300.85498085957
79,287259,4655.90490907088,720,741.213203435596,0,4655.90490907088
79,287260,4639.79634875198,720,741.213203435596,0,4639.79634875198
79,287261,4623.82506948344,720,741.213203435596,0,4623.82506948344
79,287262,4607.99249871346,720,741.213203435596,0,4607.99249871346
79,287285,4285.49378297368,720,741.213203435596,0,4285.49378297368
79,287286,4273.43153370105,720,741.213203435596,0,4273.43153370105
79,287287,4261.54498537271,720,741.213203435596,0,4261.54498537271
79,287963,4614.5834734097,720,741.213203435596,0,4614.5834734097
79,287964,4598.52454077215,720,741.213203435596,0,4598.52454077215
79,287965,4582.60447348937,720,741.213203435596,0,4582.60447348937
79,287966,4566.82472382679,720,741.213203435596,0,4566.82472382679
79,287989,4246.04168297444,720,741.213203435596,0,4246.04168297444
79,287990,4234.07817791211,720,741.213203435596,0,4234.07817791211
79,287991,4222.29257030141,720,741.213203435596,0,4222.29257030141
79,288666,4589.42703413987,720,741.213203435596,0,4589.42703413987
79,288667,4573.27967922779,720,741.213203435596,0,4573.27967922779
79,288668,4557.27133778028,720,741.213203435596,0,4557.27133778028
79,288669,4541.40347985546,720,741.213203435596,0,4541.40347985546
79,288670,4525.67758313584,720,741.213203435596,0,4525.67758313584
79,288671,4510.09513260419,720,741.213203435596,0,4510.09513260419
79,288693,4206.64471574347,720,741.213203435596,0,4206.64471574347
79,288694,4194.7819681911,720,741.213203435596,0,4194.7819681911
79,288695,4183.09936003143,720,741.213203435596,0,4183.09936003143
79,289370,4548.09141181673,720,741.213203435596,0,4548.09141181673
79,289371,4531.99401205601,720,741.213203435596,0,4531.99401205601
79,289372,4516.0372528334,720,741.213203435596,0,4516.0372528334
79,289373,4500.22263018572,720,741.213203435596,0,4500.22263018572
79,289374,4484.55164783595,720,741.213203435596,0,4484.55164783595
79,289397,4167.30444839212,720,741.213203435596,0,4167.30444839212
79,289398,4155.5445291885,720,741.213203435596,0,4155.5445291885
79,289399,4143.96703790464,720,741.213203435596,0,4143.96703790464
79,290075,4490.72697506348,720,741.213203435596,0,4490.72697506348
79,290076,4474.82281765781,720,741.213203435596,0,4474.82281765781
79,290077,4459.06248582964,720,741.213203435596,0,4459.06248582964
79,290078,4443.44750997073,720,741.213203435596,0,4443.44750997073
79,290101,4128.02250547871,720,741.213203435596,0,4128.02250547871
79,290102,4116.36754503085,720,741.213203435596,0,4116.36754503085
79,290103,4104.89734879355,720,741.213203435596,0,4104.89734879355
79,290110,4029.90869695337,720,741.213203435596,0,4029.90869695337
79,290779,4449.47908985687,720,741.213203435596,0,4449.47908985687
79,290780,4433.62858349857,720,741.213203435596,0,4433.62858349857
79,290781,4417.92362876565,720,741.213203435596,0,4417.92362876565
79,290782,4402.36578337885,720,741.213203435596,0,4402.36578337885
79,290785,4356.59058910298,720,741.213203435596,0,4356.59058910298
79,290805,4088.80057153903,720,741.213203435596,0,4088.80057153903
79,290806,4077.2527619302,720,741.213203435596,0,4077.2527619302
79,290807,4065.89210179922,720,741.213203435596,0,4065.89210179922
79,290812,4011.9507719774,720,741.213203435596,0,4011.9507719774
79,290813,4001.74570197922,720,741.213203435596,0,4001.74570197922
79,290814,3991.73857583544,720,741.213203435596,0,3991.73857583544
79,291483,4408.2508973237,720,741.213203435596,0,4408.2508973237
79,291484,4392.45512200273,720,741.213203435596,0,4392.45512200273
79,291485,4376.80666255193,720,741.213203435596,0,4376.80666255193
79,291486,4361.30710468818,720,741.213203435596,0,4361.30710468818
79,291487,4345.95804155305,720,741.213203435596,0,4345.95804155305
79,291488,4330.76107329543,720,741.213203435596,0,4330.76107329543
79,291489,4315.71780663616,720,741.213203435596,0,4315.71780663616
79,291509,4049.64039375202,720,741.213203435596,0,4049.64039375202
79,291510,4038.20199094067,720,741.213203435596,0,4038.20199094067
79,291511,4026.95317307473,720,741.213203435596,0,4026.95317307473
79,291516,3973.60826131097,720,741.213203435596,0,3973.60826131097
79,291517,3963.53004004841,720,741.213203435596,0,3963.53004004841
79,291518,3953.65232158321,720,741.213203435596,0,3953.65232158321
79,292187,4367.0429585102,720,741.213203435596,0,4367.0429585102
79,292188,4351.30302616532,720,741.213203435596,0,4351.30302616532
79,292189,4335.71221331334,720,741.213203435596,0,4335.71221331334
79,292190,4320.27213436245,720,741.213203435596,0,4320.27213436245
79,292191,4304.98441116192,720,741.213203435596,0,4304.98441116192
79,292192,4289.85067256227,720,741.213203435596,0,4289.85067256227
79,292193,4274.87255395506,720,741.213203435596,0,4274.87255395506
79,292213,4010.54378473929,720,741.213203435596,0,4010.54378473929
79,292214,3999.21711083012,720,741.213203435596,0,3999.21711083012
79,292215,3988.08250880216,720,741.213203435596,0,3988.08250880216
79,292220,3935.34665467053,720,741.213203435596,0,3935.34665467053
79,292221,3925.39796366583,720,741.213203435596,0,3925.39796366583
79,292222,3915.65238512037,720,741.213203435596,0,3915.65238512037
79,292891,4325.8558555643,720,741.213203435596,0,4325.8558555643
79,292892,4310.17291131029,720,741.213203435596,0,4310.17291131029
79,292893,4294.6409307898,720,741.213203435596,0,4294.6409307898
79,292894,4279.2615578134,720,741.213203435596,0,4279.2615578134
79,292895,4264.03644364237,720,741.213203435596,0,4264.03644364237
79,292896,4248.96724652051,720,741.213203435596,0,4248.96724652051
79,292917,3971.5126254956,720,741.213203435596,0,3971.5126254956
79,292918,3960.30007111912,720,741.213203435596,0,3960.30007111912
79,292919,3949.28212830828,720,741.213203435596,0,3949.28212830828
79,293596,4269.06541614836,720,741.213203435596,0,4269.06541614836
79,293597,4253.59348945032,720,741.213203435596,0,4253.59348945032
79,293598,4238.27608657331,720,741.213203435596,0,4238.27608657331
79,293599,4223.11488890969,720,741.213203435596,0,4223.11488890969
79,293600,4208.11158481109,720,741.213203435596,0,4208.11158481109
79,293621,3932.5488684965,720,741.213203435596,0,3932.5488684965
79,293622,3921.45289526563,720,741.213203435596,0,3921.45289526563
79,293623,3910.55412734672,720,741.213203435596,0,3910.55412734672
79,294300,4227.9812038681,720,741.213203435596,0,4227.9812038681
79,294301,4212.57058965016,720,741.213203435596,0,4212.57058965016
79,294302,4197.31645951544,720,741.213203435596,0,4197.31645951544
79,294303,4182.22052573276,720,741.213203435596,0,4182.22052573276
79,294304,4167.2845074974,720,741.213203435596,0,4167.2845074974
79,294325,3893.65454092919,720,741.213203435596,0,3893.65454092919
79,294326,3882.67768400323,720,741.213203435596,0,3882.67768400323
79,294327,3871.90068153813,720,741.213203435596,0,3871.90068153813
79,294328,3861.32520692529,720,741.213203435596,0,3861.32520692529
79,295004,4186.92096331229,720,741.213203435596,0,4186.92096331229
79,295005,4171.57295887043,720,741.213203435596,0,4171.57295887043
79,295006,4156.38344416998,720,741.213203435596,0,4156.38344416998
79,295007,4141.35416312241,720,741.213203435596,0,4141.35416312241
79,295008,4126.48686651118,720,741.213203435596,0,4126.48686651118
79,295009,4111.78331143887,720,741.213203435596,0,4111.78331143887
79,295029,3854.8317481186,720,741.213203435596,0,3854.8317481186
79,295030,3843.97661886825,720,741.213203435596,0,3843.97661886825
79,295031,3833.32404998924,720,741.213203435596,0,3833.32404998924
79,295032,3822.87573480516,720,741.213203435596,0,3822.87573480516
79,295708,4145.8854102013,720,741.213203435596,0,4145.8854102013
79,295709,4130.60135301878,720,741.213203435596,0,4130.60135301878
79,295710,4115.47783809843,720,741.213203435596,0,4115.47783809843
79,295711,4100.51664177375,720,741.213203435596,0,4100.51664177375
79,295712,4085.71954719438,720,741.213203435596,0,4085.71954719438
79,295713,4071.08834373129,720,741.213203435596,0,4071.08834373129
79,295733,3816.08267712218,720,741.213203435596,0,3816.08267712218
79,295734,3805.35196589416,720,741.213203435596,0,3805.35196589416
79,295735,3794.82657909175,720,741.213203435596,0,3794.82657909175
79,295736,3784.5082298458,720,741.213203435596,0,3784.5082298458
79,295737,3774.39861613814,720,741.213203435596,0,3774.39861613814
79,296412,4104.87528843594,720,741.213203435596,0,4104.87528843594
79,296413,4089.65655780629,720,741.213203435596,0,4089.65655780629
79,296414,4074.60047034032,720,741.213203435596,0,4074.60047034032
79,296415,4059.70883560503,720,741.213203435596,0,4059.70883560503
79,296416,4044.98346990262,720,741.213203435596,0,4044.98346990262
79,296417,4030.42619565016,720,741.213203435596,0,4030.42619565016
79,296438,3766.80607949217,720,741.213203435596,0,3766.80607949217
79,296439,3756.41070651572,720,741.213203435596,0,3756.41070651572
79,296440,3746.22521433538,720,741.213203435596,0,3746.22521433538
79,296441,3736.25131943659,720,741.213203435596,0,3736.25131943659
79,297116,4063.89137148427,720,741.213203435596,0,4063.89137148427
79,297117,4048.7393902076,720,741.213203435596,0,4048.7393902076
79,297118,4033.75220296732,720,741.213203435596,0,4033.75220296732
79,297119,4018.93165338705,720,741.213203435596,0,4018.93165338705
79,297120,4004.27959173359,720,741.213203435596,0,4004.27959173359
79,297121,3989.79787426502,720,741.213203435596,0,3989.79787426502
79,297143,3718.07896541561,720,741.213203435596,0,3718.07896541561
79,297144,3708.02930906968,720,741.213203435596,0,3708.02930906968
79,297145,3698.19417221243,720,741.213203435596,0,3698.19417221243
79,297821,4007.85069999727,720,741.213203435596,0,4007.85069999727
79,297822,3992.93393269625,720,741.213203435596,0,3992.93393269625
79,297823,3978.18604045101,720,741.213203435596,0,3978.18604045101
79,297824,3963.60890832619,720,741.213203435596,0,3963.60890832619
79,297847,3679.83398883126,720,741.213203435596,0,3679.83398883126
79,297848,3669.92323786685,720,741.213203435596,0,3669.92323786685
79,297849,3660.22999038841,720,741.213203435596,0,3660.22999038841
79,297850,3650.75597890031,720,741.213203435596,0,3650.75597890031
79,298525,3966.99137138449,720,741.213203435596,0,3966.99137138449
79,298526,3952.14659262399,720,741.213203435596,0,3952.14659262399
79,298527,3937.47298051993,720,741.213203435596,0,3937.47298051993
79,298551,3641.67851433929,720,741.213203435596,0,3641.67851433929
79,298552,3631.90983232591,720,741.213203435596,0,3631.90983232591
79,298553,3622.3617009278,720,741.213203435596,0,3622.3617009278
79,298554,3613.03586868498,720,741.213203435596,0,3613.03586868498
79,299229,3926.16232474133,720,741.213203435596,0,3926.16232474133
79,299256,3593.99203682164,720,741.213203435596,0,3593.99203682164
79,299257,3584.59234693226,720,741.213203435596,0,3584.59234693226
79,299258,3575.4180832632,720,741.213203435596,0,3575.4180832632
79,299259,3566.47098544901,720,741.213203435596,0,3566.47098544901
79,299960,3556.17291374856,720,741.213203435596,0,3556.17291374856
79,299961,3546.92509301142,720,741.213203435596,0,3546.92509301142
79,299962,3537.90589070717,720,741.213203435596,0,3537.90589070717
79,299963,3529.11705964538,720,741.213203435596,0,3529.11705964538
79,299964,3520.5603251442,720,741.213203435596,0,3520.5603251442
79,300665,3509.36323091343,720,741.213203435596,0,3509.36323091343
79,300666,3500.50268981983,720,741.213203435596,0,3500.50268981983
79,300667,3491.87579090783,720,741.213203435596,0,3491.87579090783
79,300668,3483.48427003186,720,741.213203435596,0,3483.48427003186
79,300669,3475.32983222307,720,741.213203435596,0,3475.32983222307
79,301370,3463.21201614827,720,741.213203435596,0,3463.21201614827
79,301371,3454.7508266508,720,741.213203435596,0,3454.7508266508
79,301372,3446.52836229025,720,741.213203435596,0,3446.52836229025
79,301373,3438.54633562864,720,741.213203435596,0,3438.54633562864
79,301374,3430.80642485559,720,741.213203435596,0,3430.80642485559
79,302075,3417.74596114579,720,741.213203435596,0,3417.74596114579
79,302076,3409.69651279928,720,741.213203435596,0,3409.69651279928
79,302077,3401.89092209868,720,741.213203435596,0,3401.89092209868
79,302078,3394.33087136847,720,741.213203435596,0,3394.33087136847
79,302079,3387.01800479196,720,741.213203435596,0,3387.01800479196
79,302080,3379.95392679473,720,741.213203435596,0,3379.95392679473
79,302780,3372.99278985361,720,741.213203435596,0,3372.99278985361
79,302781,3365.36778114833,720,741.213203435596,0,3365.36778114833
79,302782,3357.99180106186,720,741.213203435596,0,3357.99180106186
79,302783,3350.86649409363,720,741.213203435596,0,3350.86649409363
79,302784,3343.99346262899,720,741.213203435596,0,3343.99346262899
79,302785,3337.37426528805,720,741.213203435596,0,3337.37426528805
79,303488,3308.18282574264,720,741.213203435596,0,3308.18282574264
79,304149,3761.57306242922,720,741.213203435596,0,3761.57306242922
79,304150,3745.91363916494,720,741.213203435596,0,3745.91363916494
79,304201,3226.14182082975,720,741.213203435596,0,3226.14182082975
79,304202,3222.33472817593,720,741.213203435596,0,3222.33472817593
79,304203,3218.80099782505,720,741.213203435596,0,3218.80099782505
79,304204,3215.54153101521,720,741.213203435596,0,3215.54153101521
79,304851,3752.11778332934,720,741.213203435596,0,3752.11778332934
79,304852,3736.17927769328,720,741.213203435596,0,3736.17927769328
79,304853,3720.41288710794,720,741.213203435596,0,3720.41288710794
79,304901,3209.66620837956,720,741.213203435596,0,3209.66620837956
79,304902,3205.00248484507,720,741.213203435596,0,3205.00248484507
79,304903,3200.61141143818,720,741.213203435596,0,3200.61141143818
79,304904,3196.49411179032,720,741.213203435596,0,3196.49411179032
79,304905,3192.65164509203,720,741.213203435596,0,3192.65164509203
79,304906,3189.08500476592,720,741.213203435596,0,3189.08500476592
79,304907,3185.79511721245,720,741.213203435596,0,3185.79511721245
79,304908,3182.78284062949,720,741.213203435596,0,3182.78284062949
79,304909,3180.04896391139,720,741.213203435596,0,3180.04896391139
79,305554,3726.89972856148,720,741.213203435596,0,3726.89972856148
79,305555,3710.85282376187,720,741.213203435596,0,3710.85282376187
79,305556,3694.97828173808,720,741.213203435596,0,3694.97828173808
79,305557,3679.27833351163,720,741.213203435596,0,3679.27833351163
79,305603,3185.12726713829,720,741.213203435596,0,3185.12726713829
79,305604,3180.14631352148,720,741.213203435596,0,3180.14631352148
79,305605,3175.43920947592,720,741.213203435596,0,3175.43920947592
79,305606,3171.0071745258,720,741.213203435596,0,3171.0071745258
79,305607,3166.85136355452,720,741.213203435596,0,3166.85136355452
79,305608,3162.97286535058,720,741.213203435596,0,3162.97286535058
79,305609,3159.37270121524,720,741.213203435596,0,3159.37270121524
79,305610,3156.05182364964,720,741.213203435596,0,3156.05182364964
79,305611,3153.01111512303,720,741.213203435596,0,3153.01111512303
79,305612,3150.25138691412,720,741.213203435596,0,3150.25138691412
79,305613,3147.77337805088,720,741.213203435596,0,3147.77337805088
79,306257,3701.75157283742,720,741.213203435596,0,3701.75157283742
79,306258,3685.59508867303,720,741.213203435596,0,3685.59508867303
79,306259,3669.61119847239,720,741.213203435596,0,3669.61119847239
79,306260,3653.80216732021,720,741.213203435596,0,3653.80216732021
79,306261,3638.17027467738,720,741.213203435596,0,3638.17027467738
79,306279,3389.74711255593,720,741.213203435596,0,3389.74711255593
79,306280,3377.92602211981,720,741.213203435596,0,3377.92602211981
79,306281,3366.32910964758,720,741.213203435596,0,3366.32910964758
79,306307,3150.63380530409,720,741.213203435596,0,3150.63380530409
79,306308,3145.88251716813,720,741.213203435596,0,3145.88251716813
79,306309,3141.40875854876,720,741.213203435596,0,3141.40875854876
79,306310,3137.21371674199,720,741.213203435596,0,3137.21371674199
79,306311,3133.29851123565,720,741.213203435596,0,3133.29851123565
79,306312,3129.66419225376,720,741.213203435596,0,3129.66419225376
79,306313,3126.31173938268,720,741.213203435596,0,3126.31173938268
79,306314,3123.24206028017,720,741.213203435596,0,3123.24206028017
79,306315,3120.45598946172,720,741.213203435596,0,3120.45598946172
79,306960,3676.67475046853,720,741.213203435596,0,3676.67475046853
79,306961,3660.40749496066,720,741.213203435596,0,3660.40749496066
79,306981,3374.48315321422,720,741.213203435596,0,3374.48315321422
79,306982,3362.34235248909,720,741.213203435596,0,3362.34235248909
79,306983,3350.42450873066,720,741.213203435596,0,3350.42450873066
79,306984,3338.73200952121,720,741.213203435596,0,3338.73200952121
79,306985,3327.26723054457,720,741.213203435596,0,3327.26723054457
79,307014,3103.6287096902,720,741.213203435596,0,3103.6287096902
79,307015,3099.95958697853,720,741.213203435596,0,3099.95958697853
79,307016,3096.5749568804,720,741.213203435596,0,3096.5749568804
79,307017,3093.47575320247,720,741.213203435596,0,3093.47575320247
79,307018,3090.66283458991,720,741.213203435596,0,3090.66283458991
79,307019,3088.13698335653,720,741.213203435596,0,3088.13698335653
79,307020,3085.89890440819,720,741.213203435596,0,3085.89890440819
79,307663,3651.67073104079,720,741.213203435596,0,3651.67073104079
79,307685,3334.98067417434,720,741.213203435596,0,3334.98067417434
79,307686,3322.96463417855,720,741.213203435596,0,3322.96463417855
79,307687,3311.1751058889,720,741.213203435596,0,3311.1751058889
79,307688,3299.61451728701,720,741.213203435596,0,3299.61451728701
79,307718,3070.25899869424,720,741.213203435596,0,3070.25899869424
79,307719,3066.84157218641,720,741.213203435596,0,3066.84157218641
79,307720,3063.71227398039,720,741.213203435596,0,3063.71227398039
79,307721,3060.87198778368,720,741.213203435596,0,3060.87198778368
79,307722,3058.32151882094,720,741.213203435596,0,3058.32151882094
79,307723,3056.0615927016,720,741.213203435596,0,3056.0615927016
79,307724,3054.0928544019,720,741.213203435596,0,3054.0928544019
79,307725,3052.41586734986,720,741.213203435596,0,3052.41586734986
82,307832,4226.38755647201,15,36.2132034355964,0,4226.38755647201
79,308388,3307.66314675419,720,741.213203435596,0,3307.66314675419
79,308389,3295.54743932103,720,741.213203435596,0,3295.54743932103
79,308390,3283.65941075296,720,741.213203435596,0,3283.65941075296
79,308391,3272.00154270142,720,741.213203435596,0,3272.00154270142
79,308392,3260.57630391404,720,741.213203435596,0,3260.57630391404
79,308423,3033.95170583842,720,741.213203435596,0,3033.95170583842
79,308424,3031.08351709767,720,741.213203435596,0,3031.08351709767
79,308425,3028.50794790556,720,741.213203435596,0,3028.50794790556
79,308426,3026.22574539292,720,741.213203435596,0,3026.22574539292
79,308427,3024.2375737166,720,741.213203435596,0,3024.2375737166
79,308428,3022.54401309826,720,741.213203435596,0,3022.54401309826
79,308429,3021.14555899005,720,741.213203435596,0,3021.14555899005
79,308430,3020.04262134403,720,741.213203435596,0,3020.04262134403
82,308534,4186.53284605984,15,36.2132034355964,0,4186.53284605984
82,308535,4199.41821236128,15,36.2132034355964,0,4199.41821236128
82,308536,4212.47651484633,15,36.2132034355964,0,4212.47651484633
79,309093,3256.18596878512,720,741.213203435596,0,3256.18596878512
79,309094,3244.42932142276,720,741.213203435596,0,3244.42932142276
79,309095,3232.90658051243,720,741.213203435596,0,3232.90658051243
79,309096,3221.62025589092,720,741.213203435596,0,3221.62025589092
79,309128,2998.69632709238,720,741.213203435596,0,2998.69632709238
79,309129,2996.3914062277,720,741.213203435596,0,2996.3914062277
79,309130,2994.38341479342,720,741.213203435596,0,2994.38341479342
79,309131,2992.67295047862,720,741.213203435596,0,2992.67295047862
79,309132,2991.26052368194,720,741.213203435596,0,2991.26052368194
79,309133,2990.14655674558,720,741.213203435596,0,2990.14655674558
79,309134,2989.33138333121,720,741.213203435596,0,2989.33138333121
82,309238,4172.48897669245,15,36.2132034355964,0,4172.48897669245
79,309797,3216.89890134499,720,741.213203435596,0,3216.89890134499
79,309798,3205.27712943795,720,741.213203435596,0,3205.27712943795
79,309799,3193.89311019867,720,741.213203435596,0,3193.89311019867
79,309800,3182.74939480092,720,741.213203435596,0,3182.74939480092
79,309833,2964.53041151913,720,741.213203435596,0,2964.53041151913
79,309834,2962.80270343097,720,741.213203435596,0,2962.80270343097
79,309835,2961.3760223913,720,741.213203435596,0,2961.3760223913
79,309836,2960.25080363477,720,741.213203435596,0,2960.25080363477
79,309837,2959.42739102433,720,741.213203435596,0,2959.42739102433
79,310501,3177.68900117646,720,741.213203435596,0,3177.68900117646
79,310502,3166.20572911926,720,741.213203435596,0,3166.20572911926
79,310503,3154.96415946289,720,741.213203435596,0,3154.96415946289
79,310504,3143.96688490259,720,741.213203435596,0,3143.96688490259
79,310538,2931.49207145364,720,741.213203435596,0,2931.49207145364
79,310539,2930.35537155005,720,741.213203435596,0,2930.35537155005
79,310540,2929.52355164944,720,741.213203435596,0,2929.52355164944
79,311205,3138.55916502368,720,741.213203435596,0,3138.55916502368
79,311206,3127.21815331155,720,741.213203435596,0,3127.21815331155
79,311207,3116.12290058489,720,741.213203435596,0,3116.12290058489
79,311208,3105.27604116053,720,741.213203435596,0,3105.27604116053
79,311910,3088.31758134711,720,741.213203435596,0,3088.31758134711
79,311911,3077.37265868515,720,741.213203435596,0,3077.37265868515
79,311912,3066.68033781271,720,741.213203435596,0,3066.68033781271
79,311913,3056.24326992562,720,741.213203435596,0,3056.24326992562
79,312614,3049.50734751651,720,741.213203435596,0,3049.50734751651
79,312615,3038.71692050994,720,741.213203435596,0,3038.71692050994
79,312616,3028.18341746234,720,741.213203435596,0,3028.18341746234
79,312617,3017.9095286225,720,741.213203435596,0,3017.9095286225
79,312618,3007.89791423791,720,741.213203435596,0,3007.89791423791
79,313319,3000.15934379176,720,741.213203435596,0,3000.15934379176
79,313320,2989.78910076988,720,741.213203435596,0,2989.78910076988
79,313321,2979.68294991546,720,741.213203435596,0,2979.68294991546
79,313322,2969.84358728482,720,741.213203435596,0,2969.84358728482
79,314023,2961.70376721534,720,741.213203435596,0,2961.70376721534
79,314024,2951.50139676165,720,741.213203435596,0,2951.50139676165
79,314025,2941.56771654843,720,741.213203435596,0,2941.56771654843
79,314026,2931.90545765351,720,741.213203435596,0,2931.90545765351
79,314728,2913.32451379303,720,741.213203435596,0,2913.32451379303
79,314729,2903.56821840057,720,741.213203435596,0,2903.56821840057
79,314730,2894.08809996939,720,741.213203435596,0,2894.08809996939
79,315432,2875.26287123757,720,741.213203435596,0,2875.26287123757
79,315433,2865.68906451569,720,741.213203435596,0,2865.68906451569
79,315434,2856.3963161851,720,741.213203435596,0,2856.3963161851
79,315435,2847.38737804034,720,741.213203435596,0,2847.38737804034
79,316136,2837.32111191288,720,741.213203435596,0,2837.32111191288
79,316137,2827.9350959046,720,741.213203435596,0,2827.9350959046
79,316138,2818.83514872575,720,741.213203435596,0,2818.83514872575
79,316139,2810.02404958147,720,741.213203435596,0,2810.02404958147
79,316140,2801.50452387024,720,741.213203435596,0,2801.50452387024
79,316841,2790.3113991601,720,741.213203435596,0,2790.3113991601
79,316842,2781.40989445601,720,741.213203435596,0,2781.40989445601
79,316843,2772.80240583439,720,741.213203435596,0,2772.80240583439
79,316844,2764.49167963075,720,741.213203435596,0,2764.49167963075
79,318257,2656.26549579706,720,741.213203435596,0,2656.26549579706
79,318960,2626.99798973478,720,741.213203435596,0,2626.99798973478
79,318961,2620.95594474107,720,741.213203435596,0,2620.95594474107
79,319663,2597.74515407347,720,741.213203435596,0,2597.74515407347
79,319664,2591.63487804962,720,741.213203435596,0,2591.63487804962
79,319669,2566.09868451517,720,741.213203435596,0,2566.09868451517
79,320366,2568.50749005751,720,741.213203435596,0,2568.50749005751
79,320367,2562.32745984985,720,741.213203435596,0,2562.32745984985
79,320368,2556.48239359769,720,741.213203435596,0,2556.48239359769
79,320369,2550.97459381867,720,741.213203435596,0,2550.97459381867
79,320371,2540.97943205943,720,741.213203435596,0,2540.97943205943
79,320372,2536.49609115738,720,741.213203435596,0,2536.49609115738
79,320373,2532.35805111052,720,741.213203435596,0,2532.35805111052
79,321070,2533.03416388653,720,741.213203435596,0,2533.03416388653
79,321071,2527.12131321851,720,741.213203435596,0,2527.12131321851
79,321072,2521.54935107678,720,741.213203435596,0,2521.54935107678
79,321074,2511.4370292607,720,741.213203435596,0,2511.4370292607
79,321075,2506.90083086292,720,741.213203435596,0,2506.90083086292
79,321076,2502.7138353204,720,741.213203435596,0,2502.7138353204
79,321077,2498.87779795545,720,741.213203435596,0,2498.87779795545
79,321078,2495.39433729538,720,741.213203435596,0,2495.39433729538
79,321779,2473.07605574898,720,741.213203435596,0,2473.07605574898
79,321780,2469.19395388639,720,741.213203435596,0,2469.19395388639
79,321781,2465.66853770018,720,741.213203435596,0,2465.66853770018
79,321782,2462.50133912931,720,741.213203435596,0,2462.50133912931
79,321783,2459.69374193877,720,741.213203435596,0,2459.69374193877
79,322484,2435.94728402369,720,741.213203435596,0,2435.94728402369
79,322485,2432.74137424839,720,741.213203435596,0,2432.74137424839
79,322486,2429.89937621933,720,741.213203435596,0,2429.89937621933
79,322487,2427.42256812879,720,741.213203435596,0,2427.42256812879
79,322488,2425.31206880707,720,741.213203435596,0,2425.31206880707
79,323189,2400.10792392823,720,741.213203435596,0,2400.10792392823
79,323190,2397.60032688733,720,741.213203435596,0,2397.60032688733
79,323191,2395.46354162051,720,741.213203435596,0,2395.46354162051
79,323192,2393.69856116826,720,741.213203435596,0,2393.69856116826
79,323193,2392.30620845284,720,741.213203435596,0,2392.30620845284
79,323894,2365.61660479851,720,741.213203435596,0,2365.61660479851
79,323895,2363.82932927305,720,741.213203435596,0,2363.82932927305
79,323896,2362.41936483498,720,741.213203435596,0,2362.41936483498
79,323897,2361.38738735273,720,741.213203435596,0,2361.38738735273
79,323898,2360.73389252878,720,741.213203435596,0,2360.73389252878
79,324598,2333.96117955383,720,741.213203435596,0,2333.96117955383
79,324599,2332.53315286827,720,741.213203435596,0,2332.53315286827
79,324600,2331.48794138119,720,741.213203435596,0,2331.48794138119
79,324601,2330.82606008903,720,741.213203435596,0,2330.82606008903
79,324602,2330.54783559231,720,741.213203435596,0,2330.54783559231
79,325302,2302.64759714708,720,741.213203435596,0,2302.64759714708
79,325303,2301.58880819259,720,741.213203435596,0,2301.58880819259
79,325304,2300.91832253598,720,741.213203435596,0,2300.91832253598
79,325305,2300.63647967211,720,741.213203435596,0,2300.63647967211
79,325306,2300.74342242906,720,741.213203435596,0,2300.74342242906
79,325307,2301.23909660323,720,741.213203435596,0,2301.23909660323
79,326007,2271.01068361881,720,741.213203435596,0,2271.01068361881
79,326008,2270.72512707978,720,741.213203435596,0,2270.72512707978
79,326009,2270.83347906666,720,741.213203435596,0,2270.83347906666
79,326010,2271.33568320661,720,741.213203435596,0,2271.33568320661
79,326011,2272.2314783534,720,741.213203435596,0,2272.2314783534
79,326712,2240.92357678325,720,741.213203435596,0,2240.92357678325
79,326713,2241.43248513332,720,741.213203435596,0,2241.43248513332
79,328117,2180.99109063378,720,741.213203435596,0,2180.99109063378
79,328820,2151.07975275818,720,741.213203435596,0,2151.07975275818
79,328821,2151.19413354865,720,741.213203435596,0,2151.19413354865
79,329523,2121.16841895246,720,741.213203435596,0,2121.16841895246
79,329524,2121.28441320251,720,741.213203435596,0,2121.28441320251
79,329525,2121.82202816556,720,741.213203435596,0,2121.82202816556
79,330227,2091.37474325143,720,741.213203435596,0,2091.37474325143
79,330228,2091.92004782592,720,741.213203435596,0,2091.92004782592
79,330229,2092.89266883902,720,741.213203435596,0,2092.89266883902
79,330230,2094.29201093551,720,741.213203435596,0,2094.29201093551
79,330931,2062.01834311094,720,741.213203435596,0,2062.01834311094
79,330932,2063.00506688846,720,741.213203435596,0,2063.00506688846
79,330933,2064.42467562171,720,741.213203435596,0,2064.42467562171
79,330934,2066.27627708587,720,741.213203435596,0,2066.27627708587
79,330935,2068.55871123012,720,741.213203435596,0,2068.55871123012
79,331636,2034.55863741774,720,741.213203435596,0,2034.55863741774
79,331637,2036.43740443156,720,741.213203435596,0,2036.43740443156
79,331638,2038.75325664762,720,741.213203435596,0,2038.75325664762
79,331639,2041.50470659944,720,741.213203435596,0,2041.50470659944
79,332341,2008.95095378627,720,741.213203435596,0,2008.95095378627
79,332342,2011.74317960441,720,741.213203435596,0,2011.74317960441
79,332343,2014.97553397607,720,741.213203435596,0,2014.97553397607
79,333045,1981.98616741758,720,741.213203435596,0,1981.98616741758
79,333046,1985.26698952192,720,741.213203435596,0,1985.26698952192
79,333047,1988.99220135127,720,741.213203435596,0,1988.99220135127
79,333048,1993.15931121482,720,741.213203435596,0,1993.15931121482
79,333749,1955.56463211677,720,741.213203435596,0,1955.56463211677
79,333750,1959.34633676017,720,741.213203435596,0,1959.34633676017
79,333751,1963.57638493704,720,741.213203435596,0,1963.57638493704
79,333752,1968.25188599175,720,741.213203435596,0,1968.25188599175
79,334399,2341.90878458406,720,741.213203435596,0,2341.90878458406
79,334452,1925.86874802646,720,741.213203435596,0,1925.86874802646
79,334453,1929.70867004612,720,741.213203435596,0,1929.70867004612
79,334454,1934.00356582395,720,741.213203435596,0,1934.00356582395
79,334455,1938.75041166554,720,741.213203435596,0,1938.75041166554
79,334456,1943.94589677463,720,741.213203435596,0,1943.94589677463
79,334457,1949.58643439697,720,741.213203435596,0,1949.58643439697
79,334458,1955.6681736747,720,741.213203435596,0,1955.6681736747
79,334459,1962.18701213772,720,741.213203435596,0,1962.18701213772
79,335102,2317.5575729576,720,741.213203435596,0,2317.5575729576
79,335103,2300.22915802494,720,741.213203435596,0,2300.22915802494
79,335156,1900.07958482332,720,741.213203435596,0,1900.07958482332
79,335157,1904.44132471815,720,741.213203435596,0,1904.44132471815
79,335158,1909.26169612539,720,741.213203435596,0,1909.26169612539
79,335159,1914.53723485739,720,741.213203435596,0,1914.53723485739
79,335160,1920.26418947619,720,741.213203435596,0,1920.26418947619
79,335161,1926.43853405201,720,741.213203435596,0,1926.43853405201
79,335162,1933.05598158468,720,741.213203435596,0,1933.05598158468
79,335163,1940.11199799551,720,741.213203435596,0,1940.11199799551
79,335805,2293.33792672203,720,741.213203435596,0,2293.33792672203
79,335860,1874.8901619841,720,741.213203435596,0,1874.8901619841
79,335861,1879.78633982382,720,741.213203435596,0,1879.78633982382
79,335862,1885.14439533424,720,741.213203435596,0,1885.14439533424
79,335863,1890.96040231456,720,741.213203435596,0,1890.96040231456
79,335864,1897.23014918447,720,741.213203435596,0,1897.23014918447
79,335865,1903.94915342142,720,741.213203435596,0,1903.94915342142
79,335866,1911.1126765955,720,741.213203435596,0,1911.1126765955
79,335867,1918.71573987848,720,741.213203435596,0,1918.71573987848
79,335868,1926.75313993795,720,741.213203435596,0,1926.75313993795
79,336565,1855.7681300199,720,741.213203435596,0,1855.7681300199
79,336566,1861.67594451649,720,741.213203435596,0,1861.67594451649
79,336567,1868.0440160767,720,741.213203435596,0,1868.0440160767
79,336568,1874.86765485427,720,741.213203435596,0,1874.86765485427
79,336569,1882.14190592862,720,741.213203435596,0,1882.14190592862
79,336570,1889.86156595997,720,741.213203435596,0,1889.86156595997
79,336571,1898.02120023654,720,741.213203435596,0,1898.02120023654
79,336572,1906.61515996448,720,741.213203435596,0,1906.61515996448
79,336573,1915.63759972381,720,741.213203435596,0,1915.63759972381
82,336683,3710.20142085028,15,36.2132034355964,0,3710.20142085028
79,337273,1861.04077872117,720,741.213203435596,0,1861.04077872117
79,337274,1869.32626482573,720,741.213203435596,0,1869.32626482573
79,337275,1878.05158392973,720,741.213203435596,0,1878.05158392973
79,337276,1887.21063548009,720,741.213203435596,0,1887.21063548009
79,337277,1896.79713640261,720,741.213203435596,0,1896.79713640261
82,337385,3667.9092273968,15,36.2132034355964,0,3667.9092273968
82,337386,3689.40936275819,15,36.2132034355964,0,3689.40936275819
82,337387,3711.02603073149,15,36.2132034355964,0,3711.02603073149
79,337978,1849.53062400359,720,741.213203435596,0,1849.53062400359
79,337979,1858.83026266304,720,741.213203435596,0,1858.83026266304
79,337980,1868.56242456845,720,741.213203435596,0,1868.56242456845
79,337981,1878.72038805192,720,741.213203435596,0,1878.72038805192
79,337982,1889.29728505243,720,741.213203435596,0,1889.29728505243
79,338682,1830.49864835965,720,741.213203435596,0,1830.49864835965
79,338683,1840.38069047801,720,741.213203435596,0,1840.38069047801
79,338684,1850.69339778398,720,741.213203435596,0,1850.69339778398
79,338685,1861.42961236641,720,741.213203435596,0,1861.42961236641
79,338686,1872.58204986087,720,741.213203435596,0,1872.58204986087
79,338690,1921.20500854424,720,741.213203435596,0,1921.20500854424
79,338691,1934.32622090381,720,741.213203435596,0,1934.32622090381
79,338692,1947.81835789847,720,741.213203435596,0,1947.81835789847
82,338792,3648.20549746837,15,36.2132034355964,0,3648.20549746837
79,339387,1822.72631029885,720,741.213203435596,0,1822.72631029885
79,339388,1833.62634302031,720,741.213203435596,0,1833.62634302031
79,339389,1844.94691562557,720,741.213203435596,0,1844.94691562557
79,339390,1856.6803357695,720,741.213203435596,0,1856.6803357695
79,339391,1868.81882724973,720,741.213203435596,0,1868.81882724973
79,339392,1881.35454952882,720,741.213203435596,0,1881.35454952882
79,339393,1894.27961639025,720,741.213203435596,0,1894.27961639025
79,339394,1907.58611370559,720,741.213203435596,0,1907.58611370559
79,339395,1921.26611624351,720,741.213203435596,0,1921.26611624351
79,339396,1935.31170350826,720,741.213203435596,0,1935.31170350826
79,339397,1949.71497458882,720,741.213203435596,0,1949.71497458882
82,339494,3605.93018467507,15,36.2132034355964,0,3605.93018467507
82,339495,3627.79800909458,15,36.2132034355964,0,3627.79800909458
82,339496,3649.77995650141,15,36.2132034355964,0,3649.77995650141
79,340092,1817.38386231769,720,741.213203435596,0,1817.38386231769
79,340093,1829.29414922374,720,741.213203435596,0,1829.29414922374
79,340094,1841.61322417959,720,741.213203435596,0,1841.61322417959
79,340095,1854.33293997718,720,741.213203435596,0,1854.33293997718
79,340096,1867.44510998514,720,741.213203435596,0,1867.44510998514
79,340097,1880.94152674845,720,741.213203435596,0,1880.94152674845
79,340098,1894.81397952485,720,741.213203435596,0,1894.81397952485
79,340099,1909.05427075028,720,741.213203435596,0,1909.05427075028
79,340100,1923.65423141734,720,741.213203435596,0,1923.65423141734
79,340101,1938.60573535084,720,741.213203435596,0,1938.60573535084
79,340102,1953.90071240395,720,741.213203435596,0,1953.90071240395
79,340103,1969.53116056418,720,741.213203435596,0,1969.53116056418
79,340106,2018.35655872651,720,741.213203435596,0,2018.35655872651
79,340107,2035.25059967135,720,741.213203435596,0,2035.25059967135
79,340108,2052.44147552749,720,741.213203435596,0,2052.44147552749
79,340109,2069.92179059157,720,741.213203435596,0,2069.92179059157
79,340112,2124.02731983496,720,741.213203435596,0,2124.02731983496
79,340113,2142.59400514062,720,741.213203435596,0,2142.59400514062
79,340114,2161.41511237458,720,741.213203435596,0,2161.41511237458
82,340202,3696.60172366012,15,36.2132034355964,0,3696.60172366012
82,340203,3719.13945564518,15,36.2132034355964,0,3719.13945564518
79,340797,1814.4927994883,720,741.213203435596,0,1814.4927994883
79,340798,1827.40136726066,720,741.213203435596,0,1827.40136726066
79,340799,1840.70546423793,720,741.213203435596,0,1840.70546423793
79,340800,1854.39657744015,720,741.213203435596,0,1854.39657744015
79,340801,1868.46619934909,720,741.213203435596,0,1868.46619934909
79,340802,1882.90584499915,720,741.213203435596,0,1882.90584499915
79,340803,1897.70706788248,720,741.213203435596,0,1897.70706788248
79,340804,1912.86147464451,720,741.213203435596,0,1912.86147464451
79,340805,1928.36073860754,720,741.213203435596,0,1928.36073860754
79,340806,1944.19661211339,720,741.213203435596,0,1944.19661211339
79,340807,1960.36093774427,720,741.213203435596,0,1960.36093774427
79,340808,1976.84565842571,720,741.213203435596,0,1976.84565842571
79,340809,1993.6428264772,720,741.213203435596,0,1993.6428264772
79,340810,2010.74461163458,720,741.213203435596,0,2010.74461163458
79,340811,2028.14330809905,720,741.213203435596,0,2028.14330809905
79,340812,2045.83134067284,720,741.213203435596,0,2045.83134067284
79,340813,2063.80127000702,720,741.213203435596,0,2063.80127000702
79,340814,2082.04579704805,720,741.213203435596,0,2082.04579704805
79,340815,2100.55776669785,720,741.213203435596,0,2100.55776669785
79,340816,2119.33017078011,720,741.213203435596,0,2119.33017078011
79,340817,2138.35615032351,720,741.213203435596,0,2138.35615032351
79,340818,2157.62899725053,720,741.213203435596,0,2157.62899725053
82,340905,3676.95004490848,15,36.2132034355964,0,3676.95004490848
79,341504,1842.22725328311,720,741.213203435596,0,1842.22725328311
79,341505,1856.87103136324,720,741.213203435596,0,1856.87103136324
79,341506,1871.87820716324,720,741.213203435596,0,1871.87820716324
79,341507,1887.24011157628,720,741.213203435596,0,1887.24011157628
79,341508,1902.94815378426,720,741.213203435596,0,1902.94815378426
79,341509,1918.99383380719,720,741.213203435596,0,1918.99383380719
79,341510,1935.36875384087,720,741.213203435596,0,1935.36875384087
79,341511,1952.06462839788,720,741.213203435596,0,1952.06462839788
79,341512,1969.07329332621,720,741.213203435596,0,1969.07329332621
79,341513,1986.38671373066,720,741.213203435596,0,1986.38671373066
79,341514,2003.99699087168,720,741.213203435596,0,2003.99699087168
79,341515,2021.89636809251,720,741.213203435596,0,2021.89636809251
79,341516,2040.07723582277,720,741.213203435596,0,2040.07723582277
79,341517,2058.53213574209,720,741.213203435596,0,2058.53213574209
79,341518,2077.2537641254,720,741.213203435596,0,2077.2537641254
79,341519,2096.23497447238,720,741.213203435596,0,2096.23497447238
79,341520,2115.46877943313,720,741.213203435596,0,2115.46877943313
79,342213,1910.51794390258,720,741.213203435596,0,1910.51794390258
79,342214,1927.42918499432,720,741.213203435596,0,1927.42918499432
79,342215,1944.6534248893,720,741.213203435596,0,1944.6534248893
79,342216,1962.1824209975,720,741.213203435596,0,1962.1824209975
79,342217,1980.00807932036,720,741.213203435596,0,1980.00807932036
79,342218,1998.12246012256,720,741.213203435596,0,1998.12246012256
79,342219,2016.51778263299,720,741.213203435596,0,2016.51778263299
79,342220,2035.18642887387,720,741.213203435596,0,2035.18642887387
79,342221,2054.12094663925,720,741.213203435596,0,2054.12094663925
82,354295,4191.38884652316,15,36.2132034355964,0,4191.38884652316
82,354997,4151.41406648635,15,36.2132034355964,0,4151.41406648635
82,354998,4178.35618459494,15,36.2132034355964,0,4178.35618459494
82,354999,4205.33847732332,15,36.2132034355964,0,4205.33847732332
82,355701,4165.49753826011,15,36.2132034355964,0,4165.49753826011
79,358329,1032.52487062558,720,741.213203435596,0,1032.52487062558
82,358511,4061.16182139769,15,36.2132034355964,0,4061.16182139769
79,359031,1022.34681979169,720,741.213203435596,0,1022.34681979169
79,359032,1006.71491652352,720,741.213203435596,0,1006.71491652352
79,359033,991.739022081174,720,741.213203435596,0,991.739022081174
82,359214,4049.03559358059,15,36.2132034355964,0,4049.03559358059
82,359215,4076.43575022844,15,36.2132034355964,0,4076.43575022844
82,359216,4103.8710165805,15,36.2132034355964,0,4103.8710165805
79,359733,1013.83314073856,720,741.213203435596,0,1013.83314073856
79,359734,997.170947595693,720,741.213203435596,0,997.170947595693
79,359735,981.137926785194,720,741.213203435596,0,981.137926785194
79,359736,965.765414167552,720,741.213203435596,0,965.765414167552
82,359917,4037.0945653929,15,36.2132034355964,0,4037.0945653929
82,359918,4064.57536709455,15,36.2132034355964,0,4064.57536709455
82,359919,4092.09029917584,15,36.2132034355964,0,4092.09029917584
79,360436,989.345283391261,720,741.213203435596,0,989.345283391261
79,360437,972.263426777201,720,741.213203435596,0,972.263426777201
79,360438,955.812603564549,720,741.213203435596,0,955.812603564549
79,360439,940.025944331187,720,741.213203435596,0,940.025944331187
79,360440,924.937457184502,720,741.213203435596,0,924.937457184502
82,360621,4052.90103471168,15,36.2132034355964,0,4052.90103471168
79,361139,965.163165382049,720,741.213203435596,0,965.163165382049
79,361140,947.64541728614,720,741.213203435596,0,947.64541728614
79,361141,930.759490106508,720,741.213203435596,0,930.759490106508
79,361142,914.540382030395,720,741.213203435596,0,914.540382030395
79,361143,899.024183620322,720,741.213203435596,0,899.024183620322
79,361144,884.247898232011,720,741.213203435596,0,884.247898232011
79,361842,941.310350194337,720,741.213203435596,0,941.310350194337
79,361843,923.340076185512,720,741.213203435596,0,923.340076185512
79,361844,906.001168457152,720,741.213203435596,0,906.001168457152
79,361845,889.330556230749,720,741.213203435596,0,889.330556230749
79,361846,873.366509145501,720,741.213203435596,0,873.366509145501
79,361847,858.148460579824,720,741.213203435596,0,858.148460579824
79,362545,917.812512711281,720,741.213203435596,0,917.812512711281
79,362546,899.372753206213,720,741.213203435596,0,899.372753206213
79,362547,881.56247628947,720,741.213203435596,0,881.56247628947
79,362548,864.420591877387,720,741.213203435596,0,864.420591877387
79,362549,847.987635166518,720,741.213203435596,0,847.987635166518
79,362550,832.305598202135,720,741.213203435596,0,832.305598202135
79,363249,875.771200520558,720,741.213203435596,0,875.771200520558
79,363250,857.470743227228,720,741.213203435596,0,857.470743227228
79,363251,839.837171486529,720,741.213203435596,0,839.837171486529
79,363252,822.913356937669,720,741.213203435596,0,822.913356937669
79,363253,806.743968514455,720,741.213203435596,0,806.743968514455
79,363953,833.756046401436,720,741.213203435596,0,833.756046401436
79,363956,781.491168346992,720,741.213203435596,0,781.491168346992
79,363957,765.615615787925,720,741.213203435596,0,765.615615787925
79,363958,750.596845844086,720,741.213203435596,0,750.596845844086
79,364659,756.578122343523,720,741.213203435596,0,756.578122343523
79,364660,740.168324147704,720,741.213203435596,79,0
79,364661,724.622232253809,720,741.213203435596,79,0
79,364662,709.996584091796,720,741.213203435596,79,0
79,364663,696.349379199468,720,741.213203435596,79,0
79,365363,715.066723138876,720,741.213203435596,79,0
79,365364,698.962465013209,720,741.213203435596,79,0
79,365365,683.788113831491,720,741.213203435596,79,0
79,365366,669.606892066892,720,741.213203435596,79,0
79,365367,656.483163039831,720,741.213203435596,79,0
79,366065,707.914298359325,720,741.213203435596,79,0
79,366066,690.348522518427,720,741.213203435596,79,0
79,366067,673.653523001327,720,741.213203435596,79,0
79,366068,657.895594564212,720,741.213203435596,79,0
79,366069,643.143619599437,720,741.213203435596,79,0
79,366768,684.246186272083,720,741.213203435596,79,0
79,366769,666.056409082612,720,741.213203435596,79,0
79,366771,632.357838261873,720,741.213203435596,79,0
79,366772,616.995489848797,720,741.213203435596,79,0
79,366773,602.727136261,720,741.213203435596,79,0
79,367471,661.084280987432,720,741.213203435596,79,0
79,367472,642.238733767311,720,741.213203435596,79,0
79,367475,591.204319243068,720,741.213203435596,79,0
79,367476,576.297683323756,720,741.213203435596,79,0
79,368174,638.483675002321,720,741.213203435596,79,0
79,368175,618.950269211514,720,741.213203435596,79,0
79,368176,600.272483897776,720,741.213203435596,79,0
79,368177,582.532626336015,720,741.213203435596,79,0
79,368178,565.818922646132,720,741.213203435596,79,0
79,368179,550.224892529153,720,741.213203435596,79,0
79,368878,596.253028418458,720,741.213203435596,79,0
79,368879,576.840680447565,720,741.213203435596,79,0
79,368880,558.356752996297,720,741.213203435596,79,0
79,368881,540.89643453646,720,741.213203435596,79,0
79,368882,524.56194910498,720,741.213203435596,79,0
79,369582,554.033103567199,720,741.213203435596,79,0
79,369583,534.761311261297,720,741.213203435596,79,0
79,369584,516.503868425671,720,741.213203435596,79,0
79,369585,499.372043746268,720,741.213203435596,79,0
79,369586,483.485507492329,720,741.213203435596,79,0
79,370285,531.930054247686,720,741.213203435596,79,0
79,370286,511.826581922407,720,741.213203435596,79,0
79,370287,492.719933469617,720,741.213203435596,79,0
79,370288,474.730482734107,720,741.213203435596,79,0
79,370289,457.98989635257,720,741.213203435596,79,0
79,370290,442.639892699958,720,741.213203435596,79,0
79,370989,489.645416028716,720,741.213203435596,79,0
79,370990,469.63710789665,720,741.213203435596,79,0
79,370991,450.727210110045,720,741.213203435596,79,0
79,370992,433.059635503515,720,741.213203435596,79,0
79,370993,416.792397984775,720,741.213203435596,79,0
79,370994,402.095490253324,720,741.213203435596,79,0
82,371157,3644.13799533081,15,36.2132034355964,0,3644.13799533081
82,371158,3672.61246268996,15,36.2132034355964,0,3672.61246268996
79,371692,468.324898386639,720,741.213203435596,79,0
79,371693,447.363931183624,720,741.213203435596,79,0
79,371694,427.469762868244,720,741.213203435596,79,0
79,371695,408.798170470716,720,741.213203435596,79,0
79,371696,391.524105212775,720,741.213203435596,79,0
79,371697,375.840312521929,720,741.213203435596,79,0
79,371698,361.953575531751,720,741.213203435596,79,0
82,371859,3606.52792379614,15,36.2132034355964,0,3606.52792379614
82,371860,3635.05095930767,15,36.2132034355964,0,3635.05095930767
82,371861,3663.59620714681,15,36.2132034355964,0,3663.59620714681
79,372396,426.027410233465,720,741.213203435596,79,0
79,372397,405.086622755229,720,741.213203435596,79,0
79,372398,385.331849181307,720,741.213203435596,79,0
79,372399,366.954684454914,720,741.213203435596,79,0
79,372400,350.172088104461,720,741.213203435596,79,0
79,372401,335.223636581727,720,741.213203435596,79,0
79,372402,322.364585761949,720,741.213203435596,79,0
82,372563,3626.18789059191,15,36.2132034355964,0,3626.18789059191
82,372564,3654.802515909,15,36.2132034355964,0,3654.802515909
79,373100,383.730816119526,720,741.213203435596,79,0
79,373101,362.814990516074,720,741.213203435596,79,0
79,373102,343.234248671257,720,741.213203435596,79,0
79,373103,325.229819657783,720,741.213203435596,79,0
79,373104,309.077297358829,720,741.213203435596,79,0
79,373105,295.0809548372,720,741.213203435596,79,0
82,373151,1032.3526988429,15,36.2132034355964,0,1032.3526988429
82,373267,3646.23299926456,15,36.2132034355964,0,3646.23299926456
82,373276,3905.2088254941,15,36.2132034355964,0,3905.2088254941
82,373277,3934.06900060697,15,36.2132034355964,0,3934.06900060697
82,373278,3962.94483082284,15,36.2132034355964,0,3962.94483082284
82,373279,3991.83597640489,15,36.2132034355964,0,3991.83597640489
79,373803,363.583415573042,720,741.213203435596,79,0
79,373804,341.435490581163,720,741.213203435596,79,0
79,373805,320.55132508473,720,741.213203435596,79,0
79,373806,301.193913347723,720,741.213203435596,79,0
79,373807,283.675974482186,720,741.213203435596,79,0
79,373808,268.357983295225,720,741.213203435596,79,0
79,373809,255.635716472338,720,741.213203435596,79,0
82,373854,1002.45169082646,15,36.2132034355964,0,1002.45169082646
82,373855,1003.70056718569,15,36.2132034355964,0,1003.70056718569
82,373978,3868.5184884377,15,36.2132034355964,0,3868.5184884377
82,373979,3897.42088221994,15,36.2132034355964,0,3897.42088221994
82,373980,3926.33845718539,15,36.2132034355964,0,3926.33845718539
82,373981,3955.27088035616,15,36.2132034355964,0,3955.27088035616
82,373982,3984.21782825748,15,36.2132034355964,0,3984.21782825748
82,373983,4013.17898659079,15,36.2132034355964,0,4013.17898659079
79,374506,344.856280869932,720,741.213203435596,79,0
79,374507,321.420386176888,720,741.213203435596,79,0
79,374508,299.142019956265,720,741.213203435596,79,0
79,374509,278.299307971921,720,741.213203435596,79,0
79,374510,259.238760201901,720,741.213203435596,79,0
79,374511,242.381183316168,720,741.213203435596,79,0
79,374512,228.215281086119,720,741.213203435596,79,0
79,374513,217.268185147793,720,741.213203435596,79,0
82,374682,3889.84736062226,15,36.2132034355964,0,3889.84736062226
82,374683,3918.8209773524,15,36.2132034355964,0,3918.8209773524
82,374684,3947.80864976585,15,36.2132034355964,0,3947.80864976585
82,374685,3976.81007049755,15,36.2132034355964,0,3976.81007049755
79,375209,327.792926047535,720,741.213203435596,79,0
79,375210,303.040143557173,720,741.213203435596,79,0
79,375211,279.299369366971,720,741.213203435596,79,0
79,375212,256.851376740187,720,741.213203435596,79,0
79,375213,236.065255003039,720,741.213203435596,79,0
79,375214,217.418174009295,720,741.213203435596,79,0
79,375215,201.504846200788,720,741.213203435596,79,0
79,375216,189.017000765642,720,741.213203435596,79,0
82,375261,943.97967742341,15,36.2132034355964,0,943.97967742341
82,375262,946.252093012921,15,36.2132034355964,0,946.252093012921
82,375384,3853.47481978797,15,36.2132034355964,0,3853.47481978797
82,375385,3882.48951550956,15,36.2132034355964,0,3882.48951550956
82,375387,3940.55934185218,15,36.2132034355964,0,3940.55934185218
82,375388,3969.61388096282,15,36.2132034355964,0,3969.61388096282
82,375389,3998.6811238025,15,36.2132034355964,0,3998.6811238025
79,375912,312.665866084034,720,741.213203435596,79,0
79,375913,286.609466173845,720,741.213203435596,79,0
79,375914,261.380414129075,720,741.213203435596,79,0
79,375915,237.242804286209,720,741.213203435596,79,0
79,375916,214.565300048379,720,741.213203435596,79,0
79,375917,193.860981866136,720,741.213203435596,79,0
79,375918,175.828282993246,720,741.213203435596,79,0
79,375919,161.365369321247,720,741.213203435596,79,0
82,376086,3817.22422745195,15,36.2132034355964,0,3817.22422745195
82,376087,3846.2798549267,15,36.2132034355964,0,3846.2798549267
82,376088,3875.34857535062,15,36.2132034355964,0,3875.34857535062
82,376089,3904.43009629217,15,36.2132034355964,0,3904.43009629217
82,376090,3933.52413383639,15,36.2132034355964,0,3933.52413383639
82,376091,3962.63041228603,15,36.2132034355964,0,3962.63041228603
82,376092,3991.74866387463,15,36.2132034355964,0,3991.74866387463
79,376617,245.806219587377,720,741.213203435596,79,0
79,376618,219.966043229928,720,741.213203435596,79,0
79,376619,195.292408675939,720,741.213203435596,79,0
79,376620,172.287236111944,720,741.213203435596,79,0
79,376621,151.711438906765,720,741.213203435596,79,0
82,376791,3868.42574133632,15,36.2132034355964,0,3868.42574133632
82,376792,3897.55907318543,15,36.2132034355964,0,3897.55907318543
82,376793,3926.70417648316,15,36.2132034355964,0,3926.70417648316
82,376794,3955.86079104595,15,36.2132034355964,0,3955.86079104595
82,376795,3985.02866420695,15,36.2132034355964,0,3985.02866420695
79,377320,233.047351028716,720,741.213203435596,79,0
79,377321,205.609741254489,720,741.213203435596,79,0
79,377322,178.96752589349,720,741.213203435596,79,0
79,377323,153.535327207262,720,741.213203435596,79,0
79,377324,130.025112291266,720,741.213203435596,79,0
79,377325,109.67987373293,720,741.213203435596,79,0
79,377326,94.5649582471367,720,741.213203435596,79,0
79,377327,87.4362608118834,720,741.213203435596,79,0
79,377328,90.207426698838,720,741.213203435596,79,0
79,378023,223.586295625552,720,741.213203435596,79,0
79,378024,194.820596344679,720,741.213203435596,79,0
79,378025,166.460263423814,720,741.213203435596,79,0
79,378026,138.754081781166,720,741.213203435596,79,0
79,378027,112.187755546582,720,741.213203435596,79,0
79,378028,87.8021135866378,720,741.213203435596,79,0
79,378029,67.9856689224454,720,741.213203435596,79,0
79,378030,57.6594535151963,720,741.213203435596,79,0
79,378031,61.7810274539313,720,741.213203435596,79,0
79,378032,78.0954512088359,720,741.213203435596,79,0
79,378033,100.849516697408,720,741.213203435596,79,0
79,378726,217.853136074939,720,741.213203435596,79,0
79,378727,188.213063726825,720,741.213203435596,79,0
79,378728,158.675949060259,720,741.213203435596,79,0
79,378729,129.312363126976,720,741.213203435596,79,0
79,378730,100.274865740657,720,741.213203435596,79,0
79,378731,71.9593019357858,720,741.213203435596,79,0
79,378732,45.7270660100966,720,741.213203435596,79,0
79,378733,28.1694691342654,720,741.213203435596,79,0
79,378734,35.8581150027862,720,741.213203435596,79,0
79,378735,59.7312382819432,720,741.213203435596,79,0
79,378736,87.4046236554473,720,741.213203435596,79,0
79,378737,116.194004324091,720,741.213203435596,79,0
79,379430,186.232766964071,720,741.213203435596,79,0
79,379431,156.321744672958,720,741.213203435596,79,0
79,379432,126.412312853179,720,741.213203435596,79,0
79,379433,96.5059502862135,720,741.213203435596,79,0
79,379434,66.606791370559,720,741.213203435596,79,0
79,379435,36.7324310359302,720,741.213203435596,79,0
79,379436,7.19853733375612,720,741.213203435596,79,0
79,379437,23.3261014033404,720,741.213203435596,79,0
79,379438,53.1614116693072,720,741.213203435596,79,0
79,379439,83.0536272013744,720,741.213203435596,79,0
79,379440,112.957580130778,720,741.213203435596,79,0
79,379441,142.865900210487,720,741.213203435596,79,0
79,379442,172.776319538375,720,741.213203435596,79,0
79,379443,202.687908766416,720,741.213203435596,79,0
79,380134,159.63806701873,720,741.213203435596,79,0
79,380135,130.490811786713,720,741.213203435596,79,0
79,380136,101.789693577897,720,741.213203435596,79,0
79,380137,74.0552612239237,720,741.213203435596,79,0
79,380138,48.9588802006885,720,741.213203435596,79,0
79,380139,33.1588966188604,720,741.213203435596,79,0
79,380140,39.8974076675804,720,741.213203435596,79,0
79,380141,62.240212815837,720,741.213203435596,79,0
79,380142,89.1382930225508,720,741.213203435596,79,0
79,380143,117.503943396534,720,741.213203435596,79,0
79,380144,146.487092888366,720,741.213203435596,79,0
79,380145,175.782565377006,720,741.213203435596,79,0
79,380146,205.256674524536,720,741.213203435596,79,0
79,380147,234.842170021454,720,741.213203435596,79,0
79,380148,264.501677579737,720,741.213203435596,79,0
79,380837,168.290019198403,720,741.213203435596,79,0
79,380838,140.943338321674,720,741.213203435596,79,0
79,380839,114.883760964626,720,741.213203435596,79,0
79,380840,91.2211176759567,720,741.213203435596,79,0
79,380841,72.3468447691904,720,741.213203435596,79,0
79,380842,62.7423258025979,720,741.213203435596,79,0
79,380843,66.5499271779945,720,741.213203435596,79,0
79,380844,81.9203639454267,720,741.213203435596,79,0
79,380845,103.840065058696,720,741.213203435596,79,0
79,380846,129.01291429588,720,741.213203435596,79,0
79,380847,155.870667090934,720,741.213203435596,79,0
79,380848,183.67568571858,720,741.213203435596,79,0
79,380849,212.055676768767,720,741.213203435596,79,0
79,380850,240.807438495612,720,741.213203435596,79,0
79,380851,269.81214702151,720,741.213203435596,79,0
79,380852,298.996198611823,720,741.213203435596,79,0
79,381523,671.225928133053,720,741.213203435596,79,0
79,381524,641.608614391598,720,741.213203435596,79,0
79,381540,181.51623128137,720,741.213203435596,79,0
79,381541,156.497893948116,720,741.213203435596,79,0
79,381542,133.509583493898,720,741.213203435596,79,0
79,381543,113.78838447652,720,741.213203435596,79,0
79,381544,99.3003196484422,720,741.213203435596,79,0
79,381545,92.5369115859489,720,741.213203435596,79,0
79,381546,95.1597394534081,720,741.213203435596,79,0
79,381547,106.477422503974,720,741.213203435596,79,0
79,381548,124.134106822017,720,741.213203435596,79,0
79,381549,145.845400795014,720,741.213203435596,79,0
79,381550,170.065442910156,720,741.213203435596,79,0
79,381551,195.865766008625,720,741.213203435596,79,0
79,381552,222.697802411811,720,741.213203435596,79,0
79,381553,250.229881479471,720,741.213203435596,79,0
79,381554,278.254282004624,720,741.213203435596,79,0
79,381555,306.636049418622,720,741.213203435596,79,0
79,381556,335.284442875316,720,741.213203435596,79,0
79,382226,675.990012387012,720,741.213203435596,79,0
79,382227,646.590794299198,720,741.213203435596,79,0
79,382228,617.24111398195,720,741.213203435596,79,0
79,382244,175.80543376087,720,741.213203435596,79,0
79,382245,155.694356907572,720,741.213203435596,79,0
79,382246,139.153491190072,720,741.213203435596,79,0
79,382247,127.579130555878,720,741.213203435596,79,0
79,382248,122.388537460039,720,741.213203435596,79,0
79,382249,124.383490685976,720,741.213203435596,79,0
79,382250,133.24162455557,720,741.213203435596,79,0
79,382251,147.733501205123,720,741.213203435596,79,0
79,382252,166.393579646811,720,741.213203435596,79,0
79,382253,187.984676029575,720,741.213203435596,79,0
79,382254,211.611513393271,720,741.213203435596,79,0
79,382255,236.665176746459,720,741.213203435596,79,0
79,382256,262.737812793902,720,741.213203435596,79,0
79,382257,289.554295018548,720,741.213203435596,79,0
79,382258,316.925859402533,720,741.213203435596,79,0
79,382948,180.12787179465,720,741.213203435596,79,0
79,382949,166.039107789083,720,741.213203435596,79,0
79,382950,156.466319573937,720,741.213203435596,79,0
79,382951,152.26365861192,720,741.213203435596,79,0
79,382952,153.871774650357,720,741.213203435596,79,0
79,382953,161.116768406205,720,741.213203435596,79,0
79,382954,173.293080694278,720,741.213203435596,79,0
79,382955,189.452261265652,720,741.213203435596,79,0
79,382956,208.671070125833,720,741.213203435596,79,0
79,382957,230.184405299578,720,741.213203435596,79,0
79,382958,253.408551761061,720,741.213203435596,79,0
79,382959,277.914944711084,720,741.213203435596,79,0
79,382960,303.393024983462,720,741.213203435596,79,0
79,382961,329.61754723889,720,741.213203435596,79,0
82,383047,1753.17769906992,15,36.2132034355964,0,1753.17769906992
82,383118,3816.11853037181,15,36.2132034355964,0,3816.11853037181
82,383119,3845.64956773551,15,36.2132034355964,0,3845.64956773551
79,383652,193.813492970607,720,741.213203435596,79,0
79,383653,185.678155165385,720,741.213203435596,79,0
79,383654,182.150714802888,720,741.213203435596,79,0
79,383655,183.497103110643,720,741.213203435596,79,0
79,383656,189.613525747138,720,741.213203435596,79,0
79,383657,200.062964568445,720,741.213203435596,79,0
79,383658,214.21225171885,720,741.213203435596,79,0
79,383659,231.383634101403,720,741.213203435596,79,0
79,383660,250.95752991738,720,741.213203435596,79,0
79,383661,272.4165484395,720,741.213203435596,79,0
79,383662,295.350077454322,720,741.213203435596,79,0
79,383663,319.440697140646,720,741.213203435596,79,0
79,383664,344.445711358764,720,741.213203435596,79,0
82,383694,584.257447462132,15,36.2132034355964,0,584.257447462132
82,383695,583.337209957019,15,36.2132034355964,0,583.337209957019
82,383749,1714.7820167425,15,36.2132034355964,0,1714.7820167425
82,383750,1742.94444820593,15,36.2132034355964,0,1742.94444820593
82,383751,1771.16441320275,15,36.2132034355964,0,1771.16441320275
82,383820,3781.87447897494,15,36.2132034355964,0,3781.87447897494
82,383821,3811.43617379181,15,36.2132034355964,0,3811.43617379181
82,383822,3841.00336933087,15,36.2132034355964,0,3841.00336933087
82,383823,3870.57593952956,15,36.2132034355964,0,3870.57593952956
79,384356,215.082400459116,720,741.213203435596,79,0
79,384357,212.044659469507,720,741.213203435596,79,0
79,384358,213.202355059655,720,741.213203435596,79,0
79,384359,218.488806962347,720,741.213203435596,79,0
79,384360,227.616522475561,720,741.213203435596,79,0
79,384361,240.147895704542,720,741.213203435596,79,0
79,384362,255.582766025635,720,741.213203435596,79,0
79,384363,273.429875357755,720,741.213203435596,79,0
79,384364,293.249128145286,720,741.213203435596,79,0
79,384365,314.668100618847,720,741.213203435596,79,0
79,384366,337.382251914682,720,741.213203435596,79,0
79,384367,361.147286068989,720,741.213203435596,79,0
79,384368,385.769035218331,720,741.213203435596,79,0
82,384396,556.973510928291,15,36.2132034355964,0,556.973510928291
82,384397,554.396038522511,15,36.2132034355964,0,554.396038522511
82,384398,553.426144447804,15,36.2132034355964,0,553.426144447804
82,384399,554.072270883418,15,36.2132034355964,0,554.072270883418
82,384452,1704.84296636688,15,36.2132034355964,0,1704.84296636688
82,384453,1733.16705716625,15,36.2132034355964,0,1733.16705716625
82,384454,1761.54381444745,15,36.2132034355964,0,1761.54381444745
82,384524,3806.98307971791,15,36.2132034355964,0,3806.98307971791
82,384525,3836.58475234424,15,36.2132034355964,0,3836.58475234424
82,384526,3866.19127932654,15,36.2132034355964,0,3866.19127932654
82,384527,3895.80254998858,15,36.2132034355964,0,3895.80254998858
79,385059,244.609677252207,720,741.213203435596,79,0
79,385060,241.942939248493,720,741.213203435596,79,0
79,385061,242.958216762173,720,741.213203435596,79,0
79,385062,247.61022177192,720,741.213203435596,79,0
79,385063,255.700540383515,720,741.213203435596,79,0
79,385064,266.916706806361,720,741.213203435596,79,0
79,385065,280.884510047388,720,741.213203435596,79,0
79,385066,297.216259968517,720,741.213203435596,79,0
79,385067,315.545115613989,720,741.213203435596,79,0
79,385068,335.543964894748,720,741.213203435596,79,0
79,385069,356.932209753299,720,741.213203435596,79,0
79,385070,379.474992498861,720,741.213203435596,79,0
79,385071,402.978603769675,720,741.213203435596,79,0
79,385072,427.284516276007,720,741.213203435596,79,0
82,385100,524.54033560933,15,36.2132034355964,0,524.54033560933
82,385101,523.515126556894,15,36.2132034355964,0,523.515126556894
82,385102,524.198126269588,15,36.2132034355964,0,524.198126269588
82,385155,1695.37344219376,15,36.2132034355964,0,1695.37344219376
82,385156,1723.85328263673,15,36.2132034355964,0,1723.85328263673
82,385157,1752.38101888226,15,36.2132034355964,0,1752.38101888226
82,385158,1780.95434931108,15,36.2132034355964,0,1780.95434931108
82,385159,1809.57111411429,15,36.2132034355964,0,1809.57111411429
82,385228,3832.39450395663,15,36.2132034355964,0,3832.39450395663
82,385229,3862.03331243215,15,36.2132034355964,0,3862.03331243215
82,385230,3891.67637941224,15,36.2132034355964,0,3891.67637941224
79,385763,271.844123777111,720,741.213203435596,79,0
79,385764,272.748124684533,720,741.213203435596,79,0
79,385765,276.900123909033,720,741.213203435596,79,0
79,385766,284.157781765408,720,741.213203435596,79,0
79,385767,294.291417594831,720,741.213203435596,79,0
79,385768,307.016382652064,720,741.213203435596,79,0
79,385769,322.025631244171,720,741.213203435596,79,0
79,385770,339.015902804489,720,741.213203435596,79,0
79,385771,357.705024767999,720,741.213203435596,79,0
79,385772,377.840990825568,720,741.213203435596,79,0
79,385773,399.204923772782,720,741.213203435596,79,0
79,385774,421.610193419142,720,741.213203435596,79,0
79,385775,444.899501501175,720,741.213203435596,79,0
82,385804,493.604164939949,15,36.2132034355964,0,493.604164939949
82,385805,494.328497401775,15,36.2132034355964,0,494.328497401775
82,385806,496.856446533356,15,36.2132034355964,0,496.856446533356
82,385807,501.160719730832,15,36.2132034355964,0,501.160719730832
82,385858,1686.38135382261,15,36.2132034355964,0,1686.38135382261
82,385859,1715.0106779743,15,36.2132034355964,0,1715.0106779743
82,385860,1743.68324358336,15,36.2132034355964,0,1743.68324358336
82,385861,1772.39695206098,15,36.2132034355964,0,1772.39695206098
82,385862,1801.14983572583,15,36.2132034355964,0,1801.14983572583
82,385863,1829.94004796158,15,36.2132034355964,0,1829.94004796158
82,385864,1858.76585423222,15,36.2132034355964,0,1858.76585423222
82,385865,1887.62562387691,15,36.2132034355964,0,1887.62562387691
79,386467,302.562022536187,720,741.213203435596,79,0
79,386468,306.310184048255,720,741.213203435596,79,0
79,386469,312.886428371847,720,741.213203435596,79,0
79,386470,322.117590490983,720,741.213203435596,79,0
79,386471,333.783468711147,720,741.213203435596,79,0
79,386472,347.639040820088,720,741.213203435596,79,0
79,386473,363.433953087033,720,741.213203435596,79,0
79,386474,380.927041106387,720,741.213203435596,79,0
79,386475,399.895511192023,720,741.213203435596,79,0
79,386476,420.139579106296,720,741.213203435596,79,0
79,386477,441.483803584598,720,741.213203435596,79,0
79,386478,463.776313060349,720,741.213203435596,79,0
82,386508,464.464255503607,15,36.2132034355964,0,464.464255503607
82,386509,467.15385391589,15,36.2132034355964,0,467.15385391589
82,386510,471.729249528402,15,36.2132034355964,0,471.729249528402
82,386558,1591.81113461959,15,36.2132034355964,0,1591.81113461959
82,386563,1735.45748033947,15,36.2132034355964,0,1735.45748033947
82,386564,1764.3052203392,15,36.2132034355964,0,1764.3052203392
82,386565,1793.18800964252,15,36.2132034355964,0,1793.18800964252
82,386566,1822.10418151635,15,36.2132034355964,0,1822.10418151635
82,386567,1851.05217150218,15,36.2132034355964,0,1851.05217150218
82,386568,1880.03050983223,15,36.2132034355964,0,1880.03050983223
82,386569,1909.03781448175,15,36.2132034355964,0,1909.03781448175
82,386570,1938.07278482661,15,36.2132034355964,0,1938.07278482661
79,387158,471.918922147479,720,741.213203435596,79,0
79,387171,335.808833446979,720,741.213203435596,79,0
79,387172,341.818054992259,720,741.213203435596,79,0
79,387173,350.287652188252,720,741.213203435596,79,0
79,387175,373.891283348282,720,741.213203435596,79,0
79,387176,388.620750470245,720,741.213203435596,79,0
79,387177,405.02756706836,720,741.213203435596,79,0
79,387178,422.916562613074,720,741.213203435596,79,0
79,387179,442.107853623754,720,741.213203435596,79,0
79,387180,462.439332234024,720,741.213203435596,79,0
82,387212,437.479726992864,15,36.2132034355964,0,437.479726992864
82,387260,1554.60949855387,15,36.2132034355964,0,1554.60949855387
82,387261,1583.36064262467,15,36.2132034355964,0,1583.36064262467
82,387262,1612.15422613336,15,36.2132034355964,0,1612.15422613336
82,387263,1640.98801508574,15,36.2132034355964,0,1640.98801508574
82,387264,1669.85992677992,15,36.2132034355964,0,1669.85992677992
82,387265,1698.7680174393,15,36.2132034355964,0,1698.7680174393
82,387266,1727.71047102008,15,36.2132034355964,0,1727.71047102008
82,387267,1756.68558907051,15,36.2132034355964,0,1756.68558907051
82,387268,1785.69178152583,15,36.2132034355964,0,1785.69178152583
82,387269,1814.72755832772,15,36.2132034355964,0,1814.72755832772
82,387270,1843.791521803,15,36.2132034355964,0,1843.791521803
82,387271,1872.88235972476,15,36.2132034355964,0,1872.88235972476
82,387272,1901.9988389666,15,36.2132034355964,0,1901.9988389666
82,387273,1931.13979971907,15,36.2132034355964,0,1931.13979971907
82,387274,1960.30415019144,15,36.2132034355964,0,1960.30415019144
82,387275,1989.49086175832,15,36.2132034355964,0,1989.49086175832
82,387276,2018.6989645145,15,36.2132034355964,0,2018.6989645145
79,387860,514.222763527797,720,741.213203435596,79,0
79,387861,493.395477684806,720,741.213203435596,79,0
79,387862,473.543029035898,720,741.213203435596,79,0
79,387875,370.905165660951,720,741.213203435596,79,0
79,387878,400.656803712475,720,741.213203435596,79,0
79,387879,414.436159945744,720,741.213203435596,79,0
79,387881,446.754755462074,720,741.213203435596,79,0
79,387882,464.963263145142,720,741.213203435596,79,0
79,387883,484.336367312183,720,741.213203435596,79,0
79,387884,504.739985937078,720,741.213203435596,79,0
82,387903,504.392682468412,15,36.2132034355964,0,504.392682468412
82,387904,487.059091360936,15,36.2132034355964,0,487.059091360936
82,387905,470.989640136032,15,36.2132034355964,0,470.989640136032
82,387906,456.317900196679,15,36.2132034355964,0,456.317900196679
82,387961,1488.85751879707,15,36.2132034355964,0,1488.85751879707
82,387963,1546.53413729658,15,36.2132034355964,0,1546.53413729658
82,387964,1575.43281495322,15,36.2132034355964,0,1575.43281495322
82,387965,1604.3688395343,15,36.2132034355964,0,1604.3688395343
82,387966,1633.34022613772,15,36.2132034355964,0,1633.34022613772
82,387967,1662.34512589513,15,36.2132034355964,0,1662.34512589513
82,387968,1691.38181469325,15,36.2132034355964,0,1691.38181469325
82,387969,1720.44868298204,15,36.2132034355964,0,1720.44868298204
82,387970,1749.54422655633,15,36.2132034355964,0,1749.54422655633
82,387971,1778.66703820169,15,36.2132034355964,0,1778.66703820169
82,387972,1807.81580010286,15,36.2132034355964,0,1807.81580010286
82,387973,1836.98927694576,15,36.2132034355964,0,1836.98927694576
82,387974,1866.18630965031,15,36.2132034355964,0,1866.18630965031
82,387975,1895.40580964279,15,36.2132034355964,0,1895.40580964279
82,387976,1924.64675364575,15,36.2132034355964,0,1924.64675364575
82,387977,1953.90817890788,15,36.2132034355964,0,1953.90817890788
82,387978,1983.18917884118,15,36.2132034355964,0,1983.18917884118
82,387979,2012.48889902919,15,36.2132034355964,0,2012.48889902919
82,387980,2041.80653357159,15,36.2132034355964,0,2041.80653357159
79,388564,515.71321415509,720,741.213203435596,79,0
79,388565,496.75337845807,720,741.213203435596,79,0
79,388566,478.912919499634,720,741.213203435596,79,0
79,388582,440.769743950213,720,741.213203435596,79,0
79,388584,471.28611019205,720,741.213203435596,79,0
79,388585,488.581325317842,720,741.213203435596,79,0
79,388586,507.052946880473,720,741.213203435596,79,0
79,388587,526.577189146623,720,741.213203435596,79,0
79,388588,547.041357685367,720,741.213203435596,79,0
82,388603,541.704933079572,15,36.2132034355964,0,541.704933079572
82,388604,520.469390804667,15,36.2132034355964,0,520.469390804667
82,388606,480.777523366033,15,36.2132034355964,0,480.777523366033
82,388607,462.559742024832,15,36.2132034355964,0,462.559742024832
82,388608,445.607579403449,15,36.2132034355964,0,445.607579403449
82,388609,430.070722801499,15,36.2132034355964,0,430.070722801499
82,388610,416.107738827004,15,36.2132034355964,0,416.107738827004
82,388611,403.881896008828,15,36.2132034355964,0,403.881896008828
82,388661,1394.36725647822,15,36.2132034355964,0,1394.36725647822
82,388662,1423.21139971163,15,36.2132034355964,0,1423.21139971163
82,388663,1452.098978191,15,36.2132034355964,0,1452.098978191
82,388664,1481.02745028797,15,36.2132034355964,0,1481.02745028797
82,388665,1509.9944656867,15,36.2132034355964,0,1509.9944656867
82,388667,1568.03557923701,15,36.2132034355964,0,1568.03557923701
82,388668,1597.10578585151,15,36.2132034355964,0,1597.10578585151
82,388669,1626.20672624481,15,36.2132034355964,0,1626.20672624481
82,388670,1655.33677951236,15,36.2132034355964,0,1655.33677951236
82,388671,1684.49443530493,15,36.2132034355964,0,1684.49443530493
82,388672,1713.67828467698,15,36.2132034355964,0,1713.67828467698
82,388673,1742.88701182818,15,36.2132034355964,0,1742.88701182818
82,388674,1772.11938662556,15,36.2132034355964,0,1772.11938662556
82,388675,1801.37425782104,15,36.2132034355964,0,1801.37425782104
82,388676,1830.65054689432,15,36.2132034355964,0,1830.65054689432
82,388677,1859.9472424702,15,36.2132034355964,0,1859.9472424702
82,388678,1889.26339521829,15,36.2132034355964,0,1889.26339521829
82,388679,1918.5981132231,15,36.2132034355964,0,1918.5981132231
82,388680,1947.95055774804,15,36.2132034355964,0,1947.95055774804
82,388681,1977.31993936399,15,36.2132034355964,0,1977.31993936399
82,388682,2006.7055144138,15,36.2132034355964,0,2006.7055144138
82,388683,2036.10658177599,15,36.2132034355964,0,2036.10658177599
82,388684,2065.52247988887,15,36.2132034355964,0,2065.52247988887
82,388685,2094.95258401864,15,36.2132034355964,0,2094.95258401864
82,388686,2124.39630376404,15,36.2132034355964,0,2124.39630376404
82,388687,2153.85308073221,15,36.2132034355964,0,2153.85308073221
82,388688,2183.32238643303,15,36.2132034355964,0,2183.32238643303
82,388689,2212.80372030721,15,36.2132034355964,0,2212.80372030721
79,389268,520.647895612583,720,741.213203435596,79,0
79,389269,503.654448097755,720,741.213203435596,79,0
79,389270,487.904960309612,720,741.213203435596,79,0
79,389271,473.52357155936,720,741.213203435596,79,0
79,389286,481.258194336878,720,741.213203435596,79,0
79,389287,496.407873957403,720,741.213203435596,79,0
79,389288,512.856685984578,720,741.213203435596,79,0
79,389289,530.48379684461,720,741.213203435596,79,0
79,389290,549.175757285762,720,741.213203435596,79,0
79,389291,568.827602518789,720,741.213203435596,79,0
79,389292,589.343317349993,720,741.213203435596,79,0
79,389293,610.63583692774,720,741.213203435596,79,0
82,389306,521.506482974402,15,36.2132034355964,0,521.506482974402
82,389307,499.412697853051,15,36.2132034355964,0,499.412697853051
82,389308,478.170675909649,15,36.2132034355964,0,478.170675909649
82,389309,457.898972869881,15,36.2132034355964,0,457.898972869881
82,389310,438.732110681309,15,36.2132034355964,0,438.732110681309
82,389311,420.82108082202,15,36.2132034355964,0,420.82108082202
82,389312,404.33280935147,15,36.2132034355964,0,404.33280935147
82,389313,389.448046478664,15,36.2132034355964,0,389.448046478664
82,389314,376.357094563564,15,36.2132034355964,0,376.357094563564
82,389315,365.252879365829,15,36.2132034355964,0,365.252879365829
82,389365,1415.64994839553,15,36.2132034355964,0,1415.64994839553
82,389366,1444.68888591305,15,36.2132034355964,0,1444.68888591305
82,389367,1473.76297254407,15,36.2132034355964,0,1473.76297254407
82,389372,1619.59431097649,15,36.2132034355964,0,1619.59431097649
82,389373,1648.84134564954,15,36.2132034355964,0,1648.84134564954
82,389374,1678.11202116163,15,36.2132034355964,0,1678.11202116163
82,389375,1707.40512165901,15,36.2132034355964,0,1707.40512165901
82,389376,1736.71951241872,15,36.2132034355964,0,1736.71951241872
82,389377,1766.05413326307,15,36.2132034355964,0,1766.05413326307
82,389378,1795.40799259387,15,36.2132034355964,0,1795.40799259387
82,389379,1824.78016198245,15,36.2132034355964,0,1824.78016198245
82,389383,1942.43532009225,15,36.2132034355964,0,1942.43532009225
82,389384,1971.88700478036,15,36.2132034355964,0,1971.88700478036
82,389385,2001.35250965984,15,36.2132034355964,0,2001.35250965984
82,389386,2030.83123317633,15,36.2132034355964,0,2030.83123317633
82,389387,2060.32260794068,15,36.2132034355964,0,2060.32260794068
82,389388,2089.82609835061,15,36.2132034355964,0,2089.82609835061
82,389389,2119.34119842114,15,36.2132034355964,0,2119.34119842114
82,389390,2148.86742976417,15,36.2132034355964,0,2148.86742976417
82,389391,2178.40433975995,15,36.2132034355964,0,2178.40433975995
82,389392,2207.95149984731,15,36.2132034355964,0,2207.95149984731
82,389393,2237.50850395437,15,36.2132034355964,0,2237.50850395437
79,389972,528.930444622931,720,741.213203435596,79,0
79,389973,513.956008337124,720,741.213203435596,79,0
79,389974,500.323921780584,720,741.213203435596,79,0
79,389975,488.14665813825,720,741.213203435596,79,0
79,389989,507.650414358387,720,741.213203435596,79,0
79,389990,522.034817353805,720,741.213203435596,79,0
79,389991,537.700328068279,720,741.213203435596,79,0
79,389992,554.538384626306,720,741.213203435596,79,0
79,389993,572.445527701912,720,741.213203435596,79,0
79,389994,591.324639508963,720,741.213203435596,79,0
79,389995,611.085641573956,720,741.213203435596,79,0
79,389996,631.645769656439,720,741.213203435596,79,0
79,389997,652.929536974794,720,741.213203435596,79,0
82,390009,502.277993326944,15,36.2132034355964,0,502.277993326944
82,390010,479.298541959294,15,36.2132034355964,0,479.298541959294
82,390011,457.122667585553,15,36.2132034355964,0,457.122667585553
82,390012,435.873038020111,15,36.2132034355964,0,435.873038020111
82,390013,415.691722890173,15,36.2132034355964,0,415.691722890173
82,390014,396.741783585712,15,36.2132034355964,0,396.741783585712
82,390015,379.207869592994,15,36.2132034355964,0,379.207869592994
82,390016,363.295066078419,15,36.2132034355964,0,363.295066078419
82,390017,349.225046165127,15,36.2132034355964,0,349.225046165127
82,390018,337.228545439183,15,36.2132034355964,0,337.228545439183
82,390019,327.533482267359,15,36.2132034355964,0,327.533482267359
82,390020,320.348877492835,15,36.2132034355964,0,320.348877492835
82,390021,315.846095074074,15,36.2132034355964,0,315.846095074074
82,390022,314.140477165505,15,36.2132034355964,0,314.140477165505
82,390080,1760.47626404605,15,36.2132034355964,0,1760.47626404605
82,390081,1789.92175708624,15,36.2132034355964,0,1789.92175708624
82,390082,1819.38265567596,15,36.2132034355964,0,1819.38265567596
82,390083,1848.85822337134,15,36.2132034355964,0,1848.85822337134
82,390085,1907.85064614773,15,36.2132034355964,0,1907.85064614773
82,390086,1937.3662440376,15,36.2132034355964,0,1937.3662440376
82,390087,1966.89399056451,15,36.2132034355964,0,1966.89399056451
82,390088,1996.43334668227,15,36.2132034355964,0,1996.43334668227
82,390092,2114.69713403066,15,36.2132034355964,0,2114.69713403066
82,390093,2144.28747174782,15,36.2132034355964,0,2144.28747174782
82,390094,2173.88676920862,15,36.2132034355964,0,2173.88676920862
82,390095,2203.49466534806,15,36.2132034355964,0,2203.49466534806
82,390096,2233.11081814474,15,36.2132034355964,0,2233.11081814474
79,390676,540.40697650356,720,741.213203435596,79,0
79,390677,527.458883825733,720,741.213203435596,79,0
79,390678,515.922419135842,720,741.213203435596,79,0
79,390679,505.894164399632,720,741.213203435596,79,0
79,390692,534.413538673979,720,741.213203435596,79,0
79,390693,548.096083976007,720,741.213203435596,79,0
79,390694,563.037031452318,720,741.213203435596,79,0
79,390695,579.138994430728,720,741.213203435596,79,0
79,390696,596.30792843731,720,741.213203435596,79,0
79,390697,614.454400854347,720,741.213203435596,79,0
79,390698,633.49441237133,720,741.213203435596,79,0
79,390699,653.34984873669,720,741.213203435596,79,0
79,390700,673.948643255873,720,741.213203435596,79,0
79,390701,695.224724249937,720,741.213203435596,79,0
82,390712,484.13505028114,15,36.2132034355964,0,484.13505028114
82,390713,460.250513747957,15,36.2132034355964,0,460.250513747957
82,390714,437.109213670746,15,36.2132034355964,0,437.109213670746
82,390715,414.835551423306,15,36.2132034355964,0,414.835551423306
82,390716,393.576861045824,15,36.2132034355964,0,393.576861045824
82,390717,373.506488774262,15,36.2132034355964,0,373.506488774262
82,390719,337.766520992335,15,36.2132034355964,0,337.766520992335
82,390720,322.584867354257,15,36.2132034355964,0,322.584867354257
82,390721,309.55760589712,15,36.2132034355964,0,309.55760589712
82,390722,298.966497908541,15,36.2132034355964,0,298.966497908541
82,390723,291.077589579015,15,36.2132034355964,0,291.077589579015
82,390724,286.114487956718,15,36.2132034355964,0,286.114487956718
82,390725,284.23050164122,15,36.2132034355964,0,284.23050164122
82,390785,1814.46224801544,15,36.2132034355964,0,1814.46224801544
82,390786,1844.01662493524,15,36.2132034355964,0,1844.01662493524
82,390787,1873.58253548644,15,36.2132034355964,0,1873.58253548644
82,390788,1903.15944213948,15,36.2132034355964,0,1903.15944213948
82,390789,1932.74684007273,15,36.2132034355964,0,1932.74684007273
82,390790,1962.34425473611,15,36.2132034355964,0,1962.34425473611
82,390791,1991.9512396254,15,36.2132034355964,0,1991.9512396254
82,390792,2021.56737425766,15,36.2132034355964,0,2021.56737425766
82,390793,2051.19226230793,15,36.2132034355964,0,2051.19226230793
82,390797,2169.77217621163,15,36.2132034355964,0,2169.77217621163
82,390798,2199.43562038602,15,36.2132034355964,0,2199.43562038602
79,391380,554.879369847333,720,741.213203435596,79,0
79,391381,543.924736353357,720,741.213203435596,79,0
79,391382,534.422142823437,720,741.213203435596,79,0
79,391383,526.450224477077,720,741.213203435596,79,0
79,391384,520.079373897559,720,741.213203435596,79,0
79,391385,515.368970392956,720,741.213203435596,79,0
79,391398,604.218936520864,720,741.213203435596,79,0
79,391399,620.694612819439,720,741.213203435596,79,0
79,391400,638.148090729905,720,741.213203435596,79,0
79,391401,656.501388580056,720,741.213203435596,79,0
79,391402,675.681185838074,720,741.213203435596,79,0
79,391403,695.619120474565,720,741.213203435596,79,0
80,391404,690.520288344085,21,42.2132034355964,0,690.520288344085
82,391415,467.204136085998,15,36.2132034355964,0,467.204136085998
82,391416,442.406342655997,15,36.2132034355964,0,442.406342655997
82,391417,418.278842002477,15,36.2132034355964,0,418.278842002477
82,391418,394.944499535166,15,36.2132034355964,0,394.944499535166
82,391419,372.552380423211,15,36.2132034355964,0,372.552380423211
82,391420,351.282713788861,15,36.2132034355964,0,351.282713788861
82,391421,331.351722879767,15,36.2132034355964,0,331.351722879767
82,391422,313.015229512326,15,36.2132034355964,0,313.015229512326
82,391423,296.569138583049,15,36.2132034355964,0,296.569138583049
82,391424,282.343982433034,15,36.2132034355964,0,282.343982433034
82,391425,270.690127775519,15,36.2132034355964,0,270.690127775519
82,391426,261.950981171693,15,36.2132034355964,0,261.950981171693
82,391427,256.424722290892,15,36.2132034355964,0,256.424722290892
82,391428,254.32088052356,15,36.2132034355964,0,254.32088052356
82,391429,255.723938539113,15,36.2132034355964,0,255.723938539113
82,391490,1869.28384268123,15,36.2132034355964,0,1869.28384268123
82,391491,1898.92786326595,15,36.2132034355964,0,1898.92786326595
82,391492,1928.5803394133,15,36.2132034355964,0,1928.5803394133
82,391493,1958.24088700947,15,36.2132034355964,0,1958.24088700947
82,391494,1987.90914476187,15,36.2132034355964,0,1987.90914476187
82,391495,2017.58477254134,15,36.2132034355964,0,2017.58477254134
82,391496,2047.26744985738,15,36.2132034355964,0,2047.26744985738
82,391497,2076.95687446279,15,36.2132034355964,0,2076.95687446279
79,392085,563.093723498853,720,741.213203435596,79,0
79,392086,555.533354618988,720,741.213203435596,79,0
79,392087,549.499762106922,720,741.213203435596,79,0
79,392088,545.043652222271,720,741.213203435596,79,0
79,392089,542.203920043729,720,741.213203435596,79,0
79,392090,541.00601919525,720,741.213203435596,79,0
79,392091,541.460846702364,720,741.213203435596,79,0
79,392092,543.564253818088,720,741.213203435596,79,0
79,392104,680.045858338986,720,741.213203435596,79,0
79,392105,698.579629306614,720,741.213203435596,79,0
80,392106,695.620757750284,21,42.2132034355964,0,695.620757750284
80,392107,671.758432299369,21,42.2132034355964,0,671.758432299369
80,392108,648.398615501828,21,42.2132034355964,0,648.398615501828
82,392118,451.621585151623,15,36.2132034355964,0,451.621585151623
82,392119,425.9173654283,15,36.2132034355964,0,425.9173654283
82,392120,400.798338560661,15,36.2132034355964,0,400.798338560661
82,392121,376.381686903734,15,36.2132034355964,0,376.381686903734
82,392122,352.81326548469,15,36.2132034355964,0,352.81326548469
82,392123,330.274713523074,15,36.2132034355964,0,330.274713523074
82,392124,308.991476430462,15,36.2132034355964,0,308.991476430462
82,392125,289.240796994259,15,36.2132034355964,0,289.240796994259
82,392126,271.357522117302,15,36.2132034355964,0,271.357522117302
82,392127,255.733711112354,15,36.2132034355964,0,255.733711112354
82,392128,242.80592499823,15,36.2132034355964,0,242.80592499823
82,392129,233.023310968579,15,36.2132034355964,0,233.023310968579
82,392130,226.793231207002,15,36.2132034355964,0,226.793231207002
82,392131,224.411755516055,15,36.2132034355964,0,224.411755516055
82,392132,226.000580379874,15,36.2132034355964,0,226.000580379874
82,392133,231.477965855224,15,36.2132034355964,0,231.477965855224
82,392138,304.898968156679,15,36.2132034355964,0,304.898968156679
82,392197,1984.30975104402,15,36.2132034355964,0,1984.30975104402
82,392198,2014.03857301558,15,36.2132034355964,0,2014.03857301558
82,392199,2043.77291278071,15,36.2132034355964,0,2043.77291278071
82,392200,2073.51253295861,15,36.2132034355964,0,2073.51253295861
82,392201,2103.25720956092,15,36.2132034355964,0,2103.25720956092
82,392202,2133.00673104764,15,36.2132034355964,0,2133.00673104764
79,392790,578.97047894893,720,741.213203435596,79,0
79,392791,574.742884729985,720,741.213203435596,79,0
79,392792,572.050587827554,720,741.213203435596,79,0
79,392793,570.91530891514,720,741.213203435596,79,0
79,392794,571.346329563828,720,741.213203435596,79,0
79,392795,573.340117287764,720,741.213203435596,79,0
79,392796,576.880468823734,720,741.213203435596,79,0
79,392797,581.93915829879,720,741.213203435596,79,0
79,392798,588.477031025932,720,741.213203435596,79,0
80,392808,703.234088347564,21,42.2132034355964,0,703.234088347564
80,392809,678.320669215426,21,42.2132034355964,0,678.320669215426
80,392810,653.827123671522,21,42.2132034355964,0,653.827123671522
80,392811,629.802441327451,21,42.2132034355964,0,629.802441327451
82,392824,359.353007911968,15,36.2132034355964,0,359.353007911968
82,392825,334.587085795662,15,36.2132034355964,0,334.587085795662
82,392826,310.729176800239,15,36.2132034355964,0,310.729176800239
82,392827,288.005024772565,15,36.2132034355964,0,288.005024772565
82,392828,266.704587364876,15,36.2132034355964,0,266.704587364876
82,392829,247.196175529322,15,36.2132034355964,0,247.196175529322
82,392830,229.936363195011,15,36.2132034355964,0,229.936363195011
82,392831,215.466198486533,15,36.2132034355964,0,215.466198486533
82,392832,204.379069157605,15,36.2132034355964,0,204.379069157605
82,392833,197.246279502533,15,36.2132034355964,0,197.246279502533
82,392835,196.334371567752,15,36.2132034355964,0,196.334371567752
82,392839,243.539324554415,15,36.2132034355964,0,243.539324554415
82,392840,262.636404580399,15,36.2132034355964,0,262.636404580399
82,392841,283.609818352486,15,36.2132034355964,0,283.609818352486
82,392842,306.074087056668,15,36.2132034355964,0,306.074087056668
82,392901,2010.93108441768,15,36.2132034355964,0,2010.93108441768
82,392902,2040.71086150453,15,36.2132034355964,0,2040.71086150453
82,392903,2070.49462297541,15,36.2132034355964,0,2070.49462297541
82,392904,2100.28219932776,15,36.2132034355964,0,2100.28219932776
82,392905,2130.07343051098,15,36.2132034355964,0,2130.07343051098
82,392906,2159.86816529222,15,36.2132034355964,0,2159.86816529222
82,392907,2189.66626065268,15,36.2132034355964,0,2189.66626065268
79,393497,601.234398247432,720,741.213203435596,79,0
79,393498,603.12940210972,720,741.213203435596,79,0
79,393499,606.495905013045,720,741.213203435596,79,0
79,393500,611.309596653327,720,741.213203435596,79,0
79,393501,617.536635494062,720,741.213203435596,79,0
79,393502,625.134787424175,720,741.213203435596,79,0
80,393513,636.796527523357,21,42.2132034355964,0,636.796527523357
80,393514,612.103634325274,21,42.2132034355964,0,612.103634325274
82,393528,318.133979946546,15,36.2132034355964,0,318.133979946546
82,393529,292.93898643438,15,36.2132034355964,0,292.93898643438
82,393530,268.714438797697,15,36.2132034355964,0,268.714438797697
82,393531,245.747489782039,15,36.2132034355964,0,245.747489782039
82,393532,224.424568886389,15,36.2132034355964,0,224.424568886389
82,393533,205.258677712426,15,36.2132034355964,0,205.258677712426
82,393534,188.907495096305,15,36.2132034355964,0,188.907495096305
82,393535,176.156572121921,15,36.2132034355964,0,176.156572121921
82,393542,220.390178732678,15,36.2132034355964,0,220.390178732678
82,393543,241.326254784108,15,36.2132034355964,0,241.326254784108
82,393544,263.998240307419,15,36.2132034355964,0,263.998240307419
82,393545,287.9964579508,15,36.2132034355964,0,287.9964579508
82,393608,2127.55665436043,15,36.2132034355964,0,2127.55665436043
82,393609,2157.3863067707,15,36.2132034355964,0,2157.3863067707
82,393610,2187.21837385207,15,36.2132034355964,0,2187.21837385207
82,393611,2217.05275812797,15,36.2132034355964,0,2217.05275812797
79,394204,646.673928535919,720,741.213203435596,79,0
79,394205,653.933656324598,720,741.213203435596,79,0
79,394206,662.466019185077,720,741.213203435596,79,0
82,394231,303.742216273882,15,36.2132034355964,0,303.742216273882
82,394232,277.242261870255,15,36.2132034355964,0,277.242261870255
82,394233,251.510235334355,15,36.2132034355964,0,251.510235334355
82,394234,226.807658782252,15,36.2132034355964,0,226.807658782252
82,394235,203.509750575011,15,36.2132034355964,0,203.509750575011
82,394236,182.156284463013,15,36.2132034355964,0,182.156284463013
82,394237,163.510838334445,15,36.2132034355964,0,163.510838334445
82,394238,148.596317013205,15,36.2132034355964,0,148.596317013205
82,394245,199.051884429656,15,36.2132034355964,0,199.051884429656
82,394246,222.00953813052,15,36.2132034355964,0,222.00953813052
82,394247,246.465020318484,15,36.2132034355964,0,246.465020318484
82,394248,272.014643635352,15,36.2132034355964,0,272.014643635352
82,394249,298.37747126148,15,36.2132034355964,0,298.37747126148
82,394250,325.355887071323,15,36.2132034355964,0,325.355887071323
82,394251,352.808701763212,15,36.2132034355964,0,352.808701763212
82,394313,2185.17722170425,15,36.2132034355964,0,2185.17722170425
82,394317,2304.63409623933,15,36.2132034355964,0,2304.63409623933
82,394318,2334.50176616596,15,36.2132034355964,0,2334.50176616596
82,394320,2394.24088591964,15,36.2132034355964,0,2394.24088591964
82,394321,2424.11224259288,15,36.2132034355964,0,2424.11224259288
79,394908,682.82819569381,720,741.213203435596,79,0
79,394909,691.003910923468,720,741.213203435596,79,0
79,394910,700.363061051261,720,741.213203435596,79,0
79,394911,710.858904393183,720,741.213203435596,79,0
82,394935,264.012665031325,15,36.2132034355964,0,264.012665031325
82,394936,236.847505526446,15,36.2132034355964,0,236.847505526446
82,394937,210.430494385173,15,36.2132034355964,0,210.430494385173
82,394938,185.082261643546,15,36.2132034355964,0,185.082261643546
82,394939,161.30744774879,15,36.2132034355964,0,161.30744774879
82,394940,139.910472586005,15,36.2132034355964,0,139.910472586005
82,394949,205.249853423446,15,36.2132034355964,0,205.249853423446
82,394950,231.482904621864,15,36.2132034355964,0,231.482904621864
82,394951,258.51763276101,15,36.2132034355964,0,258.51763276101
82,394952,286.126888425237,15,36.2132034355964,0,286.126888425237
82,394953,314.15923450547,15,36.2132034355964,0,314.15923450547
82,394954,342.51080491803,15,36.2132034355964,0,342.51080491803
82,394959,487.088044885075,15,36.2132034355964,0,487.088044885075
82,394960,516.346377346653,15,36.2132034355964,0,516.346377346653
82,394961,545.676275678547,15,36.2132034355964,0,545.676275678547
82,395020,2303.08616192874,15,36.2132034355964,0,2303.08616192874
82,395021,2332.9738088403,15,36.2132034355964,0,2332.9738088403
82,395022,2362.86222928229,15,36.2132034355964,0,2362.86222928229
82,395023,2392.75139426359,15,36.2132034355964,0,2392.75139426359
82,395024,2422.64127622749,15,36.2132034355964,0,2422.64127622749
82,395025,2452.5318489614,15,36.2132034355964,0,2452.5318489614
82,395026,2482.42308750966,15,36.2132034355964,0,2482.42308750966
79,395612,719.653372662595,720,741.213203435596,79,0
79,395613,728.644672769711,720,741.213203435596,79,0
79,395614,738.738860115669,720,741.213203435596,79,0
79,395615,749.891398570746,720,741.213203435596,0,749.891398570746
82,395638,253.63654382363,15,36.2132034355964,0,253.63654382363
82,395639,225.223171113034,15,36.2132034355964,0,225.223171113034
82,395640,197.255330442582,15,36.2132034355964,0,197.255330442582
82,395641,169.953117380961,15,36.2132034355964,0,169.953117380961
82,395642,143.696440337154,15,36.2132034355964,0,143.696440337154
82,395643,119.178353580216,15,36.2132034355964,0,119.178353580216
82,395644,97.7164320734381,15,36.2132034355964,0,97.7164320734381
82,395645,81.7540847367513,15,36.2132034355964,0,81.7540847367513
82,395646,74.8943775186664,15,36.2132034355964,0,74.8943775186664
82,395647,79.5286950457747,15,36.2132034355964,0,79.5286950457747
82,395650,138.610962136923,15,36.2132034355964,0,138.610962136923
82,395653,219.574719764722,15,36.2132034355964,0,219.574719764722
82,395654,247.911597309345,15,36.2132034355964,0,247.911597309345
82,395655,276.581761399929,15,36.2132034355964,0,276.581761399929
82,395656,305.491390277395,15,36.2132034355964,0,305.491390277395
82,395657,334.578416019505,15,36.2132034355964,0,334.578416019505
82,395660,422.536561818618,15,36.2132034355964,0,422.536561818618
82,395661,452.012948425212,15,36.2132034355964,0,452.012948425212
82,395662,481.543843434053,15,36.2132034355964,0,481.543843434053
82,395663,511.119798956757,15,36.2132034355964,0,511.119798956757
82,395664,540.733421155961,15,36.2132034355964,0,540.733421155961
82,395723,2301.92589247493,15,36.2132034355964,0,2301.92589247493
82,395724,2331.82857060626,15,36.2132034355964,0,2331.82857060626
82,395725,2361.73164414062,15,36.2132034355964,0,2361.73164414062
82,395726,2391.63509824193,15,36.2132034355964,0,2391.63509824193
82,395727,2421.5389188126,15,36.2132034355964,0,2421.5389188126
82,395728,2451.44309244283,15,36.2132034355964,0,2451.44309244283
82,395729,2481.34760636423,15,36.2132034355964,0,2481.34760636423
82,395730,2511.25244841844,15,36.2132034355964,0,2511.25244841844
79,396316,757.051579855412,720,741.213203435596,0,757.051579855412
79,396317,766.771946845731,720,741.213203435596,0,766.771946845731
80,396318,775.556916882048,21,42.2132034355964,0,775.556916882048
80,396319,747.072260586129,21,42.2132034355964,0,747.072260586129
82,396343,187.95672732153,15,36.2132034355964,0,187.95672732153
82,396344,159.066257189808,15,36.2132034355964,0,159.066257189808
82,396345,130.639330863845,15,36.2132034355964,0,130.639330863845
82,396346,103.060240256197,15,36.2132034355964,0,103.060240256197
82,396347,77.2425351466054,15,36.2132034355964,0,77.2425351466054
82,396348,55.692217692151,15,36.2132034355964,0,55.692217692151
82,396349,45.0228247494203,15,36.2132034355964,0,45.0228247494203
82,396350,52.3708329779002,15,36.2132034355964,0,52.3708329779002
82,396351,72.447024140461,15,36.2132034355964,0,72.447024140461
82,396352,97.6967564863452,15,36.2132034355964,0,97.6967564863452
82,396353,125.02383337076,15,36.2132034355964,0,125.02383337076
82,396354,153.321490190416,15,36.2132034355964,0,153.321490190416
82,396355,182.137908076101,15,36.2132034355964,0,182.137908076101
82,396357,240.579191220931,15,36.2132034355964,0,240.579191220931
82,396358,270.029144230713,15,36.2132034355964,0,270.029144230713
82,396359,299.571941239469,15,36.2132034355964,0,299.571941239469
82,396362,388.545341320889,15,36.2132034355964,0,388.545341320889
82,396363,418.277375123183,15,36.2132034355964,0,418.277375123183
82,396364,448.034218081956,15,36.2132034355964,0,448.034218081956
82,396365,477.811235073353,15,36.2132034355964,0,477.811235073353
82,396366,507.604875769781,15,36.2132034355964,0,507.604875769781
82,396427,2331.06661554624,15,36.2132034355964,0,2331.06661554624
82,396428,2360.97949943568,15,36.2132034355964,0,2360.97949943568
82,396429,2390.89252058482,15,36.2132034355964,0,2390.89252058482
82,396430,2420.80567390666,15,36.2132034355964,0,2420.80567390666
82,396431,2450.71895456232,15,36.2132034355964,0,2450.71895456232
82,396432,2480.63235794169,15,36.2132034355964,0,2480.63235794169
82,396433,2510.54587965637,15,36.2132034355964,0,2510.54587965637
82,396434,2540.45951552712,15,36.2132034355964,0,2540.45951552712
79,397020,794.941964568185,720,741.213203435596,0,794.941964568185
80,397021,767.10940456923,21,42.2132034355964,0,767.10940456923
80,397022,738.298744865676,21,42.2132034355964,0,738.298744865676
80,397023,709.57982115308,21,42.2132034355964,0,709.57982115308
80,397024,680.964240122909,21,42.2132034355964,0,680.964240122909
82,397047,153.328013688887,15,36.2132034355964,0,153.328013688887
82,397048,123.588009564595,15,36.2132034355964,0,123.588009564595
82,397049,93.9613740744193,15,36.2132034355964,0,93.9613740744193
82,397050,64.6042638777702,15,36.2132034355964,0,64.6042638777702
82,397051,36.1788527804076,15,36.2132034355964,82,0
82,397052,15.3080125951469,15,36.2132034355964,82,0
82,397053,30.8218833731375,15,36.2132034355964,82,0
82,397054,58.7866406916062,15,36.2132034355964,0,58.7866406916062
82,397055,88.0453129733757,15,36.2132034355964,0,88.0453129733757
82,397056,117.636357192378,15,36.2132034355964,0,117.636357192378
82,397057,147.359680080818,15,36.2132034355964,0,147.359680080818
82,397058,177.148710062293,15,36.2132034355964,0,177.148710062293
82,397059,206.975078266796,15,36.2132034355964,0,206.975078266796
82,397060,236.824677668049,15,36.2132034355964,0,236.824677668049
82,397063,326.449118598127,15,36.2132034355964,0,326.449118598127
82,397064,356.338577042471,15,36.2132034355964,0,356.338577042471
82,397065,386.232524943137,15,36.2132034355964,0,386.232524943137
82,397066,416.129994762307,15,36.2132034355964,0,416.129994762307
82,397067,446.030278270895,15,36.2132034355964,0,446.030278270895
82,397068,475.932845166458,15,36.2132034355964,0,475.932845166458
82,397131,2360.6061569076,15,36.2132034355964,0,2360.6061569076
82,397132,2390.52400956106,15,36.2132034355964,0,2390.52400956106
82,397133,2420.44187696417,15,36.2132034355964,0,2420.44187696417
82,397134,2450.35975857889,15,36.2132034355964,0,2450.35975857889
82,397135,2480.277653887,15,36.2132034355964,0,2480.277653887
82,397136,2510.19556239729,15,36.2132034355964,0,2510.19556239729
82,397137,2540.1134836435,15,36.2132034355964,0,2540.1134836435
82,397138,2570.0314171819,15,36.2132034355964,0,2570.0314171819
80,397724,759.746365152434,21,42.2132034355964,0,759.746365152434
80,397725,730.645265729656,21,42.2132034355964,0,730.645265729656
80,397726,701.6129750449,21,42.2132034355964,0,701.6129750449
80,397727,672.65840261941,21,42.2132034355964,0,672.65840261941
80,397728,643.79203468502,21,42.2132034355964,0,643.79203468502
80,397729,615.026291050845,21,42.2132034355964,0,615.026291050845
80,397730,586.375980826315,21,42.2132034355964,0,586.375980826315
82,397751,123.574880070127,15,36.2132034355964,0,123.574880070127
82,397752,93.9439197121796,15,36.2132034355964,0,93.9439197121796
82,397753,64.5786816480251,15,36.2132034355964,0,64.5786816480251
82,397754,36.1329379155515,15,36.2132034355964,82,0
82,397755,15.1989896923575,15,36.2132034355964,82,0
82,397756,30.76794402287,15,36.2132034355964,82,0
82,397757,58.7584928126837,15,36.2132034355964,0,58.7584928126837
82,397758,88.0266526796644,15,36.2132034355964,0,88.0266526796644
82,397759,117.622530549355,15,36.2132034355964,0,117.622530549355
82,397760,147.348786250042,15,36.2132034355964,0,147.348786250042
82,397761,177.139794883874,15,36.2132034355964,0,177.139794883874
82,397762,206.967596642049,15,36.2132034355964,0,206.967596642049
82,397763,236.818289396565,15,36.2132034355964,0,236.818289396565
82,397766,326.444899822107,15,36.2132034355964,0,326.444899822107
82,397767,356.334866058373,15,36.2132034355964,0,356.334866058373
82,397768,386.22925565042,15,36.2132034355964,0,386.22925565042
82,397769,416.127115285321,15,36.2132034355964,0,416.127115285321
82,397770,446.027747153268,15,36.2132034355964,0,446.027747153268
82,397833,2330.69386949902,15,36.2132034355964,0,2330.69386949902
82,397834,2360.61179628495,15,36.2132034355964,0,2360.61179628495
82,397835,2390.52973816241,15,36.2132034355964,0,2390.52973816241
82,397836,2420.44769457142,15,36.2132034355964,0,2420.44769457142
82,397837,2450.36566498225,15,36.2132034355964,0,2450.36566498225
82,397838,2480.28364888416,15,36.2132034355964,0,2480.28364888416
82,397839,2510.2016457923,15,36.2132034355964,0,2510.2016457923
82,397840,2540.11965524867,15,36.2132034355964,0,2540.11965524867
80,398429,694.843438801726,21,42.2132034355964,0,694.843438801726
80,398430,665.594283654522,21,42.2132034355964,0,665.594283654522
80,398431,636.40741941801,21,42.2132034355964,0,636.40741941801
80,398432,607.29182739481,21,42.2132034355964,0,607.29182739481
80,398433,578.258273455563,21,42.2132034355964,0,578.258273455563
80,398434,549.319765796029,21,42.2132034355964,0,549.319765796029
80,398435,520.492157904885,21,42.2132034355964,0,520.492157904885
80,398442,324.283601209141,21,42.2132034355964,0,324.283601209141
80,398443,297.72838625226,21,42.2132034355964,0,297.72838625226
82,398456,77.1783316241723,15,36.2132034355964,0,77.1783316241723
82,398457,55.6027207344096,15,36.2132034355964,0,55.6027207344096
82,398458,44.9118788573447,15,36.2132034355964,0,44.9118788573447
82,398459,52.2755946961233,15,36.2132034355964,0,52.2755946961233
82,398460,72.3784869151907,15,36.2132034355964,0,72.3784869151907
82,398461,97.6462982601572,15,36.2132034355964,0,97.6462982601572
82,398462,124.98480063085,15,36.2132034355964,0,124.98480063085
82,398463,153.290077440455,15,36.2132034355964,0,153.290077440455
82,398464,182.111893962376,15,36.2132034355964,0,182.111893962376
82,398465,211.238923099593,15,36.2132034355964,0,211.238923099593
82,398468,299.557648080696,15,36.2132034355964,0,299.557648080696
82,398469,329.170034695921,15,36.2132034355964,0,329.170034695921
82,398470,358.833228093363,15,36.2132034355964,0,358.833228093363
82,398471,388.535591743199,15,36.2132034355964,0,388.535591743199
82,398472,418.268780983057,15,36.2132034355964,0,418.268780983057
82,398473,448.026658649653,15,36.2132034355964,0,448.026658649653
82,398537,2360.99641485266,15,36.2132034355964,0,2360.99641485266
82,398538,2390.90970369912,15,36.2132034355964,0,2390.90970369912
82,398539,2420.82312406428,15,36.2132034355964,0,2420.82312406428
82,398541,2480.65034031765,15,36.2132034355964,0,2480.65034031765
82,398542,2510.56412725184,15,36.2132034355964,0,2510.56412725184
82,398543,2540.47802777698,15,36.2132034355964,0,2540.47802777698
80,399134,630.357054841171,21,42.2132034355964,0,630.357054841171
80,399135,600.948235781295,21,42.2132034355964,0,600.948235781295
80,399136,571.592393477224,21,42.2132034355964,0,571.592393477224
80,399137,542.298131263365,21,42.2132034355964,0,542.298131263365
80,399138,513.075997057658,21,42.2132034355964,0,513.075997057658
80,399144,340.296815956549,21,42.2132034355964,0,340.296815956549
80,399145,312.240060584716,21,42.2132034355964,0,312.240060584716
80,399146,284.563006417203,21,42.2132034355964,0,284.563006417203
80,399147,257.388170882797,21,42.2132034355964,0,257.388170882797
80,399148,230.892947279198,21,42.2132034355964,0,230.892947279198
80,399149,205.340576604036,21,42.2132034355964,0,205.340576604036
82,399167,191.67777766383,15,36.2132034355964,0,191.67777766383
82,399168,219.539456000225,15,36.2132034355964,0,219.539456000225
82,399169,247.881082943082,15,36.2132034355964,0,247.881082943082
82,399170,276.555141104442,15,36.2132034355964,0,276.555141104442
82,399171,305.468029603337,15,36.2132034355964,0,305.468029603337
82,399172,334.557834161315,15,36.2132034355964,0,334.557834161315
82,399173,363.782116017525,15,36.2132034355964,0,363.782116017525
82,399174,393.110884760625,15,36.2132034355964,0,393.110884760625
82,399240,2361.75982745632,15,36.2132034355964,0,2361.75982745632
82,399241,2391.66372780566,15,36.2132034355964,0,2391.66372780566
82,399242,2421.56799353238,15,36.2132034355964,0,2421.56799353238
82,399243,2451.47261126728,15,36.2132034355964,0,2451.47261126728
80,399838,596.039926589288,21,42.2132034355964,0,596.039926589288
80,399839,566.429599575684,21,42.2132034355964,0,566.429599575684
80,399840,536.853531963861,21,42.2132034355964,0,536.853531963861
80,399841,507.31771564405,21,42.2132034355964,0,507.31771564405
80,399842,477.829614771404,21,42.2132034355964,0,477.829614771404
80,399843,448.398643193578,21,42.2132034355964,0,448.398643193578
80,399850,245.706934232181,21,42.2132034355964,0,245.706934232181
80,399851,217.795111488337,21,42.2132034355964,0,217.795111488337
80,399852,190.493700611743,21,42.2132034355964,0,190.493700611743
80,399853,164.1076344459,21,42.2132034355964,0,164.1076344459
80,399854,139.1585704194,21,42.2132034355964,0,139.1585704194
80,399859,91.591281337035,21,42.2132034355964,0,91.591281337035
80,399860,107.539354740266,21,42.2132034355964,0,107.539354740266
82,399869,180.10661985487,15,36.2132034355964,0,180.10661985487
82,399870,205.195985618235,15,36.2132034355964,0,205.195985618235
82,399871,231.436074079341,15,36.2132034355964,0,231.436074079341
82,399872,258.476664572596,15,36.2132034355964,0,258.476664572596
82,399873,286.09086274222,15,36.2132034355964,0,286.09086274222
82,399874,314.127431517315,15,36.2132034355964,0,314.127431517315
82,399875,342.482657357353,15,36.2132034355964,0,342.482657357353
82,399945,2422.68196221613,15,36.2132034355964,0,2422.68196221613
82,399946,2452.57315687007,15,36.2132034355964,0,2452.57315687007
82,399947,2482.46501591645,15,36.2132034355964,0,2482.46501591645
82,399948,2512.35751563882,15,36.2132034355964,0,2512.35751563882
80,400545,473.534226848557,21,42.2132034355964,0,473.534226848557
80,400546,443.818341156762,21,42.2132034355964,0,443.818341156762
80,400547,414.131756623029,21,42.2132034355964,0,414.131756623029
80,400548,384.481260511765,21,42.2132034355964,0,384.481260511765
80,400549,354.875898689224,21,42.2132034355964,0,354.875898689224
80,400550,325.327993268046,21,42.2132034355964,0,325.327993268046
80,400555,179.444534834166,21,42.2132034355964,0,179.444534834166
80,400556,151.141511515238,21,42.2132034355964,0,151.141511515238
80,400557,123.602216299988,21,42.2132034355964,0,123.602216299988
80,400558,97.4761262808109,21,42.2132034355964,0,97.4761262808109
80,400559,74.2699028222259,21,42.2132034355964,0,74.2699028222259
80,400562,65.5843272112721,21,42.2132034355964,0,65.5843272112721
80,400563,86.4700586662005,21,42.2132034355964,0,86.4700586662005
81,400564,104.710253652661,25,46.2132034355964,0,104.710253652661
81,400565,124.363850367668,25,46.2132034355964,0,124.363850367668
82,400573,221.945507082391,15,36.2132034355964,0,221.945507082391
82,400575,271.964583195609,15,36.2132034355964,0,271.964583195609
82,400649,2454.03781740506,15,36.2132034355964,0,2454.03781740506
82,400650,2483.9122101201,15,36.2132034355964,0,2483.9122101201
82,400651,2513.78766032954,15,36.2132034355964,0,2513.78766032954
82,400652,2543.66413077279,15,36.2132034355964,0,2543.66413077279
82,400672,3141.36295230973,15,36.2132034355964,0,3141.36295230973
82,400673,3171.25460781895,15,36.2132034355964,0,3171.25460781895
82,400674,3201.1467714359,15,36.2132034355964,0,3201.1467714359
82,400675,3231.03942905884,15,36.2132034355964,0,3231.03942905884
80,401250,411.348690546815,21,42.2132034355964,0,411.348690546815
80,401251,381.481776479568,21,42.2132034355964,0,381.481776479568
80,401252,351.623793171742,21,42.2132034355964,0,351.623793171742
80,401253,321.777226716584,21,42.2132034355964,0,321.777226716584
80,401254,291.945578679583,21,42.2132034355964,0,291.945578679583
80,401255,262.133942400548,21,42.2132034355964,0,262.133942400548
80,401256,232.350020823532,21,42.2132034355964,0,232.350020823532
80,401259,143.337332399529,21,42.2132034355964,0,143.337332399529
80,401260,113.926737704691,21,42.2132034355964,0,113.926737704691
80,401261,84.8725977003391,21,42.2132034355964,0,84.8725977003391
80,401262,56.7253002592242,21,42.2132034355964,0,56.7253002592242
80,401263,31.9766650982947,21,42.2132034355964,80,0
80,401264,24.8515614153317,21,42.2132034355964,80,0
80,401265,44.75532003362,21,42.2132034355964,0,44.75532003362
81,401266,63.4436707499541,25,46.2132034355964,0,63.4436707499541
81,401267,82.0786066399369,25,46.2132034355964,0,82.0786066399369
81,401268,106.014394890276,25,46.2132034355964,0,106.014394890276
81,401269,132.40680543548,25,46.2132034355964,0,132.40680543548
81,401270,160.045082004226,25,46.2132034355964,0,160.045082004226
82,401352,2455.86594140649,15,36.2132034355964,0,2455.86594140649
82,401353,2485.71852255406,15,36.2132034355964,0,2485.71852255406
82,401354,2515.57268022756,15,36.2132034355964,0,2515.57268022756
82,401355,2545.42835895727,15,36.2132034355964,0,2545.42835895727
82,401356,2575.28550584236,15,36.2132034355964,0,2575.28550584236
82,401375,3142.79458152879,15,36.2132034355964,0,3142.79458152879
82,401376,3172.67290866007,15,36.2132034355964,0,3172.67290866007
82,401377,3202.55199392934,15,36.2132034355964,0,3202.55199392934
82,401378,3232.43181631372,15,36.2132034355964,0,3232.43181631372
82,401379,3262.31235556099,15,36.2132034355964,0,3262.31235556099
82,401380,3292.19359214849,15,36.2132034355964,0,3292.19359214849
82,401381,3322.07550725682,15,36.2132034355964,0,3322.07550725682
82,401382,3351.95808274012,15,36.2132034355964,0,3351.95808274012
82,401383,3381.84130109409,15,36.2132034355964,0,3381.84130109409
80,401957,291.073524171703,21,42.2132034355964,0,291.073524171703
80,401958,261.162192024008,21,42.2132034355964,0,261.162192024008
80,401959,231.252977935184,21,42.2132034355964,0,231.252977935184
80,401960,201.346825799806,21,42.2132034355964,0,201.346825799806
80,401961,171.445337962572,21,42.2132034355964,0,171.445337962572
80,401965,52.047040748632,21,42.2132034355964,0,52.047040748632
80,401966,22.6634082434913,21,42.2132034355964,80,0
80,401967,10.4269310406601,21,42.2132034355964,80,0
81,401968,25.8009971141991,25,46.2132034355964,81,0
81,401970,65.566391183882,25,46.2132034355964,0,65.566391183882
81,401971,93.8143384909267,25,46.2132034355964,0,93.8143384909267
81,401972,122.856314972014,25,46.2132034355964,0,122.856314972014
81,401973,152.238575004525,25,46.2132034355964,0,152.238575004525
81,401974,181.796201494047,25,46.2132034355964,0,181.796201494047
82,402056,2487.88317101047,15,36.2132034355964,0,2487.88317101047
82,402057,2517.7118205295,15,36.2132034355964,0,2517.7118205295
82,402058,2547.54258932599,15,36.2132034355964,0,2547.54258932599
82,402059,2577.37540381521,15,36.2132034355964,0,2577.37540381521
82,402079,3174.37243821028,15,36.2132034355964,0,3174.37243821028
82,402080,3204.23583538307,15,36.2132034355964,0,3204.23583538307
82,402081,3234.10026058002,15,36.2132034355964,0,3234.10026058002
82,402082,3263.96568558379,15,36.2132034355964,0,3263.96568558379
82,402083,3293.83208319518,15,36.2132034355964,0,3293.83208319518
82,402084,3323.69942719193,15,36.2132034355964,0,3323.69942719193
82,402085,3353.56769228974,15,36.2132034355964,0,3353.56769228974
82,402086,3383.43685409596,15,36.2132034355964,0,3383.43685409596
82,402087,3413.30688906424,15,36.2132034355964,0,3413.30688906424
82,402088,3443.17777447444,15,36.2132034355964,0,3443.17777447444
82,402089,3473.04948837758,15,36.2132034355964,0,3473.04948837758
82,402090,3502.92200958011,15,36.2132034355964,0,3502.92200958011
82,402091,3532.79531760324,15,36.2132034355964,0,3532.79531760324
82,402092,3562.66939265202,15,36.2132034355964,0,3562.66939265202
82,402093,3592.54421558882,15,36.2132034355964,0,3592.54421558882
80,402662,234.005856694834,21,42.2132034355964,0,234.005856694834
80,402663,204.502508271072,21,42.2132034355964,0,204.502508271072
80,402664,175.140445435485,21,42.2132034355964,0,175.140445435485
80,402665,146.004932045742,21,42.2132034355964,0,146.004932045742
80,402666,117.26495449821,21,42.2132034355964,0,117.26495449821
80,402667,89.3032123843761,21,42.2132034355964,0,89.3032123843761
80,402668,63.1618773361966,21,42.2132034355964,0,63.1618773361966
80,402669,42.3573673922742,21,42.2132034355964,0,42.3573673922742
81,402670,29.7664638338369,25,46.2132034355964,81,0
81,402671,4.13756525976718,25,46.2132034355964,81,0
81,402672,30.6361178149664,25,46.2132034355964,81,0
81,402673,60.418533369575,25,46.2132034355964,0,60.418533369575
82,402690,472.491290692786,15,36.2132034355964,0,472.491290692786
82,402691,499.027018158694,15,36.2132034355964,0,499.027018158694
82,402692,525.926054007492,15,36.2132034355964,0,525.926054007492
82,402761,2550.00595131033,15,36.2132034355964,0,2550.00595131033
82,402762,2579.81043900875,15,36.2132034355964,0,2579.81043900875
82,402784,3236.04433486879,15,36.2132034355964,0,3236.04433486879
82,402785,3265.89214173894,15,36.2132034355964,0,3265.89214173894
82,402786,3295.74124132393,15,36.2132034355964,0,3295.74124132393
82,402787,3325.59159881215,15,36.2132034355964,0,3325.59159881215
82,402788,3355.44318063435,15,36.2132034355964,0,3355.44318063435
82,402789,3385.29595440206,15,36.2132034355964,0,3385.29595440206
82,402790,3415.14988885325,15,36.2132034355964,0,3415.14988885325
82,402791,3445.00495381666,15,36.2132034355964,0,3445.00495381666
82,402792,3474.86112014793,15,36.2132034355964,0,3474.86112014793
82,402793,3504.71835970164,15,36.2132034355964,0,3504.71835970164
82,402794,3534.5766452798,15,36.2132034355964,0,3534.5766452798
82,402795,3564.43595059517,15,36.2132034355964,0,3564.43595059517
80,403370,105.095228236465,21,42.2132034355964,0,105.095228236465
80,403371,84.0199058754274,21,42.2132034355964,0,84.0199058754274
81,403372,68.4556862293515,25,46.2132034355964,0,68.4556862293515
81,403373,45.0207571044933,25,46.2132034355964,81,0
81,403374,34.0285318116391,25,46.2132034355964,81,0
81,403375,45.6004188375964,25,46.2132034355964,81,0
81,403376,69.2187852602023,25,46.2132034355964,0,69.2187852602023
81,403377,96.4026300556042,25,46.2132034355964,0,96.4026300556042
81,403378,124.844217903047,25,46.2132034355964,0,124.844217903047
81,403379,153.847571381154,25,46.2132034355964,0,153.847571381154
81,403380,183.145997795815,25,46.2132034355964,0,183.145997795815
81,403381,212.617550101683,25,46.2132034355964,0,212.617550101683
81,403382,242.19903700374,25,46.2132034355964,0,242.19903700374
81,403383,271.85457372141,25,46.2132034355964,0,271.85457372141
82,403384,293.43508326303,15,36.2132034355964,0,293.43508326303
82,403385,309.469555656756,15,36.2132034355964,0,309.469555656756
82,403390,413.476002423805,15,36.2132034355964,0,413.476002423805
82,403391,437.460336794331,15,36.2132034355964,0,437.460336794331
82,403392,462.137427544568,15,36.2132034355964,0,462.137427544568
82,403393,487.40206358778,15,36.2132034355964,0,487.40206358778
82,403394,513.167472877369,15,36.2132034355964,0,513.167472877369
82,403395,539.36189412242,15,36.2132034355964,0,539.36189412242
82,403396,565.925758752279,15,36.2132034355964,0,565.925758752279
82,403490,3327.75156453132,15,36.2132034355964,0,3327.75156453132
82,403491,3357.58410222772,15,36.2132034355964,0,3357.58410222772
82,403492,3387.41816808855,15,36.2132034355964,0,3387.41816808855
82,403493,3417.25372208491,15,36.2132034355964,0,3417.25372208491
82,403494,3447.0907255791,15,36.2132034355964,0,3447.0907255791
82,403495,3476.92914125005,15,36.2132034355964,0,3476.92914125005
81,404075,87.2720746154003,25,46.2132034355964,0,87.2720746154003
81,404076,70.4065927892495,25,46.2132034355964,0,70.4065927892495
81,404077,63.938689735457,25,46.2132034355964,0,63.938689735457
81,404078,70.7786565176993,25,46.2132034355964,0,70.7786565176993
81,404079,87.8719228656423,25,46.2132034355964,0,87.8719228656423
81,404080,110.560959991428,25,46.2132034355964,0,110.560959991428
81,404081,136.074874081285,25,46.2132034355964,0,136.074874081285
81,404082,163.093259440564,25,46.2132034355964,0,163.093259440564
81,404083,190.978652285213,25,46.2132034355964,0,190.978652285213
81,404084,219.400716541163,25,46.2132034355964,0,219.400716541163
81,404085,248.175135021672,25,46.2132034355964,0,248.175135021672
81,404086,277.192199210362,25,46.2132034355964,0,277.192199210362
81,404087,306.382975043594,25,46.2132034355964,0,306.382975043594
82,404091,389.379840308063,15,36.2132034355964,0,389.379840308063
82,404092,410.420837931015,15,36.2132034355964,0,410.420837931015
82,404093,432.509181387564,15,36.2132034355964,0,432.509181387564
82,404094,455.492528328373,15,36.2132034355964,0,455.492528328373
82,404095,479.242129143335,15,36.2132034355964,0,479.242129143335
82,404096,503.64959737247,15,36.2132034355964,0,503.64959737247
82,404097,528.623816263599,15,36.2132034355964,0,528.623816263599
82,404098,554.088156264647,15,36.2132034355964,0,554.088156264647
82,404099,579.978063639375,15,36.2132034355964,0,579.978063639375
82,404100,606.239018288753,15,36.2132034355964,0,606.239018288753
81,404780,93.8496917929368,25,46.2132034355964,0,93.8496917929368
81,404781,98.6368682356435,25,46.2132034355964,0,98.6368682356435
81,404782,111.539692306914,25,46.2132034355964,0,111.539692306914
81,404783,130.166732321957,25,46.2132034355964,0,130.166732321957
81,404784,152.433780722851,25,46.2132034355964,0,152.433780722851
81,404785,176.972147147967,25,46.2132034355964,0,176.972147147967
82,404794,411.713068121467,15,36.2132034355964,0,411.713068121467
82,404795,431.666937671252,15,36.2132034355964,0,431.666937671252
82,404796,452.719971862008,15,36.2132034355964,0,452.719971862008
82,404797,474.725956729038,15,36.2132034355964,0,474.725956729038
82,404798,497.558467205847,15,36.2132034355964,0,497.558467205847
82,404799,521.108871360518,15,36.2132034355964,0,521.108871360518
82,404800,545.284161292127,15,36.2132034355964,0,545.284161292127
82,404801,570.004833774919,15,36.2132034355964,0,570.004833774919
82,404802,595.202938264778,15,36.2132034355964,0,595.202938264778
82,404808,753.677449915295,15,36.2132034355964,0,753.677449915295
82,404809,780.975709121712,15,36.2132034355964,0,780.975709121712
82,404810,808.459492604042,15,36.2132034355964,0,808.459492604042
82,404811,836.110505457402,15,36.2132034355964,0,836.110505457402
81,405485,137.659451649956,25,46.2132034355964,0,137.659451649956
81,405486,153.141842973595,25,46.2132034355964,0,153.141842973595
81,405487,172.46778595189,25,46.2132034355964,0,172.46778595189
81,405488,194.494894519208,25,46.2132034355964,0,194.494894519208
81,405489,218.407427706599,25,46.2132034355964,0,218.407427706599
81,405491,269.852045546421,25,46.2132034355964,0,269.852045546421
81,405492,296.757321746432,25,46.2132034355964,0,296.757321746432
81,405493,324.19146073357,25,46.2132034355964,0,324.19146073357
81,405494,352.030839691503,25,46.2132034355964,0,352.030839691503
82,405503,563.04163924588,15,36.2132034355964,0,563.04163924588
82,405504,587.01510174364,15,36.2132034355964,0,587.01510174364
82,405505,611.512808262149,15,36.2132034355964,0,611.512808262149
82,405511,766.623913228418,15,36.2132034355964,0,766.623913228418
82,405512,793.477037611821,15,36.2132034355964,0,793.477037611821
82,405513,820.542343173079,15,36.2132034355964,0,820.542343173079
82,405514,847.799509020642,15,36.2132034355964,0,847.799509020642
82,405515,875.230610118084,15,36.2132034355964,0,875.230610118084
82,405516,902.819792157911,15,36.2132034355964,0,902.819792157911
81,406191,214.771461462366,25,46.2132034355964,0,214.771461462366
81,406193,260.12379948415,25,46.2132034355964,0,260.12379948415
81,406194,284.813678061767,25,46.2132034355964,0,284.813678061767
81,406195,310.425022617969,25,46.2132034355964,0,310.425022617969
81,406196,336.747652440438,25,46.2132034355964,0,336.747652440438
81,406197,363.62713248885,25,46.2132034355964,0,363.62713248885
81,406198,390.94862174204,25,46.2132034355964,0,390.94862174204
82,406204,537.322462565378,15,36.2132034355964,0,537.322462565378
82,406205,559.20096045104,15,36.2132034355964,0,559.20096045104
82,406206,581.795799252336,15,36.2132034355964,0,581.795799252336
82,406207,605.026728630077,15,36.2132034355964,0,605.026728630077
82,406208,628.823254302025,15,36.2132034355964,0,628.823254302025
82,406209,653.123556774296,15,36.2132034355964,0,653.123556774296
82,406210,677.873460271114,15,36.2132034355964,0,677.873460271114
82,406211,703.02548199419,15,36.2132034355964,0,703.02548199419
82,406213,754.374367344112,15,36.2132034355964,0,754.374367344112
82,406214,780.502494350412,15,36.2132034355964,0,780.502494350412
82,406215,806.894016415052,15,36.2132034355964,0,806.894016415052
82,406216,833.52391460996,15,36.2132034355964,0,833.52391460996
82,406217,860.370054791824,15,36.2132034355964,0,860.370054791824
82,406218,887.412811828703,15,36.2132034355964,0,887.412811828703
82,406219,914.634745931964,15,36.2132034355964,0,914.634745931964
81,406900,377.244038263238,25,46.2132034355964,0,377.244038263238
81,406904,485.304686325567,25,46.2132034355964,0,485.304686325567
81,406905,513.126314287734,25,46.2132034355964,0,513.126314287734
82,406906,538.307502354353,15,36.2132034355964,0,538.307502354353
82,406907,558.547240010522,15,36.2132034355964,0,558.547240010522
82,406908,579.62525277064,15,36.2132034355964,0,579.62525277064
82,406909,601.453414708263,15,36.2132034355964,0,601.453414708263
82,406910,623.953001892583,15,36.2132034355964,0,623.953001892583
82,406911,647.053977011305,15,36.2132034355964,0,647.053977011305
82,406912,670.694201444736,15,36.2132034355964,0,670.694201444736
82,406913,694.818635776564,15,36.2132034355964,0,694.818635776564
82,406914,719.378567572537,15,36.2132034355964,0,719.378567572537
82,406915,744.330889071326,15,36.2132034355964,0,744.330889071326
82,406916,769.637436365206,15,36.2132034355964,0,769.637436365206
82,406917,795.264394128416,15,36.2132034355964,0,795.264394128416
82,406918,821.181765362307,15,36.2132034355964,0,821.181765362307
82,406919,847.36290279966,15,36.2132034355964,0,847.36290279966
82,406920,873.784097129793,15,36.2132034355964,0,873.784097129793
82,406921,900.42421659654,15,36.2132034355964,0,900.42421659654
82,406922,927.264392363536,15,36.2132034355964,0,927.264392363536
82,407616,712.616894718119,15,36.2132034355964,0,712.616894718119
82,407617,736.583744162076,15,36.2132034355964,0,736.583744162076
82,407618,760.972244826401,15,36.2132034355964,0,760.972244826401
82,407619,785.743135086347,15,36.2132034355964,0,785.743135086347
82,407620,810.861371001307,15,36.2132034355964,0,810.861371001307
82,407621,836.295655453903,15,36.2132034355964,0,836.295655453903
82,407622,862.01801337665,15,36.2132034355964,0,862.01801337665
82,407623,888.003411671283,15,36.2132034355964,0,888.003411671283
82,407624,914.229421205473,15,36.2132034355964,0,914.229421205473
82,408321,778.407628364864,15,36.2132034355964,0,778.407628364864
82,408322,802.640740770422,15,36.2132034355964,0,802.640740770422
82,408323,827.246192450337,15,36.2132034355964,0,827.246192450337
82,408324,852.191732198231,15,36.2132034355964,0,852.191732198231
82,408325,877.44835475245,15,36.2132034355964,0,877.44835475245
